"ID","Address","City","State","Zip","lat","long","id","input_address","match_indicator","match_type","matched_address","tiger_line_id","tiger_side"
322501,"BOX 430","WASHINGTON","VA",22747,NA,NA,1,"BOX 430, WASHINGTON, VA, 22747","No_Match",NA,NA,NA,NA
322502,"BOX 43111","LUBBOCK","TX",79409,NA,NA,2,"BOX 43111, LUBBOCK, TX, 79409","No_Match",NA,NA,NA,NA
322503,"BOX 434","FAIRFAX","MN",55332,NA,NA,3,"BOX 434, FAIRFAX, MN, 55332","No_Match",NA,NA,NA,NA
322504,"BOX 4382","PAGO PAGO","AS",96799,NA,NA,4,"BOX 4382, PAGO PAGO, AS, 96799","No_Match",NA,NA,NA,NA
322505,"BOX 44","BRISCOE","TX",79011,NA,NA,5,"BOX 44, BRISCOE, TX, 79011","No_Match",NA,NA,NA,NA
322506,"BOX 44","VERSAILLES","OH",45380,NA,NA,6,"BOX 44, VERSAILLES, OH, 45380","No_Match",NA,NA,NA,NA
322507,"BOX 440","YELLOW SPRINGS","OH",45387,NA,NA,7,"BOX 440, YELLOW SPRINGS, OH, 45387","No_Match",NA,NA,NA,NA
322508,"BOX 441","GENESEO","IL",61254,NA,NA,8,"BOX 441, GENESEO, IL, 61254","No_Match",NA,NA,NA,NA
322509,"BOX 442","DUPLESSIS","LA",70728,NA,NA,9,"BOX 442, DUPLESSIS, LA, 70728","No_Match",NA,NA,NA,NA
322510,"BOX 444","INKSTER","MI",48141,NA,NA,10,"BOX 444, INKSTER, MI, 48141","No_Match",NA,NA,NA,NA
322511,"BOX 456 127 NOBLE ST","SHIRLEY","IN",47384,39.8878611580001,-85.5876873299999,11,"BOX 456 127 NOBLE ST, SHIRLEY, IN, 47384","Match","Exact","127 NOBLE ST, SHIRLEY, IN, 47384",31071879,"L"
322512,"BOX 459","SMITHERS","WV",25186,NA,NA,12,"BOX 459, SMITHERS, WV, 25186","No_Match",NA,NA,NA,NA
322513,"BOX 467","GRANBY","MO",64844,NA,NA,13,"BOX 467, GRANBY, MO, 64844","No_Match",NA,NA,NA,NA
322514,"BOX 4799 WAYNESBURG PIKE","MOUNDSVILLE","WV",26041,NA,NA,14,"BOX 4799 WAYNESBURG PIKE, MOUNDSVILLE, WV, 26041","No_Match",NA,NA,NA,NA
322515,"BOX 481","PAGO PAGO","AS",96799,NA,NA,15,"BOX 481, PAGO PAGO, AS, 96799","No_Match",NA,NA,NA,NA
322516,"BOX 4871","PINEHURST","NC",28374,NA,NA,16,"BOX 4871, PINEHURST, NC, 28374","No_Match",NA,NA,NA,NA
322517,"BOX 4942","SAN LUIS OBISPO","CA",93403,NA,NA,17,"BOX 4942, SAN LUIS OBISPO, CA, 93403","No_Match",NA,NA,NA,NA
322518,"BOX 5018","YABUCOA","PR",767,NA,NA,18,"BOX 5018, YABUCOA, PR, 767","No_Match",NA,NA,NA,NA
322519,"BOX 50698","SUMMERVILLE","SC",29485,NA,NA,19,"BOX 50698, SUMMERVILLE, SC, 29485","No_Match",NA,NA,NA,NA
322520,"BOX 51","TAYLOR","TX",76574,NA,NA,20,"BOX 51, TAYLOR, TX, 76574","No_Match",NA,NA,NA,NA
322521,"BOX 52","JOHNSBURG","NY",12843,NA,NA,21,"BOX 52, JOHNSBURG, NY, 12843","No_Match",NA,NA,NA,NA
322522,"BOX 52","SUTHERLAND","VA",23885,NA,NA,22,"BOX 52, SUTHERLAND, VA, 23885","No_Match",NA,NA,NA,NA
322523,"BOX 520","WILDOMAR","CA",92562,NA,NA,23,"BOX 520, WILDOMAR, CA, 92562","No_Match",NA,NA,NA,NA
322524,"BOX 533","FREDERICK","SD",57441,NA,NA,24,"BOX 533, FREDERICK, SD, 57441","No_Match",NA,NA,NA,NA
322525,"BOX 533","OTIS","MA",1253,NA,NA,25,"BOX 533, OTIS, MA, 1253","No_Match",NA,NA,NA,NA
322526,"BOX 537 W GLEASON ROAD","ELFRIEDA","AZ",85610,NA,NA,26,"BOX 537 W GLEASON ROAD, ELFRIEDA, AZ, 85610","No_Match",NA,NA,NA,NA
322527,"BOX 54","MCDONOUGH","GA",30253,NA,NA,27,"BOX 54, MCDONOUGH, GA, 30253","No_Match",NA,NA,NA,NA
322528,"BOX 55","BRUNSWICK","ME",4011,NA,NA,28,"BOX 55, BRUNSWICK, ME, 4011","No_Match",NA,NA,NA,NA
322529,"BOX 55","MT GILEAD","OH",43338,NA,NA,29,"BOX 55, MT GILEAD, OH, 43338","No_Match",NA,NA,NA,NA
322530,"BOX 551603","DALLAS","TX",75355,NA,NA,30,"BOX 551603, DALLAS, TX, 75355","No_Match",NA,NA,NA,NA
322531,"BOX 554","BYRON","MN",55920,NA,NA,31,"BOX 554, BYRON, MN, 55920","No_Match",NA,NA,NA,NA
322532,"BOX 555355","CAMP PENDLETON","CA",92055,NA,NA,32,"BOX 555355, CAMP PENDLETON, CA, 92055","No_Match",NA,NA,NA,NA
322533,"BOX 5554","STATELINE","CA",89449,NA,NA,33,"BOX 5554, STATELINE, CA, 89449","No_Match",NA,NA,NA,NA
322534,"BOX 558","TOPANGA","CA",90290,NA,NA,34,"BOX 558, TOPANGA, CA, 90290","No_Match",NA,NA,NA,NA
322535,"BOX 563","DOWAGIAC","MI",49047,NA,NA,35,"BOX 563, DOWAGIAC, MI, 49047","No_Match",NA,NA,NA,NA
322536,"BOX 570","EDWARDS","CO",81632,NA,NA,36,"BOX 570, EDWARDS, CO, 81632","No_Match",NA,NA,NA,NA
322537,"BOX 5705 CLARKSON UNIVERSITY","POTSDAM","NY",13699,NA,NA,37,"BOX 5705 CLARKSON UNIVERSITY, POTSDAM, NY, 13699","No_Match",NA,NA,NA,NA
322538,"BOX 577","PINEDALE","WY",82941,NA,NA,38,"BOX 577, PINEDALE, WY, 82941","No_Match",NA,NA,NA,NA
322539,"BOX 581","HOPE MILLS","NC",28348,NA,NA,39,"BOX 581, HOPE MILLS, NC, 28348","No_Match",NA,NA,NA,NA
322540,"BOX 581","SHARPSVILLE","PA",16150,NA,NA,40,"BOX 581, SHARPSVILLE, PA, 16150","No_Match",NA,NA,NA,NA
322541,"BOX 585","EAST MACHIAS","ME",4630,NA,NA,41,"BOX 585, EAST MACHIAS, ME, 4630","No_Match",NA,NA,NA,NA
322542,"BOX 589","EUREKA","MT",59917,NA,NA,42,"BOX 589, EUREKA, MT, 59917","No_Match",NA,NA,NA,NA
322543,"BOX 59 1921 BRONSON ST","PENINSULA","OH",44264,41.240267288,-81.559927349,43,"BOX 59 1921 BRONSON ST, PENINSULA, OH, 44264","Match","Exact","1921 BRONSON ST, PENINSULA, OH, 44264",61336037,"R"
322544,"BOX 59","ALTON BAY","NH",3810,NA,NA,44,"BOX 59, ALTON BAY, NH, 3810","No_Match",NA,NA,NA,NA
322545,"BOX 59311","RENTON","WA",98058,NA,NA,45,"BOX 59311, RENTON, WA, 98058","No_Match",NA,NA,NA,NA
322546,"BOX 59504","JACKSON","MS",39213,NA,NA,46,"BOX 59504, JACKSON, MS, 39213","No_Match",NA,NA,NA,NA
322547,"BOX 60816","MIDLAND","TX",79711,NA,NA,47,"BOX 60816, MIDLAND, TX, 79711","No_Match",NA,NA,NA,NA
322548,"BOX 609","UNION CITY","GA",30291,NA,NA,48,"BOX 609, UNION CITY, GA, 30291","No_Match",NA,NA,NA,NA
322549,"BOX 61","LINDEN","IN",47955,NA,NA,49,"BOX 61, LINDEN, IN, 47955","No_Match",NA,NA,NA,NA
322550,"BOX 611","MEBANE","NC",27302,NA,NA,50,"BOX 611, MEBANE, NC, 27302","No_Match",NA,NA,NA,NA
322551,"BOX 61237","RALEIGH","NC",27661,NA,NA,51,"BOX 61237, RALEIGH, NC, 27661","No_Match",NA,NA,NA,NA
322552,"BOX 613","FORT WASHINGTON","PA",19034,NA,NA,52,"BOX 613, FORT WASHINGTON, PA, 19034","No_Match",NA,NA,NA,NA
322553,"BOX 6182","MAYAGUEZ","PR",681,NA,NA,53,"BOX 6182, MAYAGUEZ, PR, 681","No_Match",NA,NA,NA,NA
322554,"BOX 6239","WARWICK","RI",2887,NA,NA,54,"BOX 6239, WARWICK, RI, 2887","No_Match",NA,NA,NA,NA
322555,"BOX 626","HOSCHTON","GA",30548,NA,NA,55,"BOX 626, HOSCHTON, GA, 30548","No_Match",NA,NA,NA,NA
322556,"BOX 626","SABINAL","TX",78881,NA,NA,56,"BOX 626, SABINAL, TX, 78881","No_Match",NA,NA,NA,NA
322557,"BOX 629","GARYVILLE","LA",70051,NA,NA,57,"BOX 629, GARYVILLE, LA, 70051","No_Match",NA,NA,NA,NA
322558,"BOX 633","RYE","NY",10580,NA,NA,58,"BOX 633, RYE, NY, 10580","No_Match",NA,NA,NA,NA
322559,"BOX 6375","WASHINGTON","DC",20015,NA,NA,59,"BOX 6375, WASHINGTON, DC, 20015","No_Match",NA,NA,NA,NA
322560,"BOX 64","GIRARD","OH",44420,NA,NA,60,"BOX 64, GIRARD, OH, 44420","No_Match",NA,NA,NA,NA
322561,"BOX 64769","SOUDERTON","PA",18964,NA,NA,61,"BOX 64769, SOUDERTON, PA, 18964","No_Match",NA,NA,NA,NA
322562,"BOX 653","MONA","UT",84645,NA,NA,62,"BOX 653, MONA, UT, 84645","No_Match",NA,NA,NA,NA
322563,"BOX 655","MOUNTAIN VIEW","WY",82939,NA,NA,63,"BOX 655, MOUNTAIN VIEW, WY, 82939","No_Match",NA,NA,NA,NA
322564,"BOX 657","DOUGLASSVILLE","PA",19518,NA,NA,64,"BOX 657, DOUGLASSVILLE, PA, 19518","No_Match",NA,NA,NA,NA
322565,"BOX 66385","VIRGINIA BEACH","VA",23466,NA,NA,65,"BOX 66385, VIRGINIA BEACH, VA, 23466","No_Match",NA,NA,NA,NA
322566,"BOX 670771","DALLAS","TX",75367,NA,NA,66,"BOX 670771, DALLAS, TX, 75367","No_Match",NA,NA,NA,NA
322567,"BOX 6771","SAGINAW","MI",48603,NA,NA,67,"BOX 6771, SAGINAW, MI, 48603","No_Match",NA,NA,NA,NA
322568,"BOX 6786","WARWICK","RI",2886,NA,NA,68,"BOX 6786, WARWICK, RI, 2886","No_Match",NA,NA,NA,NA
322569,"BOX 68","PRYOR","MT",59066,NA,NA,69,"BOX 68, PRYOR, MT, 59066","No_Match",NA,NA,NA,NA
322570,"BOX 681192","MIAMI","FL",33168,NA,NA,70,"BOX 681192, MIAMI, FL, 33168","No_Match",NA,NA,NA,NA
322571,"BOX 690","INEZ","KY",41124,NA,NA,71,"BOX 690, INEZ, KY, 41124","No_Match",NA,NA,NA,NA
322572,"BOX 70 GRAHAM STUDENT UNION","CHAPEL HILL","NC",27599,NA,NA,72,"BOX 70 GRAHAM STUDENT UNION, CHAPEL HILL, NC, 27599","No_Match",NA,NA,NA,NA
322573,"BOX 71","CENTERVILLE","SD",57014,NA,NA,73,"BOX 71, CENTERVILLE, SD, 57014","No_Match",NA,NA,NA,NA
322574,"BOX 71","GREENBACK","TN",37742,NA,NA,74,"BOX 71, GREENBACK, TN, 37742","No_Match",NA,NA,NA,NA
322575,"BOX 7104","RALEIGH","NC",27695,NA,NA,75,"BOX 7104, RALEIGH, NC, 27695","No_Match",NA,NA,NA,NA
322576,"BOX 72 LAURA LANE","MANLEY HOT SPRINGS","AK",99756,NA,NA,76,"BOX 72 LAURA LANE, MANLEY HOT SPRINGS, AK, 99756","No_Match",NA,NA,NA,NA
322577,"BOX 72","BENSON","NC",27504,NA,NA,77,"BOX 72, BENSON, NC, 27504","No_Match",NA,NA,NA,NA
322578,"BOX 72","PICKSTOWN","SD",57367,NA,NA,78,"BOX 72, PICKSTOWN, SD, 57367","No_Match",NA,NA,NA,NA
322579,"BOX 733","NIAGARA FALLS","NY",14304,NA,NA,79,"BOX 733, NIAGARA FALLS, NY, 14304","No_Match",NA,NA,NA,NA
322580,"BOX 7414","BALTIMORE","MD",21227,NA,NA,80,"BOX 7414, BALTIMORE, MD, 21227","No_Match",NA,NA,NA,NA
322581,"BOX 7414","SAN DIEGO","CA",92167,NA,NA,81,"BOX 7414, SAN DIEGO, CA, 92167","No_Match",NA,NA,NA,NA
322582,"BOX 744","NEW ALBANY","OH",43054,NA,NA,82,"BOX 744, NEW ALBANY, OH, 43054","No_Match",NA,NA,NA,NA
322583,"BOX 7503","SPOKANE","WA",99207,NA,NA,83,"BOX 7503, SPOKANE, WA, 99207","No_Match",NA,NA,NA,NA
322584,"BOX 755","CUSHING","WI",54006,NA,NA,84,"BOX 755, CUSHING, WI, 54006","No_Match",NA,NA,NA,NA
322585,"BOX 76","FLOURTOWN","PA",19031,NA,NA,85,"BOX 76, FLOURTOWN, PA, 19031","No_Match",NA,NA,NA,NA
322586,"BOX 7621 NC STATE UNIVERSITY","RALEIGH","NC",27695,NA,NA,86,"BOX 7621 NC STATE UNIVERSITY, RALEIGH, NC, 27695","No_Match",NA,NA,NA,NA
322587,"BOX 763664","DALLAS","TX",75376,NA,NA,87,"BOX 763664, DALLAS, TX, 75376","No_Match",NA,NA,NA,NA
322588,"BOX 779","JOHNSON","KS",67855,NA,NA,88,"BOX 779, JOHNSON, KS, 67855","No_Match",NA,NA,NA,NA
322589,"BOX 78835","LOS ANGELES","CA",90016,NA,NA,89,"BOX 78835, LOS ANGELES, CA, 90016","No_Match",NA,NA,NA,NA
322590,"BOX 8","NORTHFIELD","VT",5663,NA,NA,90,"BOX 8, NORTHFIELD, VT, 5663","No_Match",NA,NA,NA,NA
322591,"BOX 81","HANNAFORD","ND",58448,NA,NA,91,"BOX 81, HANNAFORD, ND, 58448","No_Match",NA,NA,NA,NA
322592,"BOX 8101","EVANSTON","IL",60204,NA,NA,92,"BOX 8101, EVANSTON, IL, 60204","No_Match",NA,NA,NA,NA
322593,"BOX 8145","STATESBORO","GA",30460,NA,NA,93,"BOX 8145, STATESBORO, GA, 30460","No_Match",NA,NA,NA,NA
322594,"BOX 82","PETERSBURG","AK",99833,NA,NA,94,"BOX 82, PETERSBURG, AK, 99833","No_Match",NA,NA,NA,NA
322595,"BOX 844","TRUMANSBURG","NY",14886,NA,NA,95,"BOX 844, TRUMANSBURG, NY, 14886","No_Match",NA,NA,NA,NA
322596,"BOX 8463","LOS ANGELES","CA",90008,NA,NA,96,"BOX 8463, LOS ANGELES, CA, 90008","No_Match",NA,NA,NA,NA
322597,"BOX 848","HAMILTON","MT",59840,NA,NA,97,"BOX 848, HAMILTON, MT, 59840","No_Match",NA,NA,NA,NA
322598,"BOX 850  800 WASHINGTON ST","BOSTON","MA",2111,42.3502168730001,-71.063416675,98,"BOX 850  800 WASHINGTON ST, BOSTON, MA, 2111","Match","Exact","800 WASHINGTON ST, BOSTON, MA, 02111",639000439,"L"
322599,"BOX 852","OXON HILL","MD",20744,NA,NA,99,"BOX 852, OXON HILL, MD, 20744","No_Match",NA,NA,NA,NA
322600,"BOX 864","KEARNY","AZ",85137,NA,NA,100,"BOX 864, KEARNY, AZ, 85137","No_Match",NA,NA,NA,NA
322601,"BOX 884","CAYEY","PR",737,NA,NA,101,"BOX 884, CAYEY, PR, 737","No_Match",NA,NA,NA,NA
322602,"BOX 886145","GREAT LAKES","IL",60088,NA,NA,102,"BOX 886145, GREAT LAKES, IL, 60088","No_Match",NA,NA,NA,NA
322603,"BOX 894","ENNIS","MT",59729,NA,NA,103,"BOX 894, ENNIS, MT, 59729","No_Match",NA,NA,NA,NA
322604,"BOX 894","HOMER","AK",99603,NA,NA,104,"BOX 894, HOMER, AK, 99603","No_Match",NA,NA,NA,NA
322605,"BOX 8987","GREEN BAY","WI",54308,NA,NA,105,"BOX 8987, GREEN BAY, WI, 54308","No_Match",NA,NA,NA,NA
322606,"BOX 90936 1000 POSTAL RD","ALLENTOWN","PA",18109,40.6450952010001,-75.4432351149999,106,"BOX 90936 1000 POSTAL RD, ALLENTOWN, PA, 18109","Match","Exact","1000 POSTAL RD, ALLENTOWN, PA, 18109",80785506,"R"
322607,"BOX 91F  401 W KENNEDY BLVD","TAMPA","FL",33606,27.945769806,-82.4633047249999,107,"BOX 91F  401 W KENNEDY BLVD, TAMPA, FL, 33606","Match","Exact","401 W KENNEDY BLVD, TAMPA, FL, 33606",104530115,"R"
322608,"BOX 92164","ATLANTA","GA",30314,NA,NA,108,"BOX 92164, ATLANTA, GA, 30314","No_Match",NA,NA,NA,NA
322609,"BOX 9224","SCARBOROUGH","NY",10510,NA,NA,109,"BOX 9224, SCARBOROUGH, NY, 10510","No_Match",NA,NA,NA,NA
322610,"BOX 94","LAKEWOOD","NY",14750,NA,NA,110,"BOX 94, LAKEWOOD, NY, 14750","No_Match",NA,NA,NA,NA
322611,"BOX 944","PORTSMOUTH","NH",3802,NA,NA,111,"BOX 944, PORTSMOUTH, NH, 3802","No_Match",NA,NA,NA,NA
322612,"BOX 9476 LOUISVILLE KY 40214","LOUISVILLE","KY",40214,NA,NA,112,"BOX 9476 LOUISVILLE KY 40214, LOUISVILLE, KY, 40214","No_Match",NA,NA,NA,NA
322613,"BOX 971","RYE","NH",3870,NA,NA,113,"BOX 971, RYE, NH, 3870","No_Match",NA,NA,NA,NA
322614,"BOX 982976","PAGO PAGO","AS",96799,NA,NA,114,"BOX 982976, PAGO PAGO, AS, 96799","No_Match",NA,NA,NA,NA
322615,"BOX 997","B","KY",41314,NA,NA,115,"BOX 997, B, KY, 41314","No_Match",NA,NA,NA,NA
322616,"BOX NUMBER 352","BIRMINGHAM","AL",35209,NA,NA,116,"BOX NUMBER 352, BIRMINGHAM, AL, 35209","No_Match",NA,NA,NA,NA
322617,"BOX-463","BONNER SPRINGS","KS",66012,NA,NA,117,"BOX-463, BONNER SPRINGS, KS, 66012","No_Match",NA,NA,NA,NA
322618,"BOX852","FORSYTH","MT",59327,NA,NA,118,"BOX852, FORSYTH, MT, 59327","No_Match",NA,NA,NA,NA
322619,"BOXT-0040","STEPHENVILLE","TX",76402,NA,NA,119,"BOXT-0040, STEPHENVILLE, TX, 76402","No_Match",NA,NA,NA,NA
322620,"BQ DE LAS FLORES CALLE TIAGOZAN A26","BAYAMON","PR",956,NA,NA,120,"BQ DE LAS FLORES CALLE TIAGOZAN A26, BAYAMON, PR, 956","No_Match",NA,NA,NA,NA
322621,"BRACH EICHLER 101 EISENHOWER PKWY","ROSELAND","NJ",7068,40.8275236810001,-74.319483845,121,"BRACH EICHLER 101 EISENHOWER PKWY, ROSELAND, NJ, 7068","Match","Exact","101 EISENHOWER PKWY, ROSELAND, NJ, 07068",63496736,"L"
322622,"BRADLEY ARANT 1819 5TH AVE NO","BIRMINGHAM","AL",35203,33.5168013380001,-86.8108846969999,122,"BRADLEY ARANT 1819 5TH AVE NO, BIRMINGHAM, AL, 35203","Match","Exact","1819 5TH AVE N, BIRMINGHAM, AL, 35203",81575704,"R"
322623,"BRANDEIS ENGLISH DEPARTMENT MS 023","WALTHAM","MA",2453,NA,NA,123,"BRANDEIS ENGLISH DEPARTMENT MS 023, WALTHAM, MA, 2453","No_Match",NA,NA,NA,NA
322624,"BRANDEL LIBRARY 3225 WEST FOSTER","CHICAGO","IL",60625,NA,NA,124,"BRANDEL LIBRARY 3225 WEST FOSTER, CHICAGO, IL, 60625","Tie",NA,NA,NA,NA
322625,"BRANDY GODSIL 47TH STREET APT 3D","ASTORIA","NY",11103,NA,NA,125,"BRANDY GODSIL 47TH STREET APT 3D, ASTORIA, NY, 11103","No_Match",NA,NA,NA,NA
322626,"BRANIFF BLDG 324 N ROBINSON S100","OKLAHOMA CITY","OK",73102,NA,NA,126,"BRANIFF BLDG 324 N ROBINSON S100, OKLAHOMA CITY, OK, 73102","No_Match",NA,NA,NA,NA
322627,"BRIDGEWAY CHURCH PO BOX 471","WAYNESBORO","MS",39367,NA,NA,127,"BRIDGEWAY CHURCH PO BOX 471, WAYNESBORO, MS, 39367","No_Match",NA,NA,NA,NA
322628,"BROAD STREET - 80963","ATLANTA","GA",30341,NA,NA,128,"BROAD STREET - 80963, ATLANTA, GA, 30341","No_Match",NA,NA,NA,NA
322629,"BROWN RUDNICK ONE FINANCIAL CTR","BOSTON","MA",2111,NA,NA,129,"BROWN RUDNICK ONE FINANCIAL CTR, BOSTON, MA, 2111","No_Match",NA,NA,NA,NA
322630,"BRUCE FARR 4608 MORRIS COURT","SANTA ROSA","CA",95405,38.4457997170001,-122.652626235,130,"BRUCE FARR 4608 MORRIS COURT, SANTA ROSA, CA, 95405","Match","Exact","4608 MORRIS CT, SANTA ROSA, CA, 95405",67489796,"R"
322631,"BRUCE MUSEUM - 1 MUSEUM DRIVE","GREENWICH","CT",6830,41.019006635,-73.623436548,131,"BRUCE MUSEUM - 1 MUSEUM DRIVE, GREENWICH, CT, 6830","Match","Exact","1 MUSEUM DR, GREENWICH, CT, 06830",603440545,"R"
322632,"BSK PLLC STE 900 200 DELAWARE AVE","BUFFALO","NY",14202,42.889362825,-78.8771880199999,132,"BSK PLLC STE 900 200 DELAWARE AVE, BUFFALO, NY, 14202","Match","Exact","200 DELAWARE AVE, BUFFALO, NY, 14202",48290563,"L"
322633,"BUCARE 2100 SUITE 105 CALLE TURQUES","GUAYNABO","PR",969,NA,NA,133,"BUCARE 2100 SUITE 105 CALLE TURQUES, GUAYNABO, PR, 969","No_Match",NA,NA,NA,NA
322634,"BUFFALO COMMUNITY CENTER 206 CENTRA","BUFFALO","MN",55313,NA,NA,134,"BUFFALO COMMUNITY CENTER 206 CENTRA, BUFFALO, MN, 55313","No_Match",NA,NA,NA,NA
322635,"BUILD LAB - 730 COMMONWEALTH AVENUE","BROOKLINE","MA",2446,NA,NA,135,"BUILD LAB - 730 COMMONWEALTH AVENUE, BROOKLINE, MA, 2446","No_Match",NA,NA,NA,NA
322636,"BUILDING 13 SUITE 207","JACKSONVILLE","FL",32212,NA,NA,136,"BUILDING 13 SUITE 207, JACKSONVILLE, FL, 32212","No_Match",NA,NA,NA,NA
322637,"BUILDING 151","CERRO","NM",87519,NA,NA,137,"BUILDING 151, CERRO, NM, 87519","No_Match",NA,NA,NA,NA
322638,"BUILDING 51 MUSEUM ROAD","GAINESVILLE","FL",32611,NA,NA,138,"BUILDING 51 MUSEUM ROAD, GAINESVILLE, FL, 32611","No_Match",NA,NA,NA,NA
322639,"BURNCOAT HIGH SCHOOL 179 BURNCOAT S","WORCESTER","MA",1606,NA,NA,139,"BURNCOAT HIGH SCHOOL 179 BURNCOAT S, WORCESTER, MA, 1606","No_Match",NA,NA,NA,NA
322640,"BYU 512 JRCB","Provo","UT",84043,NA,NA,140,"BYU 512 JRCB, Provo, UT, 84043","No_Match",NA,NA,NA,NA
322641,"C  VITTORIOSO 19 WATER STREET","LEOMINSTER","MA",1453,42.5263547060001,-71.758903834,141,"C  VITTORIOSO 19 WATER STREET, LEOMINSTER, MA, 1453","Match","Exact","19 WATER ST, LEOMINSTER, MA, 01453",40030250,"R"
322642,"C / O DAVID SHINE FFHSJ 1 NY PLAZA","NEW YORK","NY",10004,NA,NA,142,"C / O DAVID SHINE FFHSJ 1 NY PLAZA, NEW YORK, NY, 10004","No_Match",NA,NA,NA,NA
322643,"C ALPIERRE 9 URB COLIMAR","GUAYNABO","PR",969,NA,NA,143,"C ALPIERRE 9 URB COLIMAR, GUAYNABO, PR, 969","No_Match",NA,NA,NA,NA
322644,"C HENSYN VILLAGE APT 3A","BUDD LAKE","NJ",7828,NA,NA,144,"C HENSYN VILLAGE APT 3A, BUDD LAKE, NJ, 7828","No_Match",NA,NA,NA,NA
322645,"C O 2707 E VALLEY BLVD STE 300","WEST COVINA","CA",91792,NA,NA,145,"C O 2707 E VALLEY BLVD STE 300, WEST COVINA, CA, 91792","No_Match",NA,NA,NA,NA
322646,"C O JIM HALL BANCFIRST PO BOX 1489","MUSKOGEE","OK",74402,NA,NA,146,"C O JIM HALL BANCFIRST PO BOX 1489, MUSKOGEE, OK, 74402","No_Match",NA,NA,NA,NA
322647,"C SN FRNSCO SUITE 200 PMB 5480","SAN JUAN","PR",901,NA,NA,147,"C SN FRNSCO SUITE 200 PMB 5480, SAN JUAN, PR, 901","No_Match",NA,NA,NA,NA
322648,"C VICTORIANO JUAREZ HM13 LEVITTOWN","TOA BAJA","PR",949,NA,NA,148,"C VICTORIANO JUAREZ HM13 LEVITTOWN, TOA BAJA, PR, 949","No_Match",NA,NA,NA,NA
322649,"C-O 3990 SPRING VALLEY ROAD APT 113","FARMERS BRANCH","TX",75244,32.9398736590001,-96.842928967,149,"C-O 3990 SPRING VALLEY ROAD APT 113, FARMERS BRANCH, TX, 75244","Match","Exact","3990 SPRING VALLEY RD, FARMERS BRANCH, TX, 75244",103250534,"R"
322650,"C-O OCEAN BEACH PARK 98 NEPTUNE AVE","NEW LONDON","CT",6320,41.31078753,-72.098083408,150,"C-O OCEAN BEACH PARK 98 NEPTUNE AVE, NEW LONDON, CT, 6320","Match","Exact","98 NEPTUNE AVE, NEW LONDON, CT, 06320",56851648,"L"
322651,"C/ O 8595 FARVIEW DRIVE","BYRON CENTER","MI",49315,42.8112145900001,-85.6522604319999,151,"C/ O 8595 FARVIEW DRIVE, BYRON CENTER, MI, 49315","Match","Non_Exact","8595 FARVIEW DR SE, BYRON CENTER, MI, 49315",644900945,"L"
322652,"C/- BAKER MCKENZIE  452 FIFTH AVENU","NEW YORK","NY",10018,40.7518923750001,-73.982053897,152,"C/- BAKER MCKENZIE  452 FIFTH AVENU, NEW YORK, NY, 10018","Match","Exact","452 5TH AVE, NEW YORK, NY, 10018",59658637,"L"
322653,"C/0 215 BROAD STREET","BERLIN","MD",21811,38.3286665210001,-75.2285668649999,153,"C/0 215 BROAD STREET, BERLIN, MD, 21811","Match","Exact","215 BROAD ST, BERLIN, MD, 21811",114514826,"R"
322654,"C/0 JAMES D HAYNES 202 JEFFERSON AV","DESOTO","TX",75115,32.5995248890001,-96.855362451,154,"C/0 JAMES D HAYNES 202 JEFFERSON AV, DESOTO, TX, 75115","Match","Exact","202 JEFFERSON AVE, DESOTO, TX, 75115",102953749,"R"
322655,"C/O  B MAGUIRE 74 9TH AVE B0X 30233","NEW YORK","NJ",10011,NA,NA,155,"C/O  B MAGUIRE 74 9TH AVE B0X 30233, NEW YORK, NJ, 10011","No_Match",NA,NA,NA,NA
322656,"C/O  DR RYDER  109 EAST 36 ST 4","NEW YORK","NY",10016,NA,NA,156,"C/O  DR RYDER  109 EAST 36 ST 4, NEW YORK, NY, 10016","No_Match",NA,NA,NA,NA
322657,"C/O  FOP LODGE 89 PO BOX 510","LOTHIAN","MD",20711,NA,NA,157,"C/O  FOP LODGE 89 PO BOX 510, LOTHIAN, MD, 20711","No_Match",NA,NA,NA,NA
322658,"C/O  J HARTON-100 N 20 ST-STE 400","PHILADELPHIA","PA",19103,NA,NA,158,"C/O  J HARTON-100 N 20 ST-STE 400, PHILADELPHIA, PA, 19103","No_Match",NA,NA,NA,NA
322659,"C/O  TONACHEL 175 RICHDALE AVE 310","CAMBRIDGE","MA",2140,NA,NA,159,"C/O  TONACHEL 175 RICHDALE AVE 310, CAMBRIDGE, MA, 2140","No_Match",NA,NA,NA,NA
322660,"C/O 1 LITTLE WEST 12TH STREET","NEW YORK","NY",10014,40.739437889,-74.005945008,160,"C/O 1 LITTLE WEST 12TH STREET, NEW YORK, NY, 10014","Match","Exact","1 LITTLE W 12TH ST, NEW YORK, NY, 10014",59659774,"R"
322661,"C/O 100 EAST VINE STREET  SUITE 800","LEXINGTON","KY",40507,38.045665156,-84.497941568,161,"C/O 100 EAST VINE STREET  SUITE 800, LEXINGTON, KY, 40507","Match","Exact","100 E VINE ST, LEXINGTON, KY, 40507",31948498,"R"
322662,"C/O 10006 CROSS CREEK BLVD STE 60","TAMPA","FL",33647,28.1420995,-82.333743356,162,"C/O 10006 CROSS CREEK BLVD STE 60, TAMPA, FL, 33647","Match","Exact","10006 CROSS CREEK BLVD, TAMPA, FL, 33647",104627878,"L"
322663,"C/O 1003 BISHOP ST STE 1925","HONOLULU","HI",96813,21.3085627300001,-157.861430049,163,"C/O 1003 BISHOP ST STE 1925, HONOLULU, HI, 96813","Match","Exact","1003 BISHOP ST, HONOLULU, HI, 96813",203236014,"R"
322664,"C/O 1003 BISHOP STREET SUITE 465","HONOLULU","HI",96813,21.3085627300001,-157.861430049,164,"C/O 1003 BISHOP STREET SUITE 465, HONOLULU, HI, 96813","Match","Exact","1003 BISHOP ST, HONOLULU, HI, 96813",203236014,"R"
322665,"C/O 1006 NW 87 AVENUE APT 102","MIAMI","FL",33172,25.779965519,-80.3506642149999,165,"C/O 1006 NW 87 AVENUE APT 102, MIAMI, FL, 33172","Match","Non_Exact","1006 NW 87TH AVE, MIAMI, FL, 33172",648481794,"L"
322666,"C/O 101 PETRONIA STREET","KEY WEST","FL",33040,24.5503576610001,-81.804733147,166,"C/O 101 PETRONIA STREET, KEY WEST, FL, 33040","Match","Exact","101 PETRONIA ST, KEY WEST, FL, 33040",116475020,"R"
322667,"C/O 101 TRUDY AVENUE","MUNROE FALLS","OH",44262,41.1504279210001,-81.443481301,167,"C/O 101 TRUDY AVENUE, MUNROE FALLS, OH, 44262","Match","Exact","101 TRUDY AVE, MUNROE FALLS, OH, 44262",61351609,"L"
322668,"C/O 1011 28 TH STREET","DES MOINES","IA",50311,41.5957652600001,-93.654456136,168,"C/O 1011 28 TH STREET, DES MOINES, IA, 50311","Match","Non_Exact","1011 28TH ST, DES MOINES, IA, 50311",65826133,"R"
322669,"C/O 1011 MOUNTAIN RIVER DR","LEBANON","OR",97355,NA,NA,169,"C/O 1011 MOUNTAIN RIVER DR, LEBANON, OR, 97355","Tie",NA,NA,NA,NA
322670,"C/O 1019 WEST WISE ROAD SUITE 100","SCHAUMBURG","IL",60193,42.0043476760001,-88.106167152,170,"C/O 1019 WEST WISE ROAD SUITE 100, SCHAUMBURG, IL, 60193","Match","Exact","1019 W WISE RD, SCHAUMBURG, IL, 60193",111887534,"L"
322671,"C/O 1020 BRYN MAWR AVENUE","PENN VALLEY","PA",19072,40.0172177360001,-75.2507607049999,171,"C/O 1020 BRYN MAWR AVENUE, PENN VALLEY, PA, 19072","Match","Exact","1020 BRYN MAWR AVE, PENN VALLEY, PA, 19072",652467349,"L"
322672,"C/O 10455 ARMSTRONG ST STE 123","FAIRFAX","VA",22030,38.841413319,-77.30742901,172,"C/O 10455 ARMSTRONG ST STE 123, FAIRFAX, VA, 22030","Match","Exact","10455 ARMSTRONG ST, FAIRFAX, VA, 22030",637694669,"R"
322673,"C/O 106 COUNTRY CLUB PLACE","BELLEVILLE","IL",62223,38.5644905670001,-90.0539038969999,173,"C/O 106 COUNTRY CLUB PLACE, BELLEVILLE, IL, 62223","Match","Exact","106 COUNTRY CLUB PL, BELLEVILLE, IL, 62223",107838059,"R"
322674,"C/O 1075 DUVAL ST STE C11","KEY WEST","FL",33040,24.550320189,-81.798670796,174,"C/O 1075 DUVAL ST STE C11, KEY WEST, FL, 33040","Match","Exact","1075 DUVAL ST, KEY WEST, FL, 33040",116475082,"R"
322675,"C/O 109 WISE ROAD","GREENSBORO","PA",15338,NA,NA,175,"C/O 109 WISE ROAD, GREENSBORO, PA, 15338","No_Match",NA,NA,NA,NA
322676,"C/O 11 DODGE DRIVE","WEST HARTFORD","CT",6107,41.771010608,-72.771720815,176,"C/O 11 DODGE DRIVE, WEST HARTFORD, CT, 6107","Match","Exact","11 DODGE DR, WEST HARTFORD, CT, 06107",3493127,"R"
322677,"C/O 11 EAST BROADWAY SUITE 10","NEW YORK","NY",10038,40.7134441210001,-73.997484845,177,"C/O 11 EAST BROADWAY SUITE 10, NEW YORK, NY, 10038","Match","Exact","11 E BROADWAY, NEW YORK, NY, 10038",59653846,"R"
322678,"C/O 110 NW 76TH AVENUE","MIAMI GARDENS","FL",33024,26.0103160850001,-80.239755316,178,"C/O 110 NW 76TH AVENUE, MIAMI GARDENS, FL, 33024","Match","Non_Exact","110 NW 76TH AVE, PEMBROKE PINES, FL, 33024",114713129,"L"
322679,"C/O 110 OAKWOOD DRIVE SUITE 500","WINSTON-SALEM","NC",27103,36.090733556,-80.281911437,179,"C/O 110 OAKWOOD DRIVE SUITE 500, WINSTON-SALEM, NC, 27103","Match","Exact","110 OAKWOOD DR, WINSTON SALEM, NC, 27103",84605262,"R"
322680,"C/O 1100 H STREET - NW SUITE 840","WASHINGTON","DC",20005,NA,NA,180,"C/O 1100 H STREET - NW SUITE 840, WASHINGTON, DC, 20005","No_Match",NA,NA,NA,NA
322681,"C/O 116 S WALNUT STREET","TRINIDAD","CO",81082,37.169643212,-104.502038308,181,"C/O 116 S WALNUT STREET, TRINIDAD, CO, 81082","Match","Exact","116 S WALNUT ST, TRINIDAD, CO, 81082",112752390,"R"
322682,"C/O 116 WEST HOLT STREET","MEBANE","NC",27302,36.0948539030001,-79.268997455,182,"C/O 116 WEST HOLT STREET, MEBANE, NC, 27302","Match","Exact","116 W HOLT ST, MEBANE, NC, 27302",71656044,"R"
322683,"C/O 1160 N 2ND ST","LYKENS","PA",17048,40.570079433,-76.760995193,183,"C/O 1160 N 2ND ST, LYKENS, PA, 17048","Match","Exact","1160 N 2ND ST, LYKENS, PA, 17048",70808803,"R"
322684,"C/O 1200 SHENADOAH AVENUE","WAYNESBORO","VA",22890,NA,NA,184,"C/O 1200 SHENADOAH AVENUE, WAYNESBORO, VA, 22890","No_Match",NA,NA,NA,NA
322685,"C/O 1210 NIGHTSHADE DR","WILLIAMSTOWN","NJ",8094,39.675330408,-75.042471221,185,"C/O 1210 NIGHTSHADE DR, WILLIAMSTOWN, NJ, 8094","Match","Exact","1210 NIGHTSHADE DR, WILLIAMSTOWN, NJ, 08094",134603570,"L"
322686,"C/O 1251 OAK HILL","DOWNERS GROVE","IL",60515,41.8265553480001,-88.0164805379999,186,"C/O 1251 OAK HILL, DOWNERS GROVE, IL, 60515","Match","Non_Exact","1251 OAK HILL RD, DOWNERS GROVE, IL, 60515",112533417,"L"
322687,"C/O 1254 CLEARWATER DRIVE","MANDEVILLE","LA",70471,30.391354558,-90.07461196,187,"C/O 1254 CLEARWATER DRIVE, MANDEVILLE, LA, 70471","Match","Exact","1254 CLEARWATER DR, MANDEVILLE, LA, 70471",111273444,"R"
322688,"C/O 1261 FRUITWOOD WAY","TRACY","CA",95376,37.741753354,-121.446825329,188,"C/O 1261 FRUITWOOD WAY, TRACY, CA, 95376","Match","Exact","1261 FRUITWOOD WAY, TRACY, CA, 95376",133909446,"R"
322689,"C/O 1308 E 1ST ST","PUEBLO","CO",81001,38.2683455700001,-104.588582589,189,"C/O 1308 E 1ST ST, PUEBLO, CO, 81001","Match","Exact","1308 E 1ST ST, PUEBLO, CO, 81001",105028345,"R"
322690,"C/O 1361 ROYAL PALM SQ BLVD STE 1","FORT MYERS","FL",33919,NA,NA,190,"C/O 1361 ROYAL PALM SQ BLVD STE 1, FORT MYERS, FL, 33919","No_Match",NA,NA,NA,NA
322691,"C/O 14 WRIGHT LANE","BUZZARDS BAY","MA",2532,41.744454622,-70.620316456,191,"C/O 14 WRIGHT LANE, BUZZARDS BAY, MA, 2532","Match","Exact","14 WRIGHT LN, BUZZARDS BAY, MA, 02532",121625130,"R"
322692,"C/O 140 S LAKE AVE STE 300","PASADENA","CA",91101,NA,NA,192,"C/O 140 S LAKE AVE STE 300, PASADENA, CA, 91101","Tie",NA,NA,NA,NA
322693,"C/O 140 WEST LIBERTY ST","WOOSTER","OH",44691,40.7980666620001,-81.9409175439999,193,"C/O 140 WEST LIBERTY ST, WOOSTER, OH, 44691","Match","Exact","140 W LIBERTY ST, WOOSTER, OH, 44691",58734906,"R"
322694,"C/O 140 WEST LIBERTY STREET","WOOSTER","OH",44691,40.7980666620001,-81.9409175439999,194,"C/O 140 WEST LIBERTY STREET, WOOSTER, OH, 44691","Match","Exact","140 W LIBERTY ST, WOOSTER, OH, 44691",58734906,"R"
322695,"C/O 1400 HEMLOCK STREET NW","WASHINGTON","DC",20012,38.981344945,-77.0336444759999,195,"C/O 1400 HEMLOCK STREET NW, WASHINGTON, DC, 20012","Match","Exact","1400 HEMLOCK ST NW, WASHINGTON, DC, 20012",76221527,"L"
322696,"C/O 1427 N 1153RD LN","QUINCY","IL",62305,39.922527781,-91.233887508,196,"C/O 1427 N 1153RD LN, QUINCY, IL, 62305","Match","Exact","1427 N 1153RD LN, QUINCY, IL, 62305",35068088,"L"
322697,"C/O 144 ANAWAN ROAD","NORTH ATTLEBOROUGH","MA",2760,41.9706495470001,-71.343601663,197,"C/O 144 ANAWAN ROAD, NORTH ATTLEBOROUGH, MA, 2760","Match","Non_Exact","144 ANAWAN RD, NORTH ATTLEBORO, MA, 02760",647359182,"R"
322698,"C/O 15 RONALD ROAD","SUDBURY","MA",1776,42.391244552,-71.460691201,198,"C/O 15 RONALD ROAD, SUDBURY, MA, 1776","Match","Exact","15 RONALD RD, SUDBURY, MA, 01776",86846233,"R"
322699,"C/O 15051 LEFFINGWELL ROAD STE 106","WHITTIER","CA",90604,33.9273523260001,-118.009773585,199,"C/O 15051 LEFFINGWELL ROAD STE 106, WHITTIER, CA, 90604","Match","Exact","15051 LEFFINGWELL RD, WHITTIER, CA, 90604",241147792,"L"
322700,"C/O 15400 SOUTH WOODLAND ROAD","SHAKER HEIGHTS","OH",44120,41.4779838380001,-81.575000401,200,"C/O 15400 SOUTH WOODLAND ROAD, SHAKER HEIGHTS, OH, 44120","Match","Exact","15400 S WOODLAND RD, SHAKER HEIGHTS, OH, 44120",61166797,"R"
322701,"C/O 15863 HWY 59","MOUND CITY","MO",64470,40.1785767740001,-95.308558865,201,"C/O 15863 HWY 59, MOUND CITY, MO, 64470","Match","Non_Exact","15863 US HWY 59, MOUND CITY, MO, 64470",16005446,"R"
322702,"C/O 1600 LIBERTY BUILDING","BUFFALO","NY",14202,NA,NA,202,"C/O 1600 LIBERTY BUILDING, BUFFALO, NY, 14202","No_Match",NA,NA,NA,NA
322703,"C/O 16132 32ND AVENUE SE","MILL CREEK","WA",98012,47.8513757960001,-122.190411223,203,"C/O 16132 32ND AVENUE SE, MILL CREEK, WA, 98012","Match","Exact","16132 32ND AVE SE, MILL CREEK, WA, 98012",608931066,"R"
322704,"C/O 16400 GLYNN ROAD","CLEVELAND HEIGHTS","OH",44112,41.5294682250001,-81.564190872,204,"C/O 16400 GLYNN ROAD, CLEVELAND HEIGHTS, OH, 44112","Match","Exact","16400 GLYNN RD, CLEVELAND HEIGHTS, OH, 44112",61179041,"R"
322705,"C/O 17 CENTER STREET","PROSPECT","CT",6712,41.500084149,-72.9774570829999,205,"C/O 17 CENTER STREET, PROSPECT, CT, 6712","Match","Exact","17 CENTER ST, PROSPECT, CT, 06712",637164438,"L"
322706,"C/O 1815 SOM CENTER ROAD","GATES MILLS","OH",44040,41.5113844360001,-81.43856504,206,"C/O 1815 SOM CENTER ROAD, GATES MILLS, OH, 44040","Match","Exact","1815 SOM CENTER RD, GATES MILLS, OH, 44040",638299250,"L"
322707,"C/O 18275 MEADOW SONG WAY","SALINAS","CA",93908,36.6060777980001,-121.64447445,207,"C/O 18275 MEADOW SONG WAY, SALINAS, CA, 93908","Match","Exact","18275 MEADOW SONG WAY, SALINAS, CA, 93908",196844169,"L"
322708,"C/O 1840 BRENDA WAY","WASHOE VALLEY","NV",89704,39.3038994020001,-119.782208728,208,"C/O 1840 BRENDA WAY, WASHOE VALLEY, NV, 89704","Match","Exact","1840 BRENDA WAY, WASHOE VALLEY, NV, 89704",107057556,"L"
322709,"C/O 19101 NW 11 STREET","PEMBROKE PINES","FL",33029,26.0148426530001,-80.4011091199999,209,"C/O 19101 NW 11 STREET, PEMBROKE PINES, FL, 33029","Match","Exact","19101 NW 11TH ST, PEMBROKE PINES, FL, 33029",114771280,"R"
322710,"C/O 2 PPG PLACE STE 400","PITTSBURGH","PA",15222,NA,NA,210,"C/O 2 PPG PLACE STE 400, PITTSBURGH, PA, 15222","No_Match",NA,NA,NA,NA
322711,"C/O 2009 WILLIAMS AVE","WOODWARD","OK",73801,36.4262180700001,-99.39063355,211,"C/O 2009 WILLIAMS AVE, WOODWARD, OK, 73801","Match","Exact","2009 WILLIAMS AVE, WOODWARD, OK, 73801",606498431,"L"
322712,"C/O 201 S BISCAYNE BLVD STE 800","MIAMI","FL",33131,25.770891761,-80.1899808219999,212,"C/O 201 S BISCAYNE BLVD STE 800, MIAMI, FL, 33131","Match","Non_Exact","201 BISCAYNE BLVD WAY, MIAMI, FL, 33131",116018800,"L"
322713,"C/O 2027 DODGE ST SUITE 501","OMAHA","NE",68102,41.259754199,-95.942987568,213,"C/O 2027 DODGE ST SUITE 501, OMAHA, NE, 68102","Match","Exact","2027 DODGE ST, OMAHA, NE, 68102",642902916,"L"
322714,"C/O 205 S RANDOLPH STREET","STACYVILLE","IA",50476,43.4351717150001,-92.784790779,214,"C/O 205 S RANDOLPH STREET, STACYVILLE, IA, 50476","Match","Exact","205 S RANDOLPH ST, STACYVILLE, IA, 50476",7468643,"L"
322715,"C/O 21 HECKAMORE RD","BALA CYNWYD","PA",19004,40.000078773,-75.230852602,215,"C/O 21 HECKAMORE RD, BALA CYNWYD, PA, 19004","Match","Exact","21 HECKAMORE RD, BALA CYNWYD, PA, 19004",135130579,"R"
322716,"C/O 2155 JACKSON AVE NUMBER 3","ANN ARBOR","MI",48103,42.280743274,-83.776141936,216,"C/O 2155 JACKSON AVE NUMBER 3, ANN ARBOR, MI, 48103","Match","Exact","2155 JACKSON AVE, ANN ARBOR, MI, 48103",26046564,"L"
322717,"C/O 2190 WEST SNOVER ROAD","SANDUSKY","MI",48471,43.462710294,-82.917262724,217,"C/O 2190 WEST SNOVER ROAD, SANDUSKY, MI, 48471","Match","Exact","2190 W SNOVER RD, SANDUSKY, MI, 48471",642483983,"L"
322718,"C/O 2222 ASHLEY RIVER ROAD SUITE 2J","CHARLESTON","SC",29414,32.8208685430001,-80.035801829,218,"C/O 2222 ASHLEY RIVER ROAD SUITE 2J, CHARLESTON, SC, 29414","Match","Exact","2222 ASHLEY RIVER RD, CHARLESTON, SC, 29414",619095844,"R"
322719,"C/O 2232 FALLEN OAKS DR","KNOXVILLE","TN",37932,35.918671943,-84.2234393699999,219,"C/O 2232 FALLEN OAKS DR, KNOXVILLE, TN, 37932","Match","Exact","2232 FALLEN OAKS DR, KNOXVILLE, TN, 37932",635224295,"R"
322720,"C/O 224 PAUKAA DR","HILO","HI",96720,19.760716002,-155.090372486,220,"C/O 224 PAUKAA DR, HILO, HI, 96720","Match","Exact","224 PAUKAA DR, HILO, HI, 96720",202996106,"R"
322721,"C/O 241 MAIN STREET","HARTFORD","CT",6106,NA,NA,221,"C/O 241 MAIN STREET, HARTFORD, CT, 6106","Tie",NA,NA,NA,NA
322722,"C/O 245 NICHOLS STREET","NORWOOD","MA",2062,42.1884785290001,-71.2157466739999,222,"C/O 245 NICHOLS STREET, NORWOOD, MA, 2062","Match","Exact","245 NICHOLS ST, NORWOOD, MA, 02062",87243432,"R"
322723,"C/O 249 MURRAY ST","MERIDEN","CT",6450,41.53699326,-72.779010308,223,"C/O 249 MURRAY ST, MERIDEN, CT, 6450","Match","Exact","249 MURRAY ST, MERIDEN, CT, 06450",3724512,"R"
322724,"C/O 25 OAKWOOD RD","MANCHESTER","CT",6042,41.792043334,-72.5121628209999,224,"C/O 25 OAKWOOD RD, MANCHESTER, CT, 6042","Match","Exact","25 OAKWOOD RD, MANCHESTER, CT, 06042",3492227,"L"
322725,"C/O 250 MAIN STREET SUITE 590","LAFAYETTE","IN",47901,40.4191248990001,-86.894601144,225,"C/O 250 MAIN STREET SUITE 590, LAFAYETTE, IN, 47901","Match","Exact","250 MAIN ST, LAFAYETTE, IN, 47901",27306012,"L"
322726,"C/O 26 BRIDGE STREET","HACKENSACK","NJ",7601,40.880084792,-74.0428730369999,226,"C/O 26 BRIDGE STREET, HACKENSACK, NJ, 7601","Match","Exact","26 BRIDGE ST, HACKENSACK, NJ, 07601",64386424,"L"
322727,"C/O 26630 BARTON RD APT 1014","REDLANDS","CA",92373,34.048218096,-117.223415527,227,"C/O 26630 BARTON RD APT 1014, REDLANDS, CA, 92373","Match","Exact","26630 BARTON RD, REDLANDS, CA, 92373",145227512,"L"
322728,"C/O 27 RUNNING BROOK CIRCLE","FLEMINGTON","NJ",8822,40.495613833,-74.803245422,228,"C/O 27 RUNNING BROOK CIRCLE, FLEMINGTON, NJ, 8822","Match","Exact","27 RUNNING BROOK CIR, FLEMINGTON, NJ, 08822",60028231,"L"
322729,"C/O 2709 S MONROE STREET","SPOKANE","WA",99203,47.629865835,-117.426498673,229,"C/O 2709 S MONROE STREET, SPOKANE, WA, 99203","Match","Exact","2709 S MONROE ST, SPOKANE, WA, 99203",189877328,"L"
322730,"C/O 2731 ALA KINOIKI","KOLOA","HI",96756,21.8850689710001,-159.449556064,230,"C/O 2731 ALA KINOIKI, KOLOA, HI, 96756","Match","Exact","2731 ALA KINOIKI, KOLOA, HI, 96756",653176952,"R"
322731,"C/O 2866 PARK SQUARE PL E","FERNANDINA BEACH","FL",32034,30.6279996650001,-81.444378549,231,"C/O 2866 PARK SQUARE PL E, FERNANDINA BEACH, FL, 32034","Match","Exact","2866 PARK SQUARE PL E, FERNANDINA BCH, FL, 32034",84121138,"L"
322732,"C/O 300 W 145TH STREET APT 4C","NEW YORK","NY",10039,40.822869697,-73.94199894,232,"C/O 300 W 145TH STREET APT 4C, NEW YORK, NY, 10039","Match","Non_Exact","300 W 145TH ST, NEW YORK, NY, 10039",59656283,"L"
322733,"C/O 301 CAYUGA RD    SUITE 200","CHEEKTOWAGA","NY",14225,42.9407228360001,-78.74433917,233,"C/O 301 CAYUGA RD    SUITE 200, CHEEKTOWAGA, NY, 14225","Match","Exact","301 CAYUGA RD, CHEEKTOWAGA, NY, 14225",48305727,"R"
322734,"C/O 30320 LIVE OAK CANYON RD","REDLANDS","CA",92373,34.00428485,-117.14427597,234,"C/O 30320 LIVE OAK CANYON RD, REDLANDS, CA, 92373","Match","Exact","30320 LIVE OAK CANYON RD, REDLANDS, CA, 92373",144703444,"L"
322735,"C/O 304 JONES AVENUE","WARRENSBURG","MO",64093,38.7563738750001,-93.746434172,235,"C/O 304 JONES AVENUE, WARRENSBURG, MO, 64093","Match","Exact","304 JONES AVE, WARRENSBURG, MO, 64093",95341797,"R"
322736,"C/O 307 SPOKANE AVE SUITE 102","WHITEFISH","MT",59937,48.4095018,-114.335242318,236,"C/O 307 SPOKANE AVE SUITE 102, WHITEFISH, MT, 59937","Match","Exact","307 SPOKANE AVE, WHITEFISH, MT, 59937",204077040,"R"
322737,"C/O 3119 QUENTIN ROAD","BROOKLYN","NY",11234,40.6124295380001,-73.9402325949999,237,"C/O 3119 QUENTIN ROAD, BROOKLYN, NY, 11234","Match","Exact","3119 QUENTIN RD, BROOKLYN, NY, 11234",59090462,"L"
322738,"C/O 3130 LA SELVA STREET SUITE 104","SAN MATEO","CA",94403,37.5435942730001,-122.284598286,238,"C/O 3130 LA SELVA STREET SUITE 104, SAN MATEO, CA, 94403","Match","Non_Exact","3130 LA SELVA ST, SAN MATEO, CA, 94403",648177697,"R"
322739,"C/O 3253 RAVENSWOOD WAY","SAN JOSE","CA",95148,37.3279963420001,-121.780258124,239,"C/O 3253 RAVENSWOOD WAY, SAN JOSE, CA, 95148","Match","Exact","3253 RAVENSWOOD WAY, SAN JOSE, CA, 95148",122917343,"L"
322740,"C/O 3341 S BARBETT AVE","SPRINGFIELD","MO",65804,37.152030202,-93.24468696,240,"C/O 3341 S BARBETT AVE, SPRINGFIELD, MO, 65804","Match","Exact","3341 S BARBETT AVE, SPRINGFIELD, MO, 65804",76681513,"R"
322741,"C/O 34 THURSTON DRIVE","UPPER MARLBORO","MD",20774,38.8953591980001,-76.8130433539999,241,"C/O 34 THURSTON DRIVE, UPPER MARLBORO, MD, 20774","Match","Exact","34 THURSTON DR, UPPER MARLBORO, MD, 20774",76319762,"L"
322742,"C/O 3472 GRAND MEADOWS CROSSING","NEENAH","WI",54956,44.178305735,-88.572284165,242,"C/O 3472 GRAND MEADOWS CROSSING, NEENAH, WI, 54956","Match","Exact","3472 GRAND MEADOWS CROSSING, NEENAH, WI, 54956",74525610,"R"
322743,"C/O 3532 REISTERSTOWN ROAD","BALTIMORE","MD",21215,39.3284516360001,-76.6599298639999,243,"C/O 3532 REISTERSTOWN ROAD, BALTIMORE, MD, 21215","Match","Exact","3532 REISTERSTOWN RD, BALTIMORE, MD, 21215",206406539,"L"
322744,"C/O 356","PHILADELPHIA","PA",19148,NA,NA,244,"C/O 356, PHILADELPHIA, PA, 19148","No_Match",NA,NA,NA,NA
322745,"C/O 3701 DAVIS AVENUE","MODESTO","CA",95357,37.7136481050001,-120.927753937,245,"C/O 3701 DAVIS AVENUE, MODESTO, CA, 95357","Match","Exact","3701 DAVIS AVE, MODESTO, CA, 95357",102601841,"L"
322746,"C/O 3817 50TH AVENUE S","ST PETERSBURG","FL",33711,27.7217962290001,-82.684200474,246,"C/O 3817 50TH AVENUE S, ST PETERSBURG, FL, 33711","Match","Exact","3817 50TH AVE S, SAINT PETERSBURG, FL, 33711",124710228,"R"
322747,"C/O 386 WASHINGTON STREET","WELLESLEY","MA",2481,42.3083954210001,-71.2784773939999,247,"C/O 386 WASHINGTON STREET, WELLESLEY, MA, 2481","Match","Exact","386 WASHINGTON ST, WELLESLEY, MA, 02481",87237158,"L"
322748,"C/O 3910 MAIN ST STE 205","FLUSHING","NY",11354,NA,NA,248,"C/O 3910 MAIN ST STE 205, FLUSHING, NY, 11354","No_Match",NA,NA,NA,NA
322749,"C/O 402 E D ST","ELMWOOD","NE",68349,40.8416081940001,-96.288014989,249,"C/O 402 E D ST, ELMWOOD, NE, 68349","Match","Exact","402 E D ST, ELMWOOD, NE, 68349",10365094,"L"
322750,"C/O 41 COCHITUATE ROAD","WAYLAND","MA",1778,42.3627298640001,-71.3599844299999,250,"C/O 41 COCHITUATE ROAD, WAYLAND, MA, 1778","Match","Exact","41 COCHITUATE RD, WAYLAND, MA, 01778",640149200,"R"
322751,"C/O 4100 JASMINE DRIVE","BETHEL PARK","PA",15102,40.3112235190001,-80.024679319,251,"C/O 4100 JASMINE DRIVE, BETHEL PARK, PA, 15102","Match","Exact","4100 JASMINE DR, BETHEL PARK, PA, 15102",51658030,"L"
322752,"C/O 415 12TH STREET","FRANKLIN","PA",16323,41.397227286,-79.828137542,252,"C/O 415 12TH STREET, FRANKLIN, PA, 16323","Match","Exact","415 12TH ST, FRANKLIN, PA, 16323",70738555,"R"
322753,"C/O 422 3RD ST S","COGGON","IA",52218,42.2753324330001,-91.52910278,253,"C/O 422 3RD ST S, COGGON, IA, 52218","Match","Exact","422 3RD ST S, COGGON, IA, 52218",17048263,"L"
322754,"C/O 42517 SUNSET DR","WELLSVILLE","OH",43968,40.607114858,-80.698417886,254,"C/O 42517 SUNSET DR, WELLSVILLE, OH, 43968","Match","Exact","42517 SUNSET DR, WELLSVILLE, OH, 43968",63640877,"L"
322755,"C/O 431 CANAL ST FL 11 RM 40","NEW YORK","NY",10013,40.7227511770001,-74.0065666959999,255,"C/O 431 CANAL ST FL 11 RM 40, NEW YORK, NY, 10013","Match","Exact","431 CANAL ST, NEW YORK, NY, 10013",59664975,"R"
322756,"C/O 4420 EVANS TO LOCKS RD","EVANS","GA",30809,33.539776047,-82.129122406,256,"C/O 4420 EVANS TO LOCKS RD, EVANS, GA, 30809","Match","Exact","4420 EVANS TO LOCKS RD, EVANS, GA, 30809",641040469,"R"
322757,"C/O 4420 EVANS TO LOCKS ROAD","EVANS","GA",30809,33.539776047,-82.129122406,257,"C/O 4420 EVANS TO LOCKS ROAD, EVANS, GA, 30809","Match","Exact","4420 EVANS TO LOCKS RD, EVANS, GA, 30809",641040469,"R"
322758,"C/O 4507 TWIN ELM DR","FRESNO","TX",77545,29.520852474,-95.4794453489999,258,"C/O 4507 TWIN ELM DR, FRESNO, TX, 77545","Match","Exact","4507 TWIN ELM DR, FRESNO, TX, 77545",227773398,"L"
322759,"C/O 4568 ROYALTON CENTER ROAD","GASPORT","NY",14067,43.1839991150001,-78.5322893379999,259,"C/O 4568 ROYALTON CENTER ROAD, GASPORT, NY, 14067","Match","Exact","4568 ROYALTON CENTER RD, GASPORT, NY, 14067",48693250,"L"
322760,"C/O 4608 MORRIS COURT","SANTA ROSA","CA",95405,38.446130515,-122.652791001,260,"C/O 4608 MORRIS COURT, SANTA ROSA, CA, 95405","Match","Exact","4608 MORRIS CT, SANTA ROSA, CA, 95405",67489796,"R"
322761,"C/O 4660 SHANNON PL","PENSACOLA","FL",32504,30.4667983960001,-87.1662794539999,261,"C/O 4660 SHANNON PL, PENSACOLA, FL, 32504","Match","Exact","4660 SHANNON PL, PENSACOLA, FL, 32504",93307800,"L"
322762,"C/O 477 BRUINS TRACE","CORDOVA","TN",38018,35.1384139250001,-89.777250534,262,"C/O 477 BRUINS TRACE, CORDOVA, TN, 38018","Match","Exact","477 BRUINS TRCE, CORDOVA, TN, 38018",72959346,"R"
322763,"C/O 4800 ODELL ROAD","BELTSVILLE","MD",20705,39.0430750450001,-76.909152981,263,"C/O 4800 ODELL ROAD, BELTSVILLE, MD, 20705","Match","Exact","4800 ODELL RD, BELTSVILLE, MD, 20705",76402811,"L"
322764,"C/O 5 CROSS RD","MORRIS PLAINS","NJ",7950,40.8347202310001,-74.460729482,264,"C/O 5 CROSS RD, MORRIS PLAINS, NJ, 7950","Match","Exact","5 CROSS RD, MORRIS PLAINS, NJ, 07950",60442748,"L"
322765,"C/O 5 FISHKILL AVENUE","COLD SPRING","NY",10516,41.4206386610001,-73.9541106409999,265,"C/O 5 FISHKILL AVENUE, COLD SPRING, NY, 10516","Match","Exact","5 FISHKILL AVE, COLD SPRING, NY, 10516",139680830,"L"
322766,"C/O 515 RUSSELL AVE - SUSAN HARDING","WAKEENEY","KS",67672,39.0254881320001,-99.883632521,266,"C/O 515 RUSSELL AVE - SUSAN HARDING, WAKEENEY, KS, 67672","Match","Exact","515 RUSSELL AVE, WAKEENEY, KS, 67672",150102275,"L"
322767,"C/O 515 RUSSELL AVENUE","WAKEENEY","KS",67672,39.0254881320001,-99.883632521,267,"C/O 515 RUSSELL AVENUE, WAKEENEY, KS, 67672","Match","Exact","515 RUSSELL AVE, WAKEENEY, KS, 67672",150102275,"L"
322768,"C/O 555 EDGECOMBE AVENUE-SUITE 8B","NEW YORK","NY",10032,40.8334165860001,-73.939002532,268,"C/O 555 EDGECOMBE AVENUE-SUITE 8B, NEW YORK, NY, 10032","Match","Non_Exact","555 EDGECOMBE AVE, NEW YORK, NY, 10032",59655841,"L"
322769,"C/O 5647 BROAD STREET","GREENDALE","WI",53129,42.9415346700001,-87.996004582,269,"C/O 5647 BROAD STREET, GREENDALE, WI, 53129","Match","Exact","5647 BROAD ST, GREENDALE, WI, 53129",77749580,"R"
322770,"C/O 5866 OAKLAND AVENUE SOUTH","MINNEAPOLIS","MN",55417,44.897242292,-93.2665114179999,270,"C/O 5866 OAKLAND AVENUE SOUTH, MINNEAPOLIS, MN, 55417","Match","Exact","5866 OAKLAND AVE S, MINNEAPOLIS, MN, 55417",43836003,"R"
322771,"C/O 5913 BEATTIE AVE","LOCKPORT","NY",14094,43.1365792170001,-78.679322655,271,"C/O 5913 BEATTIE AVE, LOCKPORT, NY, 14094","Match","Exact","5913 BEATTIE AVE, LOCKPORT, NY, 14094",48692199,"L"
322772,"C/O 607 VERMONT","QUINCY","IL",62301,39.9344972260001,-91.4064718829999,272,"C/O 607 VERMONT, QUINCY, IL, 62301","Match","Non_Exact","607 VERMONT ST, QUINCY, IL, 62301",35064253,"R"
322773,"C/O 616 CLEARWATER PK RD SUITE 305","WEST PALM BEACH","FL",33401,26.7087141650001,-80.06340147,273,"C/O 616 CLEARWATER PK RD SUITE 305, WEST PALM BEACH, FL, 33401","Match","Exact","616 CLEARWATER PARK RD, WEST PALM BEACH, FL, 33401",115348295,"L"
322774,"C/O 6202 DEER HILL ROAD","WATERLOO","IL",62298,38.3034340780001,-90.2343915119999,274,"C/O 6202 DEER HILL ROAD, WATERLOO, IL, 62298","Match","Exact","6202 DEER HILL RD, WATERLOO, IL, 62298",649618016,"R"
322775,"C/O 648 W TIMBER BRANCH PARKWAY","ALEXANDRIA","VA",22302,38.819272487,-77.074331112,275,"C/O 648 W TIMBER BRANCH PARKWAY, ALEXANDRIA, VA, 22302","Match","Exact","648 W TIMBER BRANCH PKWY, ALEXANDRIA, VA, 22302",75987618,"R"
322776,"C/O 657 EAST MAIN STREET SUITE 6","MOUNT KISCO","NY",10549,41.1903515650001,-73.730098665,276,"C/O 657 EAST MAIN STREET SUITE 6, MOUNT KISCO, NY, 10549","Match","Exact","657 E MAIN ST, MOUNT KISCO, NY, 10549",139758841,"R"
322777,"C/O 660 WALLER ROAD","MINTER","AL",36761,32.043634163,-86.7632735889999,277,"C/O 660 WALLER ROAD, MINTER, AL, 36761","Match","Exact","660 WALLER RD, MINTER, AL, 36761",1426233,"L"
322778,"C/O 677 RAMONA AVENUE","STATEN ISLAND","NY",10309,40.535652536,-74.208244668,278,"C/O 677 RAMONA AVENUE, STATEN ISLAND, NY, 10309","Match","Exact","677 RAMONA AVE, STATEN ISLAND, NY, 10309",59874006,"L"
322779,"C/O 68 WARNER STREET","NEWPORT","RI",2840,41.496998751,-71.311141811,279,"C/O 68 WARNER STREET, NEWPORT, RI, 2840","Match","Exact","68 WARNER ST, NEWPORT, RI, 02840",47349090,"L"
322780,"C/O 6905 NE 43RD ST APT C","VANCOUVER","WA",98661,45.6531398750001,-122.60061311,280,"C/O 6905 NE 43RD ST APT C, VANCOUVER, WA, 98661","Match","Non_Exact","6905 NE 43RD ST, VANCOUVER, WA, 98661",158345706,"L"
322781,"C/O 7 CREEKWOOD CV","MORRILTON","AR",72110,35.1422694730001,-92.7104659139999,281,"C/O 7 CREEKWOOD CV, MORRILTON, AR, 72110","Match","Exact","7 CREEKWOOD COVE, MORRILTON, AR, 72110",630148205,"L"
322782,"C/O 70 CRAIG MAIN STREET STE 3","CRAIG","MT",59648,47.07488282,-111.963328314,282,"C/O 70 CRAIG MAIN STREET STE 3, CRAIG, MT, 59648","Match","Exact","70 CRAIG MAIN ST, CRAIG, MT, 59648",202339865,"L"
322783,"C/O 713 STORCH RD","STATE COLLEGE","PA",16801,40.781524044,-77.8611215769999,283,"C/O 713 STORCH RD, STATE COLLEGE, PA, 16801","Match","Exact","713 STORCH RD, STATE COLLEGE, PA, 16801",50370903,"R"
322784,"C/O 7323 ZANE AVENUE NORTH","BROOKLYN PARK","MN",55443,45.0880049840001,-93.3562758579999,284,"C/O 7323 ZANE AVENUE NORTH, BROOKLYN PARK, MN, 55443","Match","Exact","7323 ZANE AVE N, BROOKLYN PARK, MN, 55443",624764356,"L"
322785,"C/O 7606 BROOKHOLLOW CV","AUSTIN","TX",78752,30.3276937750001,-97.682195335,285,"C/O 7606 BROOKHOLLOW CV, AUSTIN, TX, 78752","Match","Exact","7606 BROOKHOLLOW COVE, AUSTIN, TX, 78752",63934867,"L"
322786,"C/O 7715 MONTGOMERY AVENUE","ELKINS PARK","PA",19027,40.0666227790001,-75.125784611,286,"C/O 7715 MONTGOMERY AVENUE, ELKINS PARK, PA, 19027","Match","Exact","7715 MONTGOMERY AVE, ELKINS PARK, PA, 19027",135094360,"R"
322787,"C/O 79565 FIRE RD","LORANE","OR",97451,NA,NA,287,"C/O 79565 FIRE RD, LORANE, OR, 97451","No_Match",NA,NA,NA,NA
322788,"C/O 8 TABER ROAD","UTICA","NY",13501,43.063848734,-75.219480591,288,"C/O 8 TABER ROAD, UTICA, NY, 13501","Match","Exact","8 TABER RD, UTICA, NY, 13501",171531840,"R"
322789,"C/O 801 US HIGHWAY 1","NORTH PALM BEACH","FL",33408,26.821279702,-80.059381516,289,"C/O 801 US HIGHWAY 1, NORTH PALM BEACH, FL, 33408","Match","Exact","801 US HWY 1, NORTH PALM BEACH, FL, 33408",645850591,"L"
322790,"C/O 82 COLISEUM STREET","PERRIS","CA",92571,33.7988760760001,-117.22803966,290,"C/O 82 COLISEUM STREET, PERRIS, CA, 92571","Match","Exact","82 COLISEUM ST, PERRIS, CA, 92571",194802199,"R"
322791,"C/O 8293 FM 20","SEGUIN","TX",78155,29.6764959600001,-97.894434205,291,"C/O 8293 FM 20, SEGUIN, TX, 78155","Match","Exact","8293 FM 20, SEGUIN, TX, 78155",634266306,"R"
322792,"C/O 8333 IOWA STREET SUITE 201","DOWNEY","CA",90241,33.9374926780001,-118.134046251,292,"C/O 8333 IOWA STREET SUITE 201, DOWNEY, CA, 90241","Match","Exact","8333 IOWA ST, DOWNEY, CA, 90241",241244988,"L"
322793,"C/O 840 ECHO PARK AVENUE","LOS ANGELES","CA",90026,34.0731609330001,-118.259596864,293,"C/O 840 ECHO PARK AVENUE, LOS ANGELES, CA, 90026","Match","Exact","840 ECHO PARK AVE, LOS ANGELES, CA, 90026",141616285,"R"
322794,"C/O 8581 EAST QUAIL CALL LANE","HEREFORD","AZ",85615,31.4054219880001,-110.170199773,294,"C/O 8581 EAST QUAIL CALL LANE, HEREFORD, AZ, 85615","Match","Exact","8581 E QUAIL CALL LN, HEREFORD, AZ, 85615",120971620,"L"
322795,"C/O 86 ANCHORAGE DRIVE","NEW YORK","NY",11795,40.686958808,-73.2828834159999,295,"C/O 86 ANCHORAGE DRIVE, NEW YORK, NY, 11795","Match","Non_Exact","86 ANCHORAGE DR, WEST ISLIP, NY, 11795",113995478,"R"
322796,"C/O 890 W HERITAGE PARK BLVD STE201","LAYTON","UT",84041,41.083606995,-111.981678591,296,"C/O 890 W HERITAGE PARK BLVD STE201, LAYTON, UT, 84041","Match","Exact","890 HERITAGE PARK BLVD, LAYTON, UT, 84041",229361814,"R"
322797,"C/O 905 SHOSHONE STREET NORTH","TWIN FALLS","ID",83301,42.5613781870001,-114.462627242,297,"C/O 905 SHOSHONE STREET NORTH, TWIN FALLS, ID, 83301","Match","Exact","905 SHOSHONE ST N, TWIN FALLS, ID, 83301",118761769,"L"
322798,"C/O 9505 W 32ND AVE","WHEAT RIDGE","CO",80033,39.762050118,-105.103602098,298,"C/O 9505 W 32ND AVE, WHEAT RIDGE, CO, 80033","Match","Exact","9505 W 32ND AVE, WHEAT RIDGE, CO, 80033",177289420,"R"
322799,"C/O A DAS 268 LARKSPUR LANE","KING OF PRUSSIA","PA",19406,40.098154901,-75.3703637579999,299,"C/O A DAS 268 LARKSPUR LANE, KING OF PRUSSIA, PA, 19406","Match","Exact","268 LARKSPUR LN, KING OF PRUSSIA, PA, 19406",135070985,"R"
322800,"C/O A KLEINSCHMIDT 10858 JANE LN","BLOOMINGTON","IL",61705,40.4434230470001,-89.107566802,300,"C/O A KLEINSCHMIDT 10858 JANE LN, BLOOMINGTON, IL, 61705","Match","Exact","10858 JANE LN, BLOOMINGTON, IL, 61705",20543464,"R"
322801,"C/O A MEIGHAN 313 DELANCEY AVE","MAMARONECK","NY",10543,40.9470537010001,-73.7418878299999,301,"C/O A MEIGHAN 313 DELANCEY AVE, MAMARONECK, NY, 10543","Match","Exact","313 DELANCEY AVE, MAMARONECK, NY, 10543",139755079,"R"
322802,"C/O AA BOOKKEEPING 222 LEE ST SW","TUMWATER","WA",98501,46.998014143,-122.911359653,302,"C/O AA BOOKKEEPING 222 LEE ST SW, TUMWATER, WA, 98501","Match","Exact","222 LEE ST SW, TUMWATER, WA, 98501",180978926,"R"
322803,"C/O ABBOTT   126 SUFFOLK AVENUE","PAWTUCKET","RI",2861,41.886782784,-71.352902193,303,"C/O ABBOTT   126 SUFFOLK AVENUE, PAWTUCKET, RI, 2861","Match","Exact","126 SUFFOLK AVE, PAWTUCKET, RI, 02861",47468973,"L"
322804,"C/O ADAM MEHAN 9 BRIDGE STREET APT6","PLATTSBURGH","NY",12901,NA,NA,304,"C/O ADAM MEHAN 9 BRIDGE STREET APT6, PLATTSBURGH, NY, 12901","No_Match",NA,NA,NA,NA
322805,"C/O ADAMS - 243 E 59TH ST APT 5B","NEW YORK","NY",10022,NA,NA,305,"C/O ADAMS - 243 E 59TH ST APT 5B, NEW YORK, NY, 10022","No_Match",NA,NA,NA,NA
322806,"C/O ADEYEMI KOLAWOLE PO BOX 740652","DALLAS","TX",75374,NA,NA,306,"C/O ADEYEMI KOLAWOLE PO BOX 740652, DALLAS, TX, 75374","No_Match",NA,NA,NA,NA
322807,"C/O ADVENTURELORE/ 197 LONG POND RD","DANVILLE","NH",3819,42.9219425530001,-71.1034760909999,307,"C/O ADVENTURELORE/ 197 LONG POND RD, DANVILLE, NH, 3819","Match","Exact","197 LONG POND RD, DANVILLE, NH, 03819",113700716,"L"
322808,"C/O AHABAT SHOLOM 151 OCEAN STREET","LYNN","MA",1902,42.4641539090001,-70.9284147,308,"C/O AHABAT SHOLOM 151 OCEAN STREET, LYNN, MA, 1902","Match","Exact","151 OCEAN ST, LYNN, MA, 01902",86646814,"R"
322809,"C/O AIKENHEAD 82 LEDGEBROOK DRIVE","NORWALK","CT",6854,41.1069719990001,-73.439242145,309,"C/O AIKENHEAD 82 LEDGEBROOK DRIVE, NORWALK, CT, 6854","Match","Exact","82 LEDGEBROOK DR, NORWALK, CT, 06854",3275029,"L"
322810,"C/O ALLEN FIELDS 111 E 88 ST APT 8D","NEW YORK","NY",10128,NA,NA,310,"C/O ALLEN FIELDS 111 E 88 ST APT 8D, NEW YORK, NY, 10128","No_Match",NA,NA,NA,NA
322811,"C/O ALLEN TAFLOVE - 2145 SHERIDAN","EVANSTON","IL",60208,NA,NA,311,"C/O ALLEN TAFLOVE - 2145 SHERIDAN, EVANSTON, IL, 60208","No_Match",NA,NA,NA,NA
322812,"C/O ALVIRNE HS 200 DERRY RD","HUDSON","NH",3051,NA,NA,312,"C/O ALVIRNE HS 200 DERRY RD, HUDSON, NH, 3051","No_Match",NA,NA,NA,NA
322813,"C/O AMANDA BOWEN 57 MADISON STREET","MEDFORD","MA",2155,42.4239958040001,-71.131581803,313,"C/O AMANDA BOWEN 57 MADISON STREET, MEDFORD, MA, 2155","Match","Exact","57 MADISON ST, MEDFORD, MA, 02155",86889225,"R"
322814,"C/O AMBER BULLMAN 883 HOMESTEAD RD","SAINT MARYS","WV",26170,39.3326676140001,-81.2292068209999,314,"C/O AMBER BULLMAN 883 HOMESTEAD RD, SAINT MARYS, WV, 26170","Match","Exact","883 HOMESTEAD RD, SAINT MARYS, WV, 26170",90823877,"R"
322815,"C/O AMHERST FIRE 177 AMHERST ST","MONT VERNON","NH",3057,NA,NA,315,"C/O AMHERST FIRE 177 AMHERST ST, MONT VERNON, NH, 3057","No_Match",NA,NA,NA,NA
322816,"C/O AMISTAD CTR 6823 ST CHARLES AVE","NEW ORLEANS","LA",70118,NA,NA,316,"C/O AMISTAD CTR 6823 ST CHARLES AVE, NEW ORLEANS, LA, 70118","No_Match",NA,NA,NA,NA
322817,"C/O AMITY HALL 80 W 3RD ST","NEW YORK","NY",10012,NA,NA,317,"C/O AMITY HALL 80 W 3RD ST, NEW YORK, NY, 10012","No_Match",NA,NA,NA,NA
322818,"C/O AMY ARNETT 571 PROCTOR TRAIL","BOWLING GREEN","KY",42101,37.0205078880001,-86.378878136,318,"C/O AMY ARNETT 571 PROCTOR TRAIL, BOWLING GREEN, KY, 42101","Match","Exact","571 PROCTOR TRL, BOWLING GREEN, KY, 42101",28012428,"L"
322819,"C/O AMY GRAY 13 LYN DRIVE","GRANBY","MA",1033,42.2814963640001,-72.553272519,319,"C/O AMY GRAY 13 LYN DRIVE, GRANBY, MA, 1033","Match","Non_Exact","13 LYNN DR, GRANBY, MA, 01033",39852297,"L"
322820,"C/O ANDRA BOWEN - 273 PLEASANT ST","BETHEL","VT",5032,43.8316386110001,-72.6399880449999,320,"C/O ANDRA BOWEN - 273 PLEASANT ST, BETHEL, VT, 5032","Match","Exact","273 PLEASANT ST, BETHEL, VT, 05032",641173884,"L"
322821,"C/O ANDREW DEWEY  PO BOX 58","JONESBORO","ME",4648,NA,NA,321,"C/O ANDREW DEWEY  PO BOX 58, JONESBORO, ME, 4648","No_Match",NA,NA,NA,NA
322822,"C/O ANDREW J STOESSEL","MARBLEHEAD","MA",1945,NA,NA,322,"C/O ANDREW J STOESSEL, MARBLEHEAD, MA, 1945","No_Match",NA,NA,NA,NA
322823,"C/O ANDREW RYDER 80 PINE HILL DRIVE","BANGOR","ME",4401,44.902885204,-68.821168934,323,"C/O ANDREW RYDER 80 PINE HILL DRIVE, BANGOR, ME, 4401","Match","Exact","80 PINE HILL DR, BANGOR, ME, 04401",123643892,"R"
322824,"C/O ANN SCHAEFFER  5611 15TH ST N","ARLINGTON","VA",22205,38.884560273,-77.134696133,324,"C/O ANN SCHAEFFER  5611 15TH ST N, ARLINGTON, VA, 22205","Match","Exact","5611 15TH ST N, ARLINGTON, VA, 22205",76479233,"L"
322825,"C/O ANNE PRINGLE  44 NEAL STREET","PORTLAND","ME",4102,43.6475368370001,-70.271942139,325,"C/O ANNE PRINGLE  44 NEAL STREET, PORTLAND, ME, 4102","Match","Exact","44 NEAL ST, PORTLAND, ME, 04102",78027531,"L"
322826,"C/O ANNE STUER PO BOX 311","NORWAY","ME",4268,NA,NA,326,"C/O ANNE STUER PO BOX 311, NORWAY, ME, 4268","No_Match",NA,NA,NA,NA
322827,"C/O ANNETTE DEVITT PO BOX 135","PEDRICKTOWN","NJ",8067,NA,NA,327,"C/O ANNETTE DEVITT PO BOX 135, PEDRICKTOWN, NJ, 8067","No_Match",NA,NA,NA,NA
322828,"C/O ANTHONY CANDIDO 4 TOPFIELD RD","MILFORD","CT",6460,41.2069307670001,-73.079331549,328,"C/O ANTHONY CANDIDO 4 TOPFIELD RD, MILFORD, CT, 6460","Match","Exact","4 TOPFIELD RD, MILFORD, CT, 06460",3714147,"R"
322829,"C/O AROLD 51 POWDER MILL BRIDGE RD","KINGSTON","NY",12401,41.997402906,-74.04346013,329,"C/O AROLD 51 POWDER MILL BRIDGE RD, KINGSTON, NY, 12401","Match","Exact","51 POWDER MILL BRIDGE RD, KINGSTON, NY, 12401",41925527,"R"
322830,"C/O ARTHUR I GOLDBERG 21 MAIN ST","HACKENSACK","NJ",7601,40.878613397,-74.044539605,330,"C/O ARTHUR I GOLDBERG 21 MAIN ST, HACKENSACK, NJ, 7601","Match","Exact","21 MAIN ST, HACKENSACK, NJ, 07601",64386408,"L"
322831,"C/O AS BEN-MERRE 5629 DELAFIELD AVE","BRONX","NY",10471,40.9048837620001,-73.9037293869999,331,"C/O AS BEN-MERRE 5629 DELAFIELD AVE, BRONX, NY, 10471","Match","Exact","5629 DELAFIELD AVE, BRONX, NY, 10471",80296174,"L"
322832,"C/O ASHLEY GREENE 39 MIDDLE STREET","BOSTON","MA",2127,42.3314477550001,-71.055085721,332,"C/O ASHLEY GREENE 39 MIDDLE STREET, BOSTON, MA, 2127","Match","Exact","39 MIDDLE ST, BOSTON, MA, 02127",635834439,"R"
322833,"C/O ATHLETIC DEPT / 100 CARDINAL DR","CANFIELD","OH",44406,41.0282269910001,-80.771930837,333,"C/O ATHLETIC DEPT / 100 CARDINAL DR, CANFIELD, OH, 44406","Match","Exact","100 CARDINAL DR, CANFIELD, OH, 44406",64615717,"L"
322834,"C/O AUB 3 DAG HAMMARSKJOLD PLAZA","NEW YORK","NY",10017,NA,NA,334,"C/O AUB 3 DAG HAMMARSKJOLD PLAZA, NEW YORK, NY, 10017","No_Match",NA,NA,NA,NA
322835,"C/O B DAVIDSON135 CLARENDON ST 6Z","BOSTON","MA",2116,NA,NA,335,"C/O B DAVIDSON135 CLARENDON ST 6Z, BOSTON, MA, 2116","No_Match",NA,NA,NA,NA
322836,"C/O B KAEMPF - 24 PERCIVAL ST","BOSTON","MA",2122,42.307582881,-71.064295898,336,"C/O B KAEMPF - 24 PERCIVAL ST, BOSTON, MA, 2122","Match","Exact","24 PERCIVAL ST, BOSTON, MA, 02122",85713162,"L"
322837,"C/O B NELSON 1068 NEWTON FARM ROAD","SOUTH BOSTON","VA",24592,36.6458886280001,-78.901229218,337,"C/O B NELSON 1068 NEWTON FARM ROAD, SOUTH BOSTON, VA, 24592","Match","Exact","1068 NEWTON FARM RD, SOUTH BOSTON, VA, 24592",90332753,"L"
322838,"C/O B ROTH 300 BAUSCH AND LOMB PL","ROCHESTER","NY",14604,43.154406345,-77.606434309,338,"C/O B ROTH 300 BAUSCH AND LOMB PL, ROCHESTER, NY, 14604","Match","Exact","300 BAUSCH AND LOMB PL, ROCHESTER, NY, 14604",14576521,"L"
322839,"C/O B T CO- ONE PENN PLAZA STE 5335","NEW YORK","NY",10119,NA,NA,339,"C/O B T CO- ONE PENN PLAZA STE 5335, NEW YORK, NY, 10119","No_Match",NA,NA,NA,NA
322840,"C/O BAH 28 ERIE ST","PROVIDENCE","RI",2908,41.848046181,-71.443375023,340,"C/O BAH 28 ERIE ST, PROVIDENCE, RI, 2908","Match","Exact","28 ERIE ST, PROVIDENCE, RI, 02908",47457854,"L"
322841,"C/O BAND DIRECTOR 400 7TH STREET","BAY CITY","TX",77414,NA,NA,341,"C/O BAND DIRECTOR 400 7TH STREET, BAY CITY, TX, 77414","No_Match",NA,NA,NA,NA
322842,"C/O BARBARA THOMAS 912 ELDRIDGE AVE","COLLINGSWOOD","NJ",8107,39.908688109,-75.0874130449999,342,"C/O BARBARA THOMAS 912 ELDRIDGE AVE, COLLINGSWOOD, NJ, 8107","Match","Exact","912 ELDRIDGE AVE, COLLINGSWOOD, NJ, 08107",134349006,"L"
322843,"C/O BARCLAY DAMON 300 S STATE ST","SYRACUSE","NY",13202,43.0485626560001,-76.1474242309999,343,"C/O BARCLAY DAMON 300 S STATE ST, SYRACUSE, NY, 13202","Match","Exact","300 S STATE ST, SYRACUSE, NY, 13202",46570920,"R"
322844,"C/O BARNARD ARGO PO BOX 425","DANVERS","IL",61732,NA,NA,344,"C/O BARNARD ARGO PO BOX 425, DANVERS, IL, 61732","No_Match",NA,NA,NA,NA
322845,"C/O BARNEKE 211 CONGRESS ST 7TH FL","BOSTON","MA",2110,NA,NA,345,"C/O BARNEKE 211 CONGRESS ST 7TH FL, BOSTON, MA, 2110","No_Match",NA,NA,NA,NA
322846,"C/O BARNETT  117 LYONS ROAD","RUSH","NY",14543,43.0027434520001,-77.621718695,346,"C/O BARNETT  117 LYONS ROAD, RUSH, NY, 14543","Match","Exact","117 LYONS RD, RUSH, NY, 14543",14571420,"R"
322847,"C/O BASALELY  475 W 186TH ST    2-C","NEW YORK","NY",10033,NA,NA,347,"C/O BASALELY  475 W 186TH ST    2-C, NEW YORK, NY, 10033","No_Match",NA,NA,NA,NA
322848,"C/O BENOIT MCGUIRE TAX 88 PINE ST","NEW YORK","NY",10005,40.7060247740001,-74.0073916539999,348,"C/O BENOIT MCGUIRE TAX 88 PINE ST, NEW YORK, NY, 10005","Match","Exact","88 PINE ST, NEW YORK, NY, 10005",59660500,"L"
322849,"C/O BETSY HALET 5132 VOGES RD","MADISON","WI",53718,43.040617409,-89.2953650439999,349,"C/O BETSY HALET 5132 VOGES RD, MADISON, WI, 53718","Match","Exact","5132 VOGES RD, MADISON, WI, 53718",49475832,"L"
322850,"C/O BETTY YUSUPOV 7150 PARSONS BLV","FLUSHING","NY",11365,NA,NA,350,"C/O BETTY YUSUPOV 7150 PARSONS BLV, FLUSHING, NY, 11365","No_Match",NA,NA,NA,NA
322851,"C/O BILL BERGER 2915 E KENTUCKY RD","BEECHER","IL",60401,41.312458,-87.535414915,351,"C/O BILL BERGER 2915 E KENTUCKY RD, BEECHER, IL, 60401","Match","Exact","2915 E KENTUCKY RD, BEECHER, IL, 60401",649925338,"L"
322852,"C/O BILL STOLTZ     210 W 10TH ST","ROLLA","MO",65401,37.9514811920001,-91.7716090179999,352,"C/O BILL STOLTZ     210 W 10TH ST, ROLLA, MO, 65401","Match","Exact","210 W 10TH ST, ROLLA, MO, 65401",45075043,"R"
322853,"C/O BLANCHE M JACKSON","APPOMATTOX","VA",24522,NA,NA,353,"C/O BLANCHE M JACKSON, APPOMATTOX, VA, 24522","No_Match",NA,NA,NA,NA
322854,"C/O BLISTEIN   16 MERION ROAD","MERION STATION","PA",19066,39.9907536000001,-75.2492633959999,354,"C/O BLISTEIN   16 MERION ROAD, MERION STATION, PA, 19066","Match","Exact","16 MERION RD, MERION STA, PA, 19066",634777791,"L"
322855,"C/O BMC/SPARK CENTER","BOSTON","MA",2126,NA,NA,355,"C/O BMC/SPARK CENTER, BOSTON, MA, 2126","No_Match",NA,NA,NA,NA
322856,"C/O BOB MISHLER 711 CORONADO","LAS VEGAS","NM",87701,NA,NA,356,"C/O BOB MISHLER 711 CORONADO, LAS VEGAS, NM, 87701","Tie",NA,NA,NA,NA
322857,"C/O BOSTON FD 115 SOUTHAMPTON ST","BOSTON","MA",2118,42.332291544,-71.0711265159999,357,"C/O BOSTON FD 115 SOUTHAMPTON ST, BOSTON, MA, 2118","Match","Exact","115 SOUTHAMPTON ST, BOSTON, MA, 02118",85700986,"R"
322858,"C/O BOWYER 14600 CAMBRIDGE DRIVE","UPPER MARLBORO","MD",20772,38.847739699,-76.753196617,358,"C/O BOWYER 14600 CAMBRIDGE DRIVE, UPPER MARLBORO, MD, 20772","Match","Exact","14600 CAMBRIDGE DR, UPPER MARLBORO, MD, 20772",76338618,"L"
322859,"C/O BOX 545","ELLENVILLE","NY",12428,NA,NA,359,"C/O BOX 545, ELLENVILLE, NY, 12428","No_Match",NA,NA,NA,NA
322860,"C/O BRIAN BOYES 3330 UPPER ROAD","PLAINFIELD","VT",5667,44.228735102,-72.4393468,360,"C/O BRIAN BOYES 3330 UPPER ROAD, PLAINFIELD, VT, 5667","Match","Exact","3330 UPPER RD, PLAINFIELD, VT, 05667",653646994,"R"
322861,"C/O BRIAN CRIM 1501 LAKESIDE DRIVE","LYNCHBURG","VA",24501,37.401738521,-79.1825806109999,361,"C/O BRIAN CRIM 1501 LAKESIDE DRIVE, LYNCHBURG, VA, 24501","Match","Exact","1501 LAKESIDE DR, LYNCHBURG, VA, 24501",62738697,"L"
322862,"C/O BRIAN N DAVIS - 506 E 11TH ST","DELL RAPIDS","SD",57022,43.8299349970001,-96.70967651,362,"C/O BRIAN N DAVIS - 506 E 11TH ST, DELL RAPIDS, SD, 57022","Match","Exact","506 E 11TH ST, DELL RAPIDS, SD, 57022",34996422,"R"
322863,"C/O BRIAN STEELE 4 TASKERS POND RD","FARMINGTON","CT",6032,41.7615336550001,-72.8592895689999,363,"C/O BRIAN STEELE 4 TASKERS POND RD, FARMINGTON, CT, 6032","Match","Exact","4 TASKERS POND RD, FARMINGTON, CT, 06032",637222925,"R"
322864,"C/O BRIDGET MILLER 27127 SW WOOD AV","WILSONVILLE","OR",97070,45.323301584,-122.757155346,364,"C/O BRIDGET MILLER 27127 SW WOOD AV, WILSONVILLE, OR, 97070","Match","Exact","27127 SW WOOD AVE, WILSONVILLE, OR, 97070",157946566,"R"
322865,"C/O BROOKE HENSCHEN PO BOX 374","OSWEGO","IL",60543,NA,NA,365,"C/O BROOKE HENSCHEN PO BOX 374, OSWEGO, IL, 60543","No_Match",NA,NA,NA,NA
322866,"C/O BRYAN SMITH 404 E 4TH ST","BLUE RAPIDS","KS",66411,39.6843606940001,-96.651739026,366,"C/O BRYAN SMITH 404 E 4TH ST, BLUE RAPIDS, KS, 66411","Match","Exact","404 E 4TH ST, BLUE RAPIDS, KS, 66411",28426199,"L"
322867,"C/O BSK 22 CORPORATE WOODS BLVD","ALBANY","NY",12211,42.6805277290001,-73.764439639,367,"C/O BSK 22 CORPORATE WOODS BLVD, ALBANY, NY, 12211","Match","Exact","22 CORPORATE WOODS BLVD, ALBANY, NY, 12211",622626961,"L"
322868,"C/O C BLEVINS 250 SCHOOL HOUSE ROAD","QUARRYVILLE","PA",17566,NA,NA,368,"C/O C BLEVINS 250 SCHOOL HOUSE ROAD, QUARRYVILLE, PA, 17566","No_Match",NA,NA,NA,NA
322869,"C/O C GRUNFELDER 225 E43RD ST 3FL","NEW YORK","NY",10017,NA,NA,369,"C/O C GRUNFELDER 225 E43RD ST 3FL, NEW YORK, NY, 10017","No_Match",NA,NA,NA,NA
322870,"C/O CAPLOE 37 ANNETT AVE","EDGEWATER","NJ",7020,40.846364973,-73.9654556419999,370,"C/O CAPLOE 37 ANNETT AVE, EDGEWATER, NJ, 7020","Match","Exact","37 ANNETT AVE, EDGEWATER, NJ, 07020",645469161,"L"
322871,"C/O CAROL ROEMHILD","COON RAPIDS","MN",55448,NA,NA,371,"C/O CAROL ROEMHILD, COON RAPIDS, MN, 55448","No_Match",NA,NA,NA,NA
322872,"C/O CATHY ZEIS 133 SUMMER PLACE CIR","POTTSBORO","TX",75076,33.842094268,-96.681721355,372,"C/O CATHY ZEIS 133 SUMMER PLACE CIR, POTTSBORO, TX, 75076","Match","Exact","133 SUMMER PLACE CIR, POTTSBORO, TX, 75076",63376561,"R"
322873,"C/O CB2 - 350 JAY ST - 8TH FLOOR","BROOKLYN","NY",11201,40.6935208560001,-73.987227339,373,"C/O CB2 - 350 JAY ST - 8TH FLOOR, BROOKLYN, NY, 11201","Match","Exact","350 JAY ST, BROOKLYN, NY, 11201",59098938,"R"
322874,"C/O CCV 60 WEST STREET","RUTLAND","VT",5701,43.60809433,-72.9777381179999,374,"C/O CCV 60 WEST STREET, RUTLAND, VT, 5701","Match","Exact","60 WEST ST, RUTLAND, VT, 05701",138950098,"R"
322875,"C/O CHAD UDEN  PO BOX 131","KENESAW","NE",68956,NA,NA,375,"C/O CHAD UDEN  PO BOX 131, KENESAW, NE, 68956","No_Match",NA,NA,NA,NA
322876,"C/O CHAIM M ROSENBERG 136 RT 306","MONSEY","NY",10952,41.1201159610001,-74.067973675,376,"C/O CHAIM M ROSENBERG 136 RT 306, MONSEY, NY, 10952","Match","Non_Exact","136 STATE RTE 306, MONSEY, NY, 10952",653619413,"R"
322877,"C/O CHARLES PIERCE 10 E NECK RD","HUNTINGTON","NY",11743,40.9004323230001,-73.3954755949999,377,"C/O CHARLES PIERCE 10 E NECK RD, HUNTINGTON, NY, 11743","Match","Exact","10 E NECK RD, HUNTINGTON, NY, 11743",114033940,"R"
322878,"C/O CHARLES R BOOZ 770 L ST STE 950","SACRAMENTO","CA",95814,NA,NA,378,"C/O CHARLES R BOOZ 770 L ST STE 950, SACRAMENTO, CA, 95814","No_Match",NA,NA,NA,NA
322879,"C/O CHRIS BYRD 706 E BLANCO RD","BOERNE","TX",78006,29.7965903460001,-98.726871137,379,"C/O CHRIS BYRD 706 E BLANCO RD, BOERNE, TX, 78006","Match","Exact","706 E BLANCO RD, BOERNE, TX, 78006",605898537,"L"
322880,"C/O CHRIS GROTNES PO BOX 500","ANDOVER","NH",3216,NA,NA,380,"C/O CHRIS GROTNES PO BOX 500, ANDOVER, NH, 3216","No_Match",NA,NA,NA,NA
322881,"C/O CHRIS JACOBS 9 FIELDSTONE DR","YARMOUTH","ME",4096,43.80270182,-70.2061877209999,381,"C/O CHRIS JACOBS 9 FIELDSTONE DR, YARMOUTH, ME, 4096","Match","Exact","9 FIELDSTONE DR, YARMOUTH, ME, 04096",78040200,"R"
322882,"C/O CHUA 1460 BROADWAY 11FL","NEW YORK","NY",10036,NA,NA,382,"C/O CHUA 1460 BROADWAY 11FL, NEW YORK, NY, 10036","No_Match",NA,NA,NA,NA
322883,"C/O CHURCH 29 JEFFERSON STREET","EMERSON","NJ",7630,40.97679808,-74.024421038,383,"C/O CHURCH 29 JEFFERSON STREET, EMERSON, NJ, 7630","Match","Non_Exact","29 JEFFERSON AVE, EMERSON, NJ, 07630",64379390,"R"
322884,"C/O CIDE 4993 DEER RIDGE DR N","CARMEL","IN",46033,39.9916396900001,-86.087270946,384,"C/O CIDE 4993 DEER RIDGE DR N, CARMEL, IN, 46033","Match","Exact","4993 DEER RIDGE DR N, CARMEL, IN, 46033",29313533,"R"
322885,"C/O CINDY REED /  P O BOX 461","HOT SPRINGS","SD",57747,NA,NA,385,"C/O CINDY REED /  P O BOX 461, HOT SPRINGS, SD, 57747","No_Match",NA,NA,NA,NA
322886,"C/O CITY OF WESTBROOK 2 YORK ST","WESTBROOK","ME",4092,43.6786483870001,-70.338838201,386,"C/O CITY OF WESTBROOK 2 YORK ST, WESTBROOK, ME, 4092","Match","Exact","2 YORK ST, WESTBROOK, ME, 04092",78050943,"L"
322887,"C/O COLUMBIA BANK 2200 NOTH 30TH","TACOMA","WA",98403,NA,NA,387,"C/O COLUMBIA BANK 2200 NOTH 30TH, TACOMA, WA, 98403","No_Match",NA,NA,NA,NA
322888,"C/O CONNIE SCOTT 325 NORTHWEST ST","WINAMAC","IN",46996,41.052053668,-86.610329233,388,"C/O CONNIE SCOTT 325 NORTHWEST ST, WINAMAC, IN, 46996","Match","Non_Exact","325 N NORTHWEST ST, WINAMAC, IN, 46996",15481290,"L"
322889,"C/O CPD 201 N DAVID ST OFFICE 156","CASPER","WY",82601,NA,NA,389,"C/O CPD 201 N DAVID ST OFFICE 156, CASPER, WY, 82601","No_Match",NA,NA,NA,NA
322890,"C/O CRAIG D PAGE 5015 SOUTHPARK DR","DURHAM","NC",27713,35.9118804,-78.9433547039999,390,"C/O CRAIG D PAGE 5015 SOUTHPARK DR, DURHAM, NC, 27713","Match","Exact","5015 SOUTHPARK DR, DURHAM, NC, 27713",71769155,"R"
322891,"C/O CRESSEY 41 OCEAN STREET","BELFAST","ME",4915,NA,NA,391,"C/O CRESSEY 41 OCEAN STREET, BELFAST, ME, 4915","No_Match",NA,NA,NA,NA
322892,"C/O CTC 1290 E MAIN ST FL 1","STAMFORD","CT",6902,NA,NA,392,"C/O CTC 1290 E MAIN ST FL 1, STAMFORD, CT, 6902","No_Match",NA,NA,NA,NA
322893,"C/O CYNTHIA LEE ROZANC PO BOX 4755","BEAVERTON","OR",97076,NA,NA,393,"C/O CYNTHIA LEE ROZANC PO BOX 4755, BEAVERTON, OR, 97076","No_Match",NA,NA,NA,NA
322894,"C/O D BOULWARE-1021 FORBISHIRE DR","MATTHEWS","NC",28104,NA,NA,394,"C/O D BOULWARE-1021 FORBISHIRE DR, MATTHEWS, NC, 28104","No_Match",NA,NA,NA,NA
322895,"C/O D CYPERT W10222 CTY RD F","FOX LAKE","WI",53933,NA,NA,395,"C/O D CYPERT W10222 CTY RD F, FOX LAKE, WI, 53933","No_Match",NA,NA,NA,NA
322896,"C/O DAILY CAMERA 5450 WESTERN AVENU","BOULDER","CO",80301,40.017756322,-105.226909094,396,"C/O DAILY CAMERA 5450 WESTERN AVENU, BOULDER, CO, 80301","Match","Exact","5450 WESTERN AVE, BOULDER, CO, 80301",653881122,"R"
322897,"C/O DALBY WENDLAND    PO BOX 1150","GLENWOOD SPRINGS","CO",81602,NA,NA,397,"C/O DALBY WENDLAND    PO BOX 1150, GLENWOOD SPRINGS, CO, 81602","No_Match",NA,NA,NA,NA
322898,"C/O DANIEL K GERRY 5623 MURDOCH AVE","SAINT LOUIS","MO",63109,38.5873700390001,-90.28858418,398,"C/O DANIEL K GERRY 5623 MURDOCH AVE, SAINT LOUIS, MO, 63109","Match","Exact","5623 MURDOCH AVE, SAINT LOUIS, MO, 63109",107599373,"R"
322899,"C/O DANIEL MAZUR PO BOX 390990","CAMBRIDGE","MA",2139,NA,NA,399,"C/O DANIEL MAZUR PO BOX 390990, CAMBRIDGE, MA, 2139","No_Match",NA,NA,NA,NA
322900,"C/O DANNA  4401 W VERDUGO AVE APT B","BURBANK","CA",91505,NA,NA,400,"C/O DANNA  4401 W VERDUGO AVE APT B, BURBANK, CA, 91505","No_Match",NA,NA,NA,NA
322901,"C/O DAVID THOMAS 259 W 15TH ST","NEW YORK","NY",10011,NA,NA,401,"C/O DAVID THOMAS 259 W 15TH ST, NEW YORK, NY, 10011","No_Match",NA,NA,NA,NA
322902,"C/O DAVIS 40 HORSESHOE RIDGE RD","SANDY HOOK","CT",6482,41.431264061,-73.311936579,402,"C/O DAVIS 40 HORSESHOE RIDGE RD, SANDY HOOK, CT, 6482","Match","Exact","40 HORSESHOE RIDGE RD, SANDY HOOK, CT, 06482",3278281,"L"
322903,"C/O DEAN FORD PO BOX 6811","SCARBOROUGH","ME",4070,NA,NA,403,"C/O DEAN FORD PO BOX 6811, SCARBOROUGH, ME, 4070","No_Match",NA,NA,NA,NA
322904,"C/O DEBRA SAVAGE 459 WOODLAND ST","WINDSOR LOCKS","CT",6096,41.928415543,-72.656231863,404,"C/O DEBRA SAVAGE 459 WOODLAND ST, WINDSOR LOCKS, CT, 6096","Match","Exact","459 WOODLAND ST, WINDSOR LOCKS, CT, 06096",3527964,"L"
322905,"C/O DEEANN REEDER - I DENT DRIVE","LEWISBURG","PA",17837,NA,NA,405,"C/O DEEANN REEDER - I DENT DRIVE, LEWISBURG, PA, 17837","No_Match",NA,NA,NA,NA
322906,"C/O DELORES DOENCH 1401 MONROE AVE","CROMWELL","IA",50842,41.036155582,-94.4617165129999,406,"C/O DELORES DOENCH 1401 MONROE AVE, CROMWELL, IA, 50842","Match","Exact","1401 MONROE AVE, CROMWELL, IA, 50842",75231863,"R"
322907,"C/O DHC 605 THIRD AVE 34 FL","NEW YORK","NY",10158,NA,NA,407,"C/O DHC 605 THIRD AVE 34 FL, NEW YORK, NY, 10158","No_Match",NA,NA,NA,NA
322908,"C/O DIAMOND 1136 RT 9","WAPPINGERS FALLS","NY",12590,NA,NA,408,"C/O DIAMOND 1136 RT 9, WAPPINGERS FALLS, NY, 12590","No_Match",NA,NA,NA,NA
322909,"C/O DIANE LANGLOIS 39 SHADOW LANE","KEENE","NH",3431,42.9453134340001,-72.322399504,409,"C/O DIANE LANGLOIS 39 SHADOW LANE, KEENE, NH, 3431","Match","Exact","39 SHADOW LN, KEENE, NH, 03431",647605720,"R"
322910,"C/O DISABILITY RESOURCE ASSOCIATION","FESTUS","MO",63028,NA,NA,410,"C/O DISABILITY RESOURCE ASSOCIATION, FESTUS, MO, 63028","No_Match",NA,NA,NA,NA
322911,"C/O DIVNEY-455 EAST 116TH STREET AP","NEW YORK","NY",10029,NA,NA,411,"C/O DIVNEY-455 EAST 116TH STREET AP, NEW YORK, NY, 10029","No_Match",NA,NA,NA,NA
322912,"C/O DNF - 980 MADISON AVENUE 2ND FL","NEW YORK","NY",10075,NA,NA,412,"C/O DNF - 980 MADISON AVENUE 2ND FL, NEW YORK, NY, 10075","No_Match",NA,NA,NA,NA
322913,"C/O DON HUGHES 323 E MAIN ST","WASHINGTON","IA",52353,NA,NA,413,"C/O DON HUGHES 323 E MAIN ST, WASHINGTON, IA, 52353","No_Match",NA,NA,NA,NA
322914,"C/O DONALD FERRY 108 JOHNSON HILL R","POLAND","ME",4274,44.034878565,-70.444570603,414,"C/O DONALD FERRY 108 JOHNSON HILL R, POLAND, ME, 4274","Match","Exact","108 JOHNSON HILL RD, POLAND, ME, 04274",77975766,"L"
322915,"C/O DONNA BOYD 13325 LOYALTY DRIVE","FISHERS","IN",46037,39.982517812,-85.9414062179999,415,"C/O DONNA BOYD 13325 LOYALTY DRIVE, FISHERS, IN, 46037","Match","Exact","13325 LOYALTY DR, FISHERS, IN, 46037",633854909,"R"
322916,"C/O DONNIE KING 98 SE 7TH ST 1100","MIAMI","FL",33131,NA,NA,416,"C/O DONNIE KING 98 SE 7TH ST 1100, MIAMI, FL, 33131","No_Match",NA,NA,NA,NA
322917,"C/O DOROTHY BANDERET 206 2ND ST","BERLIN","ND",58415,NA,NA,417,"C/O DOROTHY BANDERET 206 2ND ST, BERLIN, ND, 58415","No_Match",NA,NA,NA,NA
322918,"C/O DOT MAGNELLI 7 LINCOLN DRIVE","WASHINGTONVILLE","NY",10992,41.4273985080001,-74.153911212,418,"C/O DOT MAGNELLI 7 LINCOLN DRIVE, WASHINGTONVILLE, NY, 10992","Match","Exact","7 LINCOLN DR, WASHINGTONVILLE, NY, 10992",124393466,"L"
322919,"C/O DOUGLAS FRANK 812 2ND AVE","LAUREL","MT",59044,NA,NA,419,"C/O DOUGLAS FRANK 812 2ND AVE, LAUREL, MT, 59044","No_Match",NA,NA,NA,NA
322920,"C/O DR MATTEO 33 GREENMEADOW ROAD","PLEASANTVILLE","NY",10570,41.140061888,-73.775667144,420,"C/O DR MATTEO 33 GREENMEADOW ROAD, PLEASANTVILLE, NY, 10570","Match","Exact","33 GREENMEADOW RD, PLEASANTVILLE, NY, 10570",139801539,"R"
322921,"C/O DREW THORESEN -6745 BEACH DR SW","SEATTLE","WA",98136,NA,NA,421,"C/O DREW THORESEN -6745 BEACH DR SW, SEATTLE, WA, 98136","No_Match",NA,NA,NA,NA
322922,"C/O DUANE MORRIS LLP -1540 BROADWAY","NEW YORK","NY",10036,NA,NA,422,"C/O DUANE MORRIS LLP -1540 BROADWAY, NEW YORK, NY, 10036","No_Match",NA,NA,NA,NA
322923,"C/O DUC TRAN  6 IVY LANE","FRANKLIN","MA",2038,42.0622641950001,-71.414598099,423,"C/O DUC TRAN  6 IVY LANE, FRANKLIN, MA, 2038","Match","Exact","6 IVY LN, FRANKLIN, MA, 02038",87279611,"L"
322924,"C/O DWIGHT MORROW HIGH SCHOOL","ENGLEWOOD","NJ",7631,NA,NA,424,"C/O DWIGHT MORROW HIGH SCHOOL, ENGLEWOOD, NJ, 7631","No_Match",NA,NA,NA,NA
322925,"C/O E SAMUELSON -- 2304 300TH ST NW","STANWOOD","WA",98292,48.268410869,-122.262100733,425,"C/O E SAMUELSON -- 2304 300TH ST NW, STANWOOD, WA, 98292","Match","Exact","2304 300TH ST NW, STANWOOD, WA, 98292",187821667,"R"
322926,"C/O EBBERT UMC 532 C STREET","SPRINGFIELD","OR",97477,NA,NA,426,"C/O EBBERT UMC 532 C STREET, SPRINGFIELD, OR, 97477","No_Match",NA,NA,NA,NA
322927,"C/O ED KENNEDY 13 LEXINGTON DR","NEWBURGH","NY",12550,41.5525260220001,-74.016754125,427,"C/O ED KENNEDY 13 LEXINGTON DR, NEWBURGH, NY, 12550","Match","Exact","13 LEXINGTON DR, NEWBURGH, NY, 12550",124450005,"L"
322928,"C/O EDWARD HAMMEL - 4532 NW 50 ST","COCONUT CREEK","FL",33073,NA,NA,428,"C/O EDWARD HAMMEL - 4532 NW 50 ST, COCONUT CREEK, FL, 33073","No_Match",NA,NA,NA,NA
322929,"C/O ELEFF 6833 N KEDZIE AVE APT 615","CHICAGO","IL",60645,NA,NA,429,"C/O ELEFF 6833 N KEDZIE AVE APT 615, CHICAGO, IL, 60645","No_Match",NA,NA,NA,NA
322930,"C/O ELIZABETH AMPONG","BRONX","NY",10458,NA,NA,430,"C/O ELIZABETH AMPONG, BRONX, NY, 10458","No_Match",NA,NA,NA,NA
322931,"C/O ELIZABETH YOUNG  1045 W MAPLE","FAYETTEVILLE","AR",72701,NA,NA,431,"C/O ELIZABETH YOUNG  1045 W MAPLE, FAYETTEVILLE, AR, 72701","No_Match",NA,NA,NA,NA
322932,"C/O ELKS LODGE 901 LAKEVILLE ROAD","NEW HYDE PARK","NY",11040,NA,NA,432,"C/O ELKS LODGE 901 LAKEVILLE ROAD, NEW HYDE PARK, NY, 11040","No_Match",NA,NA,NA,NA
322933,"C/O ELLEN ZUCKERT 69 WILLOW AVENUE","LARCHMONT","NY",10538,NA,NA,433,"C/O ELLEN ZUCKERT 69 WILLOW AVENUE, LARCHMONT, NY, 10538","No_Match",NA,NA,NA,NA
322934,"C/O ELLIOT STOKES 409 NORTH SHERMAN","MADISON","WI",53704,NA,NA,434,"C/O ELLIOT STOKES 409 NORTH SHERMAN, MADISON, WI, 53704","No_Match",NA,NA,NA,NA
322935,"C/O EMMA SEBEEY 311 LONG POINTE LN","COLUMBIA","SC",29229,34.1796969070001,-80.8969961609999,435,"C/O EMMA SEBEEY 311 LONG POINTE LN, COLUMBIA, SC, 29229","Match","Exact","311 LONG POINTE LN, COLUMBIA, SC, 29229",608832023,"R"
322936,"C/O EPPLO 15 UNION STREET","MILFORD","NH",3055,42.834890816,-71.6509473359999,436,"C/O EPPLO 15 UNION STREET, MILFORD, NH, 3055","Match","Exact","15 UNION ST, MILFORD, NH, 03055",113542252,"R"
322937,"C/O ERIK ASGEIRSSON  23 ISLAND DR","RYE","NY",10580,40.9770938030001,-73.6587626469999,437,"C/O ERIK ASGEIRSSON  23 ISLAND DR, RYE, NY, 10580","Match","Exact","23 ISLAND DR, RYE, NY, 10580",139757336,"L"
322938,"C/O ESQUIRE ASSIST 125 LOCUST ST","HARRISBURG","PA",17101,NA,NA,438,"C/O ESQUIRE ASSIST 125 LOCUST ST, HARRISBURG, PA, 17101","No_Match",NA,NA,NA,NA
322939,"C/O ESUSU 215 WEST 125TH ST RM 410","NEW YORK","NY",10027,NA,NA,439,"C/O ESUSU 215 WEST 125TH ST RM 410, NEW YORK, NY, 10027","No_Match",NA,NA,NA,NA
322940,"C/O EUI WHANG","BELLFOWER","CA",90706,NA,NA,440,"C/O EUI WHANG, BELLFOWER, CA, 90706","No_Match",NA,NA,NA,NA
322941,"C/O EVA JESSO 57 TAYLOR BROOK RD","HANCOCK","VT",5748,43.927525014,-72.8768861579999,441,"C/O EVA JESSO 57 TAYLOR BROOK RD, HANCOCK, VT, 5748","Match","Exact","57 TAYLOR BROOK RD, HANCOCK, VT, 05748",136456100,"L"
322942,"C/O EVANGEL CHURCH 3920 27TH STREET","LONG ISLAND CITY","NY",11101,NA,NA,442,"C/O EVANGEL CHURCH 3920 27TH STREET, LONG ISLAND CITY, NY, 11101","No_Match",NA,NA,NA,NA
322943,"C/O FCIA - 2265 GEORGIA PINE CT","LAS VEGAS","NV",89134,36.201762353,-115.297254223,443,"C/O FCIA - 2265 GEORGIA PINE CT, LAS VEGAS, NV, 89134","Match","Exact","2265 GEORGIA PINE CT, LAS VEGAS, NV, 89134",201903776,"L"
322944,"C/O FILIS LAW FIRM  P O BOX 801144","HOUSTON","TX",77280,NA,NA,444,"C/O FILIS LAW FIRM  P O BOX 801144, HOUSTON, TX, 77280","No_Match",NA,NA,NA,NA
322945,"C/O FLORES 104 BROOKMOOR ROAD","WEST HARTFORD","CT",6107,41.7449412070001,-72.770817299,445,"C/O FLORES 104 BROOKMOOR ROAD, WEST HARTFORD, CT, 6107","Match","Exact","104 BROOKMOOR RD, WEST HARTFORD, CT, 06107",3513029,"R"
322946,"C/O FOLEY 777 E WISCONSIN AVE","MILWAUKEE","WI",53202,43.038961435,-87.9026629859999,446,"C/O FOLEY 777 E WISCONSIN AVE, MILWAUKEE, WI, 53202","Match","Exact","777 E WISCONSIN AVE, MILWAUKEE, WI, 53202",77744763,"R"
322947,"C/O FOUT  978 EL CENTRO STREET","OJAI","CA",93023,34.4340900240001,-119.28239297,447,"C/O FOUT  978 EL CENTRO STREET, OJAI, CA, 93023","Match","Exact","978 EL CENTRO ST, OJAI, CA, 93023",635811276,"R"
322948,"C/O FR CHECK     669 WEST AVENUE","NORWALK","CT",6850,41.114454591,-73.415212454,448,"C/O FR CHECK     669 WEST AVENUE, NORWALK, CT, 6850","Match","Exact","669 WEST AVE, NORWALK, CT, 06850",3250694,"R"
322949,"C/O FRED SEIDEN   111 ALICIA DRIVE","NORTH BABYLON","NY",11703,40.724844938,-73.334009447,449,"C/O FRED SEIDEN   111 ALICIA DRIVE, NORTH BABYLON, NY, 11703","Match","Exact","111 ALICIA DR, NORTH BABYLON, NY, 11703",642661410,"R"
322950,"C/O FRONTLINE 1205 W CHURCH ST","ELMIRA","NY",14905,42.080571621,-76.8397890809999,450,"C/O FRONTLINE 1205 W CHURCH ST, ELMIRA, NY, 14905","Match","Exact","1205 W CHURCH ST, ELMIRA, NY, 14905",18534339,"L"
322951,"C/O FSD LAW - 2 MONUMENT SQ STE 704","PORTLAND","ME",4101,NA,NA,451,"C/O FSD LAW - 2 MONUMENT SQ STE 704, PORTLAND, ME, 4101","No_Match",NA,NA,NA,NA
322952,"C/O G PRUITI 445 PARK AVENUE 9 FL","NEW YORK","NY",10022,NA,NA,452,"C/O G PRUITI 445 PARK AVENUE 9 FL, NEW YORK, NY, 10022","No_Match",NA,NA,NA,NA
322953,"C/O GARY CAPPUCINO 24 PLEASANT ST","NORWOOD","MA",2062,42.1965807080001,-71.18825297,453,"C/O GARY CAPPUCINO 24 PLEASANT ST, NORWOOD, MA, 2062","Match","Exact","24 PLEASANT ST, NORWOOD, MA, 02062",87294468,"L"
322954,"C/O GARY RHODES     219 ECKLES STRE","PIEDMONT","MO",63957,NA,NA,454,"C/O GARY RHODES     219 ECKLES STRE, PIEDMONT, MO, 63957","No_Match",NA,NA,NA,NA
322955,"C/O GB MCCUNE 67-1215 NOHOAINA PL","KAMUELA","HI",96743,20.013649403,-155.67101644,455,"C/O GB MCCUNE 67-1215 NOHOAINA PL, KAMUELA, HI, 96743","Match","Non_Exact","67-1215 NOHO'AINA PL, KAMUELA, HI, 96743",624951848,"R"
322956,"C/O GEORGE CATECHIS 1419 157 STREET","WHITESTONE","NY",11357,NA,NA,456,"C/O GEORGE CATECHIS 1419 157 STREET, WHITESTONE, NY, 11357","No_Match",NA,NA,NA,NA
322957,"C/O GEORGE OHAKAMNU 3344 PALMER AVE","BRONX","NY",10475,40.878882108,-73.835272802,457,"C/O GEORGE OHAKAMNU 3344 PALMER AVE, BRONX, NY, 10475","Match","Exact","3344 PALMER AVE, BRONX, NY, 10475",80298126,"R"
322958,"C/O GFS 2008 S WABASH STE B","CHICAGO","IL",60616,NA,NA,458,"C/O GFS 2008 S WABASH STE B, CHICAGO, IL, 60616","No_Match",NA,NA,NA,NA
322959,"C/O GGY 1600 NEW ROAD","NORTHFIELD","NJ",8225,39.371801303,-74.556861173,459,"C/O GGY 1600 NEW ROAD, NORTHFIELD, NJ, 8225","Match","Exact","1600 NEW RD, NORTHFIELD, NJ, 08225",614572138,"L"
322960,"C/O GIBSON DUNN 333 S GRAND AVE","LOS ANGELES","CA",90071,34.052991349,-118.251274737,460,"C/O GIBSON DUNN 333 S GRAND AVE, LOS ANGELES, CA, 90071","Match","Exact","333 S GRAND AVE, LOS ANGELES, CA, 90071",241132966,"R"
322961,"C/O GINA HOUSER 1320 LIMESTONE ROAD","SAINT MARYS","WV",26170,39.3226659530001,-81.261858775,461,"C/O GINA HOUSER 1320 LIMESTONE ROAD, SAINT MARYS, WV, 26170","Match","Exact","1320 LIMESTONE RD, SAINT MARYS, WV, 26170",90829184,"R"
322962,"C/O GIRLS TENNIS 3591 CERRITOS AVE","LOS ALAMITOS","CA",90720,NA,NA,462,"C/O GIRLS TENNIS 3591 CERRITOS AVE, LOS ALAMITOS, CA, 90720","No_Match",NA,NA,NA,NA
322963,"C/O GLENN NEHODA 2015 SULLIVAN TRL","EASTON","PA",18040,40.7211453300001,-75.2243138709999,463,"C/O GLENN NEHODA 2015 SULLIVAN TRL, EASTON, PA, 18040","Match","Exact","2015 SULLIVAN TRL, EASTON, PA, 18040",650025214,"L"
322964,"C/O GOBER 2308 MT VERNON AVE NUM762","ALEXANDRIA","VA",22301,NA,NA,464,"C/O GOBER 2308 MT VERNON AVE NUM762, ALEXANDRIA, VA, 22301","No_Match",NA,NA,NA,NA
322965,"C/O GOLDSTEIN HALL 80 BROAD ST303","NEW YORK","NY",10004,NA,NA,465,"C/O GOLDSTEIN HALL 80 BROAD ST303, NEW YORK, NY, 10004","No_Match",NA,NA,NA,NA
322966,"C/O GORDON      812-A THIRD ST SW","WASHINGTON","DC",20024,38.880172547,-77.015176181,466,"C/O GORDON      812-A THIRD ST SW, WASHINGTON, DC, 20024","Match","Exact","812 3RD ST SW, WASHINGTON, DC, 20024",76227053,"L"
322967,"C/O GREG YANNEKIS   10 DOWNING ROAD","BROOKLINE","MA",2445,42.3411218000001,-71.139049955,467,"C/O GREG YANNEKIS   10 DOWNING ROAD, BROOKLINE, MA, 2445","Match","Exact","10 DOWNING RD, BROOKLINE, MA, 02445",87244936,"L"
322968,"C/O GUY FISHMAN 182 HIGHLAND AVENUE","ARLINGTON","MA",2476,42.4132315190001,-71.170772734,468,"C/O GUY FISHMAN 182 HIGHLAND AVENUE, ARLINGTON, MA, 2476","Match","Exact","182 HIGHLAND AVE, ARLINGTON, MA, 02476",86885592,"L"
322969,"C/O H TSAFAK 238 TIMBER VIEW CT","FREDERICK","MD",21702,39.462452802,-77.407120643,469,"C/O H TSAFAK 238 TIMBER VIEW CT, FREDERICK, MD, 21702","Match","Exact","238 TIMBER VIEW CT, FREDERICK, MD, 21702",632778578,"L"
322970,"C/O HAKIM DYER 1700 RIDGELY ST","BALTIMORE","MD",21230,39.27410516,-76.629774657,470,"C/O HAKIM DYER 1700 RIDGELY ST, BALTIMORE, MD, 21230","Match","Exact","1700 RIDGELY ST, BALTIMORE, MD, 21230",206465754,"R"
322971,"C/O HALLOWELL FIRE DEPT 1 WINTHROP","HALLOWELL","ME",4347,44.2872911800001,-69.7914453239999,471,"C/O HALLOWELL FIRE DEPT 1 WINTHROP, HALLOWELL, ME, 4347","Match","Non_Exact","1 WINTHROP ST, HALLOWELL, ME, 04347",636213496,"R"
322972,"C/O HAMDEN HIGH SCH 2040 DIXWELL AV","HAMDEN","CT",6514,41.3673771540001,-72.9205194479999,472,"C/O HAMDEN HIGH SCH 2040 DIXWELL AV, HAMDEN, CT, 6514","Match","Exact","2040 DIXWELL AVE, HAMDEN, CT, 06514",647235576,"L"
322973,"C/O HANCOCK ESTABROOK 401 E STATE","ITHACA","NY",14850,42.439333821,-76.4928309319999,473,"C/O HANCOCK ESTABROOK 401 E STATE, ITHACA, NY, 14850","Match","Non_Exact","401 E STATE ST, ITHACA, NY, 14850",18857729,"L"
322974,"C/O HANSCOM PRIMARY 6 ENT ROAD","HANSCOM AFB","MA",1731,42.456104512,-71.276956736,474,"C/O HANSCOM PRIMARY 6 ENT ROAD, HANSCOM AFB, MA, 1731","Match","Exact","6 ENT RD, HANSCOM AFB, MA, 01731",86845824,"L"
322975,"C/O HAROLD HAGOPIAN 303 W 66TH ST","NEW YORK","NY",10023,40.776279109,-73.987830609,475,"C/O HAROLD HAGOPIAN 303 W 66TH ST, NEW YORK, NY, 10023","Match","Exact","303 W 66TH ST, NEW YORK, NY, 10023",59655094,"R"
322976,"C/O HARRY JACOBS   22 WARREN PLACE","LAINVIEW","NY",11803,40.7786846830001,-73.485707189,476,"C/O HARRY JACOBS   22 WARREN PLACE, LAINVIEW, NY, 11803","Match","Non_Exact","22 WARREN PL, PLAINVIEW, NY, 11803",147642516,"R"
322977,"C/O HARTSOOK INSURANCE 1252 MAIN ST","SWEET HOME","OR",97386,44.397687375,-122.730185744,477,"C/O HARTSOOK INSURANCE 1252 MAIN ST, SWEET HOME, OR, 97386","Match","Exact","1252 MAIN ST, SWEET HOME, OR, 97386",156045091,"L"
322978,"C/O HBC - 1459 18TH STREET  PMB 167","SAN FRANCISCO","CA",94107,NA,NA,478,"C/O HBC - 1459 18TH STREET  PMB 167, SAN FRANCISCO, CA, 94107","No_Match",NA,NA,NA,NA
322979,"C/O HBH 1515 MARKET ST STE 1700","PHILADELPHIA","PA",19102,NA,NA,479,"C/O HBH 1515 MARKET ST STE 1700, PHILADELPHIA, PA, 19102","No_Match",NA,NA,NA,NA
322980,"C/O HBH 1515 MARKET ST SUITE 1700","PHILADELPHIA","PA",19102,NA,NA,480,"C/O HBH 1515 MARKET ST SUITE 1700, PHILADELPHIA, PA, 19102","No_Match",NA,NA,NA,NA
322981,"C/O HELENE DUMAS 17 PAYSON ROAD","CHESTNUT HILL","MA",2467,42.3006016250001,-71.1423971729999,481,"C/O HELENE DUMAS 17 PAYSON ROAD, CHESTNUT HILL, MA, 2467","Match","Exact","17 PAYSON RD, CHESTNUT HILL, MA, 02467",87332058,"R"
322982,"C/O HERBERT WACHACHA PO BOX 2015","CHEROKEE","NC",28719,NA,NA,482,"C/O HERBERT WACHACHA PO BOX 2015, CHEROKEE, NC, 28719","No_Match",NA,NA,NA,NA
322983,"C/O HHS ATHLETIC 255 UNION AVENUE","HARRISON","NY",10528,40.9803861870001,-73.739565467,483,"C/O HHS ATHLETIC 255 UNION AVENUE, HARRISON, NY, 10528","Match","Exact","255 UNION AVE, HARRISON, NY, 10528",139843357,"R"
322984,"C/O HOWARD SAMUELS - 35 TIFFANY DR","LIVINGSTON","NJ",7039,40.7989889570001,-74.30125786,484,"C/O HOWARD SAMUELS - 35 TIFFANY DR, LIVINGSTON, NJ, 7039","Match","Exact","35 TIFFANY DR, LIVINGSTON, NJ, 07039",63458605,"L"
322985,"C/O ILENE ADAMS 158 HAMPTON PLACE","JUPITER","FL",33414,26.9145662710001,-80.1132664419999,485,"C/O ILENE ADAMS 158 HAMPTON PLACE, JUPITER, FL, 33414","Match","Non_Exact","158 HAMPTON PL, JUPITER, FL, 33458",115580665,"L"
322986,"C/O INTRAMURAL OFC NCSU BOX 8111","RALEIGH","NC",27695,NA,NA,486,"C/O INTRAMURAL OFC NCSU BOX 8111, RALEIGH, NC, 27695","No_Match",NA,NA,NA,NA
322987,"C/O ISOLINA CARLINI - 36420 RAYBURN","LIVONIA","MI",48154,42.4015302600001,-83.405049591,487,"C/O ISOLINA CARLINI - 36420 RAYBURN, LIVONIA, MI, 48154","Match","Exact","36420 RAYBURN, LIVONIA, MI, 48154",95406221,"R"
322988,"C/O ISUAA 430 BEACH AVENUE","AMES","IA",50011,42.019021751,-93.639418974,488,"C/O ISUAA 430 BEACH AVENUE, AMES, IA, 50011","Match","Non_Exact","430 BEACH AVE, AMES, IA, 50014",65962071,"L"
322989,"C/O J CAESAR 427 CHAPLIN STREET SE","WASHINGTON","DC",20019,38.884771103,-76.942302416,489,"C/O J CAESAR 427 CHAPLIN STREET SE, WASHINGTON, DC, 20019","Match","Exact","427 CHAPLIN ST SE, WASHINGTON, DC, 20019",76233669,"R"
322990,"C/O J CARTER 17 GILLETTE RD","BUXTON","ME",4093,43.7001934900001,-70.552479841,490,"C/O J CARTER 17 GILLETTE RD, BUXTON, ME, 4093","Match","Exact","17 GILLETTE RD, BUXTON, ME, 04093",92779686,"R"
322991,"C/O J CONSOLO 600 SUPERIOR AVE 2100","CLEVELAND","OH",44114,NA,NA,491,"C/O J CONSOLO 600 SUPERIOR AVE 2100, CLEVELAND, OH, 44114","No_Match",NA,NA,NA,NA
322992,"C/O J CRUTE 233 WILSHIRE STE 400","SANTA MONICA","CA",90401,NA,NA,492,"C/O J CRUTE 233 WILSHIRE STE 400, SANTA MONICA, CA, 90401","No_Match",NA,NA,NA,NA
322993,"C/O J FISHER-3222 E FIRST AVE","DENVER","IL",80206,NA,NA,493,"C/O J FISHER-3222 E FIRST AVE, DENVER, IL, 80206","No_Match",NA,NA,NA,NA
322994,"C/O J MASKIT / DENISON / PHILOSOPHY","GRANVILLE","OH",43023,NA,NA,494,"C/O J MASKIT / DENISON / PHILOSOPHY, GRANVILLE, OH, 43023","No_Match",NA,NA,NA,NA
322995,"C/O J TADDEO 178 GODFREY ROAD EAST","WESTON","CT",6883,41.2383051520001,-73.375619597,495,"C/O J TADDEO 178 GODFREY ROAD EAST, WESTON, CT, 6883","Match","Non_Exact","178 GODFREY RD, WESTON, CT, 06883",3271869,"L"
322996,"C/O J WESTERFIELD 90 DEBORAH LANE","LILY","KY",40740,NA,NA,496,"C/O J WESTERFIELD 90 DEBORAH LANE, LILY, KY, 40740","No_Match",NA,NA,NA,NA
322997,"C/O JAMES CROUCH 5359 77TH AVE N","PINELLAS PARK","FL",33781,27.8416330200001,-82.706938943,497,"C/O JAMES CROUCH 5359 77TH AVE N, PINELLAS PARK, FL, 33781","Match","Non_Exact","5359 77TH AVE, PINELLAS PARK, FL, 33781",124696564,"R"
322998,"C/O JAN HARDER / 9 LANNING ROAD","VERONA","NJ",7044,40.8299857380001,-74.2334148209999,498,"C/O JAN HARDER / 9 LANNING ROAD, VERONA, NJ, 7044","Match","Exact","9 LANNING RD, VERONA, NJ, 07044",63447933,"L"
322999,"C/O JANA PACE    745 W 2250 S","WOODS CROSS","UT",84087,40.86639474,-111.900352883,499,"C/O JANA PACE    745 W 2250 S, WOODS CROSS, UT, 84087","Match","Exact","745 W 2250 S, WOODS CROSS, UT, 84087",229352925,"L"
323000,"C/O JANET JOSLIN    3050 W WABASH","SPRINGFIELD","IL",62704,NA,NA,500,"C/O JANET JOSLIN    3050 W WABASH, SPRINGFIELD, IL, 62704","No_Match",NA,NA,NA,NA
