"ID","Address","City","State","Zip","lat","long","id","input_address","match_indicator","match_type","matched_address","tiger_line_id","tiger_side"
199001,"401 CHATEAU DRIVE","SAINT JOSEPH","IL",61873,40.126758183,-88.049055405,1,"401 CHATEAU DRIVE, SAINT JOSEPH, IL, 61873","Match","Exact","401 CHATEAU DR, SAINT JOSEPH, IL, 61873",8856558,"L"
199002,"401 CHEATHAM STREET","SAN MARCOS","TX",78666,29.877064395,-97.936000819,2,"401 CHEATHAM STREET, SAN MARCOS, TX, 78666","Match","Exact","401 CHEATHAM ST, SAN MARCOS, TX, 78666",63811395,"L"
199003,"401 CHESTNUT STREET SUITE G","WILMINGTON","NC",28401,34.2378773930001,-77.944851174,3,"401 CHESTNUT STREET SUITE G, WILMINGTON, NC, 28401","Match","Exact","401 CHESTNUT ST, WILMINGTON, NC, 28401",152730877,"L"
199004,"401 CHESTNUT STREET","ELIZABEHTOWN","KY",42701,37.742232954,-85.873548145,4,"401 CHESTNUT STREET, ELIZABEHTOWN, KY, 42701","Match","Non_Exact","401 CHESTNUT ST, ELIZABETHTOWN, KY, 42701",34643844,"R"
199005,"401 CHURCH ST NUMBER 1192","O'FALLON","MO",63366,38.808697728,-90.704029785,5,"401 CHURCH ST NUMBER 1192, O'FALLON, MO, 63366","Match","Non_Exact","401 CHURCH ST, O FALLON, MO, 63366",605636473,"L"
199006,"401 CHURCH STREET  SUITE 303","OFALLON","MO",63366,38.808697728,-90.704029785,6,"401 CHURCH STREET  SUITE 303, OFALLON, MO, 63366","Match","Non_Exact","401 CHURCH ST, O FALLON, MO, 63366",605636473,"L"
199007,"401 CHURCH STREET SUITE 294","O FALLON","MO",63366,38.808697728,-90.704029785,7,"401 CHURCH STREET SUITE 294, O FALLON, MO, 63366","Match","Exact","401 CHURCH ST, O FALLON, MO, 63366",605636473,"L"
199008,"401 COCA WAY","CATAULA","GA",31804,32.615675923,-84.89958408,8,"401 COCA WAY, CATAULA, GA, 31804","Match","Exact","401 COCA WAY, CATAULA, GA, 31804",1728075,"L"
199009,"401 COMMONS PARK S APT 684","STAMFORD","CT",6902,NA,NA,9,"401 COMMONS PARK S APT 684, STAMFORD, CT, 6902","No_Match",NA,NA,NA,NA
199010,"401 CONGRESS AVENUE SUITE 1540","AUSTIN","TX",78701,30.266281592,-97.743463058,10,"401 CONGRESS AVENUE SUITE 1540, AUSTIN, TX, 78701","Match","Exact","401 CONGRESS AVE, AUSTIN, TX, 78701",63943459,"R"
199011,"401 COUNTY STREET","NEW BEDFORD","MA",2740,41.631025478,-70.9290004709999,11,"401 COUNTY STREET, NEW BEDFORD, MA, 2740","Match","Exact","401 COUNTY ST, NEW BEDFORD, MA, 02740",46781974,"L"
199012,"401 DALMAS AVENUE","FOLCROFT","PA",19032,39.8978297940001,-75.2819347289999,12,"401 DALMAS AVENUE, FOLCROFT, PA, 19032","Match","Exact","401 DALMAS AVE, FOLCROFT, PA, 19032",134885208,"L"
199013,"401 DARST ROAD","FERGUSON","MO",63135,38.7468728200001,-90.301100321,13,"401 DARST ROAD, FERGUSON, MO, 63135","Match","Exact","401 DARST RD, FERGUSON, MO, 63135",100146113,"L"
199014,"401 DEMERS AVE STE 500 PO BOX 5849","GRAND FORKS","ND",58206,47.924379177,-97.031598715,14,"401 DEMERS AVE STE 500 PO BOX 5849, GRAND FORKS, ND, 58206","Match","Non_Exact","401 DEMERS AVE, GRAND FORKS, ND, 58201",171275998,"L"
199015,"401 DULANY ST -RNDLPH BILDG 1C83","ALEXANDRIA","VA",22314,38.8035498260001,-77.0634843559999,15,"401 DULANY ST -RNDLPH BILDG 1C83, ALEXANDRIA, VA, 22314","Match","Exact","401 DULANY ST, ALEXANDRIA, VA, 22314",76064969,"R"
199016,"401 DUNMORE STREET","THROOP","PA",18512,41.445122042,-75.6154698619999,16,"401 DUNMORE STREET, THROOP, PA, 18512","Match","Exact","401 DUNMORE ST, THROOP, PA, 18512",139330242,"L"
199017,"401 E 10TH STREET","HOBART","IN",46342,41.521777075,-87.254263241,17,"401 E 10TH STREET, HOBART, IN, 46342","Match","Exact","401 E 10TH ST, HOBART, IN, 46342",618045662,"R"
199018,"401 E 14TH STREET","WASHINGTON","MO",63090,38.545287709,-91.010874657,18,"401 E 14TH STREET, WASHINGTON, MO, 63090","Match","Exact","401 E 14TH ST, WASHINGTON, MO, 63090",99717762,"R"
199019,"401 E 1ST ST 475","SANFORD","FL",32772,NA,NA,19,"401 E 1ST ST 475, SANFORD, FL, 32772","No_Match",NA,NA,NA,NA
199020,"401 E 1ST STREET 117","SANFORD","FL",32772,NA,NA,20,"401 E 1ST STREET 117, SANFORD, FL, 32772","No_Match",NA,NA,NA,NA
199021,"401 E 1ST STREET UNIT 2735","SANFORD","FL",32771,NA,NA,21,"401 E 1ST STREET UNIT 2735, SANFORD, FL, 32771","Tie",NA,NA,NA,NA
199022,"401 E 240TH ST","JORDAN","MN",55352,44.601802397,-93.5138191189999,22,"401 E 240TH ST, JORDAN, MN, 55352","Match","Non_Exact","401 240TH ST E, JORDAN, MN, 55352",38143257,"L"
199023,"401 E 3RD ST","ALICE","TX",78332,NA,NA,23,"401 E 3RD ST, ALICE, TX, 78332","Tie",NA,NA,NA,NA
199024,"401 E 5TH STREET  BOX 214","MCCAMEY","TX",79752,NA,NA,24,"401 E 5TH STREET  BOX 214, MCCAMEY, TX, 79752","Tie",NA,NA,NA,NA
199025,"401 E 6TH STREET APT 3","MICHIGAN CITY","IN",46360,41.7173544250001,-86.8970147429999,25,"401 E 6TH STREET APT 3, MICHIGAN CITY, IN, 46360","Match","Non_Exact","401 E 6TH ST, MICHIGAN CITY, IN, 46360",15410926,"R"
199026,"401 E 7TH AVE  801","TAMPA","FL",33602,27.9604016870001,-82.456460933,26,"401 E 7TH AVE  801, TAMPA, FL, 33602","Match","Non_Exact","401 E 7TH AVE, TAMPA, FL, 33602",104523350,"R"
199027,"401 E 80TH ST","NEW YORK","NY",10075,40.773010416,-73.952143002,27,"401 E 80TH ST, NEW YORK, NY, 10075","Match","Exact","401 E 80TH ST, NEW YORK, NY, 10075",610247156,"L"
199028,"401 E 88 ST APT 10A","NEW YORK","NY",10128,40.778112363,-73.9482355809999,28,"401 E 88 ST APT 10A, NEW YORK, NY, 10128","Match","Non_Exact","401 E 88TH ST, NEW YORK, NY, 10128",59658355,"L"
199029,"401 E 8TH ST STE 207","SIOUX FALLS","SD",57103,43.5486240540001,-96.7229118819999,29,"401 E 8TH ST STE 207, SIOUX FALLS, SD, 57103","Match","Non_Exact","401 E 8TH ST, SIOUX FALLS, SD, 57103",34972331,"R"
199030,"401 E 8TH ST STE 214 PMB 7772","SIOUX FALLS","SD",57103,43.5486240540001,-96.7229118819999,30,"401 E 8TH ST STE 214 PMB 7772, SIOUX FALLS, SD, 57103","Match","Non_Exact","401 E 8TH ST, SIOUX FALLS, SD, 57103",34972331,"R"
199031,"401 E 8TH ST STE 215","SIOUX FALLS","SD",57103,43.5486240540001,-96.7229118819999,31,"401 E 8TH ST STE 215, SIOUX FALLS, SD, 57103","Match","Non_Exact","401 E 8TH ST, SIOUX FALLS, SD, 57103",34972331,"R"
199032,"401 E 8TH STREET  SUITE 214 - 3022","SIOUX FALLS","SD",57103,43.5486240540001,-96.7229118819999,32,"401 E 8TH STREET  SUITE 214 - 3022, SIOUX FALLS, SD, 57103","Match","Non_Exact","401 E 8TH ST, SIOUX FALLS, SD, 57103",34972331,"R"
199033,"401 E 8TH STREET STE 214248","SIOUX FALLS","SD",57103,43.5486240540001,-96.7229118819999,33,"401 E 8TH STREET STE 214248, SIOUX FALLS, SD, 57103","Match","Non_Exact","401 E 8TH ST, SIOUX FALLS, SD, 57103",34972331,"R"
199034,"401 E 9TH STREET","WILMINGTON","DE",19801,39.743037031,-75.544392193,34,"401 E 9TH STREET, WILMINGTON, DE, 19801","Match","Exact","401 E 9TH ST, WILMINGTON, DE, 19801",187259160,"L"
199035,"401 E BASIN AVE","PAHRUMP","NV",89060,36.2196180180001,-116.006940528,35,"401 E BASIN AVE, PAHRUMP, NV, 89060","Match","Exact","401 E BASIN AVE, PAHRUMP, NV, 89060",140659585,"L"
199036,"401 E BOWEN AVE 1606","CHICAGO","IL",60653,41.8193355330001,-87.616424691,36,"401 E BOWEN AVE 1606, CHICAGO, IL, 60653","Match","Non_Exact","401 E BOWEN AVE, CHICAGO, IL, 60653",605590654,"R"
199037,"401 E BOWEN SUITE 1308","CHICAGO","IL",60653,NA,NA,37,"401 E BOWEN SUITE 1308, CHICAGO, IL, 60653","No_Match",NA,NA,NA,NA
199038,"401 E ELM STREET","UNION CITY","OH",45390,40.20013857,-84.802439512,38,"401 E ELM STREET, UNION CITY, OH, 45390","Match","Exact","401 E ELM ST, UNION CITY, OH, 45390",54533549,"L"
199039,"401 E FIRST STREET  1868  35","SANFORD","FM",32772,NA,NA,39,"401 E FIRST STREET  1868  35, SANFORD, FM, 32772","No_Match",NA,NA,NA,NA
199040,"401 E FRONT AVE","COEUR D ALENE","ID",83814,47.6726469340001,-116.781108772,40,"401 E FRONT AVE, COEUR D ALENE, ID, 83814","Match","Exact","401 E FRONT AVE, COEUR D ALENE, ID, 83814",192902932,"L"
199041,"401 E HAUB STREET PO BOX 303","HAUBSTADT","IN",47639,38.2038546310001,-87.570891278,41,"401 E HAUB STREET PO BOX 303, HAUBSTADT, IN, 47639","Match","Non_Exact","401 E HAUB ST, HAUBSTADT, IN, 47639",36376770,"R"
199042,"401 E JACKSON ST STE 2340","TAMPA","FL",33602,27.9472443440001,-82.4566871229999,42,"401 E JACKSON ST STE 2340, TAMPA, FL, 33602","Match","Exact","401 JACKSON ST, TAMPA, FL, 33602",104530591,"R"
199043,"401 E JACKSON STREET SUITE 3300","TAMPA","FL",33602,27.9472443440001,-82.4566871229999,43,"401 E JACKSON STREET SUITE 3300, TAMPA, FL, 33602","Match","Exact","401 JACKSON ST, TAMPA, FL, 33602",104530591,"R"
199044,"401 E LAFAYETTE AVE","BALTIMORE","MD",21202,39.310032646,-76.610831992,44,"401 E LAFAYETTE AVE, BALTIMORE, MD, 21202","Match","Exact","401 E LAFAYETTE AVE, BALTIMORE, MD, 21202",206419189,"R"
199045,"401 E LAS OLAS BLVD  STE 130-602","FT LAUDERDALE","FL",33301,26.119189777,-80.1392479149999,45,"401 E LAS OLAS BLVD  STE 130-602, FT LAUDERDALE, FL, 33301","Match","Non_Exact","401 E LAS OLAS BLVD, FORT LAUDERDALE, FL, 33301",114723144,"L"
199046,"401 E LAS OLAS BLVD STE 130-516","FORT LAUDERDALE","FL",33301,26.119189777,-80.1392479149999,46,"401 E LAS OLAS BLVD STE 130-516, FORT LAUDERDALE, FL, 33301","Match","Non_Exact","401 E LAS OLAS BLVD, FORT LAUDERDALE, FL, 33301",114723144,"L"
199047,"401 E LAS OLAS BLVD STE 130","FT LAUDERDALE","FL",33301,26.119189777,-80.1392479149999,47,"401 E LAS OLAS BLVD STE 130, FT LAUDERDALE, FL, 33301","Match","Non_Exact","401 E LAS OLAS BLVD, FORT LAUDERDALE, FL, 33301",114723144,"L"
199048,"401 E LAS OLAS BLVD STE 1650","FT LAUDERDALE","FL",33301,26.119189777,-80.1392479149999,48,"401 E LAS OLAS BLVD STE 1650, FT LAUDERDALE, FL, 33301","Match","Non_Exact","401 E LAS OLAS BLVD, FORT LAUDERDALE, FL, 33301",114723144,"L"
199049,"401 E LAS OLAS BLVD SUITE 130-297","FORT LAUDERDALE","FL",33301,26.119189777,-80.1392479149999,49,"401 E LAS OLAS BLVD SUITE 130-297, FORT LAUDERDALE, FL, 33301","Match","Non_Exact","401 E LAS OLAS BLVD, FORT LAUDERDALE, FL, 33301",114723144,"L"
199050,"401 E LAS OLAS BLVD SUITE 130","FT LAUDERDALE","FL",33301,26.119189777,-80.1392479149999,50,"401 E LAS OLAS BLVD SUITE 130, FT LAUDERDALE, FL, 33301","Match","Non_Exact","401 E LAS OLAS BLVD, FORT LAUDERDALE, FL, 33301",114723144,"L"
199051,"401 E LAS OLAS BLVD","FT LAUDERDALE","FL",33301,26.119189777,-80.1392479149999,51,"401 E LAS OLAS BLVD, FT LAUDERDALE, FL, 33301","Match","Exact","401 E LAS OLAS BLVD, FORT LAUDERDALE, FL, 33301",114723144,"L"
199052,"401 E LAS OLAS BOULEVARD 130-164","FORT LAUDERDALE","FL",33301,26.119189777,-80.1392479149999,52,"401 E LAS OLAS BOULEVARD 130-164, FORT LAUDERDALE, FL, 33301","Match","Non_Exact","401 E LAS OLAS BLVD, FORT LAUDERDALE, FL, 33301",114723144,"L"
199053,"401 E LEVEE AVENUE BOX 3710","HIDALGO","TX",78557,26.096743587,-98.259406226,53,"401 E LEVEE AVENUE BOX 3710, HIDALGO, TX, 78557","Match","Non_Exact","401 E LEVEE AVE, HIDALGO, TX, 78557",71503215,"L"
199054,"401 E LOUTHER ST","CARLISLE","PA",17013,40.202320098,-77.18020911,54,"401 E LOUTHER ST, CARLISLE, PA, 17013","Match","Exact","401 E LOUTHER ST, CARLISLE, PA, 17013",60964015,"L"
199055,"401 E MAIN ST","CHERRYVALE","KS",67335,37.268382897,-95.547659912,55,"401 E MAIN ST, CHERRYVALE, KS, 67335","Match","Exact","401 E MAIN ST, CHERRYVALE, KS, 67335",13780837,"L"
199056,"401 E MAIN ST","MIDDLEBURG","PA",17842,40.788369774,-77.0402301679999,56,"401 E MAIN ST, MIDDLEBURG, PA, 17842","Match","Exact","401 E MAIN ST, MIDDLEBURG, PA, 17842",639900461,"L"
199057,"401 E MAIN ST","TURLOCK","CA",95380,37.4960054740001,-120.844098909,57,"401 E MAIN ST, TURLOCK, CA, 95380","Match","Exact","401 E MAIN ST, TURLOCK, CA, 95380",102595552,"L"
199058,"401 E MARTIN LUTER KING JR DRIVE","VALDOSTA","GA",31601,30.827935155,-83.2723724909999,58,"401 E MARTIN LUTER KING JR DRIVE, VALDOSTA, GA, 31601","Match","Non_Exact","401 E MARTIN LUTHER KING JR DR, VALDOSTA, GA, 31601",640456783,"L"
199059,"401 E MICHIGAN ST","INDIANAPOLIS","IN",46204,39.7739368100001,-86.1505016849999,59,"401 E MICHIGAN ST, INDIANAPOLIS, IN, 46204","Match","Exact","401 E MICHIGAN ST, INDIANAPOLIS, IN, 46204",107991971,"R"
199060,"401 E PEDREGOSA ST","SANTA BARBARA","CA",93103,34.4342666380001,-119.70876882,60,"401 E PEDREGOSA ST, SANTA BARBARA, CA, 93103","Match","Exact","401 E PEDREGOSA ST, SANTA BARBARA, CA, 93103",108604336,"L"
199061,"401 E ROWLAND ST","COVINA","CA",91723,34.078954229,-117.883478816,61,"401 E ROWLAND ST, COVINA, CA, 91723","Match","Exact","401 E ROWLAND ST, COVINA, CA, 91723",142782531,"L"
199062,"401 E SONTERRA BOULEVARD SUITE 375","SAN ANTONIO","TX",78258,29.616069544,-98.487388177,62,"401 E SONTERRA BOULEVARD SUITE 375, SAN ANTONIO, TX, 78258","Match","Non_Exact","401 E SONTERRA BLVD, SAN ANTONIO, TX, 78258",634273523,"L"
199063,"401 E SOUTH ST APT 2647","JACKSON","MS",39207,NA,NA,63,"401 E SOUTH ST APT 2647, JACKSON, MS, 39207","No_Match",NA,NA,NA,NA
199064,"401 E TAYLOR RD","DELAND","FL",32724,28.9990052320001,-81.296224051,64,"401 E TAYLOR RD, DELAND, FL, 32724","Match","Exact","401 E TAYLOR RD, DELAND, FL, 32724",94517485,"L"
199065,"401 E VETERANS MEMORIAL DR","LA CROSSE","WI",54601,NA,NA,65,"401 E VETERANS MEMORIAL DR, LA CROSSE, WI, 54601","Tie",NA,NA,NA,NA
199066,"401 E WESTERN AVENUE","AVONDALE","AZ",85323,33.435323764,-112.345325246,66,"401 E WESTERN AVENUE, AVONDALE, AZ, 85323","Match","Exact","401 E WESTERN AVE, AVONDALE, AZ, 85323",128168228,"R"
199067,"401 E WIMER","KNOB NOSTER","MO",65336,38.763837016,-93.553043787,67,"401 E WIMER, KNOB NOSTER, MO, 65336","Match","Non_Exact","401 E WIMER ST, KNOB NOSTER, MO, 65336",95343066,"L"
199068,"401 EAST 32ND STREET APT 2009","CHICAGO","IL",60616,41.8365945520001,-87.616973459,68,"401 EAST 32ND STREET APT 2009, CHICAGO, IL, 60616","Match","Exact","401 E 32ND ST, CHICAGO, IL, 60616",111770186,"R"
199069,"401 EAST 32ND STREET APT 500","CHICAGO","IL",60616,41.8365945520001,-87.616973459,69,"401 EAST 32ND STREET APT 500, CHICAGO, IL, 60616","Match","Exact","401 E 32ND ST, CHICAGO, IL, 60616",111770186,"R"
199070,"401 EAST 81ST STREET","NEW YORK","NY",10028,40.773645378,-73.951676778,70,"401 EAST 81ST STREET, NEW YORK, NY, 10028","Match","Exact","401 E 81ST ST, NEW YORK, NY, 10028",610247160,"L"
199071,"401 EAST 8TH STREET SUITE 214","SIOUX FALLS","NY",57103,NA,NA,71,"401 EAST 8TH STREET SUITE 214, SIOUX FALLS, NY, 57103","No_Match",NA,NA,NA,NA
199072,"401 EAST BURLEIGH ST","MILWAUKEE","WI",53212,43.074743975,-87.90637336,72,"401 EAST BURLEIGH ST, MILWAUKEE, WI, 53212","Match","Exact","401 E BURLEIGH ST, MILWAUKEE, WI, 53212",77743363,"R"
199073,"401 EAST GAY STREET","WEST CHESTER","PA",19380,39.963263462,-75.599013312,73,"401 EAST GAY STREET, WEST CHESTER, PA, 19380","Match","Exact","401 E GAY ST, WEST CHESTER, PA, 19380",179490358,"L"
199074,"401 EAST HEATHERWOOD DRIVE","BRANDON","SD",57005,43.5992379690001,-96.580380495,74,"401 EAST HEATHERWOOD DRIVE, BRANDON, SD, 57005","Match","Non_Exact","401 HEATHERWOOD DR, BRANDON, SD, 57005",34990149,"R"
199075,"401 EAST JACKSON STREET SUITE 2340E","TAMPA","FL",33602,27.9472443440001,-82.4566871229999,75,"401 EAST JACKSON STREET SUITE 2340E, TAMPA, FL, 33602","Match","Non_Exact","401 JACKSON ST, TAMPA, FL, 33602",104530591,"R"
199076,"401 EAST LAS OLAS BLVD 130-443","FORT LAUDERDALE","FL",33301,26.119189777,-80.1392479149999,76,"401 EAST LAS OLAS BLVD 130-443, FORT LAUDERDALE, FL, 33301","Match","Exact","401 E LAS OLAS BLVD, FORT LAUDERDALE, FL, 33301",114723144,"L"
199077,"401 EAST LAS OLAS BLVD STE130-443","FORT LAUDERDALE","FL",33301,26.119189777,-80.1392479149999,77,"401 EAST LAS OLAS BLVD STE130-443, FORT LAUDERDALE, FL, 33301","Match","Exact","401 E LAS OLAS BLVD, FORT LAUDERDALE, FL, 33301",114723144,"L"
199078,"401 EAST LAS OLAS BLVD SUITE 130-44","FORT LAUDERDALE","FL",33301,26.119189777,-80.1392479149999,78,"401 EAST LAS OLAS BLVD SUITE 130-44, FORT LAUDERDALE, FL, 33301","Match","Exact","401 E LAS OLAS BLVD, FORT LAUDERDALE, FL, 33301",114723144,"L"
199079,"401 EAST LIVEOAK STREET 19","SAN GABRIEL","CA",91776,34.101400277,-118.095700153,79,"401 EAST LIVEOAK STREET 19, SAN GABRIEL, CA, 91776","Match","Non_Exact","401 E LIVE OAK ST, SAN GABRIEL, CA, 91776",141633976,"L"
199080,"401 EAST ROAD","CULLEN","IA",71021,NA,NA,80,"401 EAST ROAD, CULLEN, IA, 71021","No_Match",NA,NA,NA,NA
199081,"401 EAST TRINITY LANE","NASHVILLE","TN",37207,36.2053720590001,-86.7610711729999,81,"401 EAST TRINITY LANE, NASHVILLE, TN, 37207","Match","Exact","401 E TRINITY LN, NASHVILLE, TN, 37207",97186879,"L"
199082,"401 EDGEWATER PLACE SUITE 600","WAKEFIELD","MA",1880,42.520585017,-71.0419544549999,82,"401 EDGEWATER PLACE SUITE 600, WAKEFIELD, MA, 1880","Match","Exact","401 EDGEWATER PL, WAKEFIELD, MA, 01880",87174615,"R"
199083,"401 EDGEWOOD STREET NE APT T2","WASHINGTON","DC",20017,38.92301058,-77.000479317,83,"401 EDGEWOOD STREET NE APT T2, WASHINGTON, DC, 20017","Match","Exact","401 EDGEWOOD ST NE, WASHINGTON, DC, 20017",76228584,"R"
199084,"401 EDWARDS STREET SUITE 221","SHREVEPORT","LA",71101,32.514321124,-93.749499778,84,"401 EDWARDS STREET SUITE 221, SHREVEPORT, LA, 71101","Match","Exact","401 EDWARDS ST, SHREVEPORT, LA, 71101",57434614,"L"
199085,"401 EGAN HWY","BROOKLYN","MI",49230,42.068249323,-84.1640002839999,85,"401 EGAN HWY, BROOKLYN, MI, 49230","Match","Exact","401 EGAN HWY, BROOKLYN, MI, 49230",25951624,"R"
199086,"401 EIGHT MILE LOOP","PAGOSA SPRINGS","CO",81147,37.1857301040001,-106.984669877,86,"401 EIGHT MILE LOOP, PAGOSA SPRINGS, CO, 81147","Match","Exact","401 EIGHT MILE LOOP, PAGOSA SPRINGS, CO, 81147",127329107,"R"
199087,"401 ELM STREET","PLAINFIELD","IN",46168,NA,NA,87,"401 ELM STREET, PLAINFIELD, IN, 46168","No_Match",NA,NA,NA,NA
199088,"401 ELMGROVE AVENUE","PROVIDENCE","RI",2906,41.8433265890001,-71.3926096,88,"401 ELMGROVE AVENUE, PROVIDENCE, RI, 2906","Match","Exact","401 ELMGROVE AVE, PROVIDENCE, RI, 02906",651141766,"R"
199089,"401 EUCLID AVENUE SUITE 43-45","CLEVELAND","OH",44114,41.499830982,-81.690060229,89,"401 EUCLID AVENUE SUITE 43-45, CLEVELAND, OH, 44114","Match","Exact","401 EUCLID AVE, CLEVELAND, OH, 44114",61110535,"L"
199090,"401 EVERGREEN DRIVE","MACOMB","IL",61455,40.438258838,-90.6680192439999,90,"401 EVERGREEN DRIVE, MACOMB, IL, 61455","Match","Exact","401 EVERGREEN DR, MACOMB, IL, 61455",5375050,"L"
199091,"401 EYE STREET SE","WASHINGTON","DC",20003,NA,NA,91,"401 EYE STREET SE, WASHINGTON, DC, 20003","No_Match",NA,NA,NA,NA
199092,"401 FAIRWEATHER ST","DESOTO","TX",75115,32.59493373,-96.86358655,92,"401 FAIRWEATHER ST, DESOTO, TX, 75115","Match","Exact","401 FAIRWEATHER ST, DESOTO, TX, 75115",642755261,"R"
199093,"401 FARM AND WILDERNESS ROAD","PLYMOUTH","VT",5056,43.5703302800001,-72.756816118,93,"401 FARM AND WILDERNESS ROAD, PLYMOUTH, VT, 5056","Match","Exact","401 FARM AND WILDERNESS RD, PLYMOUTH, VT, 05056",139294569,"R"
199094,"401 FARMHILL CIRCLE","WAUCONDA","IL",60084,42.2664289900001,-88.15364686,94,"401 FARMHILL CIRCLE, WAUCONDA, IL, 60084","Match","Exact","401 FARMHILL CIR, WAUCONDA, IL, 60084",119689625,"L"
199095,"401 FEDERAL STREET SUITE 1","DOVER","DE",19901,39.1580958370001,-75.5225471969999,95,"401 FEDERAL STREET SUITE 1, DOVER, DE, 19901","Match","Exact","401 FEDERAL ST, DOVER, DE, 19901",68088361,"R"
199096,"401 FIREHOUSE LANE","FLORENCE","NJ",8518,40.112323207,-74.80159969,96,"401 FIREHOUSE LANE, FLORENCE, NJ, 8518","Match","Exact","401 FIREHOUSE LN, FLORENCE, NJ, 08518",134033963,"R"
199097,"401 FIVE POINTS RICHMOND RD","BANGOR","PA",18013,40.8747375040001,-75.1546135839999,97,"401 FIVE POINTS RICHMOND RD, BANGOR, PA, 18013","Match","Exact","401 FIVE POINTS RICHMOND RD, BANGOR, PA, 18013",136871132,"R"
199098,"401 FLATBUSH AVENUE","HARTFORD","CT",6106,41.7431858160001,-72.707297517,98,"401 FLATBUSH AVENUE, HARTFORD, CT, 6106","Match","Exact","401 FLATBUSH AVE, HARTFORD, CT, 06106",3514090,"L"
199099,"401 FLIPPIN ST","SOMERVILLE","TN",38068,35.232885375,-89.354430656,99,"401 FLIPPIN ST, SOMERVILLE, TN, 38068","Match","Exact","401 FLIPPIN ST, SOMERVILLE, TN, 38068",72698773,"L"
199100,"401 GAINSBORO ROAD NW","ROANOKE","VA",24016,NA,NA,100,"401 GAINSBORO ROAD NW, ROANOKE, VA, 24016","No_Match",NA,NA,NA,NA
199101,"401 GERANIUM PLACE","OXNARD","CA",93036,34.225077777,-119.180461411,101,"401 GERANIUM PLACE, OXNARD, CA, 93036","Match","Exact","401 GERANIUM PL, OXNARD, CA, 93036",110041589,"L"
199102,"401 GOOSE CIRCLE APT C","NEWPORT NEWS","VA",23608,37.156873654,-76.561618907,102,"401 GOOSE CIRCLE APT C, NEWPORT NEWS, VA, 23608","Match","Exact","401 GOOSE CIR, NEWPORT NEWS, VA, 23608",103818160,"R"
199103,"401 GREEN ACRES DR SUITE 100","WIMBERLEY","TX",78676,30.0006635870001,-98.110924461,103,"401 GREEN ACRES DR SUITE 100, WIMBERLEY, TX, 78676","Match","Exact","401 GREEN ACRES DR, WIMBERLEY, TX, 78676",63842599,"R"
199104,"401 GREEN DRIVE","GOLDSBORO","NC",27534,35.392385061,-77.9169780189999,104,"401 GREEN DRIVE, GOLDSBORO, NC, 27534","Match","Exact","401 GREEN DR, GOLDSBORO, NC, 27534",14406101,"L"
199105,"401 GWINNETT COMMONS","DAYTON","OH",45459,39.6317530860001,-84.17222627,105,"401 GWINNETT COMMONS, DAYTON, OH, 45459","Match","Exact","401 GWINNETT CMNS, DAYTON, OH, 45459",143583823,"R"
199106,"401 H ST SUITE 8","CHULA VISTA","CA",91910,32.632764443,-117.082990289,106,"401 H ST SUITE 8, CHULA VISTA, CA, 91910","Match","Exact","401 H ST, CHULA VISTA, CA, 91910",195685116,"R"
199107,"401 H STREET SUITE 8","CHULA VISTA","CA",91910,32.632764443,-117.082990289,107,"401 H STREET SUITE 8, CHULA VISTA, CA, 91910","Match","Exact","401 H ST, CHULA VISTA, CA, 91910",195685116,"R"
199108,"401 HACKENSACK AVE FL 4","HACKENSACK","NJ",7601,40.909125805,-74.033033378,108,"401 HACKENSACK AVE FL 4, HACKENSACK, NJ, 7601","Match","Exact","401 HACKENSACK AVE, HACKENSACK, NJ, 07601",637980394,"L"
199109,"401 HALF MOON LANE","BOSSIER CITY","LA",71111,32.5731333730001,-93.673493492,109,"401 HALF MOON LANE, BOSSIER CITY, LA, 71111","Match","Exact","401 HALF MOON LN, BOSSIER CITY, LA, 71111",628651411,"R"
199110,"401 HALL STREET SW SUITE 385","GRAND RAPIDS","MI",49503,42.941596814,-85.679477379,110,"401 HALL STREET SW SUITE 385, GRAND RAPIDS, MI, 49503","Match","Exact","401 HALL ST SW, GRAND RAPIDS, MI, 49503",12458734,"R"
199111,"401 HAMILTON CRESCENT","CLEARWATER","FL",33756,27.957417359,-82.801055795,111,"401 HAMILTON CRESCENT, CLEARWATER, FL, 33756","Match","Non_Exact","401 N HAMILTON CRES, CLEARWATER, FL, 33756",124741686,"R"
199112,"401 HAWKESBURY LANE","SILVER SPRING","MD",20904,39.0746329340001,-77.016801346,112,"401 HAWKESBURY LANE, SILVER SPRING, MD, 20904","Match","Exact","401 HAWKESBURY LN, SILVER SPRING, MD, 20904",62063490,"R"
199113,"401 HAWTHORNE LANE  SUITE 110-287","CHARLOTTE","NC",28204,35.215853614,-80.8220184099999,113,"401 HAWTHORNE LANE  SUITE 110-287, CHARLOTTE, NC, 28204","Match","Exact","401 HAWTHORNE LN, CHARLOTTE, NC, 28204",70487877,"L"
199114,"401 HAWTHORNE LANE STE 110 BOX 309","CHARLOTTE","NC",28204,35.215853614,-80.8220184099999,114,"401 HAWTHORNE LANE STE 110 BOX 309, CHARLOTTE, NC, 28204","Match","Exact","401 HAWTHORNE LN, CHARLOTTE, NC, 28204",70487877,"L"
199115,"401 HAWTHORNE LANE SUITE 110","CHARLOTTE","NC",28204,35.215853614,-80.8220184099999,115,"401 HAWTHORNE LANE SUITE 110, CHARLOTTE, NC, 28204","Match","Exact","401 HAWTHORNE LN, CHARLOTTE, NC, 28204",70487877,"L"
199116,"401 HAWTHORNE LANE SUITE 161","CHARLOTTE","NC",28204,35.215853614,-80.8220184099999,116,"401 HAWTHORNE LANE SUITE 161, CHARLOTTE, NC, 28204","Match","Exact","401 HAWTHORNE LN, CHARLOTTE, NC, 28204",70487877,"L"
199117,"401 HAWTHORNE LANE","CHARLOTTE","NC",28204,35.215853614,-80.8220184099999,117,"401 HAWTHORNE LANE, CHARLOTTE, NC, 28204","Match","Exact","401 HAWTHORNE LN, CHARLOTTE, NC, 28204",70487877,"L"
199118,"401 HENLEY STREET","KNOXVILLE","TN",37902,NA,NA,118,"401 HENLEY STREET, KNOXVILLE, TN, 37902","No_Match",NA,NA,NA,NA
199119,"401 HERMOSA","CLAUDE","TX",79019,35.107974858,-101.373791039,119,"401 HERMOSA, CLAUDE, TX, 79019","Match","Non_Exact","401 HERMOSA ST, CLAUDE, TX, 79019",182135567,"R"
199120,"401 HICKORY DRIVE","SPRING CITY","TN",37381,35.6735972970001,-84.785642361,120,"401 HICKORY DRIVE, SPRING CITY, TN, 37381","Match","Exact","401 HICKORY DR, SPRING CITY, TN, 37381",59527082,"R"
199121,"401 HIDDEN MEADOWS LOOP STE 20","FERN PARK","FL",32730,NA,NA,121,"401 HIDDEN MEADOWS LOOP STE 20, FERN PARK, FL, 32730","No_Match",NA,NA,NA,NA
199122,"401 HIGH HOUSE ROAD SUITE 130","CARY","NC",27513,35.7833387910001,-78.810185517,122,"401 HIGH HOUSE ROAD SUITE 130, CARY, NC, 27513","Match","Exact","401 HIGH HOUSE RD, CARY, NC, 27513",72583706,"R"
199123,"401 HILBURN WAY","SIMPSONVILLE","SC",29680,34.7203963170001,-82.2903530569999,123,"401 HILBURN WAY, SIMPSONVILLE, SC, 29680","Match","Exact","401 HILBURN WAY, SIMPSONVILLE, SC, 29680",646641390,"L"
199124,"401 HOMESTEAD PARK DRIVE","APEX","NC",27502,35.7344439140001,-78.9026193139999,124,"401 HOMESTEAD PARK DRIVE, APEX, NC, 27502","Match","Exact","401 HOMESTEAD PARK DR, APEX, NC, 27502",72640513,"R"
199125,"401 HOPPING ROAD","BISHOP","GA",30621,33.8235290920001,-83.499820246,125,"401 HOPPING ROAD, BISHOP, GA, 30621","Match","Exact","401 HOPPING RD, BISHOP, GA, 30621",5039296,"L"
199126,"401 HOUSTON STREET","NACOGDOCHES","TX",75961,31.6097062310001,-94.650622992,126,"401 HOUSTON STREET, NACOGDOCHES, TX, 75961","Match","Exact","401 HOUSTON ST, NACOGDOCHES, TX, 75961",72435765,"L"
199127,"401 HUBBARD ST","ALLEGAN","MI",49010,42.5277904020001,-85.852739185,127,"401 HUBBARD ST, ALLEGAN, MI, 49010","Match","Exact","401 HUBBARD ST, ALLEGAN, MI, 49010",11419044,"R"
199128,"401 HUDSON ROAD","FARMERVILLE","LA",71241,32.7889887800001,-92.3728561139999,128,"401 HUDSON ROAD, FARMERVILLE, LA, 71241","Match","Exact","401 HUDSON RD, FARMERVILLE, LA, 71241",617367884,"L"
199129,"401 HULSLANDER RD","MAINESBURG","PA",16932,41.81836213,-76.918874694,129,"401 HULSLANDER RD, MAINESBURG, PA, 16932","Match","Exact","401 HULSLANDER RD, MAINESBURG, PA, 16932",189672237,"R"
199130,"401 HUNTING PARK LN","YORK","PA",17402,39.969967212,-76.675428124,130,"401 HUNTING PARK LN, YORK, PA, 17402","Match","Exact","401 HUNTING PARK LN, YORK, PA, 17402",88733418,"L"
199131,"401 I STREET SW","WASHINGTON","DC",20024,38.8792943510001,-77.01765374,131,"401 I STREET SW, WASHINGTON, DC, 20024","Match","Exact","401 I ST SW, WASHINGTON, DC, 20024",76227001,"R"
199132,"401 J A ROGERS ROAD","KITTRELL","NC",27544,36.1999379800001,-78.367959914,132,"401 J A ROGERS ROAD, KITTRELL, NC, 27544","Match","Exact","401 J A ROGERS RD, KITTRELL, NC, 27544",90244547,"R"
199133,"401 JASMINE TRAIL","ATHENS","GA",30606,33.984473182,-83.45130059,133,"401 JASMINE TRAIL, ATHENS, GA, 30606","Match","Exact","401 JASMINE TRL, ATHENS, GA, 30606",614135708,"L"
199134,"401 JEFFERSON PARKWAY","NORTHFIELD","MN",55057,44.439841707,-93.1781790859999,134,"401 JEFFERSON PARKWAY, NORTHFIELD, MN, 55057","Match","Non_Exact","401 JEFFERSON LN, NORTHFIELD, MN, 55057",37314803,"L"
199135,"401 JOHNSON LN STE 102","VENICE","FL",34285,27.106616205,-82.4355263909999,135,"401 JOHNSON LN STE 102, VENICE, FL, 34285","Match","Exact","401 JOHNSON LN, VENICE, FL, 34285",16420037,"R"
199136,"401 JORDAN STUART CIR APT 103","APOPKA","FL",32703,NA,NA,136,"401 JORDAN STUART CIR APT 103, APOPKA, FL, 32703","Tie",NA,NA,NA,NA
199137,"401 KAMAKEE ST 316","HONOLULU","HI",96814,21.2943464580001,-157.852095565,137,"401 KAMAKEE ST 316, HONOLULU, HI, 96814","Match","Exact","401 KAMAKEE ST, HONOLULU, HI, 96814",203241437,"R"
199138,"401 KING STREET","OVIEDO","FL",32765,28.6722421580001,-81.213898612,138,"401 KING STREET, OVIEDO, FL, 32765","Match","Exact","401 KING ST, OVIEDO, FL, 32765",93746579,"R"
199139,"401 LAC VERRET DRIVE","LULING","LA",70070,29.921512557,-90.381702705,139,"401 LAC VERRET DRIVE, LULING, LA, 70070","Match","Non_Exact","401 LAC VERRETT, LULING, LA, 70070",625333865,"L"
199140,"401 LACY CT","SAINT CLOUD","FL",34771,28.2954653050001,-81.24483932,140,"401 LACY CT, SAINT CLOUD, FL, 34771","Match","Exact","401 LACY CT, SAINT CLOUD, FL, 34771",176698326,"R"
199141,"401 LAFAYETTE ST","VALPARAISO","IN",46383,41.4716543390001,-87.0622501679999,141,"401 LAFAYETTE ST, VALPARAISO, IN, 46383","Match","Exact","401 LAFAYETTE ST, VALPARAISO, IN, 46383",119913676,"R"
199142,"401 LAFAYETTE ST","WASHINGTON","MO",63090,38.557322114,-91.01367199,142,"401 LAFAYETTE ST, WASHINGTON, MO, 63090","Match","Exact","401 LAFAYETTE ST, WASHINGTON, MO, 63090",605147653,"L"
199143,"401 LAKE ST","LAKEHURST","NJ",8733,40.0146601480001,-74.319321444,143,"401 LAKE ST, LAKEHURST, NJ, 8733","Match","Exact","401 LAKE ST, LAKEHURST, NJ, 08733",203720457,"R"
199144,"401 LAKE STREET","BOSCOBEL","WI",53805,43.139731683,-90.697098199,144,"401 LAKE STREET, BOSCOBEL, WI, 53805","Match","Exact","401 LAKE ST, BOSCOBEL, WI, 53805",32741809,"R"
199145,"401 LAKEVIEW DRIVE","YORK","PA",17403,39.936895534,-76.685931948,145,"401 LAKEVIEW DRIVE, YORK, PA, 17403","Match","Exact","401 LAKEVIEW DR, YORK, PA, 17403",88748067,"L"
199146,"401 LAKEWOOD CT","KOHLER","WI",53044,43.7475987510001,-87.7880458019999,146,"401 LAKEWOOD CT, KOHLER, WI, 53044","Match","Exact","401 LAKEWOOD CT, KOHLER, WI, 53044",79507919,"R"
199147,"401 LAUREY LANE","CHESTERFIELD","MO",63005,38.6383140140001,-90.673630298,147,"401 LAUREY LANE, CHESTERFIELD, MO, 63005","Match","Exact","401 LAUREY LN, CHESTERFIELD, MO, 63005",604495154,"R"
199148,"401 LEA JOYNER EXPRESSWAY","MONROE","LA",71201,NA,NA,148,"401 LEA JOYNER EXPRESSWAY, MONROE, LA, 71201","No_Match",NA,NA,NA,NA
199149,"401 LIBERTY AVENUE SUITE 1325","PITTSBURGH","PA",15222,40.4412254920001,-80.006326213,149,"401 LIBERTY AVENUE SUITE 1325, PITTSBURGH, PA, 15222","Match","Exact","401 LIBERTY AVE, PITTSBURGH, PA, 15222",51633759,"L"
199150,"401 LINCOLN ST","EVERSON","WA",98247,NA,NA,150,"401 LINCOLN ST, EVERSON, WA, 98247","No_Match",NA,NA,NA,NA
199151,"401 LINDEN STREET","BORGER","TX",79007,35.6420176930001,-101.450046355,151,"401 LINDEN STREET, BORGER, TX, 79007","Match","Exact","401 LINDEN ST, BORGER, TX, 79007",185359439,"L"
199152,"401 LITTLE ROCK ROAD","LAFAYETTE","IN",47909,40.3728024210001,-86.8969457439999,152,"401 LITTLE ROCK ROAD, LAFAYETTE, IN, 47909","Match","Exact","401 LITTLE ROCK RD, LAFAYETTE, IN, 47909",27317364,"L"
199153,"401 LOGAN AVE N","MINNEAPOLIS","MN",55405,44.9816753630001,-93.303267045,153,"401 LOGAN AVE N, MINNEAPOLIS, MN, 55405","Match","Exact","401 LOGAN AVE N, MINNEAPOLIS, MN, 55405",43623722,"L"
199154,"401 MAIN ST STE 1600","PEORIA","IL",61602,40.692876504,-89.590693856,154,"401 MAIN ST STE 1600, PEORIA, IL, 61602","Match","Exact","401 MAIN ST, PEORIA, IL, 61602",8732696,"L"
199155,"401 MAIN ST","ANACONDA","MT",59711,46.1272354010001,-112.953701189,155,"401 MAIN ST, ANACONDA, MT, 59711","Match","Exact","401 MAIN ST, ANACONDA, MT, 59711",152706088,"R"
199156,"401 MAIN ST","POLSON","MT",59860,47.692234108,-114.163375204,156,"401 MAIN ST, POLSON, MT, 59860","Match","Exact","401 MAIN ST, POLSON, MT, 59860",206887811,"R"
199157,"401 MAIN","MELSTONE","MT",59054,46.598562686,-107.867611951,157,"401 MAIN, MELSTONE, MT, 59054","Match","Non_Exact","401 MAIN ST, MELSTONE, MT, 59054",170776106,"L"
199158,"401 MAPLE","SUMMIT","SD",57266,45.3046781840001,-97.036352345,158,"401 MAPLE, SUMMIT, SD, 57266","Match","Non_Exact","401 MAPLE ST, SUMMIT, SD, 57266",196106598,"L"
199159,"401 MAPLEWOOD DR","FRANKLIN","TN",37064,35.9107613150001,-86.84082991,159,"401 MAPLEWOOD DR, FRANKLIN, TN, 37064","Match","Exact","401 MAPLEWOOD DR, FRANKLIN, TN, 37064",73120516,"R"
199160,"401 MARKET STREET SUITE 900","SHREVEPORT","LA",71101,NA,NA,160,"401 MARKET STREET SUITE 900, SHREVEPORT, LA, 71101","No_Match",NA,NA,NA,NA
199161,"401 MASS AVE NW APT 1206","WASHINGTON","DC",20001,38.9003246410001,-77.0165873289999,161,"401 MASS AVE NW APT 1206, WASHINGTON, DC, 20001","Match","Exact","401 MASSACHUSETTS AVE NW, WASHINGTON, DC, 20001",650096578,"R"
199162,"401 MATFIELD CT","MONROE","NC",28110,35.0035375320001,-80.6422441879999,162,"401 MATFIELD CT, MONROE, NC, 28110","Match","Exact","401 MATFIELD CT, MONROE, NC, 28110",618606496,"R"
199163,"401 MCGUIGAN PLACE","HARRISON","NJ",7029,40.744621743,-74.149304066,163,"401 MCGUIGAN PLACE, HARRISON, NJ, 7029","Match","Exact","401 MCGUIGAN PL, HARRISON, NJ, 07029",59601548,"R"
199164,"401 MCKINLEY PKWY","BUFFALO","NY",14220,42.8428347,-78.814978846,164,"401 MCKINLEY PKWY, BUFFALO, NY, 14220","Match","Exact","401 MCKINLEY PKWY, BUFFALO, NY, 14220",48302925,"R"
199165,"401 MERLIN ROAD","NEWTOWN SQUARE","PA",19073,39.9750054460001,-75.403131866,165,"401 MERLIN ROAD, NEWTOWN SQUARE, PA, 19073","Match","Non_Exact","401 MERLIN DR, NEWTOWN SQUARE, PA, 19073",605215695,"R"
199166,"401 MICHIGAN AVE","ST CLOUD","FL",34769,28.254931234,-81.2766772589999,166,"401 MICHIGAN AVE, ST CLOUD, FL, 34769","Match","Exact","401 MICHIGAN AVE, SAINT CLOUD, FL, 34769",176660560,"L"
199167,"401 MILTON AVE","BALLSTON SPA","NY",12020,43.01243835,-73.85002552,167,"401 MILTON AVE, BALLSTON SPA, NY, 12020","Match","Exact","401 MILTON AVE, BALLSTON SPA, NY, 12020",18768157,"L"
199168,"401 MINOSA ST","DENMARK","SC",29042,NA,NA,168,"401 MINOSA ST, DENMARK, SC, 29042","No_Match",NA,NA,NA,NA
199169,"401 MITCHELL DRIVE","REISTERSTOWN","MD",21136,39.474977784,-76.8422886449999,169,"401 MITCHELL DRIVE, REISTERSTOWN, MD, 21136","Match","Exact","401 MITCHELL DR, REISTERSTOWN, MD, 21136",191554795,"R"
199170,"401 MONROE AVENUE","KENILWORTH","NJ",7033,40.6798831080001,-74.2938354569999,170,"401 MONROE AVENUE, KENILWORTH, NJ, 7033","Match","Exact","401 MONROE AVE, KENILWORTH, NJ, 07033",60570242,"R"
199171,"401 MONROE STREET","JEFFERSON CITY","MO",65101,38.5740986760001,-92.171056683,171,"401 MONROE STREET, JEFFERSON CITY, MO, 65101","Match","Exact","401 MONROE ST, JEFFERSON CITY, MO, 65101",604584485,"R"
199172,"401 MONTEREY BLVD NE","ST PETERSBURG","FL",33704,27.795045956,-82.6257165169999,172,"401 MONTEREY BLVD NE, ST PETERSBURG, FL, 33704","Match","Exact","401 MONTEREY BLVD NE, SAINT PETERSBURG, FL, 33704",124713237,"R"
199173,"401 MORRIS AVE","BELLWOOD","IL",60104,41.8850810260001,-87.880876105,173,"401 MORRIS AVE, BELLWOOD, IL, 60104","Match","Exact","401 MORRIS AVE, BELLWOOD, IL, 60104",605140290,"L"
199174,"401 MUDDY BRANCH ROAD","GAITHERSBURG","MD",20878,39.1268360940001,-77.210392752,174,"401 MUDDY BRANCH ROAD, GAITHERSBURG, MD, 20878","Match","Exact","401 MUDDY BRANCH RD, GAITHERSBURG, MD, 20878",638250157,"L"
199175,"401 MUIRFIELD CT","WAUNAKEE","WI",53597,43.197046184,-89.460698367,175,"401 MUIRFIELD CT, WAUNAKEE, WI, 53597","Match","Exact","401 MUIRFIELD CT, WAUNAKEE, WI, 53597",49497721,"L"
199176,"401 N 10TH AVE","TEAGUE","TX",75860,31.6234378230001,-96.2771384059999,176,"401 N 10TH AVE, TEAGUE, TX, 75860","Match","Exact","401 10TH AVE, TEAGUE, TX, 75860",88977876,"R"
199177,"401 N 6TH STREET","MARQUETTE","MI",49855,46.5471843540001,-87.4014601659999,177,"401 N 6TH STREET, MARQUETTE, MI, 49855","Match","Exact","401 6TH ST, MARQUETTE, MI, 49855",182034789,"L"
199178,"401 N 6TH","MARLOW","OK",73055,NA,NA,178,"401 N 6TH, MARLOW, OK, 73055","No_Match",NA,NA,NA,NA
199179,"401 N ASHLEY DR SUITE 173044","TAMPA","FL",33672,NA,NA,179,"401 N ASHLEY DR SUITE 173044, TAMPA, FL, 33672","No_Match",NA,NA,NA,NA
199180,"401 N ASHLEY DR UNIT 1035","TAMPA","FL",33601,NA,NA,180,"401 N ASHLEY DR UNIT 1035, TAMPA, FL, 33601","No_Match",NA,NA,NA,NA
199181,"401 N AVE E APT B","HASKELL","TX",79521,NA,NA,181,"401 N AVE E APT B, HASKELL, TX, 79521","No_Match",NA,NA,NA,NA
199182,"401 N BENGE ST","MCKINNEY","TX",75069,33.2006060510001,-96.6181450299999,182,"401 N BENGE ST, MCKINNEY, TX, 75069","Match","Exact","401 N BENGE ST, MCKINNEY, TX, 75069",123492161,"L"
199183,"401 N BOYLAN AVENUE","RALEIGH","NC",27603,35.7850223130001,-78.648978255,183,"401 N BOYLAN AVENUE, RALEIGH, NC, 27603","Match","Exact","401 N BOYLAN AVE, RALEIGH, NC, 27603",612825734,"L"
199184,"401 N BRAND BLVD STE 816","GLENDALE","CA",91203,34.1518386980001,-118.255075404,184,"401 N BRAND BLVD STE 816, GLENDALE, CA, 91203","Match","Non_Exact","401 N BRAND BLVD, GLENDALE, CA, 91203",141608831,"L"
199185,"401 N BRAND BLVD UNIT L106K","GLENDALE","CA",91203,34.1518386980001,-118.255075404,185,"401 N BRAND BLVD UNIT L106K, GLENDALE, CA, 91203","Match","Non_Exact","401 N BRAND BLVD, GLENDALE, CA, 91203",141608831,"L"
199186,"401 N CARMELINA AVE","LOS ANGELES","CA",90049,34.0630671820001,-118.485427871,186,"401 N CARMELINA AVE, LOS ANGELES, CA, 90049","Match","Exact","401 N CARMELINA AVE, LOS ANGELES, CA, 90049",141558316,"L"
199187,"401 N CARROLL AVE SUITE127","SOUTHLAKE","TX",76092,NA,NA,187,"401 N CARROLL AVE SUITE127, SOUTHLAKE, TX, 76092","Tie",NA,NA,NA,NA
199188,"401 N DELAWARE STREET","INDIANAPOLIS","IN",46204,39.7726889050001,-86.154239318,188,"401 N DELAWARE STREET, INDIANAPOLIS, IN, 46204","Match","Exact","401 N DELAWARE ST, INDIANAPOLIS, IN, 46204",108027278,"R"
199189,"401 N DIVISION ST","ANN ARBOR","MI",48104,42.2839546430001,-83.74368064,189,"401 N DIVISION ST, ANN ARBOR, MI, 48104","Match","Exact","401 N DIVISION ST, ANN ARBOR, MI, 48104",26014566,"L"
199190,"401 N DIVISION","ANN ARBOR","MI",48104,42.2839546430001,-83.74368064,190,"401 N DIVISION, ANN ARBOR, MI, 48104","Match","Non_Exact","401 N DIVISION ST, ANN ARBOR, MI, 48104",26014566,"L"
199191,"401 N DUKE ST","DURHAM","NC",27701,36.002559019,-78.90624593,191,"401 N DUKE ST, DURHAM, NC, 27701","Match","Exact","401 N DUKE ST, DURHAM, NC, 27701",636546907,"L"
199192,"401 N EWING STREET","LANCASTER","OH",43130,39.71714632,-82.576657459,192,"401 N EWING STREET, LANCASTER, OH, 43130","Match","Exact","401 N EWING ST, LANCASTER, OH, 43130",37243040,"L"
199193,"401 N FAIRVIEW AVE","GOLETA","CA",93117,NA,NA,193,"401 N FAIRVIEW AVE, GOLETA, CA, 93117","Tie",NA,NA,NA,NA
199194,"401 N FRANKLIN ST","KIRKSVILLE","MO",63501,40.197272287,-92.583168937,194,"401 N FRANKLIN ST, KIRKSVILLE, MO, 63501","Match","Exact","401 N FRANKLIN ST, KIRKSVILLE, MO, 63501",24761815,"L"
199195,"401 N GIBBS ST","POMONA","CA",91767,34.0615768490001,-117.748092508,195,"401 N GIBBS ST, POMONA, CA, 91767","Match","Exact","401 N GIBBS ST, POMONA, CA, 91767",141733733,"L"
199196,"401 N GREAT NECK ROAD STE 119","VIRGINIA BEACH","VA",23454,NA,NA,196,"401 N GREAT NECK ROAD STE 119, VIRGINIA BEACH, VA, 23454","No_Match",NA,NA,NA,NA
199197,"401 N ILLINOIS APT 6G","INDIANAPOLIS","IN",46204,NA,NA,197,"401 N ILLINOIS APT 6G, INDIANAPOLIS, IN, 46204","No_Match",NA,NA,NA,NA
199198,"401 N LARKIN AVE","JOLIET","IL",60435,41.5299638020001,-88.12492022,198,"401 N LARKIN AVE, JOLIET, IL, 60435","Match","Exact","401 N LARKIN AVE, JOLIET, IL, 60435",111539698,"L"
199199,"401 N LONGSTREET STREET","KINGSTREE","SC",29556,33.669096933,-79.835353923,199,"401 N LONGSTREET STREET, KINGSTREE, SC, 29556","Match","Exact","401 N LONGSTREET ST, KINGSTREE, SC, 29556",29189460,"L"
199200,"401 N MAIN STREET","LAWRENCEVILLE","VA",23868,36.7595531950001,-77.847167336,200,"401 N MAIN STREET, LAWRENCEVILLE, VA, 23868","Match","Exact","401 N MAIN ST, LAWRENCEVILLE, VA, 23868",54041313,"L"
199201,"401 N MICHIGAN AVENUE SUITE 1200","CHICAGO","IL",60611,41.889996771,-87.6240133269999,201,"401 N MICHIGAN AVENUE SUITE 1200, CHICAGO, IL, 60611","Match","Exact","401 MICHIGAN AVE, CHICAGO, IL, 60611",633597410,"L"
199202,"401 N MICHIGAN AVENUE SUITE 1288","CHICAGO","IL",60611,41.889996771,-87.6240133269999,202,"401 N MICHIGAN AVENUE SUITE 1288, CHICAGO, IL, 60611","Match","Exact","401 MICHIGAN AVE, CHICAGO, IL, 60611",633597410,"L"
199203,"401 N MICHIGAN AVENUE SUITE 1818","CHICAGO","IL",60611,41.889996771,-87.6240133269999,203,"401 N MICHIGAN AVENUE SUITE 1818, CHICAGO, IL, 60611","Match","Exact","401 MICHIGAN AVE, CHICAGO, IL, 60611",633597410,"L"
199204,"401 N MILPAS ST UNIT C","SANTA BARBARA","CA",93103,NA,NA,204,"401 N MILPAS ST UNIT C, SANTA BARBARA, CA, 93103","Tie",NA,NA,NA,NA
199205,"401 N NOGALES ST","LA PUENTE","CA",91744,34.011958803,-117.88676749,205,"401 N NOGALES ST, LA PUENTE, CA, 91744","Match","Exact","401 NOGALES ST, LA PUENTE, CA, 91744",241154165,"R"
199206,"401 N ROSEMARY AVE","LAKE WORTH","FL",33467,NA,NA,206,"401 N ROSEMARY AVE, LAKE WORTH, FL, 33467","No_Match",NA,NA,NA,NA
199207,"401 N ROSEMARY AVE","WEST PALM BEACH","FL",33401,26.716275964,-80.056959809,207,"401 N ROSEMARY AVE, WEST PALM BEACH, FL, 33401","Match","Exact","401 N ROSEMARY AVE, WEST PALM BEACH, FL, 33401",115278477,"L"
199208,"401 N ROSEMARY AVENUE","WEST PALM BEACH","FL",33401,26.716275964,-80.056959809,208,"401 N ROSEMARY AVENUE, WEST PALM BEACH, FL, 33401","Match","Exact","401 N ROSEMARY AVE, WEST PALM BEACH, FL, 33401",115278477,"L"
199209,"401 N TRENTON ST","RUSTON","LA",71270,32.531557164,-92.6391104739999,209,"401 N TRENTON ST, RUSTON, LA, 71270","Match","Exact","401 N TRENTON ST, RUSTON, LA, 71270",164092202,"L"
199210,"401 N TROJAN BLVD","COLLINWOOD","TN",38450,35.185497888,-87.746738624,210,"401 N TROJAN BLVD, COLLINWOOD, TN, 38450","Match","Exact","401 TROJAN BLVD, COLLINWOOD, TN, 38450",607006263,"L"
199211,"401 N TRYON STREET 10TH FLOOR","CHARLOTTE","NC",28202,NA,NA,211,"401 N TRYON STREET 10TH FLOOR, CHARLOTTE, NC, 28202","Tie",NA,NA,NA,NA
199212,"401 N VICTORY DRIVE","TIFTON","GA",31794,31.4588818140001,-83.518141385,212,"401 N VICTORY DRIVE, TIFTON, GA, 31794","Match","Non_Exact","401 VICTORY DR N, TIFTON, GA, 31794",87773559,"R"
199213,"401 N WICKHAM RD SUITE 135","MELBOURNE","FL",32935,28.1111174540001,-80.672614312,213,"401 N WICKHAM RD SUITE 135, MELBOURNE, FL, 32935","Match","Non_Exact","401 N WICKHAM RD, MELBOURNE, FL, 32935",601723021,"R"
199214,"401 NC 54 BYPASS APT D22","CARRBORO","NC",27510,NA,NA,214,"401 NC 54 BYPASS APT D22, CARRBORO, NC, 27510","No_Match",NA,NA,NA,NA
199215,"401 NE 10TH AVE","CANBY","OR",97013,45.270266393,-122.690800863,215,"401 NE 10TH AVE, CANBY, OR, 97013","Match","Exact","401 NE 10TH AVE, CANBY, OR, 97013",157911661,"L"
199216,"401 NE 191ST ST APT 202","MIAMI","FL",33179,25.950398863,-80.192710411,216,"401 NE 191ST ST APT 202, MIAMI, FL, 33179","Match","Non_Exact","401 NE 191ST ST, MIAMI, FL, 33179",116292483,"L"
199217,"401 NE 19TH AVE STE 76","DEERFIELD BEACH","FL",33441,NA,NA,217,"401 NE 19TH AVE STE 76, DEERFIELD BEACH, FL, 33441","Tie",NA,NA,NA,NA
199218,"401 NE 19TH AVE UNIT 62","DEERFIELD BEACH","FL",33441,NA,NA,218,"401 NE 19TH AVE UNIT 62, DEERFIELD BEACH, FL, 33441","Tie",NA,NA,NA,NA
199219,"401 NE 1ST STREET PO BOX 583","ENTERPRISE","OR",97828,NA,NA,219,"401 NE 1ST STREET PO BOX 583, ENTERPRISE, OR, 97828","Tie",NA,NA,NA,NA
199220,"401 NE FIRST STREET - SUITE A","ENTERPRISE","OR",97828,NA,NA,220,"401 NE FIRST STREET - SUITE A, ENTERPRISE, OR, 97828","Tie",NA,NA,NA,NA
199221,"401 NEEDHAM DR","GARLAND","TX",75044,32.9782040760001,-96.625806793,221,"401 NEEDHAM DR, GARLAND, TX, 75044","Match","Exact","401 NEEDHAM DR, GARLAND, TX, 75044",624443885,"R"
199222,"401 NEUSE BEND ROAD","SMITHFIELD","NC",27577,35.4014840630001,-78.225225705,222,"401 NEUSE BEND ROAD, SMITHFIELD, NC, 27577","Match","Exact","401 NEUSE BEND RD, SMITHFIELD, NC, 27577",26531387,"R"
199223,"401 NEVADA AVE","MORRIS","MN",56267,45.584135937,-95.91659033,223,"401 NEVADA AVE, MORRIS, MN, 56267","Match","Exact","401 NEVADA AVE, MORRIS, MN, 56267",165148276,"L"
199224,"401 NEW YORK AVENUE NW","WASHINGTON","DC",20001,38.9046390290001,-77.017032458,224,"401 NEW YORK AVENUE NW, WASHINGTON, DC, 20001","Match","Exact","401 NEW YORK AVE NW, WASHINGTON, DC, 20001",76226514,"R"
199225,"401 NORMANDY RIDGE RD","DAYTON","OH",45459,39.6412066510001,-84.1713833329999,225,"401 NORMANDY RIDGE RD, DAYTON, OH, 45459","Match","Exact","401 NORMANDY RIDGE RD, DAYTON, OH, 45459",143583801,"R"
199226,"401 NORTH 15TH STREET","CORDELE","GA",31015,31.974985168,-83.794403267,226,"401 NORTH 15TH STREET, CORDELE, GA, 31015","Match","Non_Exact","401 15TH ST, CORDELE, GA, 31015",15653316,"L"
199227,"401 NORTH COLLEGE AVENUE","INDIANAPOLIS","IN",46204,NA,NA,227,"401 NORTH COLLEGE AVENUE, INDIANAPOLIS, IN, 46204","No_Match",NA,NA,NA,NA
199228,"401 NORTH DELAWARE STREET","INDIANAPOLIS","IN",46204,39.7726889050001,-86.154239318,228,"401 NORTH DELAWARE STREET, INDIANAPOLIS, IN, 46204","Match","Exact","401 N DELAWARE ST, INDIANAPOLIS, IN, 46204",108027278,"R"
199229,"401 NORTH DIVISION STREET","ANN ARBOR","MI",48104,42.2839546430001,-83.74368064,229,"401 NORTH DIVISION STREET, ANN ARBOR, MI, 48104","Match","Exact","401 N DIVISION ST, ANN ARBOR, MI, 48104",26014566,"L"
199230,"401 NORTH DOWNEY ST","WEST BRANCH","IA",52358,41.6747396870001,-91.3465582809999,230,"401 NORTH DOWNEY ST, WEST BRANCH, IA, 52358","Match","Exact","401 N DOWNEY ST, WEST BRANCH, IA, 52358",16702660,"R"
199231,"401 NORTH GRAND BLVD","GARY","IN",46403,41.611213718,-87.2611557129999,231,"401 NORTH GRAND BLVD, GARY, IN, 46403","Match","Exact","401 N GRAND BLVD, GARY, IN, 46403",98427891,"R"
199232,"401 NORTH MAIN STREET","CENTERVIEW","MO",64019,38.747398,-93.845011885,232,"401 NORTH MAIN STREET, CENTERVIEW, MO, 64019","Match","Exact","401 N MAIN ST, CENTERVIEW, MO, 64019",95345259,"R"
199233,"401 NORTH MECHANIC STREET","FREDERICKSBURG","PA",17026,40.4581077280001,-76.436803872,233,"401 NORTH MECHANIC STREET, FREDERICKSBURG, PA, 17026","Match","Exact","401 N MECHANIC ST, FREDERICKSBURG, PA, 17026",80668219,"L"
199234,"401 NORTH MICHIGAN AVE SUITE 1725","CHICAGO","IL",60611,41.889979039,-87.624012326,234,"401 NORTH MICHIGAN AVE SUITE 1725, CHICAGO, IL, 60611","Match","Non_Exact","401 MICHIGAN AVE, CHICAGO, IL, 60611",633597410,"L"
199235,"401 NORTH PARHAM ROAD","RICHMOND","VA",23229,37.580026876,-77.569292285,235,"401 NORTH PARHAM ROAD, RICHMOND, VA, 23229","Match","Exact","401 N PARHAM RD, RICHMOND, VA, 23229",106690164,"R"
199236,"401 NORTH WEST ST","COUDERSPORT","PA",16915,41.776534923,-78.0220896979999,236,"401 NORTH WEST ST, COUDERSPORT, PA, 16915","Match","Exact","401 N WEST ST, COUDERSPORT, PA, 16915",618282720,"R"
199237,"401 NORTH WISE ROAD","SALUDA","SC",29138,34.0050158880001,-81.7797844409999,237,"401 NORTH WISE ROAD, SALUDA, SC, 29138","Match","Exact","401 N WISE RD, SALUDA, SC, 29138",65522837,"L"
199238,"401 NORTHERN RED OAK DRIVE","SUMMERVILLE","SC",29486,NA,NA,238,"401 NORTHERN RED OAK DRIVE, SUMMERVILLE, SC, 29486","No_Match",NA,NA,NA,NA
199239,"401 NORTHGATE DRIVE","MODESTO","CA",95350,37.67623737,-120.998680083,239,"401 NORTHGATE DRIVE, MODESTO, CA, 95350","Match","Exact","401 NORTHGATE DR, MODESTO, CA, 95350",102603680,"R"
199240,"401 NORTHWESTERN PARKWAY","LOUISVILLE","KY",40212,38.2719713270001,-85.8181706509999,240,"401 NORTHWESTERN PARKWAY, LOUISVILLE, KY, 40212","Match","Exact","401 NORTHWESTERN PKWY, LOUISVILLE, KY, 40212",96835854,"R"
199241,"401 NOTTAWAY LANE","ALPHARETTA","GA",30009,34.0679872440001,-84.2919748369999,241,"401 NOTTAWAY LANE, ALPHARETTA, GA, 30009","Match","Exact","401 NOTTAWAY LN, ALPHARETTA, GA, 30009",642888715,"R"
199242,"401 NW 12TH STREET","MIAMI","FL",33136,NA,NA,242,"401 NW 12TH STREET, MIAMI, FL, 33136","No_Match",NA,NA,NA,NA
199243,"401 NW 38TH CT","MIAMI","FL",33126,25.776111589,-80.25835067,243,"401 NW 38TH CT, MIAMI, FL, 33126","Match","Exact","401 NW 38TH CT, MIAMI, FL, 33126",116010463,"R"
199244,"401 NW 42ND STREET","MIAMI","FL",33127,25.8147003070001,-80.202655917,244,"401 NW 42ND STREET, MIAMI, FL, 33127","Match","Exact","401 NW 42ND ST, MIAMI, FL, 33127",116007411,"R"
199245,"401 NW DOUGLAS ST","DALLAS","OR",97338,44.9339775870001,-123.32607405,245,"401 NW DOUGLAS ST, DALLAS, OR, 97338","Match","Exact","401 NW DOUGLAS ST, DALLAS, OR, 97338",155770628,"L"
199246,"401 OAK ROAD","OCALA","FL",34472,29.082603448,-82.003943653,246,"401 OAK ROAD, OCALA, FL, 34472","Match","Exact","401 OAK RD, OCALA, FL, 34472",116759432,"L"
199247,"401 OAK ST","MERKEL","TX",79536,32.4666241370001,-100.012835919,247,"401 OAK ST, MERKEL, TX, 79536","Match","Non_Exact","401 S OAK ST, MERKEL, TX, 79536",129952972,"R"
199248,"401 OAK STREET","MICHIGAN CITY","IN",46360,NA,NA,248,"401 OAK STREET, MICHIGAN CITY, IN, 46360","No_Match",NA,NA,NA,NA
199249,"401 OAKCLIFF AVE","NORTH CHESTERFIELD","VA",23236,37.496553271,-77.597988188,249,"401 OAKCLIFF AVE, NORTH CHESTERFIELD, VA, 23236","Match","Exact","401 OAKCLIFF AVE, NORTH CHESTERFIELD, VA, 23236",201531182,"R"
199250,"401 OAKHURST STREET","KERNERSVILLE","NC",27284,36.1209961530001,-80.0800604199999,250,"401 OAKHURST STREET, KERNERSVILLE, NC, 27284","Match","Exact","401 OAKHURST ST, KERNERSVILLE, NC, 27284",84680516,"L"
199251,"401 OBERLIN ROAD APT 218","RALEIGH","NC",27605,35.78944805,-78.662985232,251,"401 OBERLIN ROAD APT 218, RALEIGH, NC, 27605","Match","Exact","401 OBERLIN RD, RALEIGH, NC, 27605",72502487,"L"
199252,"401 OGLETOWN RD UNIT 5877","NEWARK","DE",19714,39.6845158740001,-75.7363734799999,252,"401 OGLETOWN RD UNIT 5877, NEWARK, DE, 19714","Match","Non_Exact","401 OGLETOWN RD, NEWARK, DE, 19711",187285511,"R"
199253,"401 OLD FARM ROAD","PHILADELPHIA","PA",19095,40.0833980630001,-75.159247185,253,"401 OLD FARM ROAD, PHILADELPHIA, PA, 19095","Match","Non_Exact","401 OLD FARM RD, WYNCOTE, PA, 19095",135093822,"R"
199254,"401 PACIFIC STREET","BROOKLYN","NY",11217,40.6861163670001,-73.9847774689999,254,"401 PACIFIC STREET, BROOKLYN, NY, 11217","Match","Exact","401 PACIFIC ST, BROOKLYN, NY, 11217",59075377,"L"
199255,"401 PALOMA AVE","PACIFICA","CA",94044,37.6368370500001,-122.485038151,255,"401 PALOMA AVE, PACIFICA, CA, 94044","Match","Exact","401 PALOMA AVE, PACIFICA, CA, 94044",192369433,"L"
199256,"401 PARK AVENUE APT 700","CALUMET CITY","IL",60409,NA,NA,256,"401 PARK AVENUE APT 700, CALUMET CITY, IL, 60409","No_Match",NA,NA,NA,NA
199257,"401 PARK AVENUE","WINTER PARK","FL",32789,NA,NA,257,"401 PARK AVENUE, WINTER PARK, FL, 32789","Tie",NA,NA,NA,NA
199258,"401 PARK DRIVE SUITE 404","BOSTON","MA",2215,42.344460472,-71.103817927,258,"401 PARK DRIVE SUITE 404, BOSTON, MA, 2215","Match","Exact","401 PARK DR, BOSTON, MA, 02215",85725477,"R"
199259,"401 PARKFIELD DR","APEX","NC",27502,35.72949686,-78.828283788,259,"401 PARKFIELD DR, APEX, NC, 27502","Match","Exact","401 PARKFIELD DR, APEX, NC, 27502",618493331,"L"
199260,"401 PECAN PKWY","BOERNE","TX",78006,29.9098922420001,-98.7629495749999,260,"401 PECAN PKWY, BOERNE, TX, 78006","Match","Exact","401 PECAN PKWY, BOERNE, TX, 78006",652063325,"R"
199261,"401 PIKE STREET  SW APT 207","WILSON","NC",27893,35.717802212,-77.9377782139999,261,"401 PIKE STREET  SW APT 207, WILSON, NC, 27893","Match","Exact","401 PIKE ST SW, WILSON, NC, 27893",640665348,"L"
199262,"401 PINCKNEY STREET","GREENVILLE","SC",29601,34.861520425,-82.4100919959999,262,"401 PINCKNEY STREET, GREENVILLE, SC, 29601","Match","Exact","401 PINCKNEY ST, GREENVILLE, SC, 29601",38299732,"L"
199263,"401 PINE STREET","SAINT LOUIS","MO",63102,38.626695834,-90.1882932299999,263,"401 PINE STREET, SAINT LOUIS, MO, 63102","Match","Exact","401 PINE ST, SAINT LOUIS, MO, 63102",107605802,"R"
199264,"401 PINNACLE LANE PO BOX 988","DORSET","VT",5251,43.2602647300001,-73.097293091,264,"401 PINNACLE LANE PO BOX 988, DORSET, VT, 5251","Match","Exact","401 PINNACLE LN, DORSET, VT, 05251",637096458,"L"
199265,"401 PLEASANT STREET","MALDEN","MA",2148,42.42646918,-71.08190992,265,"401 PLEASANT STREET, MALDEN, MA, 2148","Match","Exact","401 PLEASANT ST, MALDEN, MA, 02148",86859868,"R"
199266,"401 PRIMROSE LN","MONETT","MO",65708,36.932085005,-93.932389857,266,"401 PRIMROSE LN, MONETT, MO, 65708","Match","Exact","401 PRIMROSE LN, MONETT, MO, 65708",99871960,"R"
199267,"401 PYRENESS DRIVE","COLUMBIA","MO",65203,38.951005659,-92.384209087,267,"401 PYRENESS DRIVE, COLUMBIA, MO, 65203","Match","Non_Exact","401 PYRENEES DR, COLUMBIA, MO, 65203",23493596,"R"
199268,"401 RADIANT VIEW DRIVE","ELLENSBURG","WA",98926,46.998982175,-120.651054224,268,"401 RADIANT VIEW DRIVE, ELLENSBURG, WA, 98926","Match","Exact","401 RADIANT VIEW DR, ELLENSBURG, WA, 98926",630034612,"R"
199269,"401 REED LANE C/O ALLISON DENTON","LEXINGTON","KY",40503,38.025429085,-84.52623149,269,"401 REED LANE C/O ALLISON DENTON, LEXINGTON, KY, 40503","Match","Exact","401 REED LN, LEXINGTON, KY, 40503",31922494,"R"
199270,"401 REED LANE","LEXINGTON","KY",40503,38.025429085,-84.52623149,270,"401 REED LANE, LEXINGTON, KY, 40503","Match","Exact","401 REED LN, LEXINGTON, KY, 40503",31922494,"R"
199271,"401 RENDALE PLACE","TROTWOOD","OH",45426,39.80221505,-84.30400764,271,"401 RENDALE PLACE, TROTWOOD, OH, 45426","Match","Exact","401 RENDALE PL, TROTWOOD, OH, 45426",143562373,"L"
199272,"401 ROBINWOOD AVENUE","WHITEHALL","OH",43213,39.9651401570001,-82.8967187659999,272,"401 ROBINWOOD AVENUE, WHITEHALL, OH, 43213","Match","Exact","401 ROBINWOOD AVE, WHITEHALL, OH, 43213",218518368,"R"
199273,"401 ROCK RUN ROAD","ELIZABETH","PA",15037,40.273756609,-79.8285389339999,273,"401 ROCK RUN ROAD, ELIZABETH, PA, 15037","Match","Exact","401 ROCK RUN RD, ELIZABETH, PA, 15037",629095016,"L"
199274,"401 ROCKEFELLER UNIT 801","IRVINE","CA",92612,33.676926581,-117.848000338,274,"401 ROCKEFELLER UNIT 801, IRVINE, CA, 92612","Match","Exact","401 ROCKEFELLER, IRVINE, CA, 92612",637085612,"L"
199275,"401 ROSA STREET","PICAYUNE","MS",39466,30.5212050100001,-89.6870450709999,275,"401 ROSA STREET, PICAYUNE, MS, 39466","Match","Exact","401 ROSA ST, PICAYUNE, MS, 39466",640446542,"L"
199276,"401 ROSE GARDEN LANE APT D","BENTONVILLE","AR",72712,36.36013905,-94.212083546,276,"401 ROSE GARDEN LANE APT D, BENTONVILLE, AR, 72712","Match","Exact","401 ROSE GARDEN LN, BENTONVILLE, AR, 72712",47848994,"L"
199277,"401 ROSENEATH ST","JACKSON","MS",39203,32.3076703630001,-90.207071528,277,"401 ROSENEATH ST, JACKSON, MS, 39203","Match","Non_Exact","401 ROSENEATH AVE, JACKSON, MS, 39203",65369901,"R"
199278,"401 ROSEWOOD AVE","MARTINSVILLE","VA",24115,36.714767678,-79.826578378,278,"401 ROSEWOOD AVE, MARTINSVILLE, VA, 24115","Match","Non_Exact","401 ROSEWOOD AVE, MARTINSVILLE, VA, 24112",55537658,"L"
199279,"401 ROUTE 271","LIGONIER","PA",15658,40.254669703,-79.1695737009999,279,"401 ROUTE 271, LIGONIER, PA, 15658","Match","Non_Exact","401 STATE RTE 271, LIGONIER, PA, 15658",52951257,"R"
199280,"401 RUTLAND DRIVE","CHARLOTTE","NC",28217,35.173823729,-80.8924567299999,280,"401 RUTLAND DRIVE, CHARLOTTE, NC, 28217","Match","Exact","401 RUTLAND DR, CHARLOTTE, NC, 28217",70486218,"L"
199281,"401 RYLAND ST  SUITE 200A","RENO","NV",89502,39.5237837510001,-119.806418922,281,"401 RYLAND ST  SUITE 200A, RENO, NV, 89502","Match","Exact","401 RYLAND ST, RENO, NV, 89502",107051813,"L"
199282,"401 RYLAND ST STE 200-A","RENO","NV",89502,39.5237837510001,-119.806418922,282,"401 RYLAND ST STE 200-A, RENO, NV, 89502","Match","Exact","401 RYLAND ST, RENO, NV, 89502",107051813,"L"
199283,"401 RYLAND ST STE 200-A","RENO","SD",89502,NA,NA,283,"401 RYLAND ST STE 200-A, RENO, SD, 89502","No_Match",NA,NA,NA,NA
199284,"401 RYLAND ST SUITE 200 A","RENO","NV",89502,39.5237837510001,-119.806418922,284,"401 RYLAND ST SUITE 200 A, RENO, NV, 89502","Match","Exact","401 RYLAND ST, RENO, NV, 89502",107051813,"L"
199285,"401 RYLAND ST SUITE 200-A","RENO","NV",89502,39.5237837510001,-119.806418922,285,"401 RYLAND ST SUITE 200-A, RENO, NV, 89502","Match","Exact","401 RYLAND ST, RENO, NV, 89502",107051813,"L"
199286,"401 RYLAND STREET  SUITE 200-A","RENO","NV",89592,39.5237837510001,-119.806418922,286,"401 RYLAND STREET  SUITE 200-A, RENO, NV, 89592","Match","Non_Exact","401 RYLAND ST, RENO, NV, 89502",107051813,"L"
199287,"401 RYLAND STREET STE 200-A","RENO","NV",89502,39.5237837510001,-119.806418922,287,"401 RYLAND STREET STE 200-A, RENO, NV, 89502","Match","Exact","401 RYLAND ST, RENO, NV, 89502",107051813,"L"
199288,"401 RYLAND STREET SUITE 200 A","RENO","NV",89502,39.5237837510001,-119.806418922,288,"401 RYLAND STREET SUITE 200 A, RENO, NV, 89502","Match","Exact","401 RYLAND ST, RENO, NV, 89502",107051813,"L"
199289,"401 RYLAND STREET SUITE 200-A","RENO","NV",89502,39.5237837510001,-119.806418922,289,"401 RYLAND STREET SUITE 200-A, RENO, NV, 89502","Match","Exact","401 RYLAND ST, RENO, NV, 89502",107051813,"L"
199290,"401 RYLAND STREET-SUITE 201","RENO","NV",89502,39.5237837510001,-119.806418922,290,"401 RYLAND STREET-SUITE 201, RENO, NV, 89502","Match","Non_Exact","401 RYLAND ST, RENO, NV, 89502",107051813,"L"
199291,"401 S 39TH ST","OMAHA","NE",68131,41.2572174650001,-95.971899725,291,"401 S 39TH ST, OMAHA, NE, 68131","Match","Exact","401 S 39TH ST, OMAHA, NE, 68131",117020406,"L"
199292,"401 S ARDMORE AVE APT 327","LOS ANGELES","CA",90020,NA,NA,292,"401 S ARDMORE AVE APT 327, LOS ANGELES, CA, 90020","No_Match",NA,NA,NA,NA
199293,"401 S BOSTON AVE STE 2700","TULSA","OK",74103,NA,NA,293,"401 S BOSTON AVE STE 2700, TULSA, OK, 74103","Tie",NA,NA,NA,NA
199294,"401 S BURNSIDE AVENUE APT 11E","LOS ANGELES","CA",90036,34.067125441,-118.351691618,294,"401 S BURNSIDE AVENUE APT 11E, LOS ANGELES, CA, 90036","Match","Non_Exact","401 S BURNSIDE AVE, LOS ANGELES, CA, 90036",141599169,"R"
199295,"401 S COUNTY RD 20","OZARK","AL",36360,31.4623752470001,-85.5619153659999,295,"401 S COUNTY RD 20, OZARK, AL, 36360","Match","Exact","401 CO RD 20, OZARK, AL, 36360",639014259,"R"
199296,"401 S COUNTY ROAD UNIT 2448","PALM BEACH","FL",33480,NA,NA,296,"401 S COUNTY ROAD UNIT 2448, PALM BEACH, FL, 33480","Tie",NA,NA,NA,NA
199297,"401 S DWIGHT AVE","MONAHANS","TX",79756,31.593052707,-102.887780065,297,"401 S DWIGHT AVE, MONAHANS, TX, 79756","Match","Exact","401 S DWIGHT AVE, MONAHANS, TX, 79756",182586518,"L"
199298,"401 S ELIZABETH STREET","WHITEWATER","WI",53190,42.828682702,-88.753069935,298,"401 S ELIZABETH STREET, WHITEWATER, WI, 53190","Match","Exact","401 S ELIZABETH ST, WHITEWATER, WI, 53190",53663164,"R"
199299,"401 S HAMILTON STREET","GARY","IN",46403,41.60242005,-87.269324516,299,"401 S HAMILTON STREET, GARY, IN, 46403","Match","Exact","401 S HAMILTON ST, GARY, IN, 46403",606317274,"L"
199300,"401 S HARBOR BLVD SUITE F217","LA HABRA","CA",90631,NA,NA,300,"401 S HARBOR BLVD SUITE F217, LA HABRA, CA, 90631","Tie",NA,NA,NA,NA
199301,"401 S JEFFERSON AVE","LEBANON","MO",65536,37.6782502550001,-92.660847184,301,"401 S JEFFERSON AVE, LEBANON, MO, 65536","Match","Exact","401 S JEFFERSON AVE, LEBANON, MO, 65536",26098718,"L"
199302,"401 S LA FAYETTE PARK PL 406","LOS ANGLES","CA",90057,NA,NA,302,"401 S LA FAYETTE PARK PL 406, LOS ANGLES, CA, 90057","No_Match",NA,NA,NA,NA
199303,"401 S LAFAYETTE PARK PLACE APT 411","LOS ANGELES","CA",90057,34.065818876,-118.281421095,303,"401 S LAFAYETTE PARK PLACE APT 411, LOS ANGELES, CA, 90057","Match","Non_Exact","401 S LA FAYETTE PARK PL, LOS ANGELES, CA, 90057",648858935,"R"
199304,"401 S LASALLE ST  STE 901","CHICAGO","IL",60605,41.8767799300001,-87.631760189,304,"401 S LASALLE ST  STE 901, CHICAGO, IL, 60605","Match","Non_Exact","401 S LA SALLE ST, CHICAGO, IL, 60605",111769601,"L"
199305,"401 S MARIPOSA ST","PAYSON","AZ",85541,34.235612856,-111.321782585,305,"401 S MARIPOSA ST, PAYSON, AZ, 85541","Match","Exact","401 S MARIPOSA ST, PAYSON, AZ, 85541",159323219,"R"
199306,"401 S MARISPOSA","PAYSON","AZ",85541,NA,NA,306,"401 S MARISPOSA, PAYSON, AZ, 85541","No_Match",NA,NA,NA,NA
199307,"401 S MONROE ST","FREEBURG","IL",62243,38.4233700710001,-89.912148584,307,"401 S MONROE ST, FREEBURG, IL, 62243","Match","Exact","401 S MONROE ST, FREEBURG, IL, 62243",107848658,"R"
199308,"401 S OLD WOODWARD AVENUE STE 460","BIRMINGHAM","MI",48009,NA,NA,308,"401 S OLD WOODWARD AVENUE STE 460, BIRMINGHAM, MI, 48009","No_Match",NA,NA,NA,NA
199309,"401 S PALESTINE SUITE 167","ATHENS","TX",75751,NA,NA,309,"401 S PALESTINE SUITE 167, ATHENS, TX, 75751","No_Match",NA,NA,NA,NA
199310,"401 S PALM ST","LA HABRA","CA",90631,33.93014149,-117.924345266,310,"401 S PALM ST, LA HABRA, CA, 90631","Match","Exact","401 S PALM ST, LA HABRA, CA, 90631",144006329,"L"
199311,"401 S PINE ST","VALLEY","NE",68064,41.315317603,-96.341617019,311,"401 S PINE ST, VALLEY, NE, 68064","Match","Non_Exact","401 N PINE ST, VALLEY, NE, 68064",117026143,"R"
199312,"401 S POPLAR","STRATFORD","TX",79084,NA,NA,312,"401 S POPLAR, STRATFORD, TX, 79084","No_Match",NA,NA,NA,NA
199313,"401 S ROYAL ST","ROYALTON","IL",62983,37.8768655960001,-89.112857982,313,"401 S ROYAL ST, ROYALTON, IL, 62983","Match","Exact","401 S ROYAL ST, ROYALTON, IL, 62983",92934932,"R"
199314,"401 S TRINITY","DECATUR","TX",76234,33.2320044350001,-97.586516035,314,"401 S TRINITY, DECATUR, TX, 76234","Match","Non_Exact","401 S TRINITY ST, DECATUR, TX, 76234",103665347,"R"
199315,"401 S UNIVERSITY","FARGO","ND",58103,NA,NA,315,"401 S UNIVERSITY, FARGO, ND, 58103","No_Match",NA,NA,NA,NA
199316,"401 S WADDILL ST","MCKINNEY","TX",75069,33.1951497320001,-96.626797515,316,"401 S WADDILL ST, MCKINNEY, TX, 75069","Match","Exact","401 S WADDILL ST, MCKINNEY, TX, 75069",123492082,"R"
199317,"401 SADDLEBROOK CT","COVINGTON","LA",70435,30.51970629,-90.1541585689999,317,"401 SADDLEBROOK CT, COVINGTON, LA, 70435","Match","Exact","401 SADDLEBROOK CT, COVINGTON, LA, 70435",611483808,"L"
199318,"401 SAN FELIPE RD STE G","HOLLISTER","CA",95023,36.8623189510001,-121.401426161,318,"401 SAN FELIPE RD STE G, HOLLISTER, CA, 95023","Match","Exact","401 SAN FELIPE RD, HOLLISTER, CA, 95023",125455543,"R"
199319,"401 SAN FELIPE ROAD SUITE G","HOLLISTER","CA",95023,36.8623189510001,-121.401426161,319,"401 SAN FELIPE ROAD SUITE G, HOLLISTER, CA, 95023","Match","Exact","401 SAN FELIPE RD, HOLLISTER, CA, 95023",125455543,"R"
199320,"401 SANDUSKY LN","SIMPSONVILLE","SC",29680,NA,NA,320,"401 SANDUSKY LN, SIMPSONVILLE, SC, 29680","No_Match",NA,NA,NA,NA
199321,"401 SAULSBURY STREET","LAKEWOOD","CO",80226,39.7231922390001,-105.075546404,321,"401 SAULSBURY STREET, LAKEWOOD, CO, 80226","Match","Exact","401 SAULSBURY ST, LAKEWOOD, CO, 80226",177320172,"L"
199322,"401 SE 15TH AVE","FORT LAUDERDALE","FL",33301,26.118328202,-80.1285237439999,322,"401 SE 15TH AVE, FORT LAUDERDALE, FL, 33301","Match","Exact","401 SE 15TH AVE, FORT LAUDERDALE, FL, 33301",114723349,"R"
199323,"401 SE 6TH STREET STE 201","EVANSVILLE","IN",47713,37.969242186,-87.566174093,323,"401 SE 6TH STREET STE 201, EVANSVILLE, IN, 47713","Match","Non_Exact","401 SE 6TH ST, EVANSVILLE, IN, 47713",39782626,"R"
199324,"401 SEAGULL ROAD","BALTIMORE","MD",21225,39.2486671120001,-76.6174231859999,324,"401 SEAGULL ROAD, BALTIMORE, MD, 21225","Match","Non_Exact","401 SEAGULL AVE, BALTIMORE, MD, 21225",206438026,"L"
199325,"401 SHASTA PL","PALMDALE","CA",93550,34.5438296290001,-118.122690432,325,"401 SHASTA PL, PALMDALE, CA, 93550","Match","Exact","401 SHASTA PL, PALMDALE, CA, 93550",141836293,"R"
199326,"401 SLEEPY VALLEY RD","MADISONVILLE","TN",37354,35.431694291,-84.414987417,326,"401 SLEEPY VALLEY RD, MADISONVILLE, TN, 37354","Match","Exact","401 SLEEPY VALLEY RD, MADISONVILLE, TN, 37354",615413093,"R"
199327,"401 SOLIDA ROAD","SOUTH POINT","OH",45680,38.420420441,-82.579100366,327,"401 SOLIDA ROAD, SOUTH POINT, OH, 45680","Match","Exact","401 SOLIDA RD, SOUTH POINT, OH, 45680",55014417,"R"
199328,"401 SOUNDVIEW ROAD","GUILFORD","CT",6437,41.287651704,-72.663534732,328,"401 SOUNDVIEW ROAD, GUILFORD, CT, 6437","Match","Exact","401 SOUNDVIEW RD, GUILFORD, CT, 06437",604745963,"R"
199329,"401 SOUTH 2ND STREET","LOUISVILLE","KY",40202,38.2525465250001,-85.753863253,329,"401 SOUTH 2ND STREET, LOUISVILLE, KY, 40202","Match","Exact","401 S 2ND ST, LOUISVILLE, KY, 40202",96844720,"L"
199330,"401 SOUTH ARDMORE AVE SUITE 327","LOS ANGELES","CA",90020,NA,NA,330,"401 SOUTH ARDMORE AVE SUITE 327, LOS ANGELES, CA, 90020","No_Match",NA,NA,NA,NA
199331,"401 SOUTH BURNSIDE AVE/ SUITE 11M","LOS ANGELES","CA",90036,34.067125441,-118.351691618,331,"401 SOUTH BURNSIDE AVE/ SUITE 11M, LOS ANGELES, CA, 90036","Match","Non_Exact","401 S BURNSIDE AVE, LOS ANGELES, CA, 90036",141599169,"R"
199332,"401 SOUTH COUNTY ROAD NUMBER 2943","PALM BEACH","FL",33480,26.7015773740001,-80.036502231,332,"401 SOUTH COUNTY ROAD NUMBER 2943, PALM BEACH, FL, 33480","Match","Exact","401 S COUNTY RD, PALM BEACH, FL, 33480",115279876,"L"
199333,"401 SOUTH ELM ST PO BOX 98","RUSHFORD","MN",55971,43.807749888,-91.754566921,333,"401 SOUTH ELM ST PO BOX 98, RUSHFORD, MN, 55971","Match","Exact","401 S ELM ST, RUSHFORD, MN, 55971",608263629,"L"
199334,"401 SOUTH GOVERNORS AVENUE","DOVER","DE",19904,39.155552614,-75.52615294,334,"401 SOUTH GOVERNORS AVENUE, DOVER, DE, 19904","Match","Exact","401 S GOVERNORS AVE, DOVER, DE, 19904",68088516,"R"
199335,"401 SOUTH JACKSON STREET","JACKSON","MI",49201,42.2446303930001,-84.4087928609999,335,"401 SOUTH JACKSON STREET, JACKSON, MI, 49201","Match","Exact","401 S JACKSON ST, JACKSON, MI, 49201",17616942,"L"
199336,"401 SOUTH LOCUST STREET","FLOYD","VA",24091,36.908972184,-80.318505597,336,"401 SOUTH LOCUST STREET, FLOYD, VA, 24091","Match","Exact","401 S LOCUST ST, FLOYD, VA, 24091",79786508,"R"
199337,"401 SOUTH MAIN STREET","DIAMOND","MO",64840,36.992045687,-94.314966584,337,"401 SOUTH MAIN STREET, DIAMOND, MO, 64840","Match","Exact","401 S MAIN ST, DIAMOND, MO, 64840",55971425,"R"
199338,"401 SOUTH MERCER STREET","LINESVILLE","PA",16424,41.651986945,-80.425500466,338,"401 SOUTH MERCER STREET, LINESVILLE, PA, 16424","Match","Exact","401 S MERCER ST, LINESVILLE, PA, 16424",634675667,"R"
199339,"401 SOUTH MERIDIAN STREET","LEBANON","IN",46052,40.0448471620001,-86.468041663,339,"401 SOUTH MERIDIAN STREET, LEBANON, IN, 46052","Match","Exact","401 S MERIDIAN ST, LEBANON, IN, 46052",29252810,"R"
199340,"401 SOUTH WASHINGTON STREET","HOPE","AR",71801,33.6642684130001,-93.5981766369999,340,"401 SOUTH WASHINGTON STREET, HOPE, AR, 71801","Match","Exact","401 S WASHINGTON ST, HOPE, AR, 71801",10860594,"R"
199341,"401 SOUTHWEST DR","SILVER SPRING","MD",20901,39.0377661380001,-77.002883197,341,"401 SOUTHWEST DR, SILVER SPRING, MD, 20901","Match","Exact","401 SOUTHWEST DR, SILVER SPRING, MD, 20901",637904229,"R"
199342,"401 SPRING ST","STEVENSVILLE","MT",59870,46.5072638070001,-114.086735407,342,"401 SPRING ST, STEVENSVILLE, MT, 59870","Match","Exact","401 SPRING ST, STEVENSVILLE, MT, 59870",639163011,"R"
199343,"401 SR 26","MELROSE","FL",32666,29.7102268850001,-82.0392330339999,343,"401 SR 26, MELROSE, FL, 32666","Match","Non_Exact","401 STATE HWY 26, MELROSE, FL, 32666",613346749,"R"
199344,"401 ST JOHNS DRIVE","SHERMAN","IL",62684,NA,NA,344,"401 ST JOHNS DRIVE, SHERMAN, IL, 62684","No_Match",NA,NA,NA,NA
199345,"401 STATE STREET","EMMETSBURG","IA",50536,43.116423594,-94.687676131,345,"401 STATE STREET, EMMETSBURG, IA, 50536","Match","Exact","401 STATE ST, EMMETSBURG, IA, 50536",9879694,"L"
199346,"401 STOCKTON STREET","JACKSONVILLE","FL",32204,30.3244837170001,-81.6915101709999,346,"401 STOCKTON STREET, JACKSONVILLE, FL, 32204","Match","Exact","401 STOCKTON ST, JACKSONVILLE, FL, 32204",83894777,"L"
199347,"401 SUNSET DR","BURKESVILLE","KY",42717,36.7931259000001,-85.3630904889999,347,"401 SUNSET DR, BURKESVILLE, KY, 42717","Match","Exact","401 SUNSET DR, BURKESVILLE, KY, 42717",35542549,"L"
199348,"401 SURFSIDE DRIVE","GOOSE CREEK","SC",29445,32.9647725500001,-80.010085234,348,"401 SURFSIDE DRIVE, GOOSE CREEK, SC, 29445","Match","Exact","401 SURFSIDE DR, GOOSE CREEK, SC, 29445",637551324,"L"
199349,"401 SW BUNKER ST","MADISON","FL",32340,30.465446748,-83.414985385,349,"401 SW BUNKER ST, MADISON, FL, 32340","Match","Exact","401 SW BUNKER ST, MADISON, FL, 32340",53915674,"L"
199350,"401 SWEETWATER ROAD","SWEETWATER","TN",37874,35.6423354980001,-84.454743271,350,"401 SWEETWATER ROAD, SWEETWATER, TN, 37874","Match","Non_Exact","401 OLD SWEETWATER RD, SWEETWATER, TN, 37874",85304446,"L"
199351,"401 TERAVISTA PARKWAY APT 526","ROUND ROCK","TX",78665,30.5672288230001,-97.683316253,351,"401 TERAVISTA PARKWAY APT 526, ROUND ROCK, TX, 78665","Match","Exact","401 TERAVISTA PKWY, ROUND ROCK, TX, 78665",647867716,"L"
199352,"401 TERRY DRIVE","LAFAYETE","LA",70501,30.24039802,-91.97399502,352,"401 TERRY DRIVE, LAFAYETE, LA, 70501","Match","Non_Exact","401 TERRY DR, LAFAYETTE, LA, 70501",85623457,"L"
199353,"401 TEXAS AVENUE","NORTH LITTLE ROCK","AR",72118,34.8122067130001,-92.2825210669999,353,"401 TEXAS AVENUE, NORTH LITTLE ROCK, AR, 72118","Match","Exact","401 TEXAS AVE, N LITTLE ROCK, AR, 72118",83528152,"R"
199354,"401 TIMBER RIDGE DRIVE","GRAFTON","IL",62037,38.9727277530001,-90.43898216,354,"401 TIMBER RIDGE DRIVE, GRAFTON, IL, 62037","Match","Exact","401 TIMBER RIDGE DR, GRAFTON, IL, 62037",650944314,"L"
199355,"401 TOM LANDRY HWY- BOX 225826","DALLAS","TX",75260,NA,NA,355,"401 TOM LANDRY HWY- BOX 225826, DALLAS, TX, 75260","No_Match",NA,NA,NA,NA
199356,"401 TOWNE VIEW PLACE","ATHENS","GA",30605,33.9478283010001,-83.361452686,356,"401 TOWNE VIEW PLACE, ATHENS, GA, 30605","Match","Exact","401 TOWNE VIEW PL, ATHENS, GA, 30605",4808764,"R"
199357,"401 TRACE COURT","HOOVER","AL",35244,33.352601572,-86.837293906,357,"401 TRACE COURT, HOOVER, AL, 35244","Match","Exact","401 TRACE CT, HOOVER, AL, 35244",81616893,"R"
199358,"401 TROXEL DR","ONEIDA","TN",37841,36.521113164,-84.5108615409999,358,"401 TROXEL DR, ONEIDA, TN, 37841","Match","Exact","401 TROXEL DR, ONEIDA, TN, 37841",26346172,"L"
199359,"401 US HIGHWAY 22 APT 44B","NORTH PLAINFIELD","NJ",7060,NA,NA,359,"401 US HIGHWAY 22 APT 44B, NORTH PLAINFIELD, NJ, 7060","No_Match",NA,NA,NA,NA
199360,"401 VALLETTE STREET","NEW ORLEANS","LA",70114,29.9520205060001,-90.0489899249999,360,"401 VALLETTE STREET, NEW ORLEANS, LA, 70114","Match","Exact","401 VALLETTE ST, NEW ORLEANS, LA, 70114",191718734,"R"
199361,"401 VAN NESS AVE RM 213C","SAN FRANCISCO","CA",94102,37.77916371,-122.420157112,361,"401 VAN NESS AVE RM 213C, SAN FRANCISCO, CA, 94102","Match","Exact","401 VAN NESS AVE, SAN FRANCISCO, CA, 94102",192287162,"L"
199362,"401 VAN NESS AVE","SAN FRANCISCO","CA",94102,37.77916371,-122.420157112,362,"401 VAN NESS AVE, SAN FRANCISCO, CA, 94102","Match","Exact","401 VAN NESS AVE, SAN FRANCISCO, CA, 94102",192287162,"L"
199363,"401 VAN NESS AVENUE ROOM 101","SAN FRANCISCO","CA",94102,37.77916371,-122.420157112,363,"401 VAN NESS AVENUE ROOM 101, SAN FRANCISCO, CA, 94102","Match","Exact","401 VAN NESS AVE, SAN FRANCISCO, CA, 94102",192287162,"L"
199364,"401 VINE ST","COTTONWOOD FALLS","KS",66845,38.3658190670001,-96.547588047,364,"401 VINE ST, COTTONWOOD FALLS, KS, 66845","Match","Exact","401 VINE ST, COTTONWD FLS, KS, 66845",32343036,"L"
199365,"401 VIRGINIA WATER DRIVE","ROLESVILLE","NC",27571,35.90699385,-78.4689662009999,365,"401 VIRGINIA WATER DRIVE, ROLESVILLE, NC, 27571","Match","Exact","401 VIRGINIA WATER DR, ROLESVILLE, NC, 27571",612813051,"L"
199366,"401 W 6TH ST","BENTON","IL",62812,38.001781077,-88.9244478379999,366,"401 W 6TH ST, BENTON, IL, 62812","Match","Exact","401 W 6TH ST, BENTON, IL, 62812",92936983,"R"
199367,"401 W 84TH DR","MERRILLVILLE","IN",46410,41.465033814,-87.3401313689999,367,"401 W 84TH DR, MERRILLVILLE, IN, 46410","Match","Exact","401 W 84TH DR, MERRILLVILLE, IN, 46410",606268805,"R"
199368,"401 W A STREET SUITE 1785","SAN DIEGO","CA",92101,32.7188444500001,-117.161032651,368,"401 W A STREET SUITE 1785, SAN DIEGO, CA, 92101","Match","Exact","401 A ST, SAN DIEGO, CA, 92101",195343592,"R"
199369,"401 W ASPEN AVE","FLAGSTAFF","AZ",86001,35.1998853650001,-111.653167766,369,"401 W ASPEN AVE, FLAGSTAFF, AZ, 86001","Match","Exact","401 W ASPEN AVE, FLAGSTAFF, AZ, 86001",188860913,"L"
199370,"401 W ATLANTIC AVE SUITE 09","DELRAY BEACH","FL",33444,26.4616294910001,-80.077244967,370,"401 W ATLANTIC AVE SUITE 09, DELRAY BEACH, FL, 33444","Match","Non_Exact","401 W ATLANTIC AVE, DELRAY BEACH, FL, 33444",115291059,"R"
199371,"401 W BASELINE ROAD SUITE 201","TEMPE","AZ",85283,NA,NA,371,"401 W BASELINE ROAD SUITE 201, TEMPE, AZ, 85283","Tie",NA,NA,NA,NA
199372,"401 W BROADWAY STREET","ROGERSVILLE","TN",37857,36.401903503,-83.009679634,372,"401 W BROADWAY STREET, ROGERSVILLE, TN, 37857","Match","Exact","401 W BROADWAY ST, ROGERSVILLE, TN, 37857",42395122,"L"
199373,"401 W BROADWAY","MARYVILLE","TN",37801,NA,NA,373,"401 W BROADWAY, MARYVILLE, TN, 37801","No_Match",NA,NA,NA,NA
199374,"401 W HAMILTON AVENUE","CAMPBELL","CA",95008,37.294189214,-121.95726856,374,"401 W HAMILTON AVENUE, CAMPBELL, CA, 95008","Match","Exact","401 W HAMILTON AVE, CAMPBELL, CA, 95008",122904606,"R"
199375,"401 W KENNEDY BLVD","TAMPA","FL",33606,27.945769806,-82.4633047249999,375,"401 W KENNEDY BLVD, TAMPA, FL, 33606","Match","Exact","401 W KENNEDY BLVD, TAMPA, FL, 33606",104530115,"R"
199376,"401 W KERN AVE","MCFARLAND","CA",93250,35.6780179520001,-119.232454661,376,"401 W KERN AVE, MCFARLAND, CA, 93250","Match","Non_Exact","401 W KERN AVE, MC FARLAND, CA, 93250",109002597,"L"
199377,"401 W MAIN SREET SUITE 300","NORMAN","OK",73069,NA,NA,377,"401 W MAIN SREET SUITE 300, NORMAN, OK, 73069","No_Match",NA,NA,NA,NA
199378,"401 W MAIN STREET","BROOKLYN","WI",53521,42.8535720240001,-89.3787023419999,378,"401 W MAIN STREET, BROOKLYN, WI, 53521","Match","Exact","401 W MAIN ST, BROOKLYN, WI, 53521",48539104,"L"
199379,"401 W MERIDIAN SCHOOL RD","INDIANAPOLIS","IN",46217,39.649509075,-86.165414766,379,"401 W MERIDIAN SCHOOL RD, INDIANAPOLIS, IN, 46217","Match","Exact","401 W MERIDIAN SCHOOL RD, INDIANAPOLIS, IN, 46217",108007849,"L"
199380,"401 W MERIDIAN SCHOOL ROAD","INDIANAPOLIS","IN",46217,39.649509075,-86.165414766,380,"401 W MERIDIAN SCHOOL ROAD, INDIANAPOLIS, IN, 46217","Match","Exact","401 W MERIDIAN SCHOOL RD, INDIANAPOLIS, IN, 46217",108007849,"L"
199381,"401 W STATE STREET SUITE 501","ROCKFORD","IL",61101,42.27181596,-89.095896199,381,"401 W STATE STREET SUITE 501, ROCKFORD, IL, 61101","Match","Non_Exact","401 W STATE ST, ROCKFORD, IL, 61101",640224459,"R"
199382,"401 W VAN BUREN ST STE C-1","AVONDALE","AZ",85323,NA,NA,382,"401 W VAN BUREN ST STE C-1, AVONDALE, AZ, 85323","Tie",NA,NA,NA,NA
199383,"401 W WESTERN AVE NUMBER 1421","AVONDALE","AZ",85323,33.435323764,-112.345325246,383,"401 W WESTERN AVE NUMBER 1421, AVONDALE, AZ, 85323","Match","Non_Exact","401 E WESTERN AVE, AVONDALE, AZ, 85323",128168228,"R"
199384,"401 WALSING DRIVE","RICHMOND","VA",23229,37.574134486,-77.598983126,384,"401 WALSING DRIVE, RICHMOND, VA, 23229","Match","Exact","401 WALSING DR, RICHMOND, VA, 23229",106645668,"L"
199385,"401 WALTON LANE","NASHVILLE","TN",37216,NA,NA,385,"401 WALTON LANE, NASHVILLE, TN, 37216","No_Match",NA,NA,NA,NA
199386,"401 WASHINGTON STREET","NEWBURGH","NY",12550,41.4992510710001,-74.024222798,386,"401 WASHINGTON STREET, NEWBURGH, NY, 12550","Match","Exact","401 WASHINGTON ST, NEWBURGH, NY, 12550",124494304,"L"
199387,"401 WAYNE ST","OLEAN","NY",14760,42.0851723260001,-78.433587453,387,"401 WAYNE ST, OLEAN, NY, 14760","Match","Exact","401 WAYNE ST, OLEAN, NY, 14760",122063621,"L"
199388,"401 WEST 16 ST","PLANO","TX",75075,33.0214078930001,-96.71041848,388,"401 WEST 16 ST, PLANO, TX, 75075","Match","Exact","401 W 16TH ST, PLANO, TX, 75075",123489733,"R"
199389,"401 WEST 25TH STREET 3F","NEW YORK","NY",10001,40.7478036690001,-74.000462963,389,"401 WEST 25TH STREET 3F, NEW YORK, NY, 10001","Match","Exact","401 W 25TH ST, NEW YORK, NY, 10001",611185200,"R"
199390,"401 WEST BROADWAY STREET","MADISONVILLE","KY",42431,37.326259685,-87.506428375,390,"401 WEST BROADWAY STREET, MADISONVILLE, KY, 42431","Match","Exact","401 W BROADWAY ST, MADISONVILLE, KY, 42431",11502375,"R"
199391,"401 WEST FEDERAL STREET","SNOW HILL","MD",21863,38.1721319480001,-75.398566509,391,"401 WEST FEDERAL STREET, SNOW HILL, MD, 21863","Match","Exact","401 W FEDERAL ST, SNOW HILL, MD, 21863",652213562,"R"
199392,"401 WEST FREDERICK STREET","ATHENS","PA",18810,41.9710116480001,-76.527270938,392,"401 WEST FREDERICK STREET, ATHENS, PA, 18810","Match","Exact","401 W FREDERICK ST, ATHENS, PA, 18810",653610676,"R"
199393,"401 WEST FRONT STREET","HUTTO","TX",78634,30.542159226,-97.54831376,393,"401 WEST FRONT STREET, HUTTO, TX, 78634","Match","Exact","401 W FRONT ST, HUTTO, TX, 78634",636385369,"R"
199394,"401 WEST JEFFERSON","MANGUM","OK",73554,34.87369834,-99.5091039819999,394,"401 WEST JEFFERSON, MANGUM, OK, 73554","Match","Non_Exact","401 W JEFFERSON ST, MANGUM, OK, 73554",170081631,"R"
199395,"401 WEST MERIDIAN SCHOOL ROAD","INDIANAPOLIS","IN",46217,39.649509075,-86.165414766,395,"401 WEST MERIDIAN SCHOOL ROAD, INDIANAPOLIS, IN, 46217","Match","Exact","401 W MERIDIAN SCHOOL RD, INDIANAPOLIS, IN, 46217",108007849,"L"
199396,"401 WEST TOWN STREET  SUITE 249","COLUMBUS","OH",43215,39.957588962,-83.0106363799999,396,"401 WEST TOWN STREET  SUITE 249, COLUMBUS, OH, 43215","Match","Exact","401 W TOWN ST, COLUMBUS, OH, 43215",218516668,"L"
199397,"401 WESTPARK COURT SUIT 200","PEACHTREE CITY","GA",30269,NA,NA,397,"401 WESTPARK COURT SUIT 200, PEACHTREE CITY, GA, 30269","No_Match",NA,NA,NA,NA
199398,"401 WESTPARK COURT","PEACHTREE CITY","GA",30269,NA,NA,398,"401 WESTPARK COURT, PEACHTREE CITY, GA, 30269","No_Match",NA,NA,NA,NA
199399,"401 WESTPARK CT SUITE 200","PEACHTREE CITY","GA",30269,NA,NA,399,"401 WESTPARK CT SUITE 200, PEACHTREE CITY, GA, 30269","No_Match",NA,NA,NA,NA
199400,"401 WESTVIEW CT","WASHINGTON","IA",52353,NA,NA,400,"401 WESTVIEW CT, WASHINGTON, IA, 52353","No_Match",NA,NA,NA,NA
199401,"401 WILLIAM STREET UNIT 6274","RIVER FOREST","IL",60305,41.8878280590001,-87.8097849919999,401,"401 WILLIAM STREET UNIT 6274, RIVER FOREST, IL, 60305","Match","Exact","401 WILLIAM ST, RIVER FOREST, IL, 60305",111749601,"R"
199402,"401 WILLIAMS STREET UNIT 6784","RIVER FOREST","IL",60305,NA,NA,402,"401 WILLIAMS STREET UNIT 6784, RIVER FOREST, IL, 60305","No_Match",NA,NA,NA,NA
199403,"401 WILLIE WILSON ROAD","EASTOVER","SC",29044,33.957183281,-80.7287406039999,403,"401 WILLIE WILSON ROAD, EASTOVER, SC, 29044","Match","Exact","401 WILLIE WILSON RD, EASTOVER, SC, 29044",71812603,"L"
199404,"401 WILSHIRE BLVD - 12TH FLOOR","SANTA MONICA","CA",90401,34.0194638510001,-118.49786345,404,"401 WILSHIRE BLVD - 12TH FLOOR, SANTA MONICA, CA, 90401","Match","Exact","401 WILSHIRE BLVD, SANTA MONICA, CA, 90401",241239316,"L"
199405,"401 WILSHIRE BOULEVARD SUITE 1200","SANTA MONICA","CA",90401,34.0194638510001,-118.49786345,405,"401 WILSHIRE BOULEVARD SUITE 1200, SANTA MONICA, CA, 90401","Match","Exact","401 WILSHIRE BLVD, SANTA MONICA, CA, 90401",241239316,"L"
199406,"401 WOODLAKE DRIVE","GREENSBORO","NC",27406,36.019855862,-79.7874844529999,406,"401 WOODLAKE DRIVE, GREENSBORO, NC, 27406","Match","Exact","401 WOODLAKE DR, GREENSBORO, NC, 27406",131079554,"L"
199407,"401 WOODSIDE DR","SAGAMORE HILLS","OH",44067,41.337172803,-81.546712602,407,"401 WOODSIDE DR, SAGAMORE HILLS, OH, 44067","Match","Exact","401 WOODSIDE DR, SAGAMORE HILLS, OH, 44067",61384281,"L"
199408,"401 WREN WAY","SIMPSONVILLE","SC",29681,34.7625180100001,-82.2684172959999,408,"401 WREN WAY, SIMPSONVILLE, SC, 29681","Match","Exact","401 WREN WAY, SIMPSONVILLE, SC, 29681",38312553,"R"
199409,"401 YOLANDA AVENUE","CAPITOL HGHTS","MD",20743,38.883985389,-76.9007651919999,409,"401 YOLANDA AVENUE, CAPITOL HGHTS, MD, 20743","Match","Exact","401 YOLANDA AVE, CAPITOL HEIGHTS, MD, 20743",76317943,"R"
199410,"401","ERIN","TN",37175,NA,NA,410,"401, ERIN, TN, 37175","No_Match",NA,NA,NA,NA
199411,"401","SAN CLEMENTE","CA",92672,NA,NA,411,"401, SAN CLEMENTE, CA, 92672","No_Match",NA,NA,NA,NA
199412,"4010 19TH STREET NE","WASHINGTON","DC",20018,38.938531959,-76.978321378,412,"4010 19TH STREET NE, WASHINGTON, DC, 20018","Match","Exact","4010 19TH ST NE, WASHINGTON, DC, 20018",76229061,"L"
199413,"4010 BOTANICAL AVENUE","ST. LOUIS","MO",63110,38.60950268,-90.249373555,413,"4010 BOTANICAL AVENUE, ST. LOUIS, MO, 63110","Match","Exact","4010 BOTANICAL AVE, SAINT LOUIS, MO, 63110",107597385,"L"
199414,"4010 CLARENDON ROAD","BROOKLYN","NY",11203,40.6438436880001,-73.939063924,414,"4010 CLARENDON ROAD, BROOKLYN, NY, 11203","Match","Exact","4010 CLARENDON RD, BROOKLYN, NY, 11203",59081926,"R"
199415,"4010 COLLEEN DRIVE","CHAMPAIGN","IL",61822,40.1086965390001,-88.310098185,415,"4010 COLLEEN DRIVE, CHAMPAIGN, IL, 61822","Match","Exact","4010 COLLEEN DR, CHAMPAIGN, IL, 61822",648183818,"R"
199416,"4010 CRESTMONT DR","COLLEGE STATION","TX",77845,30.5573456290001,-96.291678527,416,"4010 CRESTMONT DR, COLLEGE STATION, TX, 77845","Match","Exact","4010 CRESTMONT DR, COLLEGE STATION, TX, 77845",650612452,"L"
199417,"4010 DAVID CIR","ROWLETT","TX",75088,32.8984751740001,-96.5752196079999,417,"4010 DAVID CIR, ROWLETT, TX, 75088","Match","Exact","4010 DAVID CIR, ROWLETT, TX, 75088",102929552,"R"
199418,"4010 DI VINCI COURT","ANTIOCH","CA",94509,37.978034,-121.801376941,418,"4010 DI VINCI COURT, ANTIOCH, CA, 94509","Match","Exact","4010 DI VINCI CT, ANTIOCH, CA, 94509",623949219,"R"
199419,"4010 E 146 N","RIGBY","ID",83442,43.6476309170001,-111.902754474,419,"4010 E 146 N, RIGBY, ID, 83442","Match","Exact","4010 146 N, RIGBY, ID, 83442",119321133,"R"
199420,"4010 E 27TH ST","TULSA","OK",74114,36.1245708370001,-95.9345543589999,420,"4010 E 27TH ST, TULSA, OK, 74114","Match","Exact","4010 E 27TH ST, TULSA, OK, 74114",623704363,"R"
199421,"4010 EAST 101 AVE","CROWN POINT","IN",46307,41.4347175990001,-87.286484079,421,"4010 EAST 101 AVE, CROWN POINT, IN, 46307","Match","Exact","4010 E 101ST AVE, CROWN POINT, IN, 46307",98447918,"L"
199422,"4010 EAST 34TH ST","MINNEAPOLIS","MN",55406,44.9414633210001,-93.2150946899999,422,"4010 EAST 34TH ST, MINNEAPOLIS, MN, 55406","Match","Exact","4010 E 34TH ST, MINNEAPOLIS, MN, 55406",43640096,"L"
199423,"4010 FOOTHILLS BLVD 103 150","ROSEVILLE","CA",95747,38.752123125,-121.309352064,423,"4010 FOOTHILLS BLVD 103 150, ROSEVILLE, CA, 95747","Match","Exact","4010 FOOTHILLS BLVD, ROSEVILLE, CA, 95747",639850720,"L"
199424,"4010 FOOTHILLS BLVD 103-210","ROSEVILLE","CA",95747,38.752123125,-121.309352064,424,"4010 FOOTHILLS BLVD 103-210, ROSEVILLE, CA, 95747","Match","Exact","4010 FOOTHILLS BLVD, ROSEVILLE, CA, 95747",639850720,"L"
199425,"4010 FOOTHILLS BLVD 103","ROSEVILLE","CA",95747,38.752123125,-121.309352064,425,"4010 FOOTHILLS BLVD 103, ROSEVILLE, CA, 95747","Match","Exact","4010 FOOTHILLS BLVD, ROSEVILLE, CA, 95747",639850720,"L"
199426,"4010 GRANDVIEW DRIVE","ASHLAND","KY",41101,38.449248755,-82.634710398,426,"4010 GRANDVIEW DRIVE, ASHLAND, KY, 41101","Match","Exact","4010 GRANDVIEW DR, ASHLAND, KY, 41101",151048447,"R"
199427,"4010 HAWTHORN GLEN COURT","FRESNO","TX",77545,29.5283293050001,-95.467107603,427,"4010 HAWTHORN GLEN COURT, FRESNO, TX, 77545","Match","Exact","4010 HAWTHORN GLEN CT, FRESNO, TX, 77545",625666463,"R"
199428,"4010 HELMKAMPF DRIVE","ST LOUIS","MO",63033,38.7857865390001,-90.282799669,428,"4010 HELMKAMPF DRIVE, ST LOUIS, MO, 63033","Match","Non_Exact","4010 HELMKAMPF DR, FLORISSANT, MO, 63033",635328973,"R"
199429,"4010 HIGHGATE DRIVE","VALRICO","FL",33594,27.914623363,-82.232354346,429,"4010 HIGHGATE DRIVE, VALRICO, FL, 33594","Match","Exact","4010 HIGHGATE DR, VALRICO, FL, 33594",104599358,"R"
199430,"4010 LIBBY ROAD","HEBER SPRINGS","AR",72543,35.4491567060001,-91.9107917429999,430,"4010 LIBBY ROAD, HEBER SPRINGS, AR, 72543","Match","Exact","4010 LIBBY RD, HEBER SPRINGS, AR, 72543",633298216,"L"
199431,"4010 LITTLEJOHN CHURCH ROAD","LENOIR","NC",28645,35.8607574910001,-81.627392035,431,"4010 LITTLEJOHN CHURCH ROAD, LENOIR, NC, 28645","Match","Exact","4010 LITTLEJOHN CHURCH RD, LENOIR, NC, 28645",45856935,"R"
199432,"4010 MADISONVILLE ROAD","HOPKINSVILLE","KY",42240,NA,NA,432,"4010 MADISONVILLE ROAD, HOPKINSVILLE, KY, 42240","No_Match",NA,NA,NA,NA
199433,"4010 MALCOLM AVENUE","OAKLAND","CA",94619,37.7506538980001,-122.134896235,433,"4010 MALCOLM AVENUE, OAKLAND, CA, 94619","Match","Non_Exact","4010 MALCOLM AVE, OAKLAND, CA, 94605",617282606,"R"
199434,"4010 MORENA BLVD NUM NUM220","SAN DIEGO","CA",92117,32.8266018730001,-117.230315794,434,"4010 MORENA BLVD NUM NUM220, SAN DIEGO, CA, 92117","Match","Exact","4010 MORENA BLVD, SAN DIEGO, CA, 92117",195301859,"L"
199435,"4010 MORENA BLVD STE 224","SAN DIEGO","CA",92117,32.8266018730001,-117.230315794,435,"4010 MORENA BLVD STE 224, SAN DIEGO, CA, 92117","Match","Exact","4010 MORENA BLVD, SAN DIEGO, CA, 92117",195301859,"L"
199436,"4010 N NETTLETON STREET","SPOKANE","WA",99205,47.6947645550001,-117.446537986,436,"4010 N NETTLETON STREET, SPOKANE, WA, 99205","Match","Exact","4010 N NETTLETON ST, SPOKANE, WA, 99205",189872732,"R"
199437,"4010 NORTH LINCOLN BLVD SUITE 104","OKLAHOMA CITY","OK",73105,35.512193407,-97.5031192709999,437,"4010 NORTH LINCOLN BLVD SUITE 104, OKLAHOMA CITY, OK, 73105","Match","Exact","4010 N LINCOLN BLVD, OKLAHOMA CITY, OK, 73105",639573570,"R"
199438,"4010 NORTHMINSTER STREET","PITTSBURGH","PA",15212,40.4872440780001,-80.043153853,438,"4010 NORTHMINSTER STREET, PITTSBURGH, PA, 15212","Match","Exact","4010 NORTHMINSTER ST, PITTSBURGH, PA, 15212",51622508,"R"
199439,"4010 POMEL DR","COLLEGE STATION","TX",77845,30.561673281,-96.283218897,439,"4010 POMEL DR, COLLEGE STATION, TX, 77845","Match","Exact","4010 POMEL DR, COLLEGE STATION, TX, 77845",624757837,"R"
199440,"4010 RABBITTOWN RD","MUNCY","PA",17756,41.293742637,-76.759126053,440,"4010 RABBITTOWN RD, MUNCY, PA, 17756","Match","Exact","4010 RABBITTOWN RD, MUNCY, PA, 17756",59457119,"R"
199441,"4010 RANDOLPH ROAD","SILVER SPRING","MD",20902,39.0573795020001,-77.078296049,441,"4010 RANDOLPH ROAD, SILVER SPRING, MD, 20902","Match","Exact","4010 RANDOLPH RD, SILVER SPRING, MD, 20902",642722697,"R"
199442,"4010 RASPBERRY WAY","AUSTELL","GA",30106,33.825503256,-84.642091899,442,"4010 RASPBERRY WAY, AUSTELL, GA, 30106","Match","Exact","4010 RASPBERRY WAY, AUSTELL, GA, 30106",627687903,"L"
199443,"4010 REGAL DR","MCDONOUGH","GA",30253,33.4636058340001,-84.1501854109999,443,"4010 REGAL DR, MCDONOUGH, GA, 30253","Match","Exact","4010 REGAL DR, MCDONOUGH, GA, 30253",210418925,"R"
199444,"4010 S 188TH ST APT 327","SEATAC","WA",98188,47.434414926,-122.283303466,444,"4010 S 188TH ST APT 327, SEATAC, WA, 98188","Match","Non_Exact","4010 S 188TH ST, SEATAC, WA, 98188",648166134,"L"
199445,"4010 S HAZEL COURT","ENGLEWOOD","CO",80110,39.6436411220001,-105.027153368,445,"4010 S HAZEL COURT, ENGLEWOOD, CO, 80110","Match","Exact","4010 S HAZEL CT, ENGLEWOOD, CO, 80110",177329904,"L"
199446,"4010 S HAZEL CT","ENGLEWOOD","CO",80110,39.6436411220001,-105.027153368,446,"4010 S HAZEL CT, ENGLEWOOD, CO, 80110","Match","Exact","4010 S HAZEL CT, ENGLEWOOD, CO, 80110",177329904,"L"
199447,"4010 SAM BASS","ROUND ROCK","TX",78681,30.5347737000001,-97.740526319,447,"4010 SAM BASS, ROUND ROCK, TX, 78681","Match","Non_Exact","4010 SAM BASS RD, ROUND ROCK, TX, 78681",648569914,"R"
199448,"4010 SAVANNAH LANE","SPRINGDALE","AR",72762,36.1490676490001,-94.1713596289999,448,"4010 SAVANNAH LANE, SPRINGDALE, AR, 72762","Match","Exact","4010 SAVANNAH LN, SPRINGDALE, AR, 72762",49090427,"R"
199449,"4010 SORRENTO VALLEY BLVD STE 400","SAN DIEGO","CA",92121,32.9033171830001,-117.220011645,449,"4010 SORRENTO VALLEY BLVD STE 400, SAN DIEGO, CA, 92121","Match","Exact","4010 SORRENTO VALLEY BLVD, SAN DIEGO, CA, 92121",629818074,"L"
199450,"4010 ST CROIX LANE UNIT 106","MEBANE","NC",27302,36.0718183280001,-79.2772399569999,450,"4010 ST CROIX LANE UNIT 106, MEBANE, NC, 27302","Match","Exact","4010 ST CROIX LN, MEBANE, NC, 27302",651111693,"R"
199451,"4010 STERLING AVE","KANSAS CITY","MO",64133,39.0485396190001,-94.447603041,451,"4010 STERLING AVE, KANSAS CITY, MO, 64133","Match","Exact","4010 STERLING AVE, KANSAS CITY, MO, 64133",91527305,"R"
199452,"4010 TIDEWATER DR","HOUSTON","TX",77045,29.6334341200001,-95.437671382,452,"4010 TIDEWATER DR, HOUSTON, TX, 77045","Match","Exact","4010 TIDEWATER DR, HOUSTON, TX, 77045",96040932,"R"
199453,"4010 TIDEWATER DRIVE","HOUSTON","TX",77045,29.6334341200001,-95.437671382,453,"4010 TIDEWATER DRIVE, HOUSTON, TX, 77045","Match","Exact","4010 TIDEWATER DR, HOUSTON, TX, 77045",96040932,"R"
199454,"4010 TRAFFIC WAY","ATASCADERO","CA",93422,35.5107476100001,-120.671736927,454,"4010 TRAFFIC WAY, ATASCADERO, CA, 93422","Match","Exact","4010 TRAFFIC WAY, ATASCADERO, CA, 93422",640410636,"L"
199455,"4010 UNDERWOOD ST","CHEVY CHASE","MD",20815,38.982994922,-77.079628387,455,"4010 UNDERWOOD ST, CHEVY CHASE, MD, 20815","Match","Exact","4010 UNDERWOOD ST, CHEVY CHASE, MD, 20815",62066171,"L"
199456,"4010 UNIVERSITY DRIVE SECOND FLOOR","FAIFAX","VA",22030,38.845074993,-77.3056265829999,456,"4010 UNIVERSITY DRIVE SECOND FLOOR, FAIFAX, VA, 22030","Match","Non_Exact","4010 UNIVERSITY DR, FAIRFAX, VA, 22030",75969404,"R"
199457,"4010 UNIVERSITY DRIVE SUITE 200","FAIRFAX","VA",22030,38.845074993,-77.3056265829999,457,"4010 UNIVERSITY DRIVE SUITE 200, FAIRFAX, VA, 22030","Match","Exact","4010 UNIVERSITY DR, FAIRFAX, VA, 22030",75969404,"R"
199458,"4010 W BOY SCOUT BLVD STE 260","TAMPA","FL",33607,NA,NA,458,"4010 W BOY SCOUT BLVD STE 260, TAMPA, FL, 33607","No_Match",NA,NA,NA,NA
199459,"4010 W TUPELO ST","MILWAUKEE","WI",53209,43.151791104,-87.961641254,459,"4010 W TUPELO ST, MILWAUKEE, WI, 53209","Match","Exact","4010 W TUPELO ST, MILWAUKEE, WI, 53209",77759206,"R"
199460,"4010 WAKELY DRIVE","COLORADO SPRINGS","CO",80909,38.8451576590001,-104.753963403,460,"4010 WAKELY DRIVE, COLORADO SPRINGS, CO, 80909","Match","Exact","4010 WAKELY DR, COLORADO SPRINGS, CO, 80909",105522441,"L"
199461,"4010 WASHINGTON ST STE 110","KANSAS CITY","MO",64111,39.054885305,-94.591595066,461,"4010 WASHINGTON ST STE 110, KANSAS CITY, MO, 64111","Match","Exact","4010 WASHINGTON ST, KANSAS CITY, MO, 64111",91527571,"R"
199462,"4010 WINCHESTER LOOP","ANCHORAGE","AK",99507,61.1388956810001,-149.808546698,462,"4010 WINCHESTER LOOP, ANCHORAGE, AK, 99507","Match","Exact","4010 WINCHESTER LOOP, ANCHORAGE, AK, 99507",190808819,"R"
199463,"4011 32ND STREET","MOUNT RAINIER","MD",20712,38.9383962300001,-76.963224468,463,"4011 32ND STREET, MOUNT RAINIER, MD, 20712","Match","Exact","4011 32ND ST, MOUNT RAINIER, MD, 20712",76304519,"R"
199464,"4011 4TH AVENUE","BRIGHTON","AL",35020,33.438796569,-86.947896234,464,"4011 4TH AVENUE, BRIGHTON, AL, 35020","Match","Exact","4011 4TH AVE, BRIGHTON, AL, 35020",647627530,"L"
199465,"4011 67TH STREET 2A","WOODSIDE","NY",11377,NA,NA,465,"4011 67TH STREET 2A, WOODSIDE, NY, 11377","No_Match",NA,NA,NA,NA
199466,"4011 87TH STREET","KENOSHA","WI",53142,42.547634578,-87.855939172,466,"4011 87TH STREET, KENOSHA, WI, 53142","Match","Exact","4011 87TH ST, KENOSHA, WI, 53142",79801382,"L"
199467,"4011 ARKANSAS DR","AMES","IA",50014,42.0314368530001,-93.673392418,467,"4011 ARKANSAS DR, AMES, IA, 50014","Match","Exact","4011 ARKANSAS DR, AMES, IA, 50014",65963301,"R"
199468,"4011 BANBURY WAY","ANTIOCH","CA",94531,37.9829071570001,-121.77903152,468,"4011 BANBURY WAY, ANTIOCH, CA, 94531","Match","Exact","4011 BANBURY WAY, ANTIOCH, CA, 94531",192085200,"L"
199469,"4011 BARBARA LOOP - SUITE 203","RIO RANCHO","NM",87124,35.2364461940001,-106.655897721,469,"4011 BARBARA LOOP - SUITE 203, RIO RANCHO, NM, 87124","Match","Non_Exact","4011 BARBARA LOOP SE, RIO RANCHO, NM, 87124",193996845,"L"
199470,"4011 BERWICK LANE","OOLTEWAH","TN",37363,35.0316678610001,-85.09615453,470,"4011 BERWICK LANE, OOLTEWAH, TN, 37363","Match","Exact","4011 BERWICK LN, OOLTEWAH, TN, 37363",59318216,"R"
199471,"4011 BOLLING BROOK DR","LOUISVILLE","KY",40299,38.1838421730001,-85.5421455759999,471,"4011 BOLLING BROOK DR, LOUISVILLE, KY, 40299","Match","Exact","4011 BOLLING BROOK DR, LOUISVILLE, KY, 40299",647935198,"L"
199472,"4011 BOUNTIFUL CREST LN","SUGAR LAND","TX",77479,29.5760812660001,-95.62718505,472,"4011 BOUNTIFUL CREST LN, SUGAR LAND, TX, 77479","Match","Exact","4011 BOUNTIFUL CREST LN, SUGAR LAND, TX, 77479",78288540,"R"
199473,"4011 BRIGHTWOOD STREET","MISSOURI CITY","TX",77459,29.5895580920001,-95.5675679569999,473,"4011 BRIGHTWOOD STREET, MISSOURI CITY, TX, 77459","Match","Exact","4011 BRIGHTWOOD ST, MISSOURI CITY, TX, 77459",78290743,"R"
199474,"4011 BROOKSTON ST","HOUSTON","TX",77045,29.637077618,-95.437933852,474,"4011 BROOKSTON ST, HOUSTON, TX, 77045","Match","Exact","4011 BROOKSTON ST, HOUSTON, TX, 77045",96087440,"L"
199475,"4011 CALLE DEL SOL","THOUSAND OAKS","CA",91360,34.2337949110001,-118.848102669,475,"4011 CALLE DEL SOL, THOUSAND OAKS, CA, 91360","Match","Non_Exact","4011 CLL DEL SOL, THOUSAND OAKS, CA, 91360",109975323,"L"
199476,"4011 CENTER AVE","LYONS","IL",60534,41.818330019,-87.816482347,476,"4011 CENTER AVE, LYONS, IL, 60534","Match","Exact","4011 CENTER AVE, LYONS, IL, 60534",605148889,"L"
199477,"4011 CICALLA CT","GEORGETOWN","IN",47122,38.3326398570001,-85.974061363,477,"4011 CICALLA CT, GEORGETOWN, IN, 47122","Match","Exact","4011 CICALLA CT, GEORGETOWN, IN, 47122",645512896,"L"
199478,"4011 CRESCENT COURT","ANTIOCH","CA",94509,37.989421662,-121.853313459,478,"4011 CRESCENT COURT, ANTIOCH, CA, 94509","Match","Exact","4011 CRESCENT CT, ANTIOCH, CA, 94509",617829615,"L"
199479,"4011 DORIS","DETROIT","MI",48238,42.394285337,-83.137253683,479,"4011 DORIS, DETROIT, MI, 48238","Match","Non_Exact","4011 DORIS ST, DETROIT, MI, 48238",95461490,"L"
199480,"4011 JOHNSON DRIVE","STERLING HEIGHTS","MI",48310,42.540154844,-83.068365963,480,"4011 JOHNSON DRIVE, STERLING HEIGHTS, MI, 48310","Match","Exact","4011 JOHNSON DR, STERLING HEIGHTS, MI, 48310",110668843,"L"
199481,"4011 KINGS VALLEY HWY","DALLAS","OR",97338,44.881621065,-123.333249724,481,"4011 KINGS VALLEY HWY, DALLAS, OR, 97338","Match","Exact","4011 KINGS VALLEY HWY, DALLAS, OR, 97338",155771090,"L"
199482,"4011 LITTLE RIVER RD","TEMPLE","TX",76502,31.0536753540001,-97.3399844849999,482,"4011 LITTLE RIVER RD, TEMPLE, TX, 76502","Match","Exact","4011 LITTLE RIVER RD, TEMPLE, TX, 76502",652370734,"L"
199483,"4011 N MERIDIAN AVE APT 44","MIAMI BEACH","FL",33140,NA,NA,483,"4011 N MERIDIAN AVE APT 44, MIAMI BEACH, FL, 33140","No_Match",NA,NA,NA,NA
199484,"4011 NE WOODRIDGE DR","LEE'S SUMMIT","MO",64064,38.985691918,-94.373456332,484,"4011 NE WOODRIDGE DR, LEE'S SUMMIT, MO, 64064","Match","Non_Exact","4011 NE WOODRIDGE DR, LEES SUMMIT, MO, 64064",91471993,"L"
199485,"4011 NW 23RD STREET","OKLAHOMA CITY","OK",73107,35.4933324680001,-97.591065054,485,"4011 NW 23RD STREET, OKLAHOMA CITY, OK, 73107","Match","Exact","4011 NW 23RD ST, OKLAHOMA CITY, OK, 73107",100451964,"R"
199486,"4011 NW STATE ROUTE P","HAMILTON","MO",64644,39.6986880270001,-94.048343196,486,"4011 NW STATE ROUTE P, HAMILTON, MO, 64644","Match","Exact","4011 NW STATE RTE P, HAMILTON, MO, 64644",17772144,"L"
199487,"4011 OAKWOOD ROCK LANE","KATY","TX",77494,29.724829512,-95.833165202,487,"4011 OAKWOOD ROCK LANE, KATY, TX, 77494","Match","Exact","4011 OAKWOOD ROCK LN, KATY, TX, 77494",641051954,"L"
199488,"4011 OHIO ST","SAN DIEGO","CA",92104,32.7506572560001,-117.128908991,488,"4011 OHIO ST, SAN DIEGO, CA, 92104","Match","Exact","4011 OHIO ST, SAN DIEGO, CA, 92104",195345661,"R"
199489,"4011 PINEHILL LANE","WEDDINGTON","NC",28104,35.0224830830001,-80.7304127959999,489,"4011 PINEHILL LANE, WEDDINGTON, NC, 28104","Match","Exact","4011 PINEHILL LN, WEDDINGTON, NC, 28104",618500474,"L"
199490,"4011 ROSE MARIE DR","FRANKLIN","OH",45005,39.4858547850001,-84.279615108,490,"4011 ROSE MARIE DR, FRANKLIN, OH, 45005","Match","Non_Exact","4011 ROSE MARIE RD, FRANKLIN, OH, 45005",159021568,"L"
199491,"4011 ROSECREST AVENUE","BALTIMORE","MD",21215,39.3540492120001,-76.697066456,491,"4011 ROSECREST AVENUE, BALTIMORE, MD, 21215","Match","Exact","4011 ROSECREST AVE, BALTIMORE, MD, 21215",206444981,"L"
199492,"4011 SNOWY RIVER DR","KILLEEN","TX",76549,31.078789198,-97.7977186259999,492,"4011 SNOWY RIVER DR, KILLEEN, TX, 76549","Match","Exact","4011 SNOWY RIVER DR, KILLEEN, TX, 76549",146233422,"R"
199493,"4011 THACHER RD","OJAI","CA",93023,34.462878389,-119.194706394,493,"4011 THACHER RD, OJAI, CA, 93023","Match","Exact","4011 THACHER RD, OJAI, CA, 93023",110126764,"L"
199494,"4011 TURNBERRY COURT","JACKSONVILLE","FL",32225,30.374384659,-81.498313012,494,"4011 TURNBERRY COURT, JACKSONVILLE, FL, 32225","Match","Exact","4011 TURNBERRY CT, JACKSONVILLE, FL, 32225",83941304,"R"
199495,"4011 W CAPITOL DR STE 101","MILWAUKEE","WI",53216,NA,NA,495,"4011 W CAPITOL DR STE 101, MILWAUKEE, WI, 53216","No_Match",NA,NA,NA,NA
199496,"4011 W DELEON ST","TAMPA","FL",33609,27.938541118,-82.510330053,496,"4011 W DELEON ST, TAMPA, FL, 33609","Match","Non_Exact","4011 W DE LEON ST, TAMPA, FL, 33609",104525107,"R"
199497,"4011 W HILL ROAD","SWARTZ CREEK","MI",48473,42.943652785,-83.751813996,497,"4011 W HILL ROAD, SWARTZ CREEK, MI, 48473","Match","Exact","4011 HILL RD, SWARTZ CREEK, MI, 48473",69574223,"L"
199498,"4011 WASHBURN AVENUE NORTH","MINNEAPOLIS","MN",55412,45.028014941,-93.317363716,498,"4011 WASHBURN AVENUE NORTH, MINNEAPOLIS, MN, 55412","Match","Exact","4011 WASHBURN AVE N, MINNEAPOLIS, MN, 55412",43621127,"L"
199499,"4011 WELBECK DRIVE","AMES","IA",50010,42.060761239,-93.643749063,499,"4011 WELBECK DRIVE, AMES, IA, 50010","Match","Exact","4011 WELBECK DR, AMES, IA, 50010",640741435,"L"
199500,"4011 WEST CHAPEL DRIVE","GOOCHLAND","VA",23063,37.737304958,-77.9966017249999,500,"4011 WEST CHAPEL DRIVE, GOOCHLAND, VA, 23063","Match","Exact","4011 W CHAPEL DR, GOOCHLAND, VA, 23063",617837083,"L"
