"ID","Address","City","State","Zip","lat","long","id","input_address","match_indicator","match_type","matched_address","tiger_line_id","tiger_side"
103501,"20 W 120TH ST -APT 1","NEW YORK","NY",10027,40.8035362200001,-73.9453317539999,1,"20 W 120TH ST -APT 1, NEW YORK, NY, 10027","Match","Non_Exact","20 W 120TH ST, NEW YORK, NY, 10027",59657746,"L"
103502,"20 W 2ND ST","WHITEFISH","MT",59937,48.4106488910001,-114.343604308,2,"20 W 2ND ST, WHITEFISH, MT, 59937","Match","Non_Exact","20 2ND ST W, WHITEFISH, MT, 59937",204162121,"L"
103503,"20 W 2ND STREET","SAND SPRINGS","OK",74063,36.13842027,-96.110537198,3,"20 W 2ND STREET, SAND SPRINGS, OK, 74063","Match","Exact","20 W 2ND ST, SAND SPRINGS, OK, 74063",166431816,"R"
103504,"20 W 5TH ST N","BIG STONE GAP","VA",24219,36.861017733,-82.782882983,4,"20 W 5TH ST N, BIG STONE GAP, VA, 24219","Match","Exact","20 W 5TH ST N, BIG STONE GAP, VA, 24219",83445147,"L"
103505,"20 W BROAD ST","PALMYRA","NJ",8065,40.003545902,-75.022004227,5,"20 W BROAD ST, PALMYRA, NJ, 8065","Match","Exact","20 W BROAD ST, PALMYRA, NJ, 08065",134024862,"L"
103506,"20 W BROAD STREET","PALMYRA","NJ",8065,40.003545902,-75.022004227,6,"20 W BROAD STREET, PALMYRA, NJ, 8065","Match","Exact","20 W BROAD ST, PALMYRA, NJ, 08065",134024862,"L"
103507,"20 W HAWLEY ST","AMBOY","IL",61310,41.7204578710001,-89.334104071,7,"20 W HAWLEY ST, AMBOY, IL, 61310","Match","Exact","20 W HAWLEY ST, AMBOY, IL, 61310",48756249,"L"
103508,"20 W MAIN STREET","FORSYTH","GA",31029,33.034176266,-83.9392618649999,8,"20 W MAIN STREET, FORSYTH, GA, 31029","Match","Exact","20 W MAIN ST, FORSYTH, GA, 31029",66664255,"L"
103509,"20 W MOSHOLU PARKWAY S APT 17B","BRONX","NY",10468,40.879671365,-73.885792379,9,"20 W MOSHOLU PARKWAY S APT 17B, BRONX, NY, 10468","Match","Non_Exact","20 W MOSHOLU PKWY S, BRONX, NY, 10468",80296665,"L"
103510,"20 W SUMNER 301","SPOKANE","WA",99204,NA,NA,10,"20 W SUMNER 301, SPOKANE, WA, 99204","No_Match",NA,NA,NA,NA
103511,"20 W TARPON AVE","TARPON SPRINGS","FL",34689,28.1462408570001,-82.7569243569999,11,"20 W TARPON AVE, TARPON SPRINGS, FL, 34689","Match","Exact","20 W TARPON AVE, TARPON SPNGS, FL, 34689",124660758,"R"
103512,"20 WALDINGFIELD ROAD","S. HAMILTON","MA",1982,NA,NA,12,"20 WALDINGFIELD ROAD, S. HAMILTON, MA, 1982","No_Match",NA,NA,NA,NA
103513,"20 WALKER ROAD","TRAVELERS REST","SC",29690,34.9766418140001,-82.361258133,13,"20 WALKER ROAD, TRAVELERS REST, SC, 29690","Match","Exact","20 WALKER RD, TRAVELERS REST, SC, 29690",38357237,"L"
103514,"20 WALLENBERG CIR","MONSEY","NY",10952,41.116399959,-74.089239661,14,"20 WALLENBERG CIR, MONSEY, NY, 10952","Match","Exact","20 WALLENBERG CIR, MONSEY, NY, 10952",124629029,"R"
103515,"20 WALLENBERG CIRCLE","MONSEY","NY",10952,41.116399959,-74.089239661,15,"20 WALLENBERG CIRCLE, MONSEY, NY, 10952","Match","Exact","20 WALLENBERG CIR, MONSEY, NY, 10952",124629029,"R"
103516,"20 WALNUT AVE","SOMERSET","NJ",8873,40.528715273,-74.500873624,16,"20 WALNUT AVE, SOMERSET, NJ, 8873","Match","Exact","20 WALNUT AVE, SOMERSET, NJ, 08873",59941974,"L"
103517,"20 WALSH LANE","GREENWICH","CT",6830,41.0100750920001,-73.6332661389999,17,"20 WALSH LANE, GREENWICH, CT, 6830","Match","Exact","20 WALSH LN, GREENWICH, CT, 06830",618527648,"L"
103518,"20 WASHINGTON AVENUE","ASTON","PA",19014,39.8381013800001,-75.424391467,18,"20 WASHINGTON AVENUE, ASTON, PA, 19014","Match","Exact","20 WASHINGTON AVE, ASTON, PA, 19014",134888552,"L"
103519,"20 WASHINGTON PLACE - 2ND FLOOR","NEWARK","NJ",7102,40.7425585890001,-74.170364024,19,"20 WASHINGTON PLACE - 2ND FLOOR, NEWARK, NJ, 7102","Match","Exact","20 WASHINGTON PL, NEWARK, NJ, 07102",63467327,"L"
103520,"20 WATER GRANT ST APT 663","YONKERS","NY",10701,40.9333358420001,-73.903792912,20,"20 WATER GRANT ST APT 663, YONKERS, NY, 10701","Match","Exact","20 WATER GRANT ST, YONKERS, NY, 10701",634269370,"L"
103521,"20 WEBBER AVE","OAKFIELD","NY",14125,43.0645433230001,-78.271359983,21,"20 WEBBER AVE, OAKFIELD, NY, 14125","Match","Exact","20 WEBBER AVE, OAKFIELD, NY, 14125",48143208,"L"
103522,"20 WELLINGTON DRIVE","SUGAR LAND","TX",77478,29.6231957840001,-95.5917022199999,22,"20 WELLINGTON DRIVE, SUGAR LAND, TX, 77478","Match","Exact","20 WELLINGTON DR, SUGAR LAND, TX, 77478",78285863,"L"
103523,"20 WENDELL ST APT 39C","HEMPSTEAD","NY",11550,40.7135486700001,-73.6329119769999,23,"20 WENDELL ST APT 39C, HEMPSTEAD, NY, 11550","Match","Exact","20 WENDELL ST, HEMPSTEAD, NY, 11550",147673788,"R"
103524,"20 WENDELL STREET   APT 27A","HEMPSTEAD","NY",11550,40.7135486700001,-73.6329119769999,24,"20 WENDELL STREET   APT 27A, HEMPSTEAD, NY, 11550","Match","Exact","20 WENDELL ST, HEMPSTEAD, NY, 11550",147673788,"R"
103525,"20 WENDELL STREET 19E","HEMPSTEAD","NY",11550,40.7135486700001,-73.6329119769999,25,"20 WENDELL STREET 19E, HEMPSTEAD, NY, 11550","Match","Exact","20 WENDELL ST, HEMPSTEAD, NY, 11550",147673788,"R"
103526,"20 WENDELL STREET APT A20","HEMPSTEAD","NY",11550,40.7135486700001,-73.6329119769999,26,"20 WENDELL STREET APT A20, HEMPSTEAD, NY, 11550","Match","Exact","20 WENDELL ST, HEMPSTEAD, NY, 11550",147673788,"R"
103527,"20 WEST COLONY PLACE SUITE 280","DURHAM","NC",27705,35.9759175090001,-78.960659333,27,"20 WEST COLONY PLACE SUITE 280, DURHAM, NC, 27705","Match","Exact","20 W COLONY PL, DURHAM, NC, 27705",71761517,"R"
103528,"20 WEST CREAMERY ROAD  PO BOX 570","TRUMBAUERSVILLE","PA",18970,40.4141165830001,-75.3884101579999,28,"20 WEST CREAMERY ROAD  PO BOX 570, TRUMBAUERSVILLE, PA, 18970","Match","Exact","20 W CREAMERY RD, TRUMBAUERSVILLE, PA, 18970",134765869,"L"
103529,"20 WEST MAIN ST PMB 161","HOHENWALD","TN",38462,35.5479545200001,-87.5525094019999,29,"20 WEST MAIN ST PMB 161, HOHENWALD, TN, 38462","Match","Exact","20 W MAIN ST, HOHENWALD, TN, 38462",26749173,"L"
103530,"20 WEST MAIN STREET","MADISON","OH",44057,41.771502878,-81.047951226,30,"20 WEST MAIN STREET, MADISON, OH, 44057","Match","Exact","20 W MAIN ST, MADISON, OH, 44057",137468858,"R"
103531,"20 WEST MINSTER ROAD APT 3A","BROOKLYN","NY",11218,40.6487050960001,-73.968695135,31,"20 WEST MINSTER ROAD APT 3A, BROOKLYN, NY, 11218","Match","Non_Exact","20 WESTMINSTER RD, BROOKLYN, NY, 11218",59080856,"R"
103532,"20 WEST MOSHOLU PARKWAY SUITE 14M","BRONX","NY",10468,40.879671365,-73.885792379,32,"20 WEST MOSHOLU PARKWAY SUITE 14M, BRONX, NY, 10468","Match","Non_Exact","20 W MOSHOLU PKWY S, BRONX, NY, 10468",80296665,"L"
103533,"20 WEST OAKWOOD PL","BUFFALO","NY",14214,42.932614033,-78.847301832,33,"20 WEST OAKWOOD PL, BUFFALO, NY, 14214","Match","Exact","20 W OAKWOOD PL, BUFFALO, NY, 14214",48295986,"L"
103534,"20 WEST THIRD STREET","MAYSVILLE","KY",41056,38.647226222,-83.76614016,34,"20 WEST THIRD STREET, MAYSVILLE, KY, 41056","Match","Exact","20 W 3RD ST, MAYSVILLE, KY, 41056",58608645,"L"
103535,"20 WEST WASHINGTON STREET","COLORADO SPRINGS","CO",80907,38.8619434410001,-104.824874258,35,"20 WEST WASHINGTON STREET, COLORADO SPRINGS, CO, 80907","Match","Exact","20 W WASHINGTON ST, COLORADO SPRINGS, CO, 80907",610717340,"R"
103536,"20 WESTBROOK LN","POMONA","CA",91766,34.029842252,-117.779309774,36,"20 WESTBROOK LN, POMONA, CA, 91766","Match","Exact","20 WESTBROOK LN, POMONA, CA, 91766",141730944,"L"
103537,"20 WESTFIELD DRIVE","LITTLE ROCK","AR",72210,34.664612941,-92.422994294,37,"20 WESTFIELD DRIVE, LITTLE ROCK, AR, 72210","Match","Exact","20 WESTFIELD DR, LITTLE ROCK, AR, 72210",83547619,"R"
103538,"20 WHEATRIDGE DR","COLLINSVILLE","IL",62234,NA,NA,38,"20 WHEATRIDGE DR, COLLINSVILLE, IL, 62234","No_Match",NA,NA,NA,NA
103539,"20 WHITETAIL DRIVE","CHADDSFORD","PA",19317,39.845169275,-75.648900762,39,"20 WHITETAIL DRIVE, CHADDSFORD, PA, 19317","Match","Non_Exact","20 WHITETAIL DR, CHADDS FORD, PA, 19317",179503750,"R"
103540,"20 WHITFORD ROAD","NASHUA","NH",3062,42.7211843630001,-71.51178361,40,"20 WHITFORD ROAD, NASHUA, NH, 3062","Match","Exact","20 WHITFORD RD, NASHUA, NH, 03062",113544966,"L"
103541,"20 WHITNEY ROAD","SHORT HILLS","NJ",7078,40.7263641230001,-74.311740485,41,"20 WHITNEY ROAD, SHORT HILLS, NJ, 7078","Match","Exact","20 WHITNEY RD, SHORT HILLS, NJ, 07078",63461779,"L"
103542,"20 WILLOUGHBY LN","IOWA CITY","IA",52240,41.645285798,-91.483725272,42,"20 WILLOUGHBY LN, IOWA CITY, IA, 52240","Match","Exact","20 WILLOUGHBY LN, IOWA CITY, IA, 52240",84518076,"L"
103543,"20 WILSON ROAD","LAMBERTVILLE","NJ",8530,40.359263356,-74.8723605609999,43,"20 WILSON ROAD, LAMBERTVILLE, NJ, 8530","Match","Exact","20 WILSON RD, LAMBERTVILLE, NJ, 08530",60041897,"R"
103544,"20 WINKLER RD","CHEEKTOWAGA","NY",14225,42.919331825,-78.7903637699999,44,"20 WINKLER RD, CHEEKTOWAGA, NY, 14225","Match","Exact","20 WINKLER RD, CHEEKTOWAGA, NY, 14225",48299172,"L"
103545,"20 WINOOSKI FALLS WAY STE 7","WINOOSKI","VT",5404,44.4902228650001,-73.185327698,45,"20 WINOOSKI FALLS WAY STE 7, WINOOSKI, VT, 5404","Match","Exact","20 WINOOSKI FALLS WAY, WINOOSKI, VT, 05404",639587112,"R"
103546,"20 WINTERGREEN LANE","GROTON","MA",1450,42.6122376050001,-71.592636362,46,"20 WINTERGREEN LANE, GROTON, MA, 1450","Match","Exact","20 WINTERGREEN LN, GROTON, MA, 01450",86932144,"R"
103547,"20 WOOD RIDGE DR","COLUMBIA FALLS","MT",59912,48.2790486470001,-114.156728335,47,"20 WOOD RIDGE DR, COLUMBIA FALLS, MT, 59912","Match","Exact","20 WOOD RIDGE DR, COLUMBIA FALLS, MT, 59912",653282355,"R"
103548,"20 WOODCLIFF CR","LITTLE ROCK","AR",72204,34.7291344700001,-92.3424939449999,48,"20 WOODCLIFF CR, LITTLE ROCK, AR, 72204","Match","Exact","20 WOODCLIFF CIR, LITTLE ROCK, AR, 72204",83505086,"R"
103549,"20 WOODSHIRE DR","SICKLERVILLE","NJ",8081,39.774583444,-75.0111948329999,49,"20 WOODSHIRE DR, SICKLERVILLE, NJ, 8081","Match","Exact","20 WOODSHIRE DR, SICKLERVILLE, NJ, 08081",134360709,"L"
103550,"20 WYNFIELD WAY","COVINGTON","GA",30016,33.5549355000001,-83.9338453029999,50,"20 WYNFIELD WAY, COVINGTON, GA, 30016","Match","Exact","20 WYNFIELD WAY, COVINGTON, GA, 30016",23638799,"R"
103551,"20-05 46 STREET","ASTORIA","NY",11105,40.7737701880001,-73.898250691,51,"20-05 46 STREET, ASTORIA, NY, 11105","Match","Exact","20-5 46TH ST, ASTORIA, NY, 11105",59697423,"L"
103552,"20-24 BRANFORD PLC        SUITE 605","NEWARK","NJ",7102,40.7350464560001,-74.173715246,52,"20-24 BRANFORD PLC        SUITE 605, NEWARK, NJ, 7102","Match","Exact","20 BRANFORD PL, NEWARK, NJ, 07102",63467473,"L"
103553,"20-39 SEAGIRT BLVD APT 6F","FAR ROCKAWAY","NY",11691,40.595197226,-73.755893753,53,"20-39 SEAGIRT BLVD APT 6F, FAR ROCKAWAY, NY, 11691","Match","Exact","20-39 SEAGIRT BLVD, FAR ROCKAWAY, NY, 11691",609028423,"L"
103554,"20-41 SEAGIRT BLVD APT 3A","FAR ROCKAWAY","NY",11691,40.5952088330001,-73.756106191,54,"20-41 SEAGIRT BLVD APT 3A, FAR ROCKAWAY, NY, 11691","Match","Exact","20-41 SEAGIRT BLVD, FAR ROCKAWAY, NY, 11691",59723751,"L"
103555,"20-49 SEAGIRT BLVD","FAR ROCKAWAY","NY",11691,40.595220011,-73.7562366019999,55,"20-49 SEAGIRT BLVD, FAR ROCKAWAY, NY, 11691","Match","Exact","20-49 SEAGIRT BLVD, FAR ROCKAWAY, NY, 11691",59723751,"L"
103556,"20-65 23 STREET - FLOOR 1","ASTORIA","NY",11105,40.782232338,-73.9127767959999,56,"20-65 23 STREET - FLOOR 1, ASTORIA, NY, 11105","Match","Exact","20-65 23RD ST, ASTORIA, NY, 11105",59696506,"L"
103557,"20-86 28TH STREET","ASTORIA","NY",11105,40.7794790180001,-73.909754219,57,"20-86 28TH STREET, ASTORIA, NY, 11105","Match","Exact","20-86 28TH ST, ASTORIA, NY, 11105",59696518,"R"
103558,"20","ASHEVILLE","NC",28806,NA,NA,58,"20, ASHEVILLE, NC, 28806","No_Match",NA,NA,NA,NA
103559,"20","REEVESVILLE","SC",29471,NA,NA,59,"20, REEVESVILLE, SC, 29471","No_Match",NA,NA,NA,NA
103560,"20","ROME","GA",30161,NA,NA,60,"20, ROME, GA, 30161","No_Match",NA,NA,NA,NA
103561,"20","WESTWOOD","MA",2090,NA,NA,61,"20, WESTWOOD, MA, 2090","No_Match",NA,NA,NA,NA
103562,"200  EDGEHILL CIR","LAFAYETTE","LA",70508,NA,NA,62,"200  EDGEHILL CIR, LAFAYETTE, LA, 70508","No_Match",NA,NA,NA,NA
103563,"200 104TH AVE 221","TREASURE ISLAND","FL",33706,27.7691569200001,-82.766486017,63,"200 104TH AVE 221, TREASURE ISLAND, FL, 33706","Match","Exact","200 104TH AVE, TREASURE ISLAND, FL, 33706",124693663,"L"
103564,"200 112TH AVENUE NE SUITE 210","BELLEVUE","WA",98004,47.6123711020001,-122.19087646,64,"200 112TH AVENUE NE SUITE 210, BELLEVUE, WA, 98004","Match","Exact","200 112TH AVE NE, BELLEVUE, WA, 98004",186607465,"R"
103565,"200 11TH ST SE","WASHINGTON","DC",20003,38.887526096,-76.9915191429999,65,"200 11TH ST SE, WASHINGTON, DC, 20003","Match","Exact","200 11TH ST SE, WASHINGTON, DC, 20003",76230069,"L"
103566,"200 13TH STREET N","BENSON","MN",56215,45.315326338,-95.599820085,66,"200 13TH STREET N, BENSON, MN, 56215","Match","Exact","200 13TH ST N, BENSON, MN, 56215",635734031,"R"
103567,"200 16TH AVENUE","COUNCIL BLUFFS","IA",51501,41.2465918570001,-95.846894385,67,"200 16TH AVENUE, COUNCIL BLUFFS, IA, 51501","Match","Non_Exact","200 16TH AVE, COUNCIL BLUFFS, IA, 51503",43926820,"R"
103568,"200 177TH DR APT 211","SUNNY ISLES BEACH","FL",33160,25.9402523380001,-80.123359933,68,"200 177TH DR APT 211, SUNNY ISLES BEACH, FL, 33160","Match","Exact","200 177TH DR, SUNNY ISLES BEACH, FL, 33160",610512768,"L"
103569,"200 1ST AVE W STE 312","SEATTLE","WA",98119,47.6198683490001,-122.358044536,69,"200 1ST AVE W STE 312, SEATTLE, WA, 98119","Match","Exact","200 1ST AVE W, SEATTLE, WA, 98119",186582183,"R"
103570,"200 24TH AVE S","SEATTLE","WA",98144,47.600821049,-122.301093028,70,"200 24TH AVE S, SEATTLE, WA, 98144","Match","Exact","200 24TH AVE S, SEATTLE, WA, 98144",186593231,"L"
103571,"200 26TH STREET","OPELIKA","AL",36801,32.6340184760001,-85.415422163,71,"200 26TH STREET, OPELIKA, AL, 36801","Match","Non_Exact","200 N 26TH ST, OPELIKA, AL, 36801",1570579,"L"
103572,"200 2ND AVE S UNIT 286","SAINT PETERSBURG","FL",33701,27.7694510900001,-82.635633157,72,"200 2ND AVE S UNIT 286, SAINT PETERSBURG, FL, 33701","Match","Exact","200 2ND AVE S, SAINT PETERSBURG, FL, 33701",124708282,"L"
103573,"200 2ND AVE SE","CULLMAN","AL",35055,34.177364411,-86.84162606,73,"200 2ND AVE SE, CULLMAN, AL, 35055","Match","Exact","200 2ND AVE SE, CULLMAN, AL, 35055",130220435,"R"
103574,"200 2ND AVENUE SOUTH","ST PETERSBURG","IL",33701,NA,NA,74,"200 2ND AVENUE SOUTH, ST PETERSBURG, IL, 33701","No_Match",NA,NA,NA,NA
103575,"200 3RD AVE","PASSAIC","NJ",7055,40.8684730270001,-74.116305653,75,"200 3RD AVE, PASSAIC, NJ, 7055","Match","Non_Exact","200 3RD ST, PASSAIC, NJ, 07055",65249579,"R"
103576,"200 3RD STREET NORTH","WESLEY","IA",50483,43.089154949,-93.9938861799999,76,"200 3RD STREET NORTH, WESLEY, IA, 50483","Match","Exact","200 3RD ST N, WESLEY, IA, 50483",9833295,"L"
103577,"200 4TH STREET","MINTO","ND",58261,NA,NA,77,"200 4TH STREET, MINTO, ND, 58261","No_Match",NA,NA,NA,NA
103578,"200 78TH AVENUE NORTH APT 46","SAINT PETERSBURG","FL",33702,27.843033824,-82.635861893,78,"200 78TH AVENUE NORTH APT 46, SAINT PETERSBURG, FL, 33702","Match","Exact","200 78TH AVE N, SAINT PETERSBURG, FL, 33702",124711882,"L"
103579,"200 AIRPORT DRIVE","BROWNSBORO","AL",35741,34.7465602830001,-86.459544105,79,"200 AIRPORT DRIVE, BROWNSBORO, AL, 35741","Match","Exact","200 AIRPORT DR, BROWNSBORO, AL, 35741",58177328,"L"
103580,"200 AIRPORT ROAD SUITE 100","NEW CUMBERLAND","PA",17070,NA,NA,80,"200 AIRPORT ROAD SUITE 100, NEW CUMBERLAND, PA, 17070","No_Match",NA,NA,NA,NA
103581,"200 ALAMOS PL","SAN RAMON","CA",94583,37.751448323,-121.941823084,81,"200 ALAMOS PL, SAN RAMON, CA, 94583","Match","Exact","200 ALAMOS PL, SAN RAMON, CA, 94583",192066886,"R"
103582,"200 ALMEDA STREET","LAFAYETTE","LA",70501,30.242195227,-92.013724573,82,"200 ALMEDA STREET, LAFAYETTE, LA, 70501","Match","Exact","200 ALMEDA ST, LAFAYETTE, LA, 70501",85615233,"R"
103583,"200 AMMO AVENUE","WHITEMAN AFB","MO",65305,NA,NA,83,"200 AMMO AVENUE, WHITEMAN AFB, MO, 65305","No_Match",NA,NA,NA,NA
103584,"200 ANASTASIA BLVD","ST AUGUSTINE","FL",32080,29.8919332520001,-81.301026322,84,"200 ANASTASIA BLVD, ST AUGUSTINE, FL, 32080","Match","Exact","200 ANASTASIA BLVD, SAINT AUGUSTINE, FL, 32080",92582255,"R"
103585,"200 ANDOVER PARK E  SUITE 3","TUKWILA","WA",98188,47.4580111290001,-122.249999637,85,"200 ANDOVER PARK E  SUITE 3, TUKWILA, WA, 98188","Match","Exact","200 ANDOVER PARK E, TUKWILA, WA, 98188",239766253,"L"
103586,"200 ARMORY ROAD","CENTRE","AL",35960,34.1547709170001,-85.667401591,86,"200 ARMORY ROAD, CENTRE, AL, 35960","Match","Exact","200 ARMORY RD, CENTRE, AL, 35960",636433360,"R"
103587,"200 ASCOT PLACE NE","WASHINGTON","DC",20002,38.92077048,-77.003383616,87,"200 ASCOT PLACE NE, WASHINGTON, DC, 20002","Match","Exact","200 ASCOT PL NE, WASHINGTON, DC, 20002",76228569,"L"
103588,"200 ASHTON COURT","PITTSBURGH","PA",15202,40.502150353,-80.044453112,88,"200 ASHTON COURT, PITTSBURGH, PA, 15202","Match","Exact","200 ASHTON CT, PITTSBURGH, PA, 15202",51714611,"R"
103589,"200 ASHVILLE CIRCLE","MONTEVALLO","AL",35115,33.112208438,-86.8559862229999,89,"200 ASHVILLE CIRCLE, MONTEVALLO, AL, 35115","Match","Exact","200 ASHVILLE CIR, MONTEVALLO, AL, 35115",82090708,"R"
103590,"200 ASPHODEL DR","DOTHAN","AL",36303,31.2433463250001,-85.4927977949999,90,"200 ASPHODEL DR, DOTHAN, AL, 36303","Match","Exact","200 ASPHODEL DR, DOTHAN, AL, 36303",101242306,"R"
103591,"200 ATRIUM WAY","COLUMBIA","SC",29223,34.086404144,-80.937237276,91,"200 ATRIUM WAY, COLUMBIA, SC, 29223","Match","Exact","200 ATRIUM WAY, COLUMBIA, SC, 29223",71854465,"L"
103592,"200 ATSION WAY","TOMS RIVER","NJ",8753,40.0145333990001,-74.126159641,92,"200 ATSION WAY, TOMS RIVER, NJ, 8753","Match","Exact","200 ATSION WAY, TOMS RIVER, NJ, 08753",203803989,"L"
103593,"200 AUSTREE DRIVE","COLUMBIA","SC",29229,34.1864085730001,-80.895328247,93,"200 AUSTREE DRIVE, COLUMBIA, SC, 29229","Match","Exact","200 AUSTREE DR, COLUMBIA, SC, 29229",604796322,"R"
103594,"200 B SOUTH HIGHWAY 27","CLERMONT","FL",34715,NA,NA,94,"200 B SOUTH HIGHWAY 27, CLERMONT, FL, 34715","No_Match",NA,NA,NA,NA
103595,"200 BALLANTINE PARKWAY","NEWARK","NJ",7104,40.770053702,-74.1701910149999,95,"200 BALLANTINE PARKWAY, NEWARK, NJ, 7104","Match","Exact","200 BALLANTINE PKWY, NEWARK, NJ, 07104",63454966,"L"
103596,"200 BALTIC CIR UNIT 238","REDWOOD CITY","CA",94065,37.538355949,-122.241301417,96,"200 BALTIC CIR UNIT 238, REDWOOD CITY, CA, 94065","Match","Exact","200 BALTIC CIR, REDWOOD CITY, CA, 94065",642916820,"L"
103597,"200 BARFIELD RD","DARLINGTON","SC",29532,34.316019489,-79.8708053289999,97,"200 BARFIELD RD, DARLINGTON, SC, 29532","Match","Exact","200 BARFIELD RD, DARLINGTON, SC, 29532",78398692,"R"
103598,"200 BARTONS CREEK RD LOT 10","LEBANON","TN",37090,36.171673361,-86.31537094,98,"200 BARTONS CREEK RD LOT 10, LEBANON, TN, 37090","Match","Exact","200 BARTONS CREEK RD, LEBANON, TN, 37090",89709321,"L"
103599,"200 BEAN STATION SCHOOL ROAD","BEAN STATION","TN",37708,NA,NA,99,"200 BEAN STATION SCHOOL ROAD, BEAN STATION, TN, 37708","No_Match",NA,NA,NA,NA
103600,"200 BED FORD RD APT N0 7A","WOBURN","MA",1801,NA,NA,100,"200 BED FORD RD APT N0 7A, WOBURN, MA, 1801","No_Match",NA,NA,NA,NA
103601,"200 BEDFORD RD APT 19A","WOBURN","MA",1801,42.4801636240001,-71.183268154,101,"200 BEDFORD RD APT 19A, WOBURN, MA, 1801","Match","Exact","200 BEDFORD RD, WOBURN, MA, 01801",87117551,"L"
103602,"200 BEDFORD RD-APT 19A","WOBURN","MA",1801,42.4801636240001,-71.183268154,102,"200 BEDFORD RD-APT 19A, WOBURN, MA, 1801","Match","Non_Exact","200 BEDFORD RD, WOBURN, MA, 01801",87117551,"L"
103603,"200 BELL AVENUE","PUNXSUTAWNEY","PA",15767,40.9474284570001,-78.9718594779999,103,"200 BELL AVENUE, PUNXSUTAWNEY, PA, 15767","Match","Exact","200 BELL AVE, PUNXSUTAWNEY, PA, 15767",66444465,"R"
103604,"200 BENDIX ROAD SUITE 300","VIRGINIA BEACH","VA",23452,36.834134621,-76.1259564329999,104,"200 BENDIX ROAD SUITE 300, VIRGINIA BEACH, VA, 23452","Match","Non_Exact","200 BENDIX RD, VA BCH, VA, 23462",122266106,"L"
103605,"200 BICENTENNIAL CIR APT 32","SACRAMENTO","CA",95826,38.5511176090001,-121.406747144,105,"200 BICENTENNIAL CIR APT 32, SACRAMENTO, CA, 95826","Match","Exact","200 BICENTENNIAL CIR, SACRAMENTO, CA, 95826",133445748,"L"
103606,"200 BLAKESLEES ST APT 196","BRISTOL","CT",6010,NA,NA,106,"200 BLAKESLEES ST APT 196, BRISTOL, CT, 6010","No_Match",NA,NA,NA,NA
103607,"200 BLOOMFIELD FARM LANE","CENTREVILLE","MD",21617,39.069183632,-76.0485039389999,107,"200 BLOOMFIELD FARM LANE, CENTREVILLE, MD, 21617","Match","Exact","200 BLOOMFIELD FARM LN, CENTREVILLE, MD, 21617",68053667,"R"
103608,"200 BLOOMSBURY AVENUE","CATONSVILLE","MD",21228,39.2678572020001,-76.730070241,108,"200 BLOOMSBURY AVENUE, CATONSVILLE, MD, 21228","Match","Exact","200 BLOOMSBURY AVE, CATONSVILLE, MD, 21228",191556540,"R"
103609,"200 BLUE GABLE ROAD APT 117","HATTIESBURG","MS",39401,31.3490233640001,-89.3370204349999,109,"200 BLUE GABLE ROAD APT 117, HATTIESBURG, MS, 39401","Match","Exact","200 BLUE GABLE RD, HATTIESBURG, MS, 39401",607636155,"L"
103610,"200 BLUE RIDGE ROAD","PLYMOUTH MEETING","PA",19462,40.101570569,-75.285804264,110,"200 BLUE RIDGE ROAD, PLYMOUTH MEETING, PA, 19462","Match","Exact","200 BLUE RIDGE RD, PLYMOUTH MEETING, PA, 19462",135085201,"R"
103611,"200 BLUEGRASS TERRACE","MCDONOUGH","GA",30253,33.4737704300001,-84.05997128,111,"200 BLUEGRASS TERRACE, MCDONOUGH, GA, 30253","Match","Non_Exact","200 BLUE GRASS TER, MCDONOUGH, GA, 30252",619917803,"R"
103612,"200 BOARDWALK WAY","KELSO","WA",98626,46.1871060990001,-122.914012045,112,"200 BOARDWALK WAY, KELSO, WA, 98626","Match","Exact","200 BOARDWALK WAY, KELSO, WA, 98626",184519186,"R"
103613,"200 BOCES DRIVE","YORKTOWN HEIGHTS","NY",10598,41.2772944710001,-73.768885568,113,"200 BOCES DRIVE, YORKTOWN HEIGHTS, NY, 10598","Match","Exact","200 BOCES DR, YORKTOWN HEIGHTS, NY, 10598",647174060,"R"
103614,"200 BOLETTE LANE","COLUMBIA","SC",29229,34.162086564,-80.881936481,114,"200 BOLETTE LANE, COLUMBIA, SC, 29229","Match","Exact","200 BOLETTE LN, COLUMBIA, SC, 29229",628067871,"R"
103615,"200 BOWLES LANE","AFTON","WY",83110,42.663752222,-110.929053986,115,"200 BOWLES LANE, AFTON, WY, 83110","Match","Exact","200 BOWLES LN, AFTON, WY, 83110",611004237,"R"
103616,"200 BOWMAN RD","HANOVER","PA",17331,39.7859623090001,-76.9597978959999,116,"200 BOWMAN RD, HANOVER, PA, 17331","Match","Exact","200 BOWMAN RD, HANOVER, PA, 17331",88710472,"R"
103617,"200 BOYD LN","HENDERSON","NC",27536,36.3316514110001,-78.4676160499999,117,"200 BOYD LN, HENDERSON, NC, 27536","Match","Non_Exact","200 BOYD LN, HENDERSON, NC, 27537",90280216,"L"
103618,"200 BOYDEN AVENUE - 451","MAPLEWOOD","NJ",7040,40.7226929620001,-74.25443849,118,"200 BOYDEN AVENUE - 451, MAPLEWOOD, NJ, 7040","Match","Exact","200 BOYDEN AVE, MAPLEWOOD, NJ, 07040",63484786,"L"
103619,"200 BRAEBURN LANE","HIGHLAND PARK","IL",60035,42.161439622,-87.7720255149999,119,"200 BRAEBURN LANE, HIGHLAND PARK, IL, 60035","Match","Non_Exact","200 BRAEBURN RD, HIGHLAND PARK, IL, 60035",119744571,"R"
103620,"200 BRANDON RIDGE COURT","RIVERDALE","GA",30274,33.5328405820001,-84.395522751,120,"200 BRANDON RIDGE COURT, RIVERDALE, GA, 30274","Match","Exact","200 BRANDON RIDGE CT, RIVERDALE, GA, 30274",647700234,"R"
103621,"200 BRANDYWINE RD","COLLEGEVILLE","PA",19426,40.2172543610001,-75.464771303,121,"200 BRANDYWINE RD, COLLEGEVILLE, PA, 19426","Match","Exact","200 BRANDYWINE RD, COLLEGEVILLE, PA, 19426",135110447,"R"
103622,"200 BRIAR PATH","REIDSVILLE","NC",27320,36.3133566760001,-79.6775360999999,122,"200 BRIAR PATH, REIDSVILLE, NC, 27320","Match","Exact","200 BRIAR PATH, REIDSVILLE, NC, 27320",624967338,"R"
103623,"200 BRIDGE STREET 201","BURLINGTON","WI",53105,42.6785031410001,-88.272432737,123,"200 BRIDGE STREET 201, BURLINGTON, WI, 53105","Match","Exact","200 BRIDGE ST, BURLINGTON, WI, 53105",77902885,"R"
103624,"200 BRIDGEWAY APT 249","LAFAYETTE","LA",70506,30.215033842,-92.0599825899999,124,"200 BRIDGEWAY APT 249, LAFAYETTE, LA, 70506","Match","Non_Exact","200 BRIDGEWAY DR, LAFAYETTE, LA, 70506",85611721,"R"
103625,"200 BROADWAY","SEATTLE","WA",98122,47.603629981,-122.320732909,125,"200 BROADWAY, SEATTLE, WA, 98122","Match","Non_Exact","200 BROADWAY AVE, SEATTLE, WA, 98122",186590069,"R"
103626,"200 BROCK AVENUE","QUITMAN","MS",39355,32.039042502,-88.7148716459999,126,"200 BROCK AVENUE, QUITMAN, MS, 39355","Match","Exact","200 BROCK AVE, QUITMAN, MS, 39355",2684289,"L"
103627,"200 BROMPTON RD","GARDEN CITY","NY",11530,40.7331555110001,-73.655649427,127,"200 BROMPTON RD, GARDEN CITY, NY, 11530","Match","Exact","200 BROMPTON RD, GARDEN CITY, NY, 11530",147671792,"L"
103628,"200 BROOKVILLE RD","BROOKVILLE","NY",11545,40.811155602,-73.543930748,128,"200 BROOKVILLE RD, BROOKVILLE, NY, 11545","Match","Non_Exact","200 BROOKVILLE RD, GLEN HEAD, NY, 11545",147839519,"L"
103629,"200 BROOKWOOD DRIVE","ENTERPRISE","AL",36330,31.288861782,-85.846265444,129,"200 BROOKWOOD DRIVE, ENTERPRISE, AL, 36330","Match","Exact","200 BROOKWOOD DR, ENTERPRISE, AL, 36330",647726763,"R"
103630,"200 BROWN ROAD STE 300","FREMONT","CA",94539,37.4951327910001,-121.925341267,130,"200 BROWN ROAD STE 300, FREMONT, CA, 94539","Match","Exact","200 BROWN RD, FREMONT, CA, 94539",125061025,"L"
103631,"200 BRUCE RD","LOCKPORT","IL",60441,41.571113989,-87.919598252,131,"200 BRUCE RD, LOCKPORT, IL, 60441","Match","Exact","200 BRUCE RD, LOCKPORT, IL, 60441",111549057,"L"
103632,"200 BUCHANAN STREET APT 21","SAN FRANCISCO","CA",94102,37.771631658,-122.426967115,132,"200 BUCHANAN STREET APT 21, SAN FRANCISCO, CA, 94102","Match","Exact","200 BUCHANAN ST, SAN FRANCISCO, CA, 94102",192284046,"R"
103633,"200 BUCKTHORNE DRIVE","LEXINGTON","SC",29072,33.9875854950001,-81.2526525229999,133,"200 BUCKTHORNE DRIVE, LEXINGTON, SC, 29072","Match","Exact","200 BUCKTHORNE DR, LEXINGTON, SC, 29072",70087961,"R"
103634,"200 BUTLER ST  SUITE 305","WEST PALM BEACH","FL",33407,26.7310017090001,-80.051170961,134,"200 BUTLER ST  SUITE 305, WEST PALM BEACH, FL, 33407","Match","Exact","200 BUTLER ST, WEST PALM BEACH, FL, 33407",115277742,"L"
103635,"200 BYRAM PKWY","BYRAM","MS",39272,32.252022454,-90.230484046,135,"200 BYRAM PKWY, BYRAM, MS, 39272","Match","Non_Exact","200 BYRAM DR, BYRAM, MS, 39272",65368579,"L"
103636,"200 BYRN STREET","CAMBRIDGE","MD",21613,38.571317697,-76.070007871,136,"200 BYRN STREET, CAMBRIDGE, MD, 21613","Match","Exact","200 BYRN ST, CAMBRIDGE, MD, 21613",99661901,"L"
103637,"200 C AND O DAM RD","DANIELS","WV",25832,37.740760155,-81.124463138,137,"200 C AND O DAM RD, DANIELS, WV, 25832","Match","Exact","200 C AND O DAM RD, DANIELS, WV, 25832",78829532,"R"
103638,"200 CABRINI BLVD -  APT 111","NEW YORK","NY",10033,40.8541699130001,-73.9390375679999,138,"200 CABRINI BLVD -  APT 111, NEW YORK, NY, 10033","Match","Exact","200 CABRINI BLVD, NEW YORK, NY, 10033",650071210,"L"
103639,"200 CABRINI BLVD APT 93","NEW YORK","NY",10033,40.8541699130001,-73.9390375679999,139,"200 CABRINI BLVD APT 93, NEW YORK, NY, 10033","Match","Exact","200 CABRINI BLVD, NEW YORK, NY, 10033",650071210,"L"
103640,"200 CALIFORNIA STREET","SAN FRANCISCO","CA",94111,37.7933546740001,-122.398874112,140,"200 CALIFORNIA STREET, SAN FRANCISCO, CA, 94111","Match","Exact","200 CALIFORNIA ST, SAN FRANCISCO, CA, 94111",192281480,"R"
103641,"200 CAMP 5 RD","CRYSTAL FALLS","MI",49920,46.0802815100001,-88.128140305,141,"200 CAMP 5 RD, CRYSTAL FALLS, MI, 49920","Match","Exact","200 CAMP 5 RD, CRYSTAL FALLS, MI, 49920",620686211,"L"
103642,"200 CAPTAINS ROW UNIT 510","CHELSEA","MA",2150,42.390930521,-71.045743311,142,"200 CAPTAINS ROW UNIT 510, CHELSEA, MA, 2150","Match","Exact","200 CAPTAINS ROW, CHELSEA, MA, 02150",85718109,"R"
103643,"200 CARRINGTON LANE","CENTERVILLE","GA",31028,32.6271358010001,-83.692419361,143,"200 CARRINGTON LANE, CENTERVILLE, GA, 31028","Match","Exact","200 CARRINGTON LN, CENTERVILLE, GA, 31028",636155320,"R"
103644,"200 CASPER WAY","MIDDLETOWN","DE",19709,39.465027822,-75.709516336,144,"200 CASPER WAY, MIDDLETOWN, DE, 19709","Match","Exact","200 CASPER WAY, MIDDLETOWN, DE, 19709",187288506,"R"
103645,"200 CASS ST","CLEVELAND","MO",64734,NA,NA,145,"200 CASS ST, CLEVELAND, MO, 64734","No_Match",NA,NA,NA,NA
103646,"200 CASTLEBROOK LN","BUFFALO","NY",14221,NA,NA,146,"200 CASTLEBROOK LN, BUFFALO, NY, 14221","No_Match",NA,NA,NA,NA
103647,"200 CENTENNIAL AVENUE  STE 200-270","PISCATAWAY","NJ",8854,40.543825123,-74.4956193259999,147,"200 CENTENNIAL AVENUE  STE 200-270, PISCATAWAY, NJ, 8854","Match","Exact","200 CENTENNIAL AVE, PISCATAWAY, NJ, 08854",60327080,"R"
103648,"200 CENTENNIAL AVENUE STE 108","PISCATAWAY","NJ",8854,40.543825123,-74.4956193259999,148,"200 CENTENNIAL AVENUE STE 108, PISCATAWAY, NJ, 8854","Match","Exact","200 CENTENNIAL AVE, PISCATAWAY, NJ, 08854",60327080,"R"
103649,"200 CENTENNIAL AVENUE SUITE 106","PISCATAWAY","NJ",8854,40.543825123,-74.4956193259999,149,"200 CENTENNIAL AVENUE SUITE 106, PISCATAWAY, NJ, 8854","Match","Exact","200 CENTENNIAL AVE, PISCATAWAY, NJ, 08854",60327080,"R"
103650,"200 CENTENNIAL AVENUE SUITE 200","PISCATAWAY","NJ",8854,40.543825123,-74.4956193259999,150,"200 CENTENNIAL AVENUE SUITE 200, PISCATAWAY, NJ, 8854","Match","Exact","200 CENTENNIAL AVE, PISCATAWAY, NJ, 08854",60327080,"R"
103651,"200 CENTER NEW TEXAS ROAD","PLUM","PA",15239,40.481610141,-79.7578478839999,151,"200 CENTER NEW TEXAS ROAD, PLUM, PA, 15239","Match","Exact","200 CENTER NEW TEXAS RD, PLUM, PA, 15239",51676287,"L"
103652,"200 CENTER STREET","BOWLING GREEN","KY",42101,37.0008370620001,-86.4335578499999,152,"200 CENTER STREET, BOWLING GREEN, KY, 42101","Match","Exact","200 CENTER ST, BOWLING GREEN, KY, 42101",28001737,"R"
103653,"200 CENTRE AVENUE 2M","NEW ROCHELLE","NY",10805,40.904054112,-73.780879629,153,"200 CENTRE AVENUE 2M, NEW ROCHELLE, NY, 10805","Match","Exact","200 CENTRE AVE, NEW ROCHELLE, NY, 10805",139751383,"L"
103654,"200 CHAMPION DRIVE","LAKEWAY","TX",78734,30.3569874630001,-97.9914523639999,154,"200 CHAMPION DRIVE, LAKEWAY, TX, 78734","Match","Exact","200 CHAMPION DR, LAKEWAY, TX, 78734",63922985,"R"
103655,"200 CHARLES STREET NE","FRIDLEY","MN",55432,45.076525185,-93.274194236,155,"200 CHARLES STREET NE, FRIDLEY, MN, 55432","Match","Exact","200 CHARLES ST NE, FRIDLEY, MN, 55432",97487347,"L"
103656,"200 CHERRY STREET","TROY","AL",36081,31.8093590990001,-85.973183023,156,"200 CHERRY STREET, TROY, AL, 36081","Match","Exact","200 CHERRY ST, TROY, AL, 36081",636439827,"L"
103657,"200 CHESAPEAKE BLVD SUITE 2550","ELKTON","MD",21921,39.5983516650001,-75.786285983,157,"200 CHESAPEAKE BLVD SUITE 2550, ELKTON, MD, 21921","Match","Exact","200 CHESAPEAKE BLVD, ELKTON, MD, 21921",646960508,"L"
103658,"200 CHISHOLM PL STE 250","PLANO","TX",75075,33.027015342,-96.710208807,158,"200 CHISHOLM PL STE 250, PLANO, TX, 75075","Match","Exact","200 CHISHOLM PL, PLANO, TX, 75075",210470576,"R"
103659,"200 CHURCH ST E","EAST CANTON","OH",44730,40.783789637,-81.283283766,159,"200 CHURCH ST E, EAST CANTON, OH, 44730","Match","Exact","200 CHURCH ST E, EAST CANTON, OH, 44730",64688730,"R"
103660,"200 CHURCH STREET STAR CITY AR 7166","STAR CITY","AR",71667,33.954116432,-91.8444686399999,160,"200 CHURCH STREET STAR CITY AR 7166, STAR CITY, AR, 71667","Match","Exact","200 CHURCH ST, STAR CITY, AR, 71667",2644081,"R"
103661,"200 CHURCH STREET","LANDISVILLE","PA",17538,40.092191459,-76.409928237,161,"200 CHURCH STREET, LANDISVILLE, PA, 17538","Match","Exact","200 CHURCH ST, LANDISVILLE, PA, 17538",179658637,"R"
103662,"200 CHURCH STREET","NATCHITOCHES","LA",71457,31.761035459,-93.0879338829999,162,"200 CHURCH STREET, NATCHITOCHES, LA, 71457","Match","Exact","200 CHURCH ST, NATCHITOCHES, LA, 71457",13375921,"R"
103663,"200 CITY CENTER CIRCLE DRIVE","BOARDMAN","OR",97818,NA,NA,163,"200 CITY CENTER CIRCLE DRIVE, BOARDMAN, OR, 97818","No_Match",NA,NA,NA,NA
103664,"200 CITY PARK ROAD","HODGENVILLE","KY",42748,NA,NA,164,"200 CITY PARK ROAD, HODGENVILLE, KY, 42748","No_Match",NA,NA,NA,NA
103665,"200 CIVIC CENTER WAY","EL CAJON","CA",92020,NA,NA,165,"200 CIVIC CENTER WAY, EL CAJON, CA, 92020","No_Match",NA,NA,NA,NA
103666,"200 CLAIBORNE WAY","SAN ANTONIO","TX",78209,29.4773445270001,-98.472425623,166,"200 CLAIBORNE WAY, SAN ANTONIO, TX, 78209","Match","Exact","200 CLAIBORNE WAY, SAN ANTONIO, TX, 78209",101524423,"R"
103667,"200 CLARK ST NE","CULLMAN","AL",35055,34.179334302,-86.836422603,167,"200 CLARK ST NE, CULLMAN, AL, 35055","Match","Exact","200 CLARK ST NE, CULLMAN, AL, 35055",130220320,"R"
103668,"200 CLEVIE JAMES ROAD","BROWNSVILLE","KY",42210,NA,NA,168,"200 CLEVIE JAMES ROAD, BROWNSVILLE, KY, 42210","No_Match",NA,NA,NA,NA
103669,"200 CLOCK TOWER PL STE D205","CARMEL","CA",93923,36.5398208660001,-121.906091683,169,"200 CLOCK TOWER PL STE D205, CARMEL, CA, 93923","Match","Exact","200 CLOCK TOWER PL, CARMEL, CA, 93923",196843110,"L"
103670,"200 CLOCK TOWER PLACE SUITE D205","CARMEL","CA",93923,36.5398208660001,-121.906091683,170,"200 CLOCK TOWER PLACE SUITE D205, CARMEL, CA, 93923","Match","Exact","200 CLOCK TOWER PL, CARMEL, CA, 93923",196843110,"L"
103671,"200 COLLEGE DRIVE","BLACKWOOD","NJ",8012,39.784051708,-75.048584166,171,"200 COLLEGE DRIVE, BLACKWOOD, NJ, 8012","Match","Exact","200 COLLEGE DR, BLACKWOOD, NJ, 08012",134417667,"R"
103672,"200 COLLEGE STREET","BATESVILLE","MS",38606,34.32155168,-89.952006738,172,"200 COLLEGE STREET, BATESVILLE, MS, 38606","Match","Exact","200 COLLEGE ST, BATESVILLE, MS, 38606",607766524,"R"
103673,"200 COMMERCE STREET","MONTGOMERY","AL",36104,32.3803150100001,-86.311982246,173,"200 COMMERCE STREET, MONTGOMERY, AL, 36104","Match","Exact","200 COMMERCE ST, MONTGOMERY, AL, 36104",1469045,"R"
103674,"200 COMMERCE STREET","SMITHFIELD","VA",23430,36.984255026,-76.630382147,174,"200 COMMERCE STREET, SMITHFIELD, VA, 23430","Match","Exact","200 COMMERCE ST, SMITHFIELD, VA, 23430",198633933,"R"
103675,"200 COMMONS DRIVE","HOLLY SPRINGS","NC",27540,35.674764877,-78.831976674,175,"200 COMMONS DRIVE, HOLLY SPRINGS, NC, 27540","Match","Exact","200 COMMONS DR, HOLLY SPRINGS, NC, 27540",208362532,"R"
103676,"200 CONCORD PLAZA DR STE 425","SAN ANTONIO","TX",78216,29.5042339030001,-98.4815110339999,176,"200 CONCORD PLAZA DR STE 425, SAN ANTONIO, TX, 78216","Match","Exact","200 CONCORD PLAZA DR, SAN ANTONIO, TX, 78216",101699627,"R"
103677,"200 CONCORD PLAZA DR SUITE 700","SAN ANTONIO","TX",78216,29.5042339030001,-98.4815110339999,177,"200 CONCORD PLAZA DR SUITE 700, SAN ANTONIO, TX, 78216","Match","Exact","200 CONCORD PLAZA DR, SAN ANTONIO, TX, 78216",101699627,"R"
103678,"200 CONCORD PLAZA DRIVE SUITE 700","SAN ANTONIO","TX",78216,29.5042339030001,-98.4815110339999,178,"200 CONCORD PLAZA DRIVE SUITE 700, SAN ANTONIO, TX, 78216","Match","Exact","200 CONCORD PLAZA DR, SAN ANTONIO, TX, 78216",101699627,"R"
103679,"200 CONNIE DRIVE","ELK CITY","OK",73644,35.409837076,-99.4376382409999,179,"200 CONNIE DRIVE, ELK CITY, OK, 73644","Match","Exact","200 CONNIE DR, ELK CITY, OK, 73644",636316294,"R"
103680,"200 CONTINENTAL DR SUITE 401","NEWARK","DE",19713,39.685725958,-75.664781384,180,"200 CONTINENTAL DR SUITE 401, NEWARK, DE, 19713","Match","Exact","200 CONTINENTAL DR, NEWARK, DE, 19713",640332261,"R"
103681,"200 CONTINENTAL DRIVE - SUITE 401","NEWARK","DE",19713,39.685725958,-75.664781384,181,"200 CONTINENTAL DRIVE - SUITE 401, NEWARK, DE, 19713","Match","Exact","200 CONTINENTAL DR, NEWARK, DE, 19713",640332261,"R"
103682,"200 CONTINENTAL DRIVE SUITE 111","NEWARK","DE",19713,39.685725958,-75.664781384,182,"200 CONTINENTAL DRIVE SUITE 111, NEWARK, DE, 19713","Match","Exact","200 CONTINENTAL DR, NEWARK, DE, 19713",640332261,"R"
103683,"200 COOS STREET","BERLIN","NH",3570,44.4689996230001,-71.171912159,183,"200 COOS STREET, BERLIN, NH, 3570","Match","Exact","200 COOS ST, BERLIN, NH, 03570",167917017,"L"
103684,"200 CORPORAL STEPHEN J BALLARD WAY","NEWARK","DE",19702,NA,NA,184,"200 CORPORAL STEPHEN J BALLARD WAY, NEWARK, DE, 19702","No_Match",NA,NA,NA,NA
103685,"200 COTTESBROOKE CIRCLE","MADISON","MS",39110,32.465916065,-90.0713162919999,185,"200 COTTESBROOKE CIRCLE, MADISON, MS, 39110","Match","Non_Exact","200 COTTSBROOKE CIR, MADISON, MS, 39110",635161178,"L"
103686,"200 COTTON AVE STE 1","AMERICUS","GA",31709,32.0734006260001,-84.2348792349999,186,"200 COTTON AVE STE 1, AMERICUS, GA, 31709","Match","Exact","200 COTTON AVE, AMERICUS, GA, 31709",636368328,"L"
103687,"200 COUNTRY CLUB DRIVE UNIT 1306","LARGO","FL",33771,27.910358365,-82.768033992,187,"200 COUNTRY CLUB DRIVE UNIT 1306, LARGO, FL, 33771","Match","Exact","200 COUNTRY CLUB DR, LARGO, FL, 33771",124754791,"R"
103688,"200 COUNTY EXTENSION ROAD","LONDON","KY",40741,NA,NA,188,"200 COUNTY EXTENSION ROAD, LONDON, KY, 40741","No_Match",NA,NA,NA,NA
103689,"200 COUNTY ROAD 1917","LINDEN","TX",75563,33.0008396870001,-94.294263283,189,"200 COUNTY ROAD 1917, LINDEN, TX, 75563","Match","Exact","200 CO RD 1917, LINDEN, TX, 75563",57054855,"R"
103690,"200 COUNTY ROAD 552","ROGERSVILLE","AL",35652,34.877921004,-87.26676441,190,"200 COUNTY ROAD 552, ROGERSVILLE, AL, 35652","Match","Exact","200 CO RD 552, ROGERSVILLE, AL, 35652",41329449,"L"
103691,"200 COUNTY ROAD 68","ORRVILLE","AL",36767,32.2986653150001,-87.252780043,191,"200 COUNTY ROAD 68, ORRVILLE, AL, 36767","Match","Exact","200 CO RD 68, ORRVILLE, AL, 36767",1286342,"R"
103692,"200 COYOTE ST 566","NEVADA CITY","CA",95959,39.2630688450001,-121.017014424,192,"200 COYOTE ST 566, NEVADA CITY, CA, 95959","Match","Exact","200 COYOTE ST, NEVADA CITY, CA, 95959",106553333,"R"
103693,"200 CP AND L DRIVE","ARDEN","NC",28704,NA,NA,193,"200 CP AND L DRIVE, ARDEN, NC, 28704","No_Match",NA,NA,NA,NA
103694,"200 CRAIG ROAD   SUITE 203","MANALAPAN","NJ",7726,40.286728204,-74.296540877,194,"200 CRAIG ROAD   SUITE 203, MANALAPAN, NJ, 7726","Match","Exact","200 CRAIG RD, MANALAPAN, NJ, 07726",90529143,"R"
103695,"200 CREEK DRIVE","QINBY","SC",29506,34.2329748380001,-79.739081657,195,"200 CREEK DRIVE, QINBY, SC, 29506","Match","Non_Exact","200 CREEK DR, QUINBY, SC, 29506",28876759,"L"
103696,"200 CRICKET HOLLOW RUN","CLAYTON","NC",27520,35.64393878,-78.474189532,196,"200 CRICKET HOLLOW RUN, CLAYTON, NC, 27520","Match","Exact","200 CRICKET HOLLOW RUN, CLAYTON, NC, 27520",639652994,"R"
103697,"200 CROSSWINDS DRIVE UNIT A1","GREENACRES","FL",33413,26.6442672540001,-80.148825928,197,"200 CROSSWINDS DRIVE UNIT A1, GREENACRES, FL, 33413","Match","Exact","200 CROSSWINDS DR, GREENACRES, FL, 33413",115578811,"L"
103698,"200 CURRIE STREET APT 102","CHAPEL HILL","NC",27517,35.857026746,-79.025420181,198,"200 CURRIE STREET APT 102, CHAPEL HILL, NC, 27517","Match","Non_Exact","200 CURRIE, CHAPEL HILL, NC, 27517",600321744,"L"
103699,"200 CUSHMAN STREET","DURHAM","NC",27703,35.9827405090001,-78.8453608199999,199,"200 CUSHMAN STREET, DURHAM, NC, 27703","Match","Exact","200 CUSHMAN ST, DURHAM, NC, 27703",71745177,"R"
103700,"200 D STREET","ROSEVILLE","CA",95678,38.7399120910001,-121.294573425,200,"200 D STREET, ROSEVILLE, CA, 95678","Match","Exact","200 D ST, ROSEVILLE, CA, 95678",106763938,"R"
103701,"200 DAHLIA STREET APT B","NEW IBERIA","LA",70563,30.00201689,-91.800681705,201,"200 DAHLIA STREET APT B, NEW IBERIA, LA, 70563","Match","Exact","200 DAHLIA ST, NEW IBERIA, LA, 70563",85361850,"R"
103702,"200 DAIRY ROAD","KAHULUI","HI",96732,20.8806831250001,-156.45628396,202,"200 DAIRY ROAD, KAHULUI, HI, 96732","Match","Exact","200 DAIRY RD, KAHULUI, HI, 96732",617745273,"R"
103703,"200 DAVIS COURT SE APT 5","MILEDGEVILLE","GA",31061,33.050742911,-83.206043338,203,"200 DAVIS COURT SE APT 5, MILEDGEVILLE, GA, 31061","Match","Non_Exact","200 DAVIS CT, MILLEDGEVILLE, GA, 31061",16583472,"R"
103704,"200 DAYSTAR DRIVE","CULLMAN","AL",35057,NA,NA,204,"200 DAYSTAR DRIVE, CULLMAN, AL, 35057","No_Match",NA,NA,NA,NA
103705,"200 DE NEVE DRIVE","LOS ANGELES","CA",90095,34.073612654,-118.449320642,205,"200 DE NEVE DRIVE, LOS ANGELES, CA, 90095","Match","Non_Exact","200 DENEVE DR, LOS ANGELES, CA, 90024",141566734,"R"
103706,"200 DE SPAIN LANE","RENO","NV",89511,39.39120037,-119.772417746,206,"200 DE SPAIN LANE, RENO, NV, 89511","Match","Exact","200 DE SPAIN LN, RENO, NV, 89511",107075291,"R"
103707,"200 DEL VERDE CIR UNIT 5","SACRAMENTO","CA",95833,38.6257918960001,-121.501167265,207,"200 DEL VERDE CIR UNIT 5, SACRAMENTO, CA, 95833","Match","Non_Exact","200 DEL VERDE CIR, SACRAMENTO, CA, 95833",639038061,"L"
103708,"200 DEPOT STREET","ETHRIDGE","TN",38456,35.3199166420001,-87.305361394,208,"200 DEPOT STREET, ETHRIDGE, TN, 38456","Match","Exact","200 DEPOT ST, ETHRIDGE, TN, 38456",644162817,"R"
103709,"200 DERRY ROAD","HUDSON","NH",3051,42.794373885,-71.436921974,209,"200 DERRY ROAD, HUDSON, NH, 3051","Match","Exact","200 DERRY RD, HUDSON, NH, 03051",113577778,"L"
103710,"200 DOMINION PARK DRIVE","HOUSTON","TX",77090,29.9755901280001,-95.424807885,210,"200 DOMINION PARK DRIVE, HOUSTON, TX, 77090","Match","Exact","200 DOMINION PARK DR, HOUSTON, TX, 77090",96661192,"R"
103711,"200 DOUGLAS ST NE","WASHINGTON","DC",20002,38.923441235,-77.003432178,211,"200 DOUGLAS ST NE, WASHINGTON, DC, 20002","Match","Exact","200 DOUGLAS ST NE, WASHINGTON, DC, 20002",76228560,"L"
103712,"200 DOUGLAS STREET","PETALUMA","CA",94954,38.2283239110001,-122.644087889,212,"200 DOUGLAS STREET, PETALUMA, CA, 94954","Match","Non_Exact","200 DOUGLAS ST, PETALUMA, CA, 94952",67477781,"R"
103713,"200 DOWNING DR","SUMMERVILLE","SC",29485,32.9824334040001,-80.207113909,213,"200 DOWNING DR, SUMMERVILLE, SC, 29485","Match","Exact","200 DOWNING DR, SUMMERVILLE, SC, 29485",178464887,"R"
103714,"200 DS HALL STREET","HERLONG","CA",96113,NA,NA,214,"200 DS HALL STREET, HERLONG, CA, 96113","No_Match",NA,NA,NA,NA
103715,"200 E 10TH ST SUITE 1014","NEW YORK","NY",10003,40.729695786,-73.986623551,215,"200 E 10TH ST SUITE 1014, NEW YORK, NY, 10003","Match","Non_Exact","200 E 10TH ST, NEW YORK, NY, 10003",59654048,"R"
103716,"200 E 10TH STREET SUITE 200","SIOUX FALLS","SD",57101,NA,NA,216,"200 E 10TH STREET SUITE 200, SIOUX FALLS, SD, 57101","No_Match",NA,NA,NA,NA
103717,"200 E 15TH ST APT 8C","NEW YORK","NY",10003,40.7339380550001,-73.986589303,217,"200 E 15TH ST APT 8C, NEW YORK, NY, 10003","Match","Non_Exact","200 E 15TH ST, NEW YORK, NY, 10003",650154724,"R"
103718,"200 E 17TH STREET","BROOKLYN","NY",11226,40.645944768,-73.963395667,218,"200 E 17TH STREET, BROOKLYN, NY, 11226","Match","Exact","200 E 17TH ST, BROOKLYN, NY, 11226",59080965,"R"
103719,"200 E 1ST ST SUITE 212","WICHITA","KS",67202,NA,NA,219,"200 E 1ST ST SUITE 212, WICHITA, KS, 67202","No_Match",NA,NA,NA,NA
103720,"200 E 20TH","CRANE","TX",79731,31.382297694,-102.346021248,220,"200 E 20TH, CRANE, TX, 79731","Match","Non_Exact","200 E 20TH ST, CRANE, TX, 79731",186043987,"R"
103721,"200 E 22ND TRAILER 40","ROSWELL","NM",88201,NA,NA,221,"200 E 22ND TRAILER 40, ROSWELL, NM, 88201","No_Match",NA,NA,NA,NA
103722,"200 E 33RD APT 22G","NEW YORK","NY",10016,NA,NA,222,"200 E 33RD APT 22G, NEW YORK, NY, 10016","No_Match",NA,NA,NA,NA
103723,"200 E 3TH ST","CHARLOTTE","NC",28206,NA,NA,223,"200 E 3TH ST, CHARLOTTE, NC, 28206","No_Match",NA,NA,NA,NA
103724,"200 E 71 STREET 11J","NEW YORK","NY",10021,40.7690401880001,-73.9610633299999,224,"200 E 71 STREET 11J, NEW YORK, NY, 10021","Match","Non_Exact","200 E 71ST ST, NEW YORK, NY, 10021",610226033,"R"
103725,"200 E 72ND ST APT 21K","NEW YORK","NY",10021,40.7696931840001,-73.960479494,225,"200 E 72ND ST APT 21K, NEW YORK, NY, 10021","Match","Non_Exact","200 E 72ND ST, NEW YORK, NY, 10021",650155872,"R"
103726,"200 E 72ND STREET APT 27K","NEW YORK","NY",10021,40.7696931840001,-73.960479494,226,"200 E 72ND STREET APT 27K, NEW YORK, NY, 10021","Match","Non_Exact","200 E 72ND ST, NEW YORK, NY, 10021",650155872,"R"
103727,"200 E 89TH ST APT 6F","NEW YORK","NY",10128,40.7807347040001,-73.952535429,227,"200 E 89TH ST APT 6F, NEW YORK, NY, 10128","Match","Non_Exact","200 E 89TH ST, NEW YORK, NY, 10128",650082747,"R"
103728,"200 E ASSOCIATION STREET","ELLETTSVILLE","IN",47429,39.2303404830001,-86.621515921,228,"200 E ASSOCIATION STREET, ELLETTSVILLE, IN, 47429","Match","Exact","200 E ASSOCIATION ST, ELLETTSVILLE, IN, 47429",42319864,"R"
103729,"200 E BEVERLY BLVD STE 200","MONTEBELLO","CA",90640,34.0154035890001,-118.097441244,229,"200 E BEVERLY BLVD STE 200, MONTEBELLO, CA, 90640","Match","Exact","200 BEVERLY BLVD, MONTEBELLO, CA, 90640",241241184,"L"
103730,"200 E BIG BEAVER RD","TROY","MI",48083,42.5624091760001,-83.1430291029999,230,"200 E BIG BEAVER RD, TROY, MI, 48083","Match","Exact","200 E BIG BEAVER RD, TROY, MI, 48083",69742767,"R"
103731,"200 E BROWARD BLVD STE 1900","FORT LAUDERDALE","FL",33301,26.122272879,-80.141991967,231,"200 E BROWARD BLVD STE 1900, FORT LAUDERDALE, FL, 33301","Match","Non_Exact","200 E BROWARD BLVD, FORT LAUDERDALE, FL, 33301",114722809,"R"
103732,"200 E BURGESS RD 51B","PENSACOLA","FL",32503,NA,NA,232,"200 E BURGESS RD 51B, PENSACOLA, FL, 32503","Tie",NA,NA,NA,NA
103733,"200 E CAMPBELL AVENUE","CHERRY","IL",61317,41.428056326,-89.210641131,233,"200 E CAMPBELL AVENUE, CHERRY, IL, 61317","Match","Exact","200 E CAMPBELL AVE, CHERRY, IL, 61317",8478624,"L"
103734,"200 E CAMPUS VIEW BLVD STE 200","COLUMBUS","OH",43235,NA,NA,234,"200 E CAMPUS VIEW BLVD STE 200, COLUMBUS, OH, 43235","Tie",NA,NA,NA,NA
103735,"200 E CENTENNIAL DR -641","OAK CREEK","WI",53154,42.882960557,-87.912042019,235,"200 E CENTENNIAL DR -641, OAK CREEK, WI, 53154","Match","Non_Exact","200 E CENTENNIAL DR, OAK CREEK, WI, 53154",77769232,"L"
103736,"200 E CENTER AVENUE SUITE B","VISALIA","CA",93291,NA,NA,236,"200 E CENTER AVENUE SUITE B, VISALIA, CA, 93291","Tie",NA,NA,NA,NA
103737,"200 E CENTRAL AVE","OZAWKIE","KS",66070,39.2373111730001,-95.466883173,237,"200 E CENTRAL AVE, OZAWKIE, KS, 66070","Match","Exact","200 CENTRAL AVE, OZAWKIE, KS, 66070",22248595,"R"
103738,"200 E CHAPIN STREET","MORRIS","IL",60450,41.361931106,-88.4231189929999,238,"200 E CHAPIN STREET, MORRIS, IL, 60450","Match","Exact","200 E CHAPIN ST, MORRIS, IL, 60450",54458042,"L"
103739,"200 E CLINTON AVE","FARMER CITY","IL",61842,40.240849096,-88.644995855,239,"200 E CLINTON AVE, FARMER CITY, IL, 61842","Match","Non_Exact","200 W CLINTON AVE, FARMER CITY, IL, 61842",20506449,"L"
103740,"200 E DEL MAR BLVD STE 300","PASADENA","CA",91105,NA,NA,240,"200 E DEL MAR BLVD STE 300, PASADENA, CA, 91105","No_Match",NA,NA,NA,NA
103741,"200 E DIVISION ST","SPARTA","MI",49345,43.1607185940001,-85.7050637629999,241,"200 E DIVISION ST, SPARTA, MI, 49345","Match","Exact","200 E DIVISION ST, SPARTA, MI, 49345",12445612,"L"
103742,"200 E DONALD ST","WATERLOO","IA",50703,42.527592767,-92.336205158,242,"200 E DONALD ST, WATERLOO, IA, 50703","Match","Exact","200 E DONALD ST, WATERLOO, IA, 50703",77252414,"R"
103743,"200 E GRANADA BLVD 304","ORMOND BEACH","FL",32176,29.2912089380001,-81.0418040119999,243,"200 E GRANADA BLVD 304, ORMOND BEACH, FL, 32176","Match","Non_Exact","200 E GRANADA BLVD, ORMOND BEACH, FL, 32176",94520863,"R"
103744,"200 E HARRISON","FAIRFIELD","IA",52556,40.998831975,-91.960316936,244,"200 E HARRISON, FAIRFIELD, IA, 52556","Match","Non_Exact","200 E HARRISON AVE, FAIRFIELD, IA, 52556",84421262,"L"
103745,"200 E HWY 14","JANESVILLE","WI",53545,NA,NA,245,"200 E HWY 14, JANESVILLE, WI, 53545","No_Match",NA,NA,NA,NA
103746,"200 E LAKE DR","AUDUBON","NJ",8106,39.8869656320001,-75.0850471689999,246,"200 E LAKE DR, AUDUBON, NJ, 8106","Match","Exact","200 E LAKE DR, AUDUBON, NJ, 08106",653267032,"R"
103747,"200 E MADISON STREET","GIBSONBURG","OH",43431,41.384567109,-83.318526977,247,"200 E MADISON STREET, GIBSONBURG, OH, 43431","Match","Exact","200 E MADISON ST, GIBSONBURG, OH, 43431",38664548,"R"
103748,"200 E MAIN ST","EASLEY","SC",29640,34.830638164,-82.60143699,248,"200 E MAIN ST, EASLEY, SC, 29640","Match","Exact","200 E MAIN ST, EASLEY, SC, 29640",26168172,"R"
103749,"200 E MARION BLVD","FULLERTON","CA",92835,33.8896661040001,-117.920842152,249,"200 E MARION BLVD, FULLERTON, CA, 92835","Match","Exact","200 MARION BLVD, FULLERTON, CA, 92835",144008713,"R"
103750,"200 E MARLETTE RD","PECK","MI",48466,43.3339533910001,-82.818659076,250,"200 E MARLETTE RD, PECK, MI, 48466","Match","Exact","200 E MARLETTE RD, PECK, MI, 48466",111054498,"R"
103751,"200 E MILLER RD","LANSING","MI",48911,42.669304271,-84.551103174,251,"200 E MILLER RD, LANSING, MI, 48911","Match","Exact","200 E MILLER RD, LANSING, MI, 48911",17503134,"R"
103752,"200 E MYRTLE STREET","LITTLESTOWN","PA",17340,39.7495658890001,-77.085812995,252,"200 E MYRTLE STREET, LITTLESTOWN, PA, 17340","Match","Exact","200 E MYRTLE ST, LITTLESTOWN, PA, 17340",60868373,"L"
103753,"200 E NORTH STREET","CROWN POINT","IN",46307,41.420301963,-87.3630870329999,253,"200 E NORTH STREET, CROWN POINT, IN, 46307","Match","Exact","200 E NORTH ST, CROWN POINT, IN, 46307",98432853,"L"
103754,"200 E OREGON RD","LITITZ","PA",17543,40.107178558,-76.302205395,254,"200 E OREGON RD, LITITZ, PA, 17543","Match","Exact","200 E OREGON RD, LITITZ, PA, 17543",650021450,"R"
103755,"200 E PINE STREET","QUENEMO","KS",66528,38.5869213450001,-95.525577221,255,"200 E PINE STREET, QUENEMO, KS, 66528","Match","Exact","200 PINE ST, QUENEMO, KS, 66528",11229024,"L"
103756,"200 E RANDOLPH ST FL 38","CHICAGO","IL",60601,41.8845225740001,-87.62049151,256,"200 E RANDOLPH ST FL 38, CHICAGO, IL, 60601","Match","Non_Exact","200 E RANDOLPH ST, CHICAGO, IL, 60601",605015764,"L"
103757,"200 E RANDOLPH ST STE 2900","CHICAGO","IL",60601,41.8845225740001,-87.62049151,257,"200 E RANDOLPH ST STE 2900, CHICAGO, IL, 60601","Match","Non_Exact","200 E RANDOLPH ST, CHICAGO, IL, 60601",605015764,"L"
103758,"200 E RANDOLPH ST STE 5100-38","CHICAGO","IL",60601,41.8845225740001,-87.62049151,258,"200 E RANDOLPH ST STE 5100-38, CHICAGO, IL, 60601","Match","Non_Exact","200 E RANDOLPH ST, CHICAGO, IL, 60601",605015764,"L"
103759,"200 E RANDOLPH ST SUITE 5100","CHICAGO","IL",60601,41.8845225740001,-87.62049151,259,"200 E RANDOLPH ST SUITE 5100, CHICAGO, IL, 60601","Match","Non_Exact","200 E RANDOLPH ST, CHICAGO, IL, 60601",605015764,"L"
103760,"200 E SABINE DR","JONESBOROUGH","TN",37659,36.2955246510001,-82.471822574,260,"200 E SABINE DR, JONESBOROUGH, TN, 37659","Match","Non_Exact","200 SABIN DR, JONESBOROUGH, TN, 37659",639914041,"R"
103761,"200 E SOUTH STREET","KEWANEE","IL",61443,41.2221456360001,-89.924296984,261,"200 E SOUTH STREET, KEWANEE, IL, 61443","Match","Exact","200 E SOUTH ST, KEWANEE, IL, 61443",8924731,"L"
103762,"200 E UPPER ILLINOIS STE 3901","CHICAGO","IL",60611,NA,NA,262,"200 E UPPER ILLINOIS STE 3901, CHICAGO, IL, 60611","No_Match",NA,NA,NA,NA
103763,"200 E VERONA AVE NUM 34","VERONA","WI",53593,NA,NA,263,"200 E VERONA AVE NUM 34, VERONA, WI, 53593","Tie",NA,NA,NA,NA
103764,"200 E WASHINGTON STREET NO 311","INDIANAPOLIS","IN",46204,NA,NA,264,"200 E WASHINGTON STREET NO 311, INDIANAPOLIS, IN, 46204","No_Match",NA,NA,NA,NA
103765,"200 E WASHINGTON STREET","CULVER","IN",46511,41.21742384,-86.422618963,265,"200 E WASHINGTON STREET, CULVER, IN, 46511","Match","Exact","200 E WASHINGTON ST, CULVER, IN, 46511",642895815,"L"
103766,"200 E WASHNGTON ST SUITE 120","GREENWOOD","MS",38930,NA,NA,266,"200 E WASHNGTON ST SUITE 120, GREENWOOD, MS, 38930","Tie",NA,NA,NA,NA
103767,"200 E WILLOW STREET","HARRISBURG","SD",57032,43.431518775,-96.700684526,267,"200 E WILLOW STREET, HARRISBURG, SD, 57032","Match","Exact","200 E WILLOW ST, HARRISBURG, SD, 57032",176310471,"R"
103768,"200 E YOUNG STREET","ROLESVILLE","NC",27571,35.922359826,-78.456748068,268,"200 E YOUNG STREET, ROLESVILLE, NC, 27571","Match","Exact","200 E YOUNG ST, ROLESVILLE, NC, 27571",72486213,"L"
103769,"200 E10TH STREET  / 178","NEW YORK","NY",10003,NA,NA,269,"200 E10TH STREET  / 178, NEW YORK, NY, 10003","No_Match",NA,NA,NA,NA
103770,"200 EAGLE TRAIL CT","WHITEWATER","CO",81527,38.9253575750001,-108.397689358,270,"200 EAGLE TRAIL CT, WHITEWATER, CO, 81527","Match","Exact","200 EAGLE TRAIL CT, WHITEWATER, CO, 81527",627010435,"L"
103771,"200 EAST 10TH STREET SUITE 200","SIOUX FALLS","SD",57104,43.5459986160001,-96.725159809,271,"200 EAST 10TH STREET SUITE 200, SIOUX FALLS, SD, 57104","Match","Exact","200 E 10TH ST, SIOUX FALLS, SD, 57104",34972280,"L"
103772,"200 EAST 32ND STREET APT 30D","NEW YORK","NY",10016,40.7443622690001,-73.978874343,272,"200 EAST 32ND STREET APT 30D, NEW YORK, NY, 10016","Match","Exact","200 E 32ND ST, NEW YORK, NY, 10016",59654442,"R"
103773,"200 EAST 61ST STREET APT 19DE","NEW YORK","NY",10065,40.7627270420001,-73.9654922949999,273,"200 EAST 61ST STREET APT 19DE, NEW YORK, NY, 10065","Match","Exact","200 E 61ST ST, NEW YORK, NY, 10065",59657478,"R"
103774,"200 EAST 63RD STREET 3G","NEW YORK","NY",10065,40.7639812510001,-73.964576414,274,"200 EAST 63RD STREET 3G, NEW YORK, NY, 10065","Match","Exact","200 E 63RD ST, NEW YORK, NY, 10065",59657476,"R"
103775,"200 EAST 69TH STREET SUITE 10C","NEW YORK","NY",10021,40.76779193,-73.96197632,275,"200 EAST 69TH STREET SUITE 10C, NEW YORK, NY, 10021","Match","Exact","200 E 69TH ST, NEW YORK, NY, 10021",650076075,"R"
103776,"200 EAST 71ST STREET APT 2J","NEW YORK","NY",10021,40.7690401880001,-73.9610633299999,276,"200 EAST 71ST STREET APT 2J, NEW YORK, NY, 10021","Match","Exact","200 E 71ST ST, NEW YORK, NY, 10021",610226033,"R"
103777,"200 EAST 74TH ST STE 15F","NEW YORK","NY",10021,40.771037918,-73.959594135,277,"200 EAST 74TH ST STE 15F, NEW YORK, NY, 10021","Match","Exact","200 E 74TH ST, NEW YORK, NY, 10021",651706735,"R"
103778,"200 EAST 78TH STREET APT 11G","NEW YORK","NY",10075,40.7735207580001,-73.957617652,278,"200 EAST 78TH STREET APT 11G, NEW YORK, NY, 10075","Match","Exact","200 E 78TH ST, NEW YORK, NY, 10075",59658307,"R"
103779,"200 EAST 8TH AVENUE","PINE BLUFF","AR",71601,34.2216465320001,-92.0019027069999,279,"200 EAST 8TH AVENUE, PINE BLUFF, AR, 71601","Match","Exact","200 E 8TH AVE, PINE BLUFF, AR, 71601",2551844,"R"
103780,"200 EAST BIG BEAVER ROAD","TROY","MI",48083,42.5624091760001,-83.1430291029999,280,"200 EAST BIG BEAVER ROAD, TROY, MI, 48083","Match","Exact","200 E BIG BEAVER RD, TROY, MI, 48083",69742767,"R"
103781,"200 EAST BROADWAY PO BOX 47","MONETT","MO",65708,36.920283199,-93.925612583,281,"200 EAST BROADWAY PO BOX 47, MONETT, MO, 65708","Match","Non_Exact","200 E BROADWAY ST, MONETT, MO, 65708",49396790,"L"
103782,"200 EAST BROADWAY SUITE A","NEW YORK CITY","NY",10002,40.7142029280001,-73.988580118,282,"200 EAST BROADWAY SUITE A, NEW YORK CITY, NY, 10002","Match","Exact","200 E BROADWAY, NEW YORK, NY, 10002",59654295,"L"
103783,"200 EAST BROADWAY","MT PLEASANT","MI",48858,43.604460611,-84.7748349679999,283,"200 EAST BROADWAY, MT PLEASANT, MI, 48858","Match","Non_Exact","200 E BROADWAY ST, MOUNT PLEASANT, MI, 48858",110217787,"L"
103784,"200 EAST CAMPERDOWN","GREENVILLE","SC",29601,34.844313492,-82.398474397,284,"200 EAST CAMPERDOWN, GREENVILLE, SC, 29601","Match","Non_Exact","200 E CAMPERDOWN WAY, GREENVILLE, SC, 29601",38353401,"R"
103785,"200 EAST CHAMPAIGN AVENUE","RANTOUL","IL",61866,40.3081857110001,-88.15722297,285,"200 EAST CHAMPAIGN AVENUE, RANTOUL, IL, 61866","Match","Exact","200 E CHAMPAIGN AVE, RANTOUL, IL, 61866",8806474,"R"
103786,"200 EAST CHESTNUT STREET  UNIT 207","CHICAGO","IL",60611,41.8984289800001,-87.62172058,286,"200 EAST CHESTNUT STREET  UNIT 207, CHICAGO, IL, 60611","Match","Exact","200 E CHESTNUT ST, CHICAGO, IL, 60611",111768975,"L"
103787,"200 EAST CLAY STREET","WHITEWATER","WI",53190,42.831073389,-88.726660479,287,"200 EAST CLAY STREET, WHITEWATER, WI, 53190","Match","Exact","200 E CLAY ST, WHITEWATER, WI, 53190",53663517,"R"
103788,"200 EAST EAGLE STREET","BUFFALO","NY",14204,42.8830968710001,-78.867928219,288,"200 EAST EAGLE STREET, BUFFALO, NY, 14204","Match","Exact","200 E EAGLE ST, BUFFALO, NY, 14204",48324664,"L"
103789,"200 EAST EVANS STREET","ORLANDO","FL",32804,28.5775830320001,-81.374346496,289,"200 EAST EVANS STREET, ORLANDO, FL, 32804","Match","Exact","200 E EVANS ST, ORLANDO, FL, 32804",94277412,"R"
103790,"200 EAST HARLEM AVENUE","MONMOUTH","IL",61462,40.9210174790001,-90.6466165309999,290,"200 EAST HARLEM AVENUE, MONMOUTH, IL, 61462","Match","Exact","200 E HARLEM AVE, MONMOUTH, IL, 61462",5509568,"R"
103791,"200 EAST LEXINGTON ST SUITE 1305","BALTIMORE","MD",21202,39.291214129,-76.612437423,291,"200 EAST LEXINGTON ST SUITE 1305, BALTIMORE, MD, 21202","Match","Exact","200 E LEXINGTON ST, BALTIMORE, MD, 21202",206420698,"L"
103792,"200 EAST LOCUST ST","LAFAYETTE","TN",37083,36.521486585,-86.024441182,292,"200 EAST LOCUST ST, LAFAYETTE, TN, 37083","Match","Exact","200 E LOCUST ST, LAFAYETTE, TN, 37083",29697836,"R"
103793,"200 EAST MAIN BOX 511","SUBLETTE","IL",61367,41.643224816,-89.2264623999999,293,"200 EAST MAIN BOX 511, SUBLETTE, IL, 61367","Match","Non_Exact","200 E MAIN ST, SUBLETTE, IL, 61367",48749946,"R"
103794,"200 EAST MAIN ST","EASLEY","SC",29640,34.830638164,-82.60143699,294,"200 EAST MAIN ST, EASLEY, SC, 29640","Match","Exact","200 E MAIN ST, EASLEY, SC, 29640",26168172,"R"
103795,"200 EAST MAIN STREET","ABINGDON","VA",24210,36.712358496,-81.969623102,295,"200 EAST MAIN STREET, ABINGDON, VA, 24210","Match","Exact","200 E MAIN ST, ABINGDON, VA, 24210",154364613,"R"
103796,"200 EAST MAIN STREET","STARKVILLE","MS",39759,33.4638228520001,-88.815094906,296,"200 EAST MAIN STREET, STARKVILLE, MS, 39759","Match","Exact","200 E MAIN ST, STARKVILLE, MS, 39759",796839,"L"
103797,"200 EAST ORVIS ST","MASSENA","NY",13662,44.9303722380001,-74.8834049229999,297,"200 EAST ORVIS ST, MASSENA, NY, 13662","Match","Exact","200 E ORVIS ST, MASSENA, NY, 13662",155155428,"L"
103798,"200 EAST PALMETTO PARK ROAD STE 104","BOCA RATON","FL",33432,26.3505268490001,-80.083515093,298,"200 EAST PALMETTO PARK ROAD STE 104, BOCA RATON, FL, 33432","Match","Exact","200 E PALMETTO PARK RD, BOCA RATON, FL, 33432",115303399,"R"
103799,"200 EAST PARK CIRCLE","DICKSON","TN",37055,36.0730276720001,-87.36579992,299,"200 EAST PARK CIRCLE, DICKSON, TN, 37055","Match","Exact","200 E PARK CIR, DICKSON, TN, 37055",72756723,"L"
103800,"200 EAST RANDOLPH ST S 5100","CHICAGO","IL",60601,41.8845225740001,-87.62049151,300,"200 EAST RANDOLPH ST S 5100, CHICAGO, IL, 60601","Match","Non_Exact","200 E RANDOLPH ST, CHICAGO, IL, 60601",605015764,"L"
103801,"200 EAST SAN AUGUSTINE 1597","DEER PARK","TX",77536,29.6895564980001,-95.122200724,301,"200 EAST SAN AUGUSTINE 1597, DEER PARK, TX, 77536","Match","Non_Exact","200 E SAN AUGUSTINE ST, DEER PARK, TX, 77536",96106169,"R"
103802,"200 EAST SHELDON STREET","PHILADELPHIA","PA",19120,40.027656275,-75.1203681069999,302,"200 EAST SHELDON STREET, PHILADELPHIA, PA, 19120","Match","Exact","200 E SHELDON ST, PHILADELPHIA, PA, 19120",131419973,"R"
103803,"200 EAST STREET","PITTSBORO","NC",27312,35.720175962,-79.173961374,303,"200 EAST STREET, PITTSBORO, NC, 27312","Match","Exact","200 EAST ST, PITTSBORO, NC, 27312",71344184,"L"
103804,"200 EAST VERONA AVENUE - SUITE 16","VERONA","WI",53593,42.991389451,-89.530821655,304,"200 EAST VERONA AVENUE - SUITE 16, VERONA, WI, 53593","Match","Exact","200 E VERONA AVE, VERONA, WI, 53593",49476378,"R"
103805,"200 EASY STREET","HOWELL TOWNSHIP","NJ",7731,40.1397782070001,-74.152000861,305,"200 EASY STREET, HOWELL TOWNSHIP, NJ, 7731","Match","Non_Exact","200 EASY ST, HOWELL, NJ, 07731",90520473,"R"
103806,"200 EDGEWOOD CIRCLE","NINETY SIX","SC",29666,34.1799845410001,-82.019123715,306,"200 EDGEWOOD CIRCLE, NINETY SIX, SC, 29666","Match","Exact","200 EDGEWOOD CIR, NINETY SIX, SC, 29666",50815476,"R"
103807,"200 EDWARDS ST APT GFE","ROSLYN HEIGHTS","NY",11577,40.793335287,-73.648066563,307,"200 EDWARDS ST APT GFE, ROSLYN HEIGHTS, NY, 11577","Match","Exact","200 EDWARDS ST, ROSLYN HEIGHTS, NY, 11577",147838773,"L"
103808,"200 ELKS RD","RICHMOND","IN",47374,39.832690912,-84.851523941,308,"200 ELKS RD, RICHMOND, IN, 47374","Match","Exact","200 ELKS RD, RICHMOND, IN, 47374",635515061,"L"
103809,"200 ETHYL WAY","STOUGHTON","MA",2072,42.1356393080001,-71.1436465369999,309,"200 ETHYL WAY, STOUGHTON, MA, 2072","Match","Exact","200 ETHYL WAY, STOUGHTON, MA, 02072",87304849,"L"
103810,"200 EVERGLADES CIRCLE","CANTON","GA",30114,34.2248780800001,-84.53275002,310,"200 EVERGLADES CIRCLE, CANTON, GA, 30114","Match","Non_Exact","200 EVERGLDES CIR, CANTON, GA, 30114",641972800,"L"
103811,"200 F MAIN ST  MAILBOX 261","STONEHAM","MA",2180,42.4866428440001,-71.1000819,311,"200 F MAIN ST  MAILBOX 261, STONEHAM, MA, 2180","Match","Exact","200 MAIN ST, STONEHAM, MA, 02180",86856460,"L"
103812,"200 FAIRVIEW CHASE","COVINGTON","GA",30016,33.617783199,-83.939732502,312,"200 FAIRVIEW CHASE, COVINGTON, GA, 30016","Match","Non_Exact","200 FAIRVIEW CHASE RD, COVINGTON, GA, 30016",23627191,"R"
103813,"200 FANNIE LANE","LEXINGTON","SC",29073,33.81094741,-81.2032109369999,313,"200 FANNIE LANE, LEXINGTON, SC, 29073","Match","Exact","200 FANNIE LN, LEXINGTON, SC, 29073",640925400,"R"
103814,"200 FEDERAL STREET SUITE 213","CAMDEN","NJ",8103,39.9443742720001,-75.1258468679999,314,"200 FEDERAL STREET SUITE 213, CAMDEN, NJ, 8103","Match","Exact","200 FEDERAL ST, CAMDEN, NJ, 08103",134340765,"R"
103815,"200 FEDERAL STREET","CAMDEN","NJ",8103,39.9443742720001,-75.1258468679999,315,"200 FEDERAL STREET, CAMDEN, NJ, 8103","Match","Exact","200 FEDERAL ST, CAMDEN, NJ, 08103",134340765,"R"
103816,"200 FERNVUE DRIVE","MOON TOWNSHIP","PA",15108,40.520860419,-80.195240803,316,"200 FERNVUE DRIVE, MOON TOWNSHIP, PA, 15108","Match","Exact","200 FERNVUE DR, MOON TOWNSHIP, PA, 15108",51610779,"R"
103817,"200 FIGUERES AVE","SAN JOSE","CA",95116,NA,NA,317,"200 FIGUERES AVE, SAN JOSE, CA, 95116","No_Match",NA,NA,NA,NA
103818,"200 FILLMORE ST","DENVER","CO",80206,39.719538904,-104.953409258,318,"200 FILLMORE ST, DENVER, CO, 80206","Match","Exact","200 FILLMORE ST, DENVER, CO, 80206",177338323,"R"
103819,"200 FIREHOUSE LANE","SEELEY LAKE","MT",59868,NA,NA,319,"200 FIREHOUSE LANE, SEELEY LAKE, MT, 59868","No_Match",NA,NA,NA,NA
103820,"200 FIRST AVE NW SUITE 303B","HICKORY","NC",28601,NA,NA,320,"200 FIRST AVE NW SUITE 303B, HICKORY, NC, 28601","No_Match",NA,NA,NA,NA
103821,"200 FIRST STREET SW","ROCHESTER","MN",55905,NA,NA,321,"200 FIRST STREET SW, ROCHESTER, MN, 55905","No_Match",NA,NA,NA,NA
103822,"200 FOOTPATH LANE","ROUND LAKE","IL",60073,NA,NA,322,"200 FOOTPATH LANE, ROUND LAKE, IL, 60073","No_Match",NA,NA,NA,NA
103823,"200 FORREST RD","FORT OGLETHORPE","GA",30742,34.948587516,-85.2555962179999,323,"200 FORREST RD, FORT OGLETHORPE, GA, 30742","Match","Exact","200 FORREST RD, FORT OGLETHORPE, GA, 30742",66690181,"R"
103824,"200 FORT MEADE RD 1108","LAUREL","MD",20707,39.0951022560001,-76.841110581,324,"200 FORT MEADE RD 1108, LAUREL, MD, 20707","Match","Exact","200 FORT MEADE RD, LAUREL, MD, 20707",638497598,"R"
103825,"200 FORTSON DRIVE","ATHENS","GA",30606,33.9453184020001,-83.398025938,325,"200 FORTSON DRIVE, ATHENS, GA, 30606","Match","Exact","200 FORTSON DR, ATHENS, GA, 30606",4803064,"R"
103826,"200 FOSTER CREEK ROAD","GOOSE CREEK","SC",29445,32.973036887,-80.031016116,326,"200 FOSTER CREEK ROAD, GOOSE CREEK, SC, 29445","Match","Exact","200 FOSTER CREEK RD, GOOSE CREEK, SC, 29445",600551019,"R"
103827,"200 FOXHALL DRIVE","BEL AIR","MD",21009,NA,NA,327,"200 FOXHALL DRIVE, BEL AIR, MD, 21009","No_Match",NA,NA,NA,NA
103828,"200 FRANKLIN PARKWAY","SAN MATEO","CA",94403,NA,NA,328,"200 FRANKLIN PARKWAY, SAN MATEO, CA, 94403","No_Match",NA,NA,NA,NA
103829,"200 FREMONT STREET","WEST CHICAGO","IL",60185,41.8861305630001,-88.2056373029999,329,"200 FREMONT STREET, WEST CHICAGO, IL, 60185","Match","Exact","200 FREMONT ST, WEST CHICAGO, IL, 60185",112516089,"L"
103830,"200 FRIENDSHIP CIRCLE APT 430","LANSING","MI",48912,42.73489283,-84.501657725,330,"200 FRIENDSHIP CIRCLE APT 430, LANSING, MI, 48912","Match","Exact","200 FRIENDSHIP CIR, LANSING, MI, 48912",17501673,"L"
103831,"200 FULLER STREET","COLUMBUS","WI",53925,43.335294065,-89.020461552,331,"200 FULLER STREET, COLUMBUS, WI, 53925","Match","Exact","200 FULLER ST, COLUMBUS, WI, 53925",73343144,"L"
103832,"200 FULLER STREET","SULPHUR SPRINGS","TX",75482,33.135332932,-95.60010593,332,"200 FULLER STREET, SULPHUR SPRINGS, TX, 75482","Match","Exact","200 FULLER ST, SULPHUR SPRINGS, TX, 75482",42797692,"L"
103833,"200 FULTON ROAD","MONTPELIER","OH",43543,41.5875351780001,-84.593925471,333,"200 FULTON ROAD, MONTPELIER, OH, 43543","Match","Exact","200 FULTON RD, MONTPELIER, OH, 43543",8329816,"R"
103834,"200 FULTON STE 202","SALMON","ID",83467,NA,NA,334,"200 FULTON STE 202, SALMON, ID, 83467","No_Match",NA,NA,NA,NA
103835,"200 GENERAL SIEBEN DRIVE","HASTINGS","MN",55033,44.7440874170001,-92.887149339,335,"200 GENERAL SIEBEN DRIVE, HASTINGS, MN, 55033","Match","Exact","200 GENERAL SIEBEN DR, HASTINGS, MN, 55033",642973098,"L"
103836,"200 GENESEE AVE","GAINES","MI",48436,42.872280866,-83.913991526,336,"200 GENESEE AVE, GAINES, MI, 48436","Match","Exact","200 GENESEE AVE, GAINES, MI, 48436",69557576,"L"
103837,"200 GINGER WAY UNIT A","MORGAN HILL","CA",95037,37.1515284660001,-121.668570549,337,"200 GINGER WAY UNIT A, MORGAN HILL, CA, 95037","Match","Exact","200 GINGER WAY, MORGAN HILL, CA, 95037",123172670,"L"
103838,"200 GORDON AVE","THOMASVILLE","GA",31792,30.8333023220001,-83.9769466929999,338,"200 GORDON AVE, THOMASVILLE, GA, 31792","Match","Exact","200 GORDON AVE, THOMASVILLE, GA, 31792",83104736,"L"
103839,"200 GOVERNMENT STREET 4TH FLOOR","MOBILE","AL",36602,NA,NA,339,"200 GOVERNMENT STREET 4TH FLOOR, MOBILE, AL, 36602","No_Match",NA,NA,NA,NA
103840,"200 GRANT STREET","SALISBURY","NC",28144,NA,NA,340,"200 GRANT STREET, SALISBURY, NC, 28144","No_Match",NA,NA,NA,NA
103841,"200 GRAPEVINE ROAD STE 127","VISTA","CA",92083,33.1923976470001,-117.275097224,341,"200 GRAPEVINE ROAD STE 127, VISTA, CA, 92083","Match","Exact","200 GRAPEVINE RD, VISTA, CA, 92083",195722784,"L"
103842,"200 GREEN BRANCH CT","NASHVILLE","TN",37207,36.2211835800001,-86.7652610649999,342,"200 GREEN BRANCH CT, NASHVILLE, TN, 37207","Match","Non_Exact","200 GREENBRANCH CT, NASHVILLE, TN, 37207",97212999,"R"
103843,"200 GREENE AVE","SAYVILLE","NY",11782,40.7325949040001,-73.0843687889999,343,"200 GREENE AVE, SAYVILLE, NY, 11782","Match","Exact","200 GREENE AVE, SAYVILLE, NY, 11782",114015416,"R"
103844,"200 GRESHAM DRIVE","MILLBROOK","AL",36054,32.4802808960001,-86.37566183,344,"200 GRESHAM DRIVE, MILLBROOK, AL, 36054","Match","Exact","200 GRESHAM DR, MILLBROOK, AL, 36054",637777443,"R"
103845,"200 GROVE RUN ROAD","COMMERCIAL POINT","OH",43116,39.768291113,-83.0670963969999,345,"200 GROVE RUN ROAD, COMMERCIAL POINT, OH, 43116","Match","Exact","200 GROVE RUN RD, COMMERCIAL POINT, OH, 43116",37455865,"R"
103846,"200 GUILLE ST","ATHENS","TN",37303,35.4498888840001,-84.587008004,346,"200 GUILLE ST, ATHENS, TN, 37303","Match","Exact","200 GUILLE ST, ATHENS, TN, 37303",88534330,"L"
103847,"200 HACKENSACK AVENUE","HACKENSACK","NJ",7601,40.9012831910001,-74.035430318,347,"200 HACKENSACK AVENUE, HACKENSACK, NJ, 7601","Match","Exact","200 HACKENSACK AVE, HACKENSACK, NJ, 07601",629170430,"R"
103848,"200 HALF MILE ROAD","CENTRAL ISLIP","NY",11722,40.799929252,-73.1932326359999,348,"200 HALF MILE ROAD, CENTRAL ISLIP, NY, 11722","Match","Exact","200 HALF MILE RD, CENTRAL ISLIP, NY, 11722",642663556,"L"
103849,"200 HAMPTON AVENUE","KINGSTREE","SC",29556,33.6656153610001,-79.8291706799999,349,"200 HAMPTON AVENUE, KINGSTREE, SC, 29556","Match","Exact","200 HAMPTON AVE, KINGSTREE, SC, 29556",29189863,"R"
103850,"200 HANNA DRIVE","PONCA CITY","OK",74604,36.7006497400001,-97.008013551,350,"200 HANNA DRIVE, PONCA CITY, OK, 74604","Match","Exact","200 HANNA DR, PONCA CITY, OK, 74604",115900330,"R"
103851,"200 HARDIN LANE","HARVEST","AL",35749,34.8244406150001,-86.7748240339999,351,"200 HARDIN LANE, HARVEST, AL, 35749","Match","Exact","200 HARDIN LN, HARVEST, AL, 35749",58141881,"L"
103852,"200 HARRIETT STREET","YPSILANTI","MI",48197,42.2336103920001,-83.6145563439999,352,"200 HARRIETT STREET, YPSILANTI, MI, 48197","Match","Non_Exact","200 HARRIET ST, YPSILANTI, MI, 48197",26021000,"R"
103853,"200 HARRISON AVE","PANAMA CITY","FL",32401,30.154342786,-85.661380884,353,"200 HARRISON AVE, PANAMA CITY, FL, 32401","Match","Exact","200 HARRISON AVE, PANAMA CITY, FL, 32401",7029390,"R"
103854,"200 HART BLVD  APT 5B","STATEN ISLAND","NY",10301,40.630474684,-74.1003767619999,354,"200 HART BLVD  APT 5B, STATEN ISLAND, NY, 10301","Match","Exact","200 HART BLVD, STATEN ISLAND, NY, 10301",59878478,"R"
103855,"200 HARVARD AVE","ROCKVILLE CENTRE","NY",11570,40.670935344,-73.6415094669999,355,"200 HARVARD AVE, ROCKVILLE CENTRE, NY, 11570","Match","Exact","200 HARVARD AVE, ROCKVILLE CENTRE, NY, 11570",147676398,"L"
103856,"200 HAVANA AVE","EGG HARBOR CITY","NJ",8215,39.5256597810001,-74.639529823,356,"200 HAVANA AVE, EGG HARBOR CITY, NJ, 8215","Match","Exact","200 HAVANA AVE, EGG HARBOR CITY, NJ, 08215",202497966,"R"
103857,"200 HAYES ROAD","CHAPEL HILL","NC",27517,35.915485373,-79.026070803,357,"200 HAYES ROAD, CHAPEL HILL, NC, 27517","Match","Exact","200 HAYES RD, CHAPEL HILL, NC, 27517",72380761,"R"
103858,"200 HEATHERSTON LANE","ROCHESTER","NY",14618,NA,NA,358,"200 HEATHERSTON LANE, ROCHESTER, NY, 14618","No_Match",NA,NA,NA,NA
103859,"200 HEMLOCK","ROMEOVILLE","IL",60446,41.6328930940001,-88.09381923,359,"200 HEMLOCK, ROMEOVILLE, IL, 60446","Match","Non_Exact","200 HEMLOCK AVE, ROMEOVILLE, IL, 60446",111535945,"L"
103860,"200 HENDRICKS DRIVE","ORGAS","WV",25148,38.0477138150001,-81.577963884,360,"200 HENDRICKS DRIVE, ORGAS, WV, 25148","Match","Exact","200 HENDRICKS DR, ORGAS, WV, 25148",647678678,"L"
103861,"200 HIGH POINT DRIVE PH-3","HARTSDALE","NY",10530,41.0327428360001,-73.790215614,361,"200 HIGH POINT DRIVE PH-3, HARTSDALE, NY, 10530","Match","Exact","200 HIGH POINT DR, HARTSDALE, NY, 10530",139738775,"R"
103862,"200 HIGH ST  SUITE 201","PORTSMOUTH","VA",23704,36.835406576,-76.297976005,362,"200 HIGH ST  SUITE 201, PORTSMOUTH, VA, 23704","Match","Exact","200 HIGH ST, PORTSMOUTH, VA, 23704",122199924,"R"
103863,"200 HIGH STREET C/O DENNIS WEMM","GLENVILLE","WV",26351,38.934978325,-80.8340934459999,363,"200 HIGH STREET C/O DENNIS WEMM, GLENVILLE, WV, 26351","Match","Exact","200 HIGH ST, GLENVILLE, WV, 26351",636900254,"R"
103864,"200 HIGH STREET SUITE 201","PORTSMOUTH","VA",23704,36.835406576,-76.297976005,364,"200 HIGH STREET SUITE 201, PORTSMOUTH, VA, 23704","Match","Exact","200 HIGH ST, PORTSMOUTH, VA, 23704",122199924,"R"
103865,"200 HIGH STREET","GLENVILLE","WV",26351,38.934978325,-80.8340934459999,365,"200 HIGH STREET, GLENVILLE, WV, 26351","Match","Exact","200 HIGH ST, GLENVILLE, WV, 26351",636900254,"R"
103866,"200 HIGHLAND BLVD APT 2G","BROOKLYN","NY",11207,40.681605039,-73.8942228129999,366,"200 HIGHLAND BLVD APT 2G, BROOKLYN, NY, 11207","Match","Exact","200 HIGHLAND BLVD, BROOKLYN, NY, 11207",59084338,"R"
103867,"200 HIGHLAND DRIVE","ROANOKE","VA",24019,37.351930866,-79.913041842,367,"200 HIGHLAND DRIVE, ROANOKE, VA, 24019","Match","Exact","200 HIGHLAND DR, ROANOKE, VA, 24019",62467428,"L"
103868,"200 HIGHLAND STREET SUITE 1","WORCESTER","MA",1609,42.27059574,-71.8127474199999,368,"200 HIGHLAND STREET SUITE 1, WORCESTER, MA, 1609","Match","Exact","200 HIGHLAND ST, WORCESTER, MA, 01609",40009206,"R"
103869,"200 HIGHLAND WAY","HARRIMAN","TN",37748,35.8500503130001,-84.592418285,369,"200 HIGHLAND WAY, HARRIMAN, TN, 37748","Match","Exact","200 HIGHLAND WAY, HARRIMAN, TN, 37748",88612139,"R"
103870,"200 HIGHWAY 50","ROSEBUD","MO",63091,38.3872337340001,-91.3963717079999,370,"200 HIGHWAY 50, ROSEBUD, MO, 63091","Match","Non_Exact","200 US HWY 50, ROSEBUD, MO, 63091",45232433,"R"
103871,"200 HILTON AVE UNIT 11","HEMPSTEAD","NY",11550,NA,NA,371,"200 HILTON AVE UNIT 11, HEMPSTEAD, NY, 11550","No_Match",NA,NA,NA,NA
103872,"200 HOLCOMBE HILL LANE","MILTON","GA",30004,34.117211103,-84.328671583,372,"200 HOLCOMBE HILL LANE, MILTON, GA, 30004","Match","Exact","200 HOLCOMBE HILL LN, MILTON, GA, 30004",17430440,"L"
103873,"200 HOLLY DR","MIDLAND","TX",79703,31.9866274890001,-102.118375623,373,"200 HOLLY DR, MIDLAND, TX, 79703","Match","Exact","200 HOLLY DR, MIDLAND, TX, 79703",139580347,"R"
103874,"200 HOLMDENE BLVD NE","GRAND RAPIDS","MI",49503,42.9669154970001,-85.6273582699999,374,"200 HOLMDENE BLVD NE, GRAND RAPIDS, MI, 49503","Match","Exact","200 HOLMDENE BLVD NE, GRAND RAPIDS, MI, 49503",12461007,"R"
103875,"200 HOWARD STREET","LA PLATA","MD",20646,NA,NA,375,"200 HOWARD STREET, LA PLATA, MD, 20646","No_Match",NA,NA,NA,NA
103876,"200 HUDSON ST APT 33","NORTHBOROUGH","MA",1532,42.329770411,-71.630497208,376,"200 HUDSON ST APT 33, NORTHBOROUGH, MA, 1532","Match","Exact","200 HUDSON ST, NORTHBOROUGH, MA, 01532",648262194,"L"
103877,"200 HUNTINGTON HALL","SYRACUSE","NY",13244,NA,NA,377,"200 HUNTINGTON HALL, SYRACUSE, NY, 13244","No_Match",NA,NA,NA,NA
103878,"200 HWY 35 S","PORT LAVACA","TX",77982,NA,NA,378,"200 HWY 35 S, PORT LAVACA, TX, 77982","No_Match",NA,NA,NA,NA
103879,"200 HWY 54 NY PASS APT N 208","CARRBORO","NC",27510,35.9124154400001,-79.091791206,379,"200 HWY 54 NY PASS APT N 208, CARRBORO, NC, 27510","Match","Non_Exact","200 STATE HWY 54, CARRBORO, NC, 27510",72408559,"L"
103880,"200 HYLAN AVE","HAMLET","NC",28345,34.8890501970001,-79.709638082,380,"200 HYLAN AVE, HAMLET, NC, 28345","Match","Exact","200 HYLAN AVE, HAMLET, NC, 28345",13921110,"R"
103881,"200 INDUSTRIAL DRIVE","PLACERVILLE","CA",95667,38.698417234,-120.826269682,381,"200 INDUSTRIAL DRIVE, PLACERVILLE, CA, 95667","Match","Exact","200 INDUSTRIAL DR, PLACERVILLE, CA, 95667",133026262,"L"
103882,"200 ISAQUEENA DR","GREER","SC",29651,34.9670852960001,-82.264949546,382,"200 ISAQUEENA DR, GREER, SC, 29651","Match","Exact","200 ISAQUEENA DR, GREER, SC, 29651",38308067,"L"
103883,"200 J BROWN RD","SALINE","LA",71070,32.1880247560001,-92.9440634759999,383,"200 J BROWN RD, SALINE, LA, 71070","Match","Exact","200 J BROWN RD, SALINE, LA, 71070",607507154,"L"
103884,"200 JACK JONES RD","MILAN","GA",31060,32.0541194360001,-83.0888241599999,384,"200 JACK JONES RD, MILAN, GA, 31060","Match","Exact","200 JACK JONES RD, MILAN, GA, 31060",9519973,"L"
103885,"200 JACKIES TERRACE","MADISON","AL",35758,34.7331653960001,-86.78360847,385,"200 JACKIES TERRACE, MADISON, AL, 35758","Match","Exact","200 JACKIES TER, MADISON, AL, 35758",58151367,"L"
103886,"200 JASLIE DRIVE","CARY","NC",27518,35.7417786130001,-78.756869131,386,"200 JASLIE DRIVE, CARY, NC, 27518","Match","Exact","200 JASLIE DR, CARY, NC, 27518",208360730,"L"
103887,"200 JEFFERSON AVE SUITE 1250","MEMPHIS","TN",38103,35.146464166,-90.049286668,387,"200 JEFFERSON AVE SUITE 1250, MEMPHIS, TN, 38103","Match","Exact","200 JEFFERSON AVE, MEMPHIS, TN, 38103",72903338,"L"
103888,"200 JELLISON BLVD  APT 102","DUNCANVILLE","TX",75116,32.664420212,-96.908941069,388,"200 JELLISON BLVD  APT 102, DUNCANVILLE, TX, 75116","Match","Exact","200 JELLISON BLVD, DUNCANVILLE, TX, 75116",102942928,"L"
103889,"200 JOHN TYLER LANE","WILLIAMSBURG","VA",23185,37.2584342230001,-76.73465383,389,"200 JOHN TYLER LANE, WILLIAMSBURG, VA, 23185","Match","Exact","200 JOHN TYLER LN, WILLIAMSBURG, VA, 23185",613133791,"L"
103890,"200 JUNIPER AVENUE","ATWATER","CA",95301,37.3502814440001,-120.598234152,390,"200 JUNIPER AVENUE, ATWATER, CA, 95301","Match","Exact","200 JUNIPER AVE, ATWATER, CA, 95301",125278791,"L"
103891,"200 K ST NE APT 709","WASHINGTON","DC",20002,NA,NA,391,"200 K ST NE APT 709, WASHINGTON, DC, 20002","No_Match",NA,NA,NA,NA
103892,"200 K ST NW APT 805","WASHINGTON","DC",20001,38.9025109350001,-77.0137862349999,392,"200 K ST NW APT 805, WASHINGTON, DC, 20001","Match","Exact","200 K ST NW, WASHINGTON, DC, 20001",76226540,"L"
103893,"200 KANOELEHUA AVE SUITE 229","HILO","HI",96720,19.7208922680001,-155.06433051,393,"200 KANOELEHUA AVE SUITE 229, HILO, HI, 96720","Match","Exact","200 KANOELEHUA AVE, HILO, HI, 96720",614312715,"L"
103894,"200 KEAWE ST","HONOLULU","HI",96813,21.296990151,-157.863813202,394,"200 KEAWE ST, HONOLULU, HI, 96813","Match","Exact","200 KEAWE ST, HONOLULU, HI, 96813",203245313,"L"
103895,"200 KEITH WAY","VACAVILLE","CA",95687,38.3487194040001,-121.948137545,395,"200 KEITH WAY, VACAVILLE, CA, 95687","Match","Exact","200 KEITH WAY, VACAVILLE, CA, 95687",192552497,"R"
103896,"200 KING RAIL DRIVE","LYNNFIELD","MA",1940,42.5144474410001,-71.035279555,396,"200 KING RAIL DRIVE, LYNNFIELD, MA, 1940","Match","Exact","200 KING RAIL DR, LYNNFIELD, MA, 01940",651046617,"R"
103897,"200 KIRKSEY DRIVE","SUMMERVILLE","SC",29485,32.971116954,-80.1965540259999,397,"200 KIRKSEY DRIVE, SUMMERVILLE, SC, 29485","Match","Exact","200 KIRKSEY DR, SUMMERVILLE, SC, 29485",178464382,"R"
103898,"200 KITTY HAWK CIRCLE","BRANDON","MS",39047,32.427108103,-89.937986537,398,"200 KITTY HAWK CIRCLE, BRANDON, MS, 39047","Match","Exact","200 KITTY HAWK CIR, BRANDON, MS, 39047",624719685,"R"
103899,"200 L AND E RAILROAD PL","SLADE","KY",40376,NA,NA,399,"200 L AND E RAILROAD PL, SLADE, KY, 40376","No_Match",NA,NA,NA,NA
103900,"200 LA PALOMA DRIVE","RAWLINS","WY",82301,41.7880502080001,-107.261181786,400,"200 LA PALOMA DRIVE, RAWLINS, WY, 82301","Match","Exact","200 LA PALOMA DR, RAWLINS, WY, 82301",611199216,"L"
103901,"200 LAIRD AVE APT 203","CLIFFSIDE PARK","NJ",7010,40.8113121660001,-73.992917812,401,"200 LAIRD AVE APT 203, CLIFFSIDE PARK, NJ, 7010","Match","Exact","200 LAIRD AVE, CLIFFSIDE PARK, NJ, 07010",64391656,"R"
103902,"200 LAKESHORE BLVD","KISSIMMEE","FL",34741,28.289904054,-81.4052440249999,402,"200 LAKESHORE BLVD, KISSIMMEE, FL, 34741","Match","Exact","200 LAKESHORE BLVD, KISSIMMEE, FL, 34741",176657692,"L"
103903,"200 LAKESIDE DRIVE","HORSHAM","PA",19044,40.171669228,-75.138113717,403,"200 LAKESIDE DRIVE, HORSHAM, PA, 19044","Match","Exact","200 LAKESIDE DR, HORSHAM, PA, 19044",135101584,"R"
103904,"200 LAKEVIEW PKWY","RED OAK","TX",75154,NA,NA,404,"200 LAKEVIEW PKWY, RED OAK, TX, 75154","No_Match",NA,NA,NA,NA
103905,"200 LANDAU WAY","BEAR","DE",19701,39.654527984,-75.6487800909999,405,"200 LANDAU WAY, BEAR, DE, 19701","Match","Exact","200 LANDAU WAY, BEAR, DE, 19701",187284437,"R"
103906,"200 LARALAN AVENUE","FRANKFORT","KY",40601,38.194749196,-84.829903002,406,"200 LARALAN AVENUE, FRANKFORT, KY, 40601","Match","Exact","200 LARALAN AVE, FRANKFORT, KY, 40601",97047221,"L"
103907,"200 LAU ST","GREEN BAY","WI",54302,44.5003756460001,-87.9712744079999,407,"200 LAU ST, GREEN BAY, WI, 54302","Match","Exact","200 LAU ST, GREEN BAY, WI, 54302",148103433,"R"
103908,"200 LAUREL LAKE DRIVE","HUDSON","OH",44236,41.2455020470001,-81.471159001,408,"200 LAUREL LAKE DRIVE, HUDSON, OH, 44236","Match","Exact","200 LAUREL LAKE DR, HUDSON, OH, 44236",61394112,"R"
103909,"200 LAWSON CHAPEL CHURCH RD","ROXBORO","NC",27574,36.439278367,-78.888107275,409,"200 LAWSON CHAPEL CHURCH RD, ROXBORO, NC, 27574","Match","Exact","200 LAWSON CHAPEL CHURCH RD, ROXBORO, NC, 27574",77216581,"L"
103910,"200 LAWYERS RD NW BOX 435","VIENNA","VA",22183,38.9005917860001,-77.2680358229999,410,"200 LAWYERS RD NW BOX 435, VIENNA, VA, 22183","Match","Non_Exact","200 LAWYERS RD NW, VIENNA, VA, 22180",75968765,"L"
103911,"200 LAYUEL HILLDRIVE","STARKVILLE","MS",39759,NA,NA,411,"200 LAYUEL HILLDRIVE, STARKVILLE, MS, 39759","No_Match",NA,NA,NA,NA
103912,"200 LEDGEWOOD DRIVE APT 108","STONEHAM","MA",2180,42.4821889020001,-71.110348255,412,"200 LEDGEWOOD DRIVE APT 108, STONEHAM, MA, 2180","Match","Exact","200 LEDGEWOOD DR, STONEHAM, MA, 02180",86920649,"L"
103913,"200 LEE BARTON DRIVE SUITE 100","AUSTIN","TX",78704,NA,NA,413,"200 LEE BARTON DRIVE SUITE 100, AUSTIN, TX, 78704","No_Match",NA,NA,NA,NA
103914,"200 LEISURE LN APT 62","STONEHAM","MA",2180,42.4994468300001,-71.099935538,414,"200 LEISURE LN APT 62, STONEHAM, MA, 2180","Match","Exact","200 LEISURE LN, STONEHAM, MA, 02180",86917676,"L"
103915,"200 LENOX AVENUE SUITE 2","NEW YORK","NY",10027,40.8046375970001,-73.9477689029999,415,"200 LENOX AVENUE SUITE 2, NEW YORK, NY, 10027","Match","Exact","200 LENOX AVE, NEW YORK, NY, 10027",59657739,"R"
103916,"200 LESLIE DR APT 801","HALLANDALE BEACH","MD",33009,NA,NA,416,"200 LESLIE DR APT 801, HALLANDALE BEACH, MD, 33009","No_Match",NA,NA,NA,NA
103917,"200 LESLIE DRIVE  528","HALLANDALE BEACH","FL",33009,25.9902776760001,-80.1227382389999,417,"200 LESLIE DRIVE  528, HALLANDALE BEACH, FL, 33009","Match","Exact","200 LESLIE DR, HALLANDALE BEACH, FL, 33009",650078393,"L"
103918,"200 LESLIE DRIVE APT 818","HALLANDALE BEACH","FL",33009,25.9902776760001,-80.1227382389999,418,"200 LESLIE DRIVE APT 818, HALLANDALE BEACH, FL, 33009","Match","Exact","200 LESLIE DR, HALLANDALE BEACH, FL, 33009",650078393,"L"
103919,"200 LEXINGTON AVENUE","NEW YORK","NY",10016,40.7451683720001,-73.98062902,419,"200 LEXINGTON AVENUE, NEW YORK, NY, 10016","Match","Exact","200 LEXINGTON AVE, NEW YORK, NY, 10016",59654439,"L"
103920,"200 LIMEKILN ROAD","READING","PA",19606,NA,NA,420,"200 LIMEKILN ROAD, READING, PA, 19606","No_Match",NA,NA,NA,NA
103921,"200 LINDELL BLVD SUITE 916","DELRAY BEACH","FL",33483,26.4251250820001,-80.074608456,421,"200 LINDELL BLVD SUITE 916, DELRAY BEACH, FL, 33483","Match","Exact","200 LINDELL BLVD, DELRAY BEACH, FL, 33483",638165318,"L"
103922,"200 LLOYD ROAD","GEORGETOWN","KY",40324,38.219590279,-84.604617044,422,"200 LLOYD ROAD, GEORGETOWN, KY, 40324","Match","Exact","200 LLOYD RD, GEORGETOWN, KY, 40324",41231982,"L"
103923,"200 LONE OAK LANE","SIBLEY","TX",71073,NA,NA,423,"200 LONE OAK LANE, SIBLEY, TX, 71073","No_Match",NA,NA,NA,NA
103924,"200 LONG ROAD","COVINGTON","TN",38019,35.5925811060001,-89.7205461569999,424,"200 LONG ROAD, COVINGTON, TN, 38019","Match","Exact","200 LONG RD, COVINGTON, TN, 38019",73163431,"R"
103925,"200 LONGHORN DRIVE","VEGA","TX",79092,NA,NA,425,"200 LONGHORN DRIVE, VEGA, TX, 79092","No_Match",NA,NA,NA,NA
103926,"200 LOVELACE MOUNTAIN VIEW LOOP","FALL BRANCH","TN",37656,36.4151909510001,-82.634970321,426,"200 LOVELACE MOUNTAIN VIEW LOOP, FALL BRANCH, TN, 37656","Match","Exact","200 LOVELACE MTN VW LP, FALL BRANCH, TN, 37656",127766160,"L"
103927,"200 LUNDY LANE","BLAIRSDEN","CA",96103,39.7902757350001,-120.649786107,427,"200 LUNDY LANE, BLAIRSDEN, CA, 96103","Match","Exact","200 LUNDY LN, BLAIRSDEN, CA, 96103",127208089,"R"
103928,"200 MACDONALD AVENUE","RICHMOND","CA",94801,37.935691848,-122.367588801,428,"200 MACDONALD AVENUE, RICHMOND, CA, 94801","Match","Exact","200 MACDONALD AVE, RICHMOND, CA, 94801",192040286,"R"
103929,"200 MAGNOLIA BLVD UNIT 200-203","PORT WENTWORTH","GA",31407,32.212503441,-81.1985336929999,429,"200 MAGNOLIA BLVD UNIT 200-203, PORT WENTWORTH, GA, 31407","Match","Exact","200 MAGNOLIA BLVD, PRT WENTWORTH, GA, 31407",624554580,"R"
103930,"200 MAIN AVE STE A","PASSAIC","NJ",7055,NA,NA,430,"200 MAIN AVE STE A, PASSAIC, NJ, 7055","No_Match",NA,NA,NA,NA
103931,"200 MAIN ST","ELLENDALE","DE",19941,38.8071156600001,-75.420124417,431,"200 MAIN ST, ELLENDALE, DE, 19941","Match","Exact","200 MAIN ST, ELLENDALE, DE, 19941",106079504,"R"
103932,"200 MAIN ST","NEW HAVEN","MO",63068,38.614743151,-91.213230137,432,"200 MAIN ST, NEW HAVEN, MO, 63068","Match","Non_Exact","200 MAIN, NEW HAVEN, MO, 63068",99716863,"L"
103933,"200 MAIN ST","RIVES JUNCTION","MI",49277,NA,NA,433,"200 MAIN ST, RIVES JUNCTION, MI, 49277","Tie",NA,NA,NA,NA
103934,"200 MAIN STREET SUITE 1","WATSONTOWN","PA",17777,41.082667712,-76.861765368,434,"200 MAIN STREET SUITE 1, WATSONTOWN, PA, 17777","Match","Exact","200 MAIN ST, WATSONTOWN, PA, 17777",48051041,"R"
103935,"200 MAIN STREET SUITE 105","ORANGE","NJ",7050,40.7710107830001,-74.226702051,435,"200 MAIN STREET SUITE 105, ORANGE, NJ, 7050","Match","Exact","200 MAIN ST, ORANGE, NJ, 07050",63494426,"L"
103936,"200 MAIN STREET SUITE 4","BURLINGTON","VT",5401,44.4759915870001,-73.2113103029999,436,"200 MAIN STREET SUITE 4, BURLINGTON, VT, 5401","Match","Exact","200 MAIN ST, BURLINGTON, VT, 05401",135827995,"L"
103937,"200 MAIN STREET","CHESTER","CA",96020,NA,NA,437,"200 MAIN STREET, CHESTER, CA, 96020","No_Match",NA,NA,NA,NA
103938,"200 MAIN STREET","EAU CLAIRE","WI",54701,44.8098061920001,-91.499389859,438,"200 MAIN STREET, EAU CLAIRE, WI, 54701","Match","Exact","200 MAIN ST, EAU CLAIRE, WI, 54701",46066779,"L"
103939,"200 MAIN STREET","GUTTENBERG","IA",52052,42.7855628080001,-91.099915362,439,"200 MAIN STREET, GUTTENBERG, IA, 52052","Match","Exact","200 MAIN ST, GUTTENBERG, IA, 52052",634690432,"L"
103940,"200 MAIN STREET","MARBLE FALLS","TX",78654,30.571150129,-98.277901495,440,"200 MAIN STREET, MARBLE FALLS, TX, 78654","Match","Exact","200 MAIN ST, MARBLE FALLS, TX, 78654",146491900,"L"
103941,"200 MAIN STREET","SAINT PETERS","MO",63376,38.8017116070001,-90.625485241,441,"200 MAIN STREET, SAINT PETERS, MO, 63376","Match","Exact","200 MAIN ST, SAINT PETERS, MO, 63376",645504314,"R"
103942,"200 MAINT STREET","CUSHING","IA",51018,NA,NA,442,"200 MAINT STREET, CUSHING, IA, 51018","No_Match",NA,NA,NA,NA
103943,"200 MALL BOULEVARD","KING OF PRUSSIA","PA",19406,40.0855393520001,-75.3962418679999,443,"200 MALL BOULEVARD, KING OF PRUSSIA, PA, 19406","Match","Exact","200 MALL BLVD, KING OF PRUSSIA, PA, 19406",135071084,"L"
103944,"200 MANGROVE BAY COURT NUM 103","OCOEE","FL",34761,28.5342460190001,-81.541005967,444,"200 MANGROVE BAY COURT NUM 103, OCOEE, FL, 34761","Match","Exact","200 MANGROVE BAY CT, OCOEE, FL, 34761",94418452,"L"
103945,"200 MANOR","MARION","AR",72364,35.2082989950001,-90.202205106,445,"200 MANOR, MARION, AR, 72364","Match","Non_Exact","200 MANOR ST, MARION, AR, 72364",610298496,"L"
103946,"200 MANSFIELD ROAD EAST","COLUMBUS","NJ",8022,40.08794068,-74.694193335,446,"200 MANSFIELD ROAD EAST, COLUMBUS, NJ, 8022","Match","Exact","200 MANSFIELD RD E, COLUMBUS, NJ, 08022",134040998,"L"
103947,"200 MAPLE AVENUE WEST","MORA","MN",55051,NA,NA,447,"200 MAPLE AVENUE WEST, MORA, MN, 55051","No_Match",NA,NA,NA,NA
103948,"200 MAPLE ST APT 5","SUGAR GROVE","IL",60554,41.75914491,-88.448975026,448,"200 MAPLE ST APT 5, SUGAR GROVE, IL, 60554","Match","Exact","200 MAPLE ST, SUGAR GROVE, IL, 60554",119513237,"R"
103949,"200 MARKET AVE N SUITE 300","CANTON","OH",44702,40.7991655070001,-81.374347767,449,"200 MARKET AVE N SUITE 300, CANTON, OH, 44702","Match","Exact","200 MARKET AVE N, CANTON, OH, 44702",64682239,"R"
103950,"200 MARKET PLACE  110","ROSWELL","GA",30075,34.02965599,-84.339840555,450,"200 MARKET PLACE  110, ROSWELL, GA, 30075","Match","Exact","200 MARKET PL, ROSWELL, GA, 30075",17418676,"R"
103951,"200 MARON RD","HATFIELD","PA",19440,40.309642001,-75.292077294,451,"200 MARON RD, HATFIELD, PA, 19440","Match","Exact","200 MARON RD, HATFIELD, PA, 19440",649892904,"L"
103952,"200 MARSH LANDING DRIVE","HOLLY SPRINGS","NC",27540,35.6618670780001,-78.778748408,452,"200 MARSH LANDING DRIVE, HOLLY SPRINGS, NC, 27540","Match","Exact","200 MARSH LANDING DR, HOLLY SPRINGS, NC, 27540",612819023,"R"
103953,"200 MARSHALL AVE","PITTSBURGH","PA",15214,40.474871152,-80.013595752,453,"200 MARSHALL AVE, PITTSBURGH, PA, 15214","Match","Exact","200 MARSHALL AVE, PITTSBURGH, PA, 15214",51625346,"R"
103954,"200 MARY SANDRA PL","CLAYTON","NC",27520,35.564678998,-78.544194913,454,"200 MARY SANDRA PL, CLAYTON, NC, 27520","Match","Exact","200 MARY SANDRA PL, CLAYTON, NC, 27520",26541921,"R"
103955,"200 MASSACHUSETTS AVE NW","WASHINGTON","DC",20001,38.8992394360001,-77.0136958269999,455,"200 MASSACHUSETTS AVE NW, WASHINGTON, DC, 20001","Match","Exact","200 MASSACHUSETTS AVE NW, WASHINGTON, DC, 20001",76226544,"L"
103956,"200 MASSMILLS DR APT 503","LOWELL","MA",1852,42.646335488,-71.304890111,456,"200 MASSMILLS DR APT 503, LOWELL, MA, 1852","Match","Exact","200 MASSMILLS DR, LOWELL, MA, 01852",87156159,"R"
103957,"200 MEDICAL CTR DRIVE  STE 3A","HAZARD","KY",41701,NA,NA,457,"200 MEDICAL CTR DRIVE  STE 3A, HAZARD, KY, 41701","No_Match",NA,NA,NA,NA
103958,"200 MELVIN AVENUE","CATONSVILLE","MD",21228,39.2782872810001,-76.743283759,458,"200 MELVIN AVENUE, CATONSVILLE, MD, 21228","Match","Exact","200 MELVIN AVE, CATONSVILLE, MD, 21228",191484084,"L"
103959,"200 MERION","SAINT SIMONS ISLAND","GA",31522,31.1608256920001,-81.4051411039999,459,"200 MERION, SAINT SIMONS ISLAND, GA, 31522","Match","Exact","200 MERION, ST SIMONS ISLAND, GA, 31522",645233935,"L"
103960,"200 MERRICK DR APT 1","RICHMOND","KY",40475,NA,NA,460,"200 MERRICK DR APT 1, RICHMOND, KY, 40475","No_Match",NA,NA,NA,NA
103961,"200 MERRIMAC COURT","LEXINGTON","SC",29072,33.9981617780001,-81.274228088,461,"200 MERRIMAC COURT, LEXINGTON, SC, 29072","Match","Exact","200 MERRIMAC CT, LEXINGTON, SC, 29072",632051650,"R"
103962,"200 MESHANTICUT VALLEY PKWY","CRANSTON","RI",2920,41.7676550470001,-71.4670077869999,462,"200 MESHANTICUT VALLEY PKWY, CRANSTON, RI, 2920","Match","Exact","200 MESHANTICUT VALLEY PKWY, CRANSTON, RI, 02920",47470417,"L"
103963,"200 METROPLEX DRIVE STE 414","EDISON","NJ",8817,40.522921452,-74.4121162279999,463,"200 METROPLEX DRIVE STE 414, EDISON, NJ, 8817","Match","Exact","200 METROPLEX DR, EDISON, NJ, 08817",60302504,"L"
103964,"200 MIDDLE HWY SUITE 211","BARRINGTON","RI",2806,41.744631865,-71.331093542,464,"200 MIDDLE HWY SUITE 211, BARRINGTON, RI, 2806","Match","Exact","200 MIDDLE HWY, BARRINGTON, RI, 02806",645420670,"L"
103965,"200 MIDDLE HWY UNIT 248","BARRINGTON","RI",2806,41.744631865,-71.331093542,465,"200 MIDDLE HWY UNIT 248, BARRINGTON, RI, 2806","Match","Exact","200 MIDDLE HWY, BARRINGTON, RI, 02806",645420670,"L"
103966,"200 MIDWAY STREET","LONDON","OH",43140,39.8768639410001,-83.4559923479999,466,"200 MIDWAY STREET, LONDON, OH, 43140","Match","Exact","200 MIDWAY ST, LONDON, OH, 43140",135260698,"R"
103967,"200 MILL LANE ROAD","LYNCHBURG","VA",24503,37.4538949110001,-79.2369359529999,467,"200 MILL LANE ROAD, LYNCHBURG, VA, 24503","Match","Exact","200 MILL LANE RD, LYNCHBURG, VA, 24503",647414999,"L"
103968,"200 MILLHAVEN LANDING","FAYETTEVILLE","GA",30215,33.421783444,-84.485529571,468,"200 MILLHAVEN LANDING, FAYETTEVILLE, GA, 30215","Match","Exact","200 MILLHAVEN LNDG, FAYETTEVILLE, GA, 30215",637662952,"R"
103969,"200 MONTE VERDA ST","ANGELS CAMP","CA",95222,NA,NA,469,"200 MONTE VERDA ST, ANGELS CAMP, CA, 95222","No_Match",NA,NA,NA,NA
103970,"200 MONTFORD DR UNIT F4","GEORGETOWN","SC",29440,NA,NA,470,"200 MONTFORD DR UNIT F4, GEORGETOWN, SC, 29440","No_Match",NA,NA,NA,NA
103971,"200 MONTICELLO COURT","SMITHFIELD","VA",23430,36.964682989,-76.604113535,471,"200 MONTICELLO COURT, SMITHFIELD, VA, 23430","Match","Exact","200 MONTICELLO CT, SMITHFIELD, VA, 23430",625295565,"L"
103972,"200 MOORE STREET","CROTHERSVILLE","IN",47229,38.793808535,-85.8378608959999,472,"200 MOORE STREET, CROTHERSVILLE, IN, 47229","Match","Exact","200 MOORE ST, CROTHERSVILLE, IN, 47229",31254919,"R"
103973,"200 MOORES STREET","HELENA","AR",72342,NA,NA,473,"200 MOORES STREET, HELENA, AR, 72342","No_Match",NA,NA,NA,NA
103974,"200 MOSSY POINTE","CANTON","GA",30114,34.1793538590001,-84.573458375,474,"200 MOSSY POINTE, CANTON, GA, 30114","Match","Exact","200 MOSSY POINTE, CANTON, GA, 30114",625712511,"R"
103975,"200 MOTT STREET","TRENTON","NJ",8611,40.21231313,-74.748495637,475,"200 MOTT STREET, TRENTON, NJ, 8611","Match","Exact","200 MOTT ST, TRENTON, NJ, 08611",60225292,"L"
103976,"200 MOUNT KEMBLE AVE","MORRISTOWN","NJ",7960,40.7831972390001,-74.4947560429999,476,"200 MOUNT KEMBLE AVE, MORRISTOWN, NJ, 7960","Match","Exact","200 MOUNT KEMBLE AVE, MORRISTOWN, NJ, 07960",60485953,"L"
103977,"200 MOUNT OLIVE ROAD","ELIZABETHTOWN","NC",28337,34.589917122,-78.584760016,477,"200 MOUNT OLIVE ROAD, ELIZABETHTOWN, NC, 28337","Match","Exact","200 MOUNT OLIVE RD, ELIZABETHTOWN, NC, 28337",63875052,"R"
103978,"200 MOUNTAIN BAY TRAIL DRIVE APT 10","SHAWANO","WI",54166,44.7856849390001,-88.577767812,478,"200 MOUNTAIN BAY TRAIL DRIVE APT 10, SHAWANO, WI, 54166","Match","Exact","200 MOUNTAIN BAY TRAIL DR, SHAWANO, WI, 54166",624093478,"L"
103979,"200 MT ELLIOTT ST","DETROIT","MI",48207,42.3417262570001,-83.0087262019999,479,"200 MT ELLIOTT ST, DETROIT, MI, 48207","Match","Exact","200 MOUNT ELLIOTT ST, DETROIT, MI, 48207",95484673,"R"
103980,"200 MUSIC VALE RD","SALEM","CT",6420,41.4847960820001,-72.256279589,480,"200 MUSIC VALE RD, SALEM, CT, 6420","Match","Exact","200 MUSIC VALE RD, SALEM, CT, 06420",651683203,"R"
103981,"200 N  ASH ST  STE 102","ESCONDIDO","CA",92027,NA,NA,481,"200 N  ASH ST  STE 102, ESCONDIDO, CA, 92027","Tie",NA,NA,NA,NA
103982,"200 N 160 E","HENRIEVILLE","UT",84736,NA,NA,482,"200 N 160 E, HENRIEVILLE, UT, 84736","No_Match",NA,NA,NA,NA
103983,"200 N 3RD STREET","NEBRASKA CITY","NE",68410,40.677140932,-95.848653328,483,"200 N 3RD STREET, NEBRASKA CITY, NE, 68410","Match","Exact","200 N 3RD ST, NEBRASKA CITY, NE, 68410",10411533,"R"
103984,"200 N 5TH ST","CANNELTON","IN",47520,37.9129776720001,-86.7439604899999,484,"200 N 5TH ST, CANNELTON, IN, 47520","Match","Exact","200 N 5TH ST, CANNELTON, IN, 47520",606670706,"L"
103985,"200 N ARGONNE ROAD","SPOKANE VALLEY","WA",99212,47.6594475420001,-117.282828856,485,"200 N ARGONNE ROAD, SPOKANE VALLEY, WA, 99212","Match","Exact","200 N ARGONNE RD, SPOKANE VALLEY, WA, 99212",189886878,"R"
103986,"200 N BALTIC 104","MERIDIAN","ID",83642,NA,NA,486,"200 N BALTIC 104, MERIDIAN, ID, 83642","No_Match",NA,NA,NA,NA
103987,"200 N BARRIE RD SUITE 100","BAD AXE","MI",48413,43.810488739,-83.0210431629999,487,"200 N BARRIE RD SUITE 100, BAD AXE, MI, 48413","Match","Non_Exact","200 N BARRIE RD, BAD AXE, MI, 48413",161242114,"R"
103988,"200 N BATTLEFIELD BOULEVARD UNIT10A","CHESAPEAKE","VA",23320,NA,NA,488,"200 N BATTLEFIELD BOULEVARD UNIT10A, CHESAPEAKE, VA, 23320","No_Match",NA,NA,NA,NA
103989,"200 N BECKHAM AVE OFFICE 217","TYLER","TX",75702,NA,NA,489,"200 N BECKHAM AVE OFFICE 217, TYLER, TX, 75702","Tie",NA,NA,NA,NA
103990,"200 N BECKHAM AVE OFFICE 218","TYLER","TX",75702,NA,NA,490,"200 N BECKHAM AVE OFFICE 218, TYLER, TX, 75702","Tie",NA,NA,NA,NA
103991,"200 N BECKHAM AVE","TYLER","TX",75702,32.3518119120001,-95.2943410729999,491,"200 N BECKHAM AVE, TYLER, TX, 75702","Match","Exact","200 N BECKHAM AVE, TYLER, TX, 75702",141271291,"L"
103992,"200 N BI STATE BLVD","DELMAR","DE",19940,38.458241414,-75.5741875909999,492,"200 N BI STATE BLVD, DELMAR, DE, 19940","Match","Exact","200 N BI STATE BLVD, DELMAR, DE, 19940",106074215,"R"
103993,"200 N BROWN","CANYON","TX",79015,NA,NA,493,"200 N BROWN, CANYON, TX, 79015","No_Match",NA,NA,NA,NA
103994,"200 N CENTRAL AVE","HARTSDALE","NY",10530,41.0262163800001,-73.791636779,494,"200 N CENTRAL AVE, HARTSDALE, NY, 10530","Match","Exact","200 N CENTRAL AVE, HARTSDALE, NY, 10530",139835080,"R"
103995,"200 N CORONADO BLVD","CLIFTON","AZ",85533,NA,NA,495,"200 N CORONADO BLVD, CLIFTON, AZ, 85533","No_Match",NA,NA,NA,NA
103996,"200 N DAVIE ST BOX 2","GREENSBORO","NC",27401,NA,NA,496,"200 N DAVIE ST BOX 2, GREENSBORO, NC, 27401","Tie",NA,NA,NA,NA
103997,"200 N DAVIE ST","GREENSBORO","NC",27401,36.0734793820001,-79.7889952639999,497,"200 N DAVIE ST, GREENSBORO, NC, 27401","Match","Exact","200 N DAVIE ST, GREENSBORO, NC, 27401",640600495,"R"
103998,"200 N EUCLID BLVD / 778","LA HABRA","CA",90631,NA,NA,498,"200 N EUCLID BLVD / 778, LA HABRA, CA, 90631","No_Match",NA,NA,NA,NA
103999,"200 N EVERGREEN ST","MEMPHIS","TN",38112,35.1438077330001,-90.003357444,499,"200 N EVERGREEN ST, MEMPHIS, TN, 38112","Match","Exact","200 N EVERGREEN ST, MEMPHIS, TN, 38112",72912282,"R"
104000,"200 N FAIRVIEW APT B","KEENE","TX",76059,NA,NA,500,"200 N FAIRVIEW APT B, KEENE, TX, 76059","No_Match",NA,NA,NA,NA
