"ID","Address","City","State","Zip","lat","long","id","input_address","match_indicator","match_type","matched_address","tiger_line_id","tiger_side"
115501,"212 WAKEFIELD AVE","PATASKALA","OH",43062,40.001099749,-82.758269218,1,"212 WAKEFIELD AVE, PATASKALA, OH, 43062","Match","Exact","212 WAKEFIELD AVE, PATASKALA, OH, 43062",624458197,"L"
115502,"212 WATER STREET","BLOCK ISLAND","RI",2807,41.1724845910001,-71.557871795,2,"212 WATER STREET, BLOCK ISLAND, RI, 2807","Match","Exact","212 WATER ST, BLOCK ISLAND, RI, 02807",652757960,"R"
115503,"212 WAVERLY LN","AIKEN","SC",29803,33.440502022,-81.644592759,3,"212 WAVERLY LN, AIKEN, SC, 29803","Match","Exact","212 WAVERLY LN, AIKEN, SC, 29803",65043689,"R"
115504,"212 WENDY DRIVE","WHITEHOUSE","TX",75791,32.228914306,-95.2520754499999,4,"212 WENDY DRIVE, WHITEHOUSE, TX, 75791","Match","Exact","212 WENDY DR, WHITEHOUSE, TX, 75791",141289674,"L"
115505,"212 WEST 140TH STREET ROOM 5A","NEW YORK","NY",10030,40.818686105,-73.9419116459999,5,"212 WEST 140TH STREET ROOM 5A, NEW YORK, NY, 10030","Match","Exact","212 W 140TH ST, NEW YORK, NY, 10030",59656295,"L"
115506,"212 WEST 14TH STREET APT 3A","NEW YORK","NY",10011,40.7389429670001,-74.000619978,6,"212 WEST 14TH STREET APT 3A, NEW YORK, NY, 10011","Match","Exact","212 W 14TH ST, NEW YORK, NY, 10011",650153735,"L"
115507,"212 WEST 6TH STREET","JASPER","IN",47546,38.3914213620001,-86.931957918,7,"212 WEST 6TH STREET, JASPER, IN, 47546","Match","Exact","212 W 6TH ST, JASPER, IN, 47546",7870863,"R"
115508,"212 WEST FRONT ST","STATESVILLE","NC",28677,35.782262846,-80.889050842,8,"212 WEST FRONT ST, STATESVILLE, NC, 28677","Match","Exact","212 W FRONT ST, STATESVILLE, NC, 28677",46027137,"L"
115509,"212 WEST KINGSBRIDGE ROAD","BRONX","NY",10463,40.870558272,-73.904485113,9,"212 WEST KINGSBRIDGE ROAD, BRONX, NY, 10463","Match","Exact","212 W KINGSBRIDGE RD, BRONX, NY, 10463",80298548,"L"
115510,"212 WEST MAHONING STREET SUITE 300","PUNXSUTAWNEY","PA",15767,40.94317103,-78.972843634,10,"212 WEST MAHONING STREET SUITE 300, PUNXSUTAWNEY, PA, 15767","Match","Exact","212 W MAHONING ST, PUNXSUTAWNEY, PA, 15767",66435242,"L"
115511,"212 WEST MAIN ST","SALISBURY","MD",21801,38.3653375660001,-75.6017844209999,11,"212 WEST MAIN ST, SALISBURY, MD, 21801","Match","Exact","212 W MAIN ST, SALISBURY, MD, 21801",636222007,"R"
115512,"212 WEST MAIN STREET","MONONGAHELA","PA",15063,40.2018753240001,-79.924742038,12,"212 WEST MAIN STREET, MONONGAHELA, PA, 15063","Match","Exact","212 W MAIN ST, MONONGAHELA, PA, 15063",52809017,"R"
115513,"212 WEST ROUTE 38 SUITE 200","MOORESTOWN","NJ",8057,NA,NA,13,"212 WEST ROUTE 38 SUITE 200, MOORESTOWN, NJ, 8057","No_Match",NA,NA,NA,NA
115514,"212 WEST STREET","ANNAPOLIS","MD",21401,38.9769510200001,-76.50119979,14,"212 WEST STREET, ANNAPOLIS, MD, 21401","Match","Exact","212 WEST ST, ANNAPOLIS, MD, 21401",68172922,"R"
115515,"212 WEST TROY STREET STE B","DOTHAN","AL",36303,31.2251904880001,-85.39400305,15,"212 WEST TROY STREET STE B, DOTHAN, AL, 36303","Match","Exact","212 W TROY ST, DOTHAN, AL, 36303",101233772,"R"
115516,"212 WEST TROY STREET SUITE B","DOTHAN","AL",36303,31.2251904880001,-85.39400305,16,"212 WEST TROY STREET SUITE B, DOTHAN, AL, 36303","Match","Exact","212 W TROY ST, DOTHAN, AL, 36303",101233772,"R"
115517,"212 WESTFIELD DRIVE","GEORGETOWN","TX",78628,30.5745814860001,-97.777420251,17,"212 WESTFIELD DRIVE, GEORGETOWN, TX, 78628","Match","Exact","212 WESTFIELD DR, GEORGETOWN, TX, 78628",641087127,"R"
115518,"212 WESTOVER ST","ANN ARBOR","MI",48103,42.282425088,-83.798325661,18,"212 WESTOVER ST, ANN ARBOR, MI, 48103","Match","Non_Exact","212 WESTOVER AVE, ANN ARBOR, MI, 48103",26044448,"R"
115519,"212 WHITE OAK CT","CROWLEY","TX",76036,32.558734923,-97.3602889329999,19,"212 WHITE OAK CT, CROWLEY, TX, 76036","Match","Non_Exact","212 WHITE OAK, CROWLEY, TX, 76036",648442923,"R"
115520,"212 WHITMAN DR","BROOKLYN","NY",11234,40.6080729780001,-73.9034388709999,20,"212 WHITMAN DR, BROOKLYN, NY, 11234","Match","Exact","212 WHITMAN DR, BROOKLYN, NY, 11234",59092926,"R"
115521,"212 WILLOWAYDRIVE","NAPERVILLE","IL",60540,NA,NA,21,"212 WILLOWAYDRIVE, NAPERVILLE, IL, 60540","No_Match",NA,NA,NA,NA
115522,"212 WINDING ROAD","BOYERTOWN","PA",19512,40.2961758280001,-75.6717321519999,22,"212 WINDING ROAD, BOYERTOWN, PA, 19512","Match","Exact","212 WINDING RD, BOYERTOWN, PA, 19512",653374200,"R"
115523,"212 WINDSONG LANE SW","LILBURN","GA",30047,33.883054665,-84.118722286,23,"212 WINDSONG LANE SW, LILBURN, GA, 30047","Match","Exact","212 WINDSONG LN SW, LILBURN, GA, 30047",88926569,"L"
115524,"212 WORTH ST","ISELIN","NJ",8830,40.566697667,-74.3057798249999,24,"212 WORTH ST, ISELIN, NJ, 8830","Match","Exact","212 WORTH ST, ISELIN, NJ, 08830",60274231,"R"
115525,"212-29 JAMAICA AVE","QUEENS VILLAGE","NY",11428,40.7159071410001,-73.7459146739999,25,"212-29 JAMAICA AVE, QUEENS VILLAGE, NY, 11428","Match","Exact","212-29 JAMAICA AVE, QUEENS VILLAGE, NY, 11428",59717944,"L"
115526,"212-32ND AVE NORTH","ST. CLOUD","MN",56303,NA,NA,26,"212-32ND AVE NORTH, ST. CLOUD, MN, 56303","No_Match",NA,NA,NA,NA
115527,"212-H WEST JACKSON STREET","DUBLIN","GA",31021,32.5393946830001,-82.9060531069999,27,"212-H WEST JACKSON STREET, DUBLIN, GA, 31021","Match","Exact","212 W JACKSON ST, DUBLIN, GA, 31021",100652450,"R"
115528,"212","SALEM","OH",44460,NA,NA,28,"212, SALEM, OH, 44460","No_Match",NA,NA,NA,NA
115529,"2120 4TH STREET","ROSENBERG","TX",77471,29.545842518,-95.8053518579999,29,"2120 4TH STREET, ROSENBERG, TX, 77471","Match","Exact","2120 4TH ST, ROSENBERG, TX, 77471",78344264,"L"
115530,"2120 8TH AVE S","NASHVILLE","TN",37204,36.1315339820001,-86.778880424,30,"2120 8TH AVE S, NASHVILLE, TN, 37204","Match","Exact","2120 8TH AVE S, NASHVILLE, TN, 37204",97191718,"L"
115531,"2120 ALPINE BLVD","ALPINE","CA",91901,32.8358410290001,-116.768677463,31,"2120 ALPINE BLVD, ALPINE, CA, 91901","Match","Exact","2120 ALPINE BLVD, ALPINE, CA, 91901",195335486,"L"
115532,"2120 ATELIER DRIVE","JEFFERSON CITY","MO",65109,38.628799019,-92.2565775529999,32,"2120 ATELIER DRIVE, JEFFERSON CITY, MO, 65109","Match","Exact","2120 ATELIER DR, JEFFERSON CITY, MO, 65109",604582076,"R"
115533,"2120 BEECHWOOD AVE","WILMETTE","IL",60091,42.086869532,-87.727976191,33,"2120 BEECHWOOD AVE, WILMETTE, IL, 60091","Match","Exact","2120 BEECHWOOD AVE, WILMETTE, IL, 60091",111738026,"R"
115534,"2120 BENTON STREET","GRANI CITY","IL",62040,38.705106433,-90.149234405,34,"2120 BENTON STREET, GRANI CITY, IL, 62040","Match","Non_Exact","2120 BENTON ST, GRANITE CITY, IL, 62040",107683110,"R"
115535,"2120 BERT KOUNS IND LOOP SUITE M","SHREVEPORT","LA",71118,32.402137069,-93.800545748,35,"2120 BERT KOUNS IND LOOP SUITE M, SHREVEPORT, LA, 71118","Match","Non_Exact","2120 W BERT KOUNS INDUSTRIAL LOOP, SHREVEPORT, LA, 71118",57483864,"R"
115536,"2120 BREEZEWAY DRIVE UNIT 103","RALEIGH","NC",27614,35.9235513880001,-78.5703245569999,36,"2120 BREEZEWAY DRIVE UNIT 103, RALEIGH, NC, 27614","Match","Exact","2120 BREEZEWAY DR, RALEIGH, NC, 27614",72664875,"R"
115537,"2120 BRENTWOOD ROAD APT 208","RALEIGH","NC",27604,35.8088224150001,-78.5943758669999,37,"2120 BRENTWOOD ROAD APT 208, RALEIGH, NC, 27604","Match","Exact","2120 BRENTWOOD RD, RALEIGH, NC, 27604",72617273,"R"
115538,"2120 CHAMBERS RD","ST LOUIS","MO",63136,38.7492855950001,-90.256837084,38,"2120 CHAMBERS RD, ST LOUIS, MO, 63136","Match","Exact","2120 CHAMBERS RD, SAINT LOUIS, MO, 63136",100190778,"R"
115539,"2120 CHRIS DRIVE","SOUTH PARK","PA",15129,40.3051453950001,-79.987756882,39,"2120 CHRIS DRIVE, SOUTH PARK, PA, 15129","Match","Exact","2120 CHRIS DR, SOUTH PARK, PA, 15129",607614225,"L"
115540,"2120 COUNTRY CLUB ROAD","HOOD RIVER","OR",97031,45.6623266330001,-121.586121499,40,"2120 COUNTRY CLUB ROAD, HOOD RIVER, OR, 97031","Match","Exact","2120 COUNTRY CLUB RD, HOOD RIVER, OR, 97031",158133216,"L"
115541,"2120 CRISTINA WAY WAY","BRENTWOOD","CA",94513,37.918934316,-121.735284596,41,"2120 CRISTINA WAY WAY, BRENTWOOD, CA, 94513","Match","Exact","2120 CRISTINA WAY, BRENTWOOD, CA, 94513",638090603,"R"
115542,"2120 DEERFIELD DR","PLANO","TX",75023,33.053112621,-96.734900061,42,"2120 DEERFIELD DR, PLANO, TX, 75023","Match","Exact","2120 DEERFIELD DR, PLANO, TX, 75023",123530319,"L"
115543,"2120 DIAMOND BVLD STE 120","CONCORD","CA",94520,37.9751937720001,-122.058919891,43,"2120 DIAMOND BVLD STE 120, CONCORD, CA, 94520","Match","Exact","2120 DIAMOND BLVD, CONCORD, CA, 94520",192053540,"L"
115544,"2120 DUDLEY MTN RD","NORTH GARDEN","VA",22959,37.965708615,-78.5760259149999,44,"2120 DUDLEY MTN RD, NORTH GARDEN, VA, 22959","Match","Exact","2120 DUDLEY MOUNTAIN RD, NORTH GARDEN, VA, 22959",83359183,"L"
115545,"2120 E 4TH STREET","CASPER","WY",82609,42.846329946,-106.297514786,45,"2120 E 4TH STREET, CASPER, WY, 82609","Match","Exact","2120 E 4TH ST, CASPER, WY, 82609",635850494,"L"
115546,"2120 E FIRE TOWER ROAD 107-21","GREENVILLE","NC",27858,35.5684704330001,-77.347179807,46,"2120 E FIRE TOWER ROAD 107-21, GREENVILLE, NC, 27858","Match","Non_Exact","2120 E FIRE TOWER RD, GREENVILLE, NC, 27858",80045394,"L"
115547,"2120 E FIRETOWER RD SUITE 11","GREENVILLE","NC",27858,35.5684704330001,-77.347179807,47,"2120 E FIRETOWER RD SUITE 11, GREENVILLE, NC, 27858","Match","Non_Exact","2120 E FIRE TOWER RD, GREENVILLE, NC, 27858",80045394,"L"
115548,"2120 EDGARTOWN LN","HOFFMAN ESTATES","IL",60192,42.0635204550001,-88.23143358,48,"2120 EDGARTOWN LN, HOFFMAN ESTATES, IL, 60192","Match","Exact","2120 EDGARTOWN LN, HOFFMAN EST, IL, 60192",601628927,"L"
115549,"2120 EDISON DRIVE","SAN ANTONIO","TX",78201,29.474717152,-98.529817091,49,"2120 EDISON DRIVE, SAN ANTONIO, TX, 78201","Match","Exact","2120 EDISON DR, SAN ANTONIO, TX, 78201",101513224,"L"
115550,"2120 ETOWAH STREET","BIRMINGHAM","AL",35217,33.5817333300001,-86.7586430649999,50,"2120 ETOWAH STREET, BIRMINGHAM, AL, 35217","Match","Exact","2120 ETOWAH ST, BIRMINGHAM, AL, 35217",81578092,"L"
115551,"2120 GIRARD AVE S","MINNEAPOLIS","MN",55405,44.96165756,-93.296918734,51,"2120 GIRARD AVE S, MINNEAPOLIS, MN, 55405","Match","Exact","2120 GIRARD AVE S, MINNEAPOLIS, MN, 55405",43624574,"R"
115552,"2120 GREMILLION ROAD","PORT ALLEN","LA",70767,30.4980427850001,-91.308797275,52,"2120 GREMILLION ROAD, PORT ALLEN, LA, 70767","Match","Exact","2120 GREMILLION RD, PORT ALLEN, LA, 70767",648085033,"R"
115553,"2120 GUILFORD COLLEGE ROAD","JAMESTOWN","NC",27282,36.0184079430001,-79.9272631599999,53,"2120 GUILFORD COLLEGE ROAD, JAMESTOWN, NC, 27282","Match","Exact","2120 GUILFORD COLLEGE RD, JAMESTOWN, NC, 27282",619086614,"L"
115554,"2120 HIGHLAND AVE APT 302","EVERETT","WA",98201,47.9892418360001,-122.185123592,54,"2120 HIGHLAND AVE APT 302, EVERETT, WA, 98201","Match","Exact","2120 HIGHLAND AVE, EVERETT, WA, 98201",187745798,"R"
115555,"2120 HIGHLAND RIVER DRIVE","WYLIE","TX",75098,32.9863200460001,-96.5500293969999,55,"2120 HIGHLAND RIVER DRIVE, WYLIE, TX, 75098","Match","Exact","2120 HIGHLAND RIVER DR, WYLIE, TX, 75098",619935288,"L"
115556,"2120 HOLLYWOOD DR","LAWRENCEVILLE","GA",30044,33.9356886370001,-84.056107584,56,"2120 HOLLYWOOD DR, LAWRENCEVILLE, GA, 30044","Match","Exact","2120 HOLLYWOOD DR, LAWRENCEVILLE, GA, 30044",88894439,"R"
115557,"2120 JERRY JONES DRIVE","VALDOSTA","GA",31602,30.853613937,-83.3061804709999,57,"2120 JERRY JONES DRIVE, VALDOSTA, GA, 31602","Match","Exact","2120 JERRY JONES DR, VALDOSTA, GA, 31602",639180996,"L"
115558,"2120 LONGWOOD RD","WEST PALM BEACH","FL",33409,26.6974778320001,-80.0812716519999,58,"2120 LONGWOOD RD, WEST PALM BEACH, FL, 33409","Match","Exact","2120 LONGWOOD RD, WEST PALM BEACH, FL, 33409",115353831,"L"
115559,"2120 MABLE AVE","MODESTO","CA",95355,37.69622918,-120.959444419,59,"2120 MABLE AVE, MODESTO, CA, 95355","Match","Exact","2120 MABLE AVE, MODESTO, CA, 95355",102601176,"R"
115560,"2120 MILLER ROAD","CHINA GROVE","NC",28023,35.608053082,-80.594644993,60,"2120 MILLER ROAD, CHINA GROVE, NC, 28023","Match","Exact","2120 MILLER RD, CHINA GROVE, NC, 28023",652840064,"L"
115561,"2120 MOSS CREEK DRIVE","HARRISBURG","NC",28075,35.3191969870001,-80.611182232,61,"2120 MOSS CREEK DRIVE, HARRISBURG, NC, 28075","Match","Exact","2120 MOSS CREEK DR, HARRISBURG, NC, 28075",614099078,"L"
115562,"2120 N 400 E","NORTH OGDEN","UT",84414,41.29681672,-111.968848661,62,"2120 N 400 E, NORTH OGDEN, UT, 84414","Match","Non_Exact","2120 N 400 E, NORTH OGDEN, UT, 84414",155694011,"R"
115563,"2120 N DELSEA DR","VINELAND","NJ",8360,39.5179635050001,-75.0407006579999,63,"2120 N DELSEA DR, VINELAND, NJ, 8360","Match","Exact","2120 N DELSEA DR, VINELAND, NJ, 08360",636220576,"L"
115564,"2120 NIGHTHAWK DR","LARAMIE","WY",82072,41.328334231,-105.568036198,64,"2120 NIGHTHAWK DR, LARAMIE, WY, 82072","Match","Exact","2120 NIGHTHAWK DR, LARAMIE, WY, 82072",168756687,"R"
115565,"2120 NORTH PRIEUR STREET","NEW ORLEANS","LA",70116,29.976581276,-90.058599825,65,"2120 NORTH PRIEUR STREET, NEW ORLEANS, LA, 70116","Match","Exact","2120 N PRIEUR ST, NEW ORLEANS, LA, 70116",652867012,"R"
115566,"2120 NORTH THIRD STREET","ST CHARLES","MO",63301,38.7991366570001,-90.4759170899999,66,"2120 NORTH THIRD STREET, ST CHARLES, MO, 63301","Match","Exact","2120 N 3RD ST, SAINT CHARLES, MO, 63301",606664778,"R"
115567,"2120 NORTHGATE PARK LANE STE 303","CHATTANOOGA","TN",37415,35.1336031720001,-85.2411956189999,67,"2120 NORTHGATE PARK LANE STE 303, CHATTANOOGA, TN, 37415","Match","Exact","2120 NORTHGATE PARK LN, CHATTANOOGA, TN, 37415",605428300,"L"
115568,"2120 OCEAN AVE","BROOKLYN","NY",11229,40.610190291,-73.953459756,68,"2120 OCEAN AVE, BROOKLYN, NY, 11229","Match","Exact","2120 OCEAN AVE, BROOKLYN, NY, 11229",59090097,"R"
115569,"2120 OLD MILL RD","TOLEDO","OH",43615,41.6589075460001,-83.71261607,69,"2120 OLD MILL RD, TOLEDO, OH, 43615","Match","Exact","2120 OLD MILL RD, TOLEDO, OH, 43615",33963043,"R"
115570,"2120 PENROSE DRIVE","EAST POINT","GA",30344,33.6970273520001,-84.454219479,70,"2120 PENROSE DRIVE, EAST POINT, GA, 30344","Match","Exact","2120 PENROSE DR, EAST POINT, GA, 30344",17341507,"L"
115571,"2120 PINE BREEZE LN","LAS VEGAS","NV",89119,36.108624488,-115.122974522,71,"2120 PINE BREEZE LN, LAS VEGAS, NV, 89119","Match","Exact","2120 PINE BREEZE LN, LAS VEGAS, NV, 89119",201871996,"L"
115572,"2120 PLANT SCIENCE BLDG","COLLEGE PARK","MD",20742,NA,NA,72,"2120 PLANT SCIENCE BLDG, COLLEGE PARK, MD, 20742","No_Match",NA,NA,NA,NA
115573,"2120 QUAIL DRIVE","BESSEMER","AL",35022,33.355412422,-86.9100691529999,73,"2120 QUAIL DRIVE, BESSEMER, AL, 35022","Match","Exact","2120 QUAIL DR, BESSEMER, AL, 35022",81614279,"L"
115574,"2120 RAMROD AVE APT 527","HENDERSON","NV",89014,36.0753811610001,-115.078447754,74,"2120 RAMROD AVE APT 527, HENDERSON, NV, 89014","Match","Exact","2120 RAMROD AVE, HENDERSON, NV, 89014",202001334,"R"
115575,"2120 RIVERVIEW DR","RICHMOND","TX",77469,29.6024023260001,-95.7840468649999,75,"2120 RIVERVIEW DR, RICHMOND, TX, 77469","Match","Exact","2120 RIVERVIEW DR, RICHMOND, TX, 77469",78279651,"R"
115576,"2120 ROBINSON ROAD","CYNTHIANA","KY",41031,38.4817956520001,-84.353881964,76,"2120 ROBINSON ROAD, CYNTHIANA, KY, 41031","Match","Exact","2120 ROBINSON RD, CYNTHIANA, KY, 41031",57893987,"R"
115577,"2120 S 72ND ST","OMAHA","NE",68124,41.247173493,-96.023944871,77,"2120 S 72ND ST, OMAHA, NE, 68124","Match","Exact","2120 S 72ND ST, OMAHA, NE, 68124",117017921,"R"
115578,"2120 S CORTEZ AVE","TAMPA","FL",33629,27.9261846900001,-82.519268182,78,"2120 S CORTEZ AVE, TAMPA, FL, 33629","Match","Exact","2120 S CORTEZ AVE, TAMPA, FL, 33629",104525521,"L"
115579,"2120 SE 171 AVENUE","SILVER SPRINGS","FL",34488,29.167928832,-81.869517662,79,"2120 SE 171 AVENUE, SILVER SPRINGS, FL, 34488","Match","Exact","2120 SE 171ST AVE, SILVER SPRINGS, FL, 34488",116743933,"L"
115580,"2120 SHADYGROVE WALK","AUSTELL","GA",30168,33.804570432,-84.617327732,80,"2120 SHADYGROVE WALK, AUSTELL, GA, 30168","Match","Exact","2120 SHADYGROVE WALK, AUSTELL, GA, 30168",17236521,"L"
115581,"2120 SKIPTON ROAD","SPRINGFIELD","IL",62702,39.8297664850001,-89.60699912,81,"2120 SKIPTON ROAD, SPRINGFIELD, IL, 62702","Match","Exact","2120 SKIPTON RD, SPRINGFIELD, IL, 62702",97326197,"R"
115582,"2120 SOUTH HOLLY ST","DENVER","CO",80222,39.677973132,-104.92225912,82,"2120 SOUTH HOLLY ST, DENVER, CO, 80222","Match","Exact","2120 S HOLLY ST, DENVER, CO, 80222",612844423,"L"
115583,"2120 SOUTH LELAND STREET","SAN PEDRO","CA",90731,33.7249705400001,-118.301205557,83,"2120 SOUTH LELAND STREET, SAN PEDRO, CA, 90731","Match","Exact","2120 S LELAND ST, SAN PEDRO, CA, 90731",141690407,"L"
115584,"2120 STRATFORD PARK DRIVE","FORT WORTH","TX",76103,32.7447634690001,-97.267295086,84,"2120 STRATFORD PARK DRIVE, FORT WORTH, TX, 76103","Match","Exact","2120 STRATFORD PARK DR, FORT WORTH, TX, 76103",102126874,"R"
115585,"2120 SUNSET DRIVE","PARIS","KY",40361,38.195457425,-84.27014372,85,"2120 SUNSET DRIVE, PARIS, KY, 40361","Match","Exact","2120 SUNSET DR, PARIS, KY, 40361",31878450,"R"
115586,"2120 TABORLAKE CIRCLE","LEXINGTON","KY",40502,37.99536103,-84.469122732,86,"2120 TABORLAKE CIRCLE, LEXINGTON, KY, 40502","Match","Exact","2120 TABORLAKE CIR, LEXINGTON, KY, 40502",31945050,"L"
115587,"2120 THAMES AVE","YORK","PA",17408,39.982887115,-76.7868433049999,87,"2120 THAMES AVE, YORK, PA, 17408","Match","Exact","2120 THAMES AVE, YORK, PA, 17408",88753542,"R"
115588,"2120 TICONDEROGA DRIVE","SAN MATEO","CA",94402,37.515090388,-122.340084635,88,"2120 TICONDEROGA DRIVE, SAN MATEO, CA, 94402","Match","Exact","2120 TICONDEROGA DR, SAN MATEO, CA, 94402",192378727,"R"
115589,"2120 TILBURY RD","WATERLOO","IA",50701,42.510382307,-92.400471357,89,"2120 TILBURY RD, WATERLOO, IA, 50701","Match","Exact","2120 TILBURY RD, WATERLOO, IA, 50701",77249883,"R"
115590,"2120 US HWY 98 WEST","PERRY","FL",32347,30.1055723650001,-83.606148751,90,"2120 US HWY 98 WEST, PERRY, FL, 32347","Match","Non_Exact","2120 US HWY 98, PERRY, FL, 32347",639661179,"L"
115591,"2120 VIA PUERTA UNIT Q","LAGUNA WOODS","CA",92637,33.619179839,-117.714457572,91,"2120 VIA PUERTA UNIT Q, LAGUNA WOODS, CA, 92637","Match","Exact","2120 VIA PUERTA, LAGUNA WOODS, CA, 92637",616891639,"R"
115592,"2120 W 34TH ST","HOUSTON","TX",77018,29.8172456510001,-95.43745752,92,"2120 W 34TH ST, HOUSTON, TX, 77018","Match","Exact","2120 W 34TH ST, HOUSTON, TX, 77018",644730327,"R"
115593,"2120 W 8TH ST STE 360","LOS ANGELES","CA",90057,34.055004297,-118.278104471,93,"2120 W 8TH ST STE 360, LOS ANGELES, CA, 90057","Match","Non_Exact","2120 W 8TH ST, LOS ANGELES, CA, 90057",141605448,"L"
115594,"2120 W CHESTNUT ST","LOUISVILLE","KY",40211,38.2521001700001,-85.786430932,94,"2120 W CHESTNUT ST, LOUISVILLE, KY, 40211","Match","Exact","2120 W CHESTNUT ST, LOUISVILLE, KY, 40211",96841806,"L"
115595,"2120 W MAGNOLIA BLVD","BURBANK","CA",91506,34.1732357650001,-118.330860485,95,"2120 W MAGNOLIA BLVD, BURBANK, CA, 91506","Match","Exact","2120 W MAGNOLIA BLVD, BURBANK, CA, 91506",141593098,"L"
115596,"2120 W SUBLETT RD","ARLINGTON","TX",76017,32.6485411890001,-97.1385757,96,"2120 W SUBLETT RD, ARLINGTON, TX, 76017","Match","Exact","2120 W SUBLETT RD, ARLINGTON, TX, 76017",101949534,"L"
115597,"2120 WENLOK TRAIL","MARIETTA","GA",30066,34.04240323,-84.48913827,97,"2120 WENLOK TRAIL, MARIETTA, GA, 30066","Match","Exact","2120 WENLOK TRL, MARIETTA, GA, 30066",17169270,"R"
115598,"2120 WEST MIDDLEFIELD RD APT D","MOUNTAIN VIEW","CA",94043,NA,NA,98,"2120 WEST MIDDLEFIELD RD APT D, MOUNTAIN VIEW, CA, 94043","No_Match",NA,NA,NA,NA
115599,"2120 WILLOW AVE","ANTIOCH","CA",94509,38.0016655060001,-121.769110175,99,"2120 WILLOW AVE, ANTIOCH, CA, 94509","Match","Exact","2120 WILLOW AVE, ANTIOCH, CA, 94509",192100681,"R"
115600,"2120 WORTH ST","HEMPHILL","TX",75948,31.337086309,-93.8620873839999,100,"2120 WORTH ST, HEMPHILL, TX, 75948","Match","Exact","2120 WORTH ST, HEMPHILL, TX, 75948",606559693,"L"
115601,"21200 BORDMAN RD","ARMADA","MI",48005,42.894821232,-82.914175068,101,"21200 BORDMAN RD, ARMADA, MI, 48005","Match","Exact","21200 BORDMAN RD, ARMADA, MI, 48005",110695514,"R"
115602,"21200 E 4TH ST S","INDEPENDENCE","MO",64056,39.102016103,-94.327130078,102,"21200 E 4TH ST S, INDEPENDENCE, MO, 64056","Match","Exact","21200 E 4TH ST S, INDEPENDENCE, MO, 64056",91487505,"L"
115603,"21200 KITTRIDGE ST APT 1155","WOODLAND HILLS","CA",91303,34.1912089240001,-118.594105561,103,"21200 KITTRIDGE ST APT 1155, WOODLAND HILLS, CA, 91303","Match","Exact","21200 KITTRIDGE ST, WOODLAND HILLS, CA, 91303",141535218,"L"
115604,"21200 KITTRIDGE STREET 3172","WOODLAND HILLS","CA",91303,34.1912089240001,-118.594105561,104,"21200 KITTRIDGE STREET 3172, WOODLAND HILLS, CA, 91303","Match","Exact","21200 KITTRIDGE ST, WOODLAND HILLS, CA, 91303",141535218,"L"
115605,"21200 OXNARD AVE 6492","WOODLAND HILLS","CA",91365,NA,NA,105,"21200 OXNARD AVE 6492, WOODLAND HILLS, CA, 91365","No_Match",NA,NA,NA,NA
115606,"21200 S LAGRANGE RD","FRANKFORT","IL",60423,NA,NA,106,"21200 S LAGRANGE RD, FRANKFORT, IL, 60423","No_Match",NA,NA,NA,NA
115607,"21200 S LAGRANGE STE 219","FRANKFORT","IL",60423,NA,NA,107,"21200 S LAGRANGE STE 219, FRANKFORT, IL, 60423","No_Match",NA,NA,NA,NA
115608,"21200 SE 416TH STREET","ENUMCLAW","WA",98022,47.228233082,-122.058760879,108,"21200 SE 416TH STREET, ENUMCLAW, WA, 98022","Match","Exact","21200 SE 416TH ST, ENUMCLAW, WA, 98022",186657359,"L"
115609,"21201 DENNY ROAD","LITTLE ROCK","AR",72223,34.7769175880001,-92.497166474,109,"21201 DENNY ROAD, LITTLE ROCK, AR, 72223","Match","Exact","21201 DENNY RD, LITTLE ROCK, AR, 72223",632842453,"L"
115610,"21201 EMERALD MIST PKWY APT 1512","SPRING","TX",77379,30.072710882,-95.544690014,110,"21201 EMERALD MIST PKWY APT 1512, SPRING, TX, 77379","Match","Exact","21201 EMERALD MIST PKWY, SPRING, TX, 77379",652132551,"R"
115611,"21201 KITTRIDGE ST  SUITE 2411","WOODLAND HILLS","CA",91303,34.191219889,-118.594105586,111,"21201 KITTRIDGE ST  SUITE 2411, WOODLAND HILLS, CA, 91303","Match","Exact","21201 KITTRIDGE ST, WOODLAND HILLS, CA, 91303",141535218,"R"
115612,"21201 KITTRIDGE STREET STE 4109","WOODLAND HILLS","CA",91303,34.191219889,-118.594105586,112,"21201 KITTRIDGE STREET STE 4109, WOODLAND HILLS, CA, 91303","Match","Exact","21201 KITTRIDGE ST, WOODLAND HILLS, CA, 91303",141535218,"R"
115613,"21201 MORTON ROAD","KATY","TX",77449,NA,NA,113,"21201 MORTON ROAD, KATY, TX, 77449","No_Match",NA,NA,NA,NA
115614,"21201 SWEENEY RD SE","MAPLE VALLEY","WA",98038,47.4122465310001,-122.076950728,114,"21201 SWEENEY RD SE, MAPLE VALLEY, WA, 98038","Match","Exact","21201 SWEENEY RD SE, MAPLE VALLEY, WA, 98038",239782024,"L"
115615,"21202 SWEETWATER LANE N","BOCA RATON","FL",33428,NA,NA,115,"21202 SWEETWATER LANE N, BOCA RATON, FL, 33428","No_Match",NA,NA,NA,NA
115616,"21203 HIGHLAND KNOLLS DRIVE","KATY","TX",77450,29.759502605,-95.735948815,116,"21203 HIGHLAND KNOLLS DRIVE, KATY, TX, 77450","Match","Exact","21203 HIGHLAND KNOLLS DR, KATY, TX, 77450",96623372,"L"
115617,"21204 FRANKLIN RD","MAPLE HEIGHTS","OH",44137,41.42098207,-81.530978174,117,"21204 FRANKLIN RD, MAPLE HEIGHTS, OH, 44137","Match","Exact","21204 FRANKLIN RD, MAPLE HEIGHTS, OH, 44137",61129643,"R"
115618,"21204 VIVIENNE DR","MATTESON","IL",60443,41.502948786,-87.765028195,118,"21204 VIVIENNE DR, MATTESON, IL, 60443","Match","Exact","21204 VIVIENNE DR, MATTESON, IL, 60443",606986902,"R"
115619,"21204 WATSON ROAD","MAPLE HEIGHTS","OH",44137,41.4226625430001,-81.5309706359999,119,"21204 WATSON ROAD, MAPLE HEIGHTS, OH, 44137","Match","Exact","21204 WATSON RD, MAPLE HEIGHTS, OH, 44137",61129630,"R"
115620,"21205 280TH STREET","FOUNTAIN","MN",55935,NA,NA,120,"21205 280TH STREET, FOUNTAIN, MN, 55935","No_Match",NA,NA,NA,NA
115621,"21205 SOPHIA DR","MATTESON","IL",60443,41.50259413,-87.7628088719999,121,"21205 SOPHIA DR, MATTESON, IL, 60443","Match","Exact","21205 SOPHIA DR, MATTESON, IL, 60443",635485583,"L"
115622,"21205 WATER STREET","CARSON","CA",90745,33.837073875,-118.240935829,122,"21205 WATER STREET, CARSON, CA, 90745","Match","Exact","21205 WATER ST, CARSON, CA, 90745",142661845,"R"
115623,"21206 HIGH DRIVE","LAGO VISTA","TX",78645,30.4341610590001,-98.01084543,123,"21206 HIGH DRIVE, LAGO VISTA, TX, 78645","Match","Exact","21206 HIGH DR, LAGO VISTA, TX, 78645",63919800,"R"
115624,"21206 WILLOWFORD PARK DRIVE","KATY","TX",77450,29.7152760750001,-95.74018229,124,"21206 WILLOWFORD PARK DRIVE, KATY, TX, 77450","Match","Exact","21206 WILLOWFORD PARK DR, KATY, TX, 77450",629580957,"L"
115625,"21209 CLARETTA AVE","HAWAIIAN GARDENS","CA",90716,33.8371697480001,-118.067638164,125,"21209 CLARETTA AVE, HAWAIIAN GARDENS, CA, 90716","Match","Exact","21209 CLARETTA AVE, HAWAIIAN GARDENS, CA, 90716",141754508,"R"
115626,"2121 - 45TH STREET   APT 5411","HIGHLAND","IN",46322,NA,NA,126,"2121 - 45TH STREET   APT 5411, HIGHLAND, IN, 46322","No_Match",NA,NA,NA,NA
115627,"2121 1/2 VERMILION","DULUTH","MN",55803,46.8302257390001,-92.069449699,127,"2121 1/2 VERMILION, DULUTH, MN, 55803","Match","Non_Exact","2121 VERMILION RD, DULUTH, MN, 55803",163212200,"L"
115628,"2121 14TH STREET ROAD","GREELEY","CO",80631,40.4167119790001,-104.71178537,128,"2121 14TH STREET ROAD, GREELEY, CO, 80631","Match","Exact","2121 14TH STREET RD, GREELEY, CO, 80631",188676312,"R"
115629,"2121 16TH AVE SW","LARGI","FL",33770,27.9021845840001,-82.808742626,129,"2121 16TH AVE SW, LARGI, FL, 33770","Match","Non_Exact","2121 16TH AVE SW, LARGO, FL, 33770",124673165,"R"
115630,"2121 219TH LN SE","SAMMAMISH","WA",98075,47.590854575,-122.046648982,130,"2121 219TH LN SE, SAMMAMISH, WA, 98075","Match","Exact","2121 219TH LN SE, SAMMAMISH, WA, 98075",186618186,"R"
115631,"2121 46TH AVE","LONG ISLAND CITY","NY",11101,NA,NA,131,"2121 46TH AVE, LONG ISLAND CITY, NY, 11101","No_Match",NA,NA,NA,NA
115632,"2121 7TH AVE","TOMS RIVER","NJ",8757,40.0024534680001,-74.240990686,132,"2121 7TH AVE, TOMS RIVER, NJ, 8757","Match","Exact","2121 SEVENTH AVE, TOMS RIVER, NJ, 08757",203725686,"L"
115633,"2121 ALLEN PARKWAY APT 1040","HOUSTON","TX",77019,29.7615463590001,-95.391099474,133,"2121 ALLEN PARKWAY APT 1040, HOUSTON, TX, 77019","Match","Exact","2121 ALLEN PKWY, HOUSTON, TX, 77019",649886133,"L"
115634,"2121 BATTLEFIELD PARKWAY","MURFREESBORO","TN",37129,35.887388478,-86.429642611,134,"2121 BATTLEFIELD PARKWAY, MURFREESBORO, TN, 37129","Match","Exact","2121 BATTLEFIELD PKWY, MURFREESBORO, TN, 37129",648196964,"L"
115635,"2121 BEARCREEK PARKWAY APT 1301","EULESS","TX",76039,32.8668391320001,-97.0703501949999,135,"2121 BEARCREEK PARKWAY APT 1301, EULESS, TX, 76039","Match","Non_Exact","2121 BEAR CREEK PKWY, EULESS, TX, 76039",102143850,"R"
115636,"2121 BEEKMAN PLACE APT 4E","BROOKLYN","NY",11225,40.6599815600001,-73.9616080179999,136,"2121 BEEKMAN PLACE APT 4E, BROOKLYN, NY, 11225","Match","Exact","2121 BEEKMAN PL, BROOKLYN, NY, 11225",59078541,"L"
115637,"2121 BEEKMAN PLACE SUITE 4E","BROOKLYN","NY",11225,40.6599815600001,-73.9616080179999,137,"2121 BEEKMAN PLACE SUITE 4E, BROOKLYN, NY, 11225","Match","Exact","2121 BEEKMAN PL, BROOKLYN, NY, 11225",59078541,"L"
115638,"2121 BETHEL ROAD","WEATHERFORD","TX",76087,32.726125445,-97.808083911,138,"2121 BETHEL ROAD, WEATHERFORD, TX, 76087","Match","Exact","2121 BETHEL RD, WEATHERFORD, TX, 76087",103599625,"R"
115639,"2121 BEVERLY HILLS ST","NORMAN","OK",73072,35.2007081360001,-97.47300646,139,"2121 BEVERLY HILLS ST, NORMAN, OK, 73072","Match","Exact","2121 BEVERLY HILLS ST, NORMAN, OK, 73072",99910583,"R"
115640,"2121 BONSALLO AVE","LOS ANGELES","CA",90007,34.0332839390001,-118.276971172,140,"2121 BONSALLO AVE, LOS ANGELES, CA, 90007","Match","Exact","2121 BONSALLO AVE, LOS ANGELES, CA, 90007",141607505,"R"
115641,"2121 BROADWAY UNIT 189062","SACRAMENTO","CA",95818,38.5597897810001,-121.485527529,141,"2121 BROADWAY UNIT 189062, SACRAMENTO, CA, 95818","Match","Non_Exact","2121 BROADWAY ST, SACRAMENTO, CA, 95818",133420132,"L"
115642,"2121 BUCOLIC CT","NOLENSVILLE","TN",37135,35.959760535,-86.6875471659999,142,"2121 BUCOLIC CT, NOLENSVILLE, TN, 37135","Match","Exact","2121 BUCOLIC CT, NOLENSVILLE, TN, 37135",614927719,"R"
115643,"2121 BURWICK AVE","ORANGE PARK","FL",32073,30.1617595330001,-81.749299911,143,"2121 BURWICK AVE, ORANGE PARK, FL, 32073","Match","Exact","2121 BURWICK AVE, ORANGE PARK, FL, 32073",610486295,"L"
115644,"2121 CABRINI CT","LAS VEGAS","NV",89032,36.226624681,-115.172588852,144,"2121 CABRINI CT, LAS VEGAS, NV, 89032","Match","Non_Exact","2121 CABRINI CT, N LAS VEGAS, NV, 89032",201908806,"L"
115645,"2121 CELEBRATION DRIVE NORTHEAST","GRAND RAPIDS","MI",49525,42.99934634,-85.592722868,145,"2121 CELEBRATION DRIVE NORTHEAST, GRAND RAPIDS, MI, 49525","Match","Exact","2121 CELEBRATION DR NE, GRAND RAPIDS, MI, 49525",619150455,"L"
115646,"2121 CLANCY COURT","SIMI VALLEY","CA",93065,34.2748163890001,-118.806060778,146,"2121 CLANCY COURT, SIMI VALLEY, CA, 93065","Match","Exact","2121 CLANCY CT, SIMI VALLEY, CA, 93065",110090058,"L"
115647,"2121 CLAY STREET-SUITE C","VICKSBURG","MS",39183,32.348040568,-90.866348476,147,"2121 CLAY STREET-SUITE C, VICKSBURG, MS, 39183","Match","Non_Exact","2121 CLAY ST, VICKSBURG, MS, 39183",71306299,"R"
115648,"2121 CLEARVIEW AVENUE","ABINGTON","PA",19001,40.125528097,-75.121602546,148,"2121 CLEARVIEW AVENUE, ABINGTON, PA, 19001","Match","Exact","2121 CLEARVIEW AVE, ABINGTON, PA, 19001",135093044,"R"
115649,"2121 CYPRESS CREEK ROAD","CEDAR PARK","TX",78613,30.474613334,-97.843124511,149,"2121 CYPRESS CREEK ROAD, CEDAR PARK, TX, 78613","Match","Exact","2121 CYPRESS CREEK RD, CEDAR PARK, TX, 78613",126449748,"R"
115650,"2121 DEVONSHIRE DRIVE","CORONA","CA",92829,33.8533736690001,-117.550943629,150,"2121 DEVONSHIRE DRIVE, CORONA, CA, 92829","Match","Non_Exact","2121 DEVONSHIRE DR, CORONA, CA, 92879",194834410,"R"
115651,"2121 DISCOVERY WAY","TOMS RIVER","NJ",8755,40.028428719,-74.2167918809999,151,"2121 DISCOVERY WAY, TOMS RIVER, NJ, 8755","Match","Exact","2121 DISCOVERY WAY, TOMS RIVER, NJ, 08755",625190593,"R"
115652,"2121 E BANGOR WAY","ANAHEIM","CA",92806,33.8440541090001,-117.887077054,152,"2121 E BANGOR WAY, ANAHEIM, CA, 92806","Match","Exact","2121 E BANGOR WAY, ANAHEIM, CA, 92806",144026577,"L"
115653,"2121 E CHILDS AVE","MERCED","CA",95341,37.2878325830001,-120.448605622,153,"2121 E CHILDS AVE, MERCED, CA, 95341","Match","Exact","2121 E CHILDS AVE, MERCED, CA, 95341",125338039,"R"
115654,"2121 E CHILDS","MERCED","CA",95340,NA,NA,154,"2121 E CHILDS, MERCED, CA, 95340","No_Match",NA,NA,NA,NA
115655,"2121 E EMMERS DR","APPLETON","WI",54915,44.248372815,-88.374351453,155,"2121 E EMMERS DR, APPLETON, WI, 54915","Match","Exact","2121 E EMMERS DR, APPLETON, WI, 54915",636676808,"R"
115656,"2121 E FAIR AVE","SAINT LOUIS","MO",63107,38.6763810630001,-90.219508463,156,"2121 E FAIR AVE, SAINT LOUIS, MO, 63107","Match","Exact","2121 E FAIR AVE, SAINT LOUIS, MO, 63107",605100646,"R"
115657,"2121 E FLAMINGO RD SUITE 114","LAS VEGAS","NV",89119,36.114582381,-115.123426452,157,"2121 E FLAMINGO RD SUITE 114, LAS VEGAS, NV, 89119","Match","Non_Exact","2121 E FLAMINGO RD, LAS VEGAS, NV, 89119",639403180,"R"
115658,"2121 E FLAMINGO ROAD SUITE 108 B","LAS VEGAS","NV",89119,36.114582381,-115.123426452,158,"2121 E FLAMINGO ROAD SUITE 108 B, LAS VEGAS, NV, 89119","Match","Non_Exact","2121 E FLAMINGO RD, LAS VEGAS, NV, 89119",639403180,"R"
115659,"2121 E HARMONY ROAD","FORT COLLINS","CO",80527,40.523206433,-105.03869013,159,"2121 E HARMONY ROAD, FORT COLLINS, CO, 80527","Match","Non_Exact","2121 E HARMONY RD, FORT COLLINS, CO, 80528",640625969,"L"
115660,"2121 E WABASH AVE","SPOKANE","WA",99207,47.702383223,-117.378015375,160,"2121 E WABASH AVE, SPOKANE, WA, 99207","Match","Exact","2121 E WABASH AVE, SPOKANE, WA, 99207",605644986,"L"
115661,"2121 E YANDELL DR","EL PASO","TX",79903,31.776303549,-106.470616223,161,"2121 E YANDELL DR, EL PASO, TX, 79903","Match","Exact","2121 E YANDELL DR, EL PASO, TX, 79903",189342730,"L"
115662,"2121 EAST 7TH STREET","NATIONAL CITY","CA",91950,32.682815485,-117.085491859,162,"2121 EAST 7TH STREET, NATIONAL CITY, CA, 91950","Match","Exact","2121 E 7TH ST, NATIONAL CITY, CA, 91950",635771715,"L"
115663,"2121 EBENEZER RD SUITE 104","ROCK HILL","SC",29732,34.9668845680001,-81.052424335,163,"2121 EBENEZER RD SUITE 104, ROCK HILL, SC, 29732","Match","Exact","2121 EBENEZER RD, ROCK HILL, SC, 29732",647247475,"L"
115664,"2121 EGOLF RD","BEDFORD","PA",15522,NA,NA,164,"2121 EGOLF RD, BEDFORD, PA, 15522","No_Match",NA,NA,NA,NA
115665,"2121 EISENHOWER AVE SUITE 200","ALEXANDRIA","VA",22314,38.8007887300001,-77.066126915,165,"2121 EISENHOWER AVE SUITE 200, ALEXANDRIA, VA, 22314","Match","Exact","2121 EISENHOWER AVE, ALEXANDRIA, VA, 22314",76063047,"L"
115666,"2121 EISENHOWER AVENUE 202","ALEXANDRIA","VA",22314,38.8007887300001,-77.066126915,166,"2121 EISENHOWER AVENUE 202, ALEXANDRIA, VA, 22314","Match","Exact","2121 EISENHOWER AVE, ALEXANDRIA, VA, 22314",76063047,"L"
115667,"2121 EUCLID AVENUE","CLEVELAND","OH",44115,41.501646362,-81.6754994299999,167,"2121 EUCLID AVENUE, CLEVELAND, OH, 44115","Match","Exact","2121 EUCLID AVE, CLEVELAND, OH, 44115",61110953,"L"
115668,"2121 EVERGLADES PLACE","DAVIS","CA",95616,38.556586816,-121.776661507,168,"2121 EVERGLADES PLACE, DAVIS, CA, 95616","Match","Exact","2121 EVERGLADES PL, DAVIS, CA, 95616",67701647,"R"
115669,"2121 FERGUSON RD","JACKSON","MI",49203,42.19906489,-84.4397437439999,169,"2121 FERGUSON RD, JACKSON, MI, 49203","Match","Exact","2121 FERGUSON RD, JACKSON, MI, 49203",17634133,"R"
115670,"2121 GREENWOOD AVE","SAN CARLOS","CA",94070,37.493347036,-122.260500306,170,"2121 GREENWOOD AVE, SAN CARLOS, CA, 94070","Match","Exact","2121 GREENWOOD AVE, SAN CARLOS, CA, 94070",192385363,"L"
115671,"2121 GRINSTEAD DRIVE","LOUISVILLE","KY",40204,38.23961696,-85.718719831,171,"2121 GRINSTEAD DRIVE, LOUISVILLE, KY, 40204","Match","Exact","2121 GRINSTEAD DR, LOUISVILLE, KY, 40204",618512257,"L"
115672,"2121 GWYNN OAK AVENUE","GWYNN OAK","MD",21207,39.32243772,-76.7253090089999,172,"2121 GWYNN OAK AVENUE, GWYNN OAK, MD, 21207","Match","Exact","2121 GWYNN OAK AVE, GWYNN OAK, MD, 21207",615031345,"R"
115673,"2121 HANDLEY DR APT 63","FORT WORTH","TX",76112,32.748273129,-97.2162741,173,"2121 HANDLEY DR APT 63, FORT WORTH, TX, 76112","Match","Exact","2121 HANDLEY DR, FORT WORTH, TX, 76112",101961363,"L"
115674,"2121 HARPER ROAD","CLEMMONS","NC",27012,36.059560017,-80.404016412,174,"2121 HARPER ROAD, CLEMMONS, NC, 27012","Match","Exact","2121 HARPER RD, CLEMMONS, NC, 27012",84661417,"L"
115675,"2121 HARRISON AVE APT Q5","PANAMA CITY","FL",32405,30.186180608,-85.658438003,175,"2121 HARRISON AVE APT Q5, PANAMA CITY, FL, 32405","Match","Exact","2121 HARRISON AVE, PANAMA CITY, FL, 32405",7043808,"R"
115676,"2121 HAYWARD AVE","PENNSBURG","PA",18073,40.4023116390001,-75.487149158,176,"2121 HAYWARD AVE, PENNSBURG, PA, 18073","Match","Exact","2121 HAYWARD AVE, PENNSBURG, PA, 18073",645851348,"R"
115677,"2121 HIDDEN COVE ROAD","COOKEVILLE","TN",38506,36.090118799,-85.47684716,177,"2121 HIDDEN COVE ROAD, COOKEVILLE, TN, 38506","Match","Exact","2121 HIDDEN COVE RD, COOKEVILLE, TN, 38506",25147579,"R"
115678,"2121 HOLLOWAY AVE E","SAINT PAUL","MN",55109,44.9992094040001,-93.010488085,178,"2121 HOLLOWAY AVE E, SAINT PAUL, MN, 55109","Match","Exact","2121 HOLLOWAY AVE E, SAINT PAUL, MN, 55109",97653176,"L"
115679,"2121 HUDSON AVE","KALAMAZOO","MI",49008,42.2703366910001,-85.597088602,179,"2121 HUDSON AVE, KALAMAZOO, MI, 49008","Match","Exact","2121 HUDSON AVE, KALAMAZOO, MI, 49008",12241340,"L"
115680,"2121 INNOVATION BLVD STE A","HUTTO","TX",78634,30.5488595680001,-97.5725565129999,180,"2121 INNOVATION BLVD STE A, HUTTO, TX, 78634","Match","Exact","2121 INNOVATION BLVD, HUTTO, TX, 78634",651063566,"R"
115681,"2121 INNOVATION BOULEVARD SUITE A","HUTTO","TX",78634,30.5488595680001,-97.5725565129999,181,"2121 INNOVATION BOULEVARD SUITE A, HUTTO, TX, 78634","Match","Exact","2121 INNOVATION BLVD, HUTTO, TX, 78634",651063566,"R"
115682,"2121 IONE ST","GREENVILLE","NC",27834,35.597960556,-77.3915083699999,182,"2121 IONE ST, GREENVILLE, NC, 27834","Match","Exact","2121 IONE ST, GREENVILLE, NC, 27834",80009435,"R"
115683,"2121 IRONSIDE DRIVE","PLANO","TX",75075,33.030902504,-96.734852589,183,"2121 IRONSIDE DRIVE, PLANO, TX, 75075","Match","Exact","2121 IRONSIDE DR, PLANO, TX, 75075",210476382,"L"
115684,"2121 JAMIESON AVE UNIT 501E","ALEXANDRIA","VA",22314,38.803498093,-77.065309084,184,"2121 JAMIESON AVE UNIT 501E, ALEXANDRIA, VA, 22314","Match","Exact","2121 JAMIESON AVE, ALEXANDRIA, VA, 22314",76064647,"L"
115685,"2121 JORDAN LANE","HUNTSVILLE","AL",35816,34.750467515,-86.635191479,185,"2121 JORDAN LANE, HUNTSVILLE, AL, 35816","Match","Non_Exact","2121 JORDAN LN NW, HUNTSVILLE, AL, 35816",58183269,"L"
115686,"2121 KILDARE DRIVE","PEARLAND","TX",77581,29.572033182,-95.230762313,186,"2121 KILDARE DRIVE, PEARLAND, TX, 77581","Match","Exact","2121 KILDARE DR, PEARLAND, TX, 77581",96546329,"R"
115687,"2121 KIRKMAN STREET","LAKE CHARLES","LA",70601,30.2115670100001,-93.209799575,187,"2121 KIRKMAN STREET, LAKE CHARLES, LA, 70601","Match","Exact","2121 KIRKMAN ST, LAKE CHARLES, LA, 70601",88435559,"L"
115688,"2121 LARAMIE DR","MESQUITE","TX",75149,32.763435547,-96.629359177,188,"2121 LARAMIE DR, MESQUITE, TX, 75149","Match","Exact","2121 LARAMIE DR, MESQUITE, TX, 75149",102972273,"R"
115689,"2121 LOHMANS CROSSING RD 504-579","LAKEWAY","TX",78734,30.3423470480001,-97.971217442,189,"2121 LOHMANS CROSSING RD 504-579, LAKEWAY, TX, 78734","Match","Exact","2121 LOHMANS CROSSING RD, LAKEWAY, TX, 78734",641005748,"L"
115690,"2121 LYLE ROAD","WEATHERFORD","OK",73096,35.5443426580001,-98.6764879409999,190,"2121 LYLE ROAD, WEATHERFORD, OK, 73096","Match","Exact","2121 LYLE RD, WEATHERFORD, OK, 73096",150574232,"L"
115691,"2121 LYNDON AVE","RED BANK","TN",37415,35.0909530060001,-85.309633021,191,"2121 LYNDON AVE, RED BANK, TN, 37415","Match","Non_Exact","2121 LYNDON AVE W, RED BANK, TN, 37415",59303144,"L"
115692,"2121 MAKIKI HEIGHTS DRIVE","HONOLULU","HI",96822,21.309528701,-157.83089073,192,"2121 MAKIKI HEIGHTS DRIVE, HONOLULU, HI, 96822","Match","Exact","2121 MAKIKI HEIGHTS DR, HONOLULU, HI, 96822",203333705,"R"
115693,"2121 MARKET STREET UNIT 513","PHILADELPHIA","PA",19103,39.9538593350001,-75.175476762,193,"2121 MARKET STREET UNIT 513, PHILADELPHIA, PA, 19103","Match","Exact","2121 MARKET ST, PHILADELPHIA, PA, 19103",131406727,"R"
115694,"2121 MCCOY ROAD APT 228","BELLE ISLE","FL",32809,28.451096181,-81.354188691,194,"2121 MCCOY ROAD APT 228, BELLE ISLE, FL, 32809","Match","Exact","2121 MCCOY RD, BELLE ISLE, FL, 32809",617826926,"L"
115695,"2121 MCCOY ROAD","ORLANDO","FL",32809,28.451096181,-81.354188691,195,"2121 MCCOY ROAD, ORLANDO, FL, 32809","Match","Exact","2121 MCCOY RD, ORLANDO, FL, 32809",617826926,"L"
115696,"2121 MERIDIAN PARK BLVD UNIT 6183","CONCORD","CA",94524,37.977558747,-122.057714226,196,"2121 MERIDIAN PARK BLVD UNIT 6183, CONCORD, CA, 94524","Match","Non_Exact","2121 MERIDIAN PARK BLVD, CONCORD, CA, 94520",192053520,"L"
115697,"2121 N 27 STREET","LINCOLN","NE",68503,40.8337366260001,-96.682252698,197,"2121 N 27 STREET, LINCOLN, NE, 68503","Match","Exact","2121 N 27TH ST, LINCOLN, NE, 68503",636292690,"L"
115698,"2121 N BAYSHORE DR APT 1212","MIAMI","FL",33137,25.7972992850001,-80.1870385029999,198,"2121 N BAYSHORE DR APT 1212, MIAMI, FL, 33137","Match","Non_Exact","2121 N BAYSHORE DR, MIAMI, FL, 33137",116320133,"R"
115699,"2121 N PARKRIDGE CT","WICHITA","KS",67212,37.721016607,-97.477852663,199,"2121 N PARKRIDGE CT, WICHITA, KS, 67212","Match","Exact","2121 N PARKRIDGE CT, WICHITA, KS, 67212",115667752,"R"
115700,"2121 N PEARL ST STE 900","DALLAS","TX",75201,NA,NA,200,"2121 N PEARL ST STE 900, DALLAS, TX, 75201","No_Match",NA,NA,NA,NA
115701,"2121 N TOWNE LN NE STE A","CEDAR RAPIDS","IA",52402,42.032959766,-91.6710290519999,201,"2121 N TOWNE LN NE STE A, CEDAR RAPIDS, IA, 52402","Match","Non_Exact","2121 N TOWNE LN NE, CEDAR RAPIDS, IA, 52402",17019963,"L"
115702,"2121 N WESTMORELAND ST","ARLINGTON","VA",22213,38.886100648,-77.162131111,202,"2121 N WESTMORELAND ST, ARLINGTON, VA, 22213","Match","Exact","2121 N WESTMORELAND ST, ARLINGTON, VA, 22213",76466494,"R"
115703,"2121 NATOMAS CRISSING DR STE200-262","SACRAMENTO","CA",95834,38.640016055,-121.509100487,203,"2121 NATOMAS CRISSING DR STE200-262, SACRAMENTO, CA, 95834","Match","Non_Exact","2121 NATOMAS CROSSING DR, SACRAMENTO, CA, 95834",133409270,"R"
115704,"2121 NATOMAS CROSSING DR  200-300","SACRAMENTO","CA",95834,38.640016055,-121.509100487,204,"2121 NATOMAS CROSSING DR  200-300, SACRAMENTO, CA, 95834","Match","Exact","2121 NATOMAS CROSSING DR, SACRAMENTO, CA, 95834",133409270,"R"
115705,"2121 NATOMAS CROSSING DR STE 200-3","SACRAMENTO","CA",95834,38.640016055,-121.509100487,205,"2121 NATOMAS CROSSING DR STE 200-3, SACRAMENTO, CA, 95834","Match","Exact","2121 NATOMAS CROSSING DR, SACRAMENTO, CA, 95834",133409270,"R"
115706,"2121 NE 7TH","MOORE","OK",73160,35.3446393670001,-97.458364859,206,"2121 NE 7TH, MOORE, OK, 73160","Match","Non_Exact","2121 NE 7TH ST, MOORE, OK, 73160",99956774,"R"
115707,"2121 NE 81ST AVE","VANCOUVER","WA",98664,45.6381806700001,-122.590983287,207,"2121 NE 81ST AVE, VANCOUVER, WA, 98664","Match","Exact","2121 NE 81ST AVE, VANCOUVER, WA, 98664",158371304,"L"
115708,"2121 NEWCASTLE AVE SUITE D","CARDIFF BY THE SEA","CA",92007,33.021282539,-117.281195532,208,"2121 NEWCASTLE AVE SUITE D, CARDIFF BY THE SEA, CA, 92007","Match","Exact","2121 NEWCASTLE AVE, CARDIFF BY THE SEA, CA, 92007",612854208,"L"
115709,"2121 NICOLLET AVE  S SUITE 204","MINNEAPOLIS","MN",55404,44.961637765,-93.277810346,209,"2121 NICOLLET AVE  S SUITE 204, MINNEAPOLIS, MN, 55404","Match","Non_Exact","2121 NICOLLET AVE, MINNEAPOLIS, MN, 55404",43632264,"L"
115710,"2121 NORTH FIFE STREET","TACOMA","WA",98406,47.2676900960001,-122.470392576,210,"2121 NORTH FIFE STREET, TACOMA, WA, 98406","Match","Exact","2121 N FIFE ST, TACOMA, WA, 98406",184645972,"R"
115711,"2121 NORTH FREDRIC STREET","BURBANK","CA",91504,34.1942067210001,-118.339043179,211,"2121 NORTH FREDRIC STREET, BURBANK, CA, 91504","Match","Non_Exact","2121 N FREDERIC ST, BURBANK, CA, 91504",142725582,"L"
115712,"2121 NORTH JOSEY LANE SUITE 102","CARROLLTON","TX",75006,32.972092414,-96.889999223,212,"2121 NORTH JOSEY LANE SUITE 102, CARROLLTON, TX, 75006","Match","Exact","2121 N JOSEY LN, CARROLLTON, TX, 75006",103210998,"L"
115713,"2121 NW 2ND STREET","GAINESVILLE","FL",32609,29.6722215940001,-82.326644427,213,"2121 NW 2ND STREET, GAINESVILLE, FL, 32609","Match","Exact","2121 NW 2ND ST, GAINESVILLE, FL, 32609",6808233,"R"
115714,"2121 OAK KNOLL DRIVE","BATON ROUGE","LA",70815,30.468126467,-91.05441702,214,"2121 OAK KNOLL DRIVE, BATON ROUGE, LA, 70815","Match","Exact","2121 OAK KNOLL DR, BATON ROUGE, LA, 70815",92190750,"L"
115715,"2121 ODOM RD","CLINTON","NC",28328,35.0917348620001,-78.429463954,215,"2121 ODOM RD, CLINTON, NC, 28328","Match","Exact","2121 ODOM RD, CLINTON, NC, 28328",636191661,"R"
115716,"2121 PALOMAR AIRPORT ROAD SUITE 300","CARLSBAD","CA",92011,33.1258145350001,-117.2747675,216,"2121 PALOMAR AIRPORT ROAD SUITE 300, CARLSBAD, CA, 92011","Match","Exact","2121 PALOMAR AIRPORT RD, CARLSBAD, CA, 92011",195750935,"R"
115717,"2121 PARTRIDGE PLACE","SUFFOLK","VA",23433,36.8981653720001,-76.493259573,217,"2121 PARTRIDGE PLACE, SUFFOLK, VA, 23433","Match","Exact","2121 PARTRIDGE PL, SUFFOLK, VA, 23433",641113915,"R"
115718,"2121 PONCE DE LEON BLVD SUITE 1100","CORAL GABLES","FL",33134,25.7533253990001,-80.258755057,218,"2121 PONCE DE LEON BLVD SUITE 1100, CORAL GABLES, FL, 33134","Match","Exact","2121 PONCE DE LEON BLVD, CORAL GABLES, FL, 33134",116013010,"L"
115719,"2121 RED OAK DR","GREEN BAY","WI",54304,44.5159282600001,-88.085766445,219,"2121 RED OAK DR, GREEN BAY, WI, 54304","Match","Exact","2121 RED OAK DR, GREEN BAY, WI, 54304",148096960,"L"
115720,"2121 S 12TH AVE","MAYWOOD","IL",60153,41.865681276,-87.8469439849999,220,"2121 S 12TH AVE, MAYWOOD, IL, 60153","Match","Exact","2121 S 12TH AVE, MAYWOOD, IL, 60153",605267639,"L"
115721,"2121 S GREEN RD  STE 213","S EUCLID","OH",44121,41.5506436200001,-81.542558614,221,"2121 S GREEN RD  STE 213, S EUCLID, OH, 44121","Match","Exact","2121 GREEN RD, SOUTH EUCLID, OH, 44121",61123956,"L"
115722,"2121 S SILVERTHORNE AVENUE APT 302","SIOUX FALLS","SD",57110,43.5265938200001,-96.64815988,222,"2121 S SILVERTHORNE AVENUE APT 302, SIOUX FALLS, SD, 57110","Match","Non_Exact","2121 S SILVERTHORNE AVE, SIOUX FALLS, SD, 57110",618471612,"R"
115723,"2121 S STERLING AVE","INDEPENDENCE","MO",64052,39.082121726,-94.446116317,223,"2121 S STERLING AVE, INDEPENDENCE, MO, 64052","Match","Exact","2121 S STERLING AVE, INDEPENDENCE, MO, 64052",91461865,"L"
115724,"2121 S VICTORIA AVE","LOS ANGELES","CA",90016,34.037521014,-118.33372864,224,"2121 S VICTORIA AVE, LOS ANGELES, CA, 90016","Match","Exact","2121 S VICTORIA AVE, LOS ANGELES, CA, 90016",141602000,"R"
115725,"2121 S WOLF RD APT 421","HILLSIDE","IL",60162,41.849671485,-87.901439693,225,"2121 S WOLF RD APT 421, HILLSIDE, IL, 60162","Match","Non_Exact","2121 S WOLF RD, HILLSIDE, IL, 60162",111876341,"L"
115726,"2121 S YORKTOWN AVE APT 802","TULSA","OK",74114,36.1328040340001,-95.9620731319999,226,"2121 S YORKTOWN AVE APT 802, TULSA, OK, 74114","Match","Non_Exact","2121 S YORKTOWN AVE, TULSA, OK, 74114",635316517,"L"
115727,"2121 SAN FRANCISCO ST","SAN ANTONIO","TX",78201,29.4682547640001,-98.528311837,227,"2121 SAN FRANCISCO ST, SAN ANTONIO, TX, 78201","Match","Non_Exact","2121 SAN FRANCISCO, SAN ANTONIO, TX, 78201",101513377,"R"
115728,"2121 SE 54TH AVE","PORTLAND","OR",97215,45.507820183,-122.607094525,228,"2121 SE 54TH AVE, PORTLAND, OR, 97215","Match","Exact","2121 SE 54TH AVE, PORTLAND, OR, 97215",157514749,"R"
115729,"2121 SE GLEN RIDGE DR","PORT ST LUCIE","FL",34952,27.2828485790001,-80.286954809,229,"2121 SE GLEN RIDGE DR, PORT ST LUCIE, FL, 34952","Match","Exact","2121 SE GLEN RIDGE DR, PORT ST LUCIE, FL, 34952",633919992,"R"
115730,"2121 SECOND STREET SUITE 101A","DAVIS","CA",95618,38.5468564920001,-121.724670642,230,"2121 SECOND STREET SUITE 101A, DAVIS, CA, 95618","Match","Exact","2121 2ND ST, DAVIS, CA, 95618",606339701,"L"
115731,"2121 SEMINARY AVE","WOODSTOCK","IL",60098,42.3400869910001,-88.44321652,231,"2121 SEMINARY AVE, WOODSTOCK, IL, 60098","Match","Non_Exact","2121 N SEMINARY AVE, WOODSTOCK, IL, 60098",119816138,"L"
115732,"2121 SHAMROCK LANE","LYNN HAVEN","FL",32444,30.2368025000001,-85.618851195,232,"2121 SHAMROCK LANE, LYNN HAVEN, FL, 32444","Match","Exact","2121 SHAMROCK LN, LYNN HAVEN, FL, 32444",7025714,"R"
115733,"2121 SO BLACKHAWK ST STE 120","AURORA","CO",80014,39.677746948,-104.823981345,233,"2121 SO BLACKHAWK ST STE 120, AURORA, CO, 80014","Match","Non_Exact","2121 S BLACKHAWK ST, AURORA, CO, 80014",177355270,"R"
115734,"2121 SPANISH TRAIL","IRVING","TX",75060,32.7867219620001,-96.971942518,234,"2121 SPANISH TRAIL, IRVING, TX, 75060","Match","Exact","2121 SPANISH TRL, IRVING, TX, 75060",103004973,"R"
115735,"2121 SW 4 ST APT 1","MIAMI","FL",33135,NA,NA,235,"2121 SW 4 ST APT 1, MIAMI, FL, 33135","Tie",NA,NA,NA,NA
115736,"2121 SWEET WATER CT","GREEN BAY","WI",54313,44.505284159,-88.0931442959999,236,"2121 SWEET WATER CT, GREEN BAY, WI, 54313","Match","Exact","2121 SWEET WATER CT, GREEN BAY, WI, 54313",148115257,"R"
115737,"2121 THACKERAY LANE","VIRGINIA BEACH","VA",23454,36.766248062,-76.0034705799999,237,"2121 THACKERAY LANE, VIRGINIA BEACH, VA, 23454","Match","Exact","2121 THACKERAY LN, VIRGINIA BCH, VA, 23454",122277604,"R"
115738,"2121 VALE ROAD 54","SAN PABLO","CA",94806,37.9543765270001,-122.337096618,238,"2121 VALE ROAD 54, SAN PABLO, CA, 94806","Match","Exact","2121 VALE RD, SAN PABLO, CA, 94806",607789155,"L"
115739,"2121 VINTAGE OAKS DR","LOGANVILLE","GA",30052,33.817809067,-83.9489847849999,239,"2121 VINTAGE OAKS DR, LOGANVILLE, GA, 30052","Match","Exact","2121 VINTAGE OAKS DR, LOGANVILLE, GA, 30052",88964439,"L"
115740,"2121 W 33RD STREET","SIOUX FALLS","SD",57105,43.522109119,-96.751455541,240,"2121 W 33RD STREET, SIOUX FALLS, SD, 57105","Match","Exact","2121 W 33RD ST, SIOUX FALLS, SD, 57105",34971738,"L"
115741,"2121 W BELMONT AVENUE","CHICAGO","IL",60618,41.9395303490001,-87.681394455,241,"2121 W BELMONT AVENUE, CHICAGO, IL, 60618","Match","Exact","2121 W BELMONT AVE, CHICAGO, IL, 60618",111761036,"L"
115742,"2121 W EMORY RD","POWELL","TN",37849,36.029624761,-84.030564623,242,"2121 W EMORY RD, POWELL, TN, 37849","Match","Exact","2121 W EMORY RD, POWELL, TN, 37849",615470518,"L"
115743,"2121 W IMPERIAL HWY STE E472","LA HABRA","CA",90631,NA,NA,243,"2121 W IMPERIAL HWY STE E472, LA HABRA, CA, 90631","No_Match",NA,NA,NA,NA
115744,"2121 W SPRING CREEK PARKWAY STE 218","PLANO","TX",75023,33.0585911810001,-96.736812645,244,"2121 W SPRING CREEK PARKWAY STE 218, PLANO, TX, 75023","Match","Non_Exact","2121 W SPRING CREEK PKWY, PLANO, TX, 75023",210508379,"L"
115745,"2121 W SPRING CREEK PKY 201","PLANO","TX",75023,33.0585911810001,-96.736812645,245,"2121 W SPRING CREEK PKY 201, PLANO, TX, 75023","Match","Non_Exact","2121 W SPRING CREEK PKWY, PLANO, TX, 75023",210508379,"L"
115746,"2121 WARD COURT NW 5TH FL","WASHINGTON","DC",20037,38.9063129190001,-77.0477810419999,246,"2121 WARD COURT NW 5TH FL, WASHINGTON, DC, 20037","Match","Non_Exact","2121 WARD PL NW, WASHINGTON, DC, 20037",652614221,"R"
115747,"2121 WATERFORD DRIVE","LANCASTER","PA",17601,40.083987015,-76.252126007,247,"2121 WATERFORD DRIVE, LANCASTER, PA, 17601","Match","Exact","2121 WATERFORD DR, LANCASTER, PA, 17601",179686860,"L"
115748,"2121 WATSON AVE","SAINT PAUL","MN",55116,44.924332533,-93.190378405,248,"2121 WATSON AVE, SAINT PAUL, MN, 55116","Match","Non_Exact","2121 W WATSON AVE, SAINT PAUL, MN, 55116",97639539,"R"
115749,"2121 WEST 14TH ST","THE DALLES","OR",97058,45.6074487970001,-121.214501459,249,"2121 WEST 14TH ST, THE DALLES, OR, 97058","Match","Exact","2121 W 14TH ST, THE DALLES, OR, 97058",640633360,"R"
115750,"2121 WEST 80TH 1/2 STREET","BLOOMINGTON","MN",55431,NA,NA,250,"2121 WEST 80TH 1/2 STREET, BLOOMINGTON, MN, 55431","No_Match",NA,NA,NA,NA
115751,"2121 WEST CASTLE DANGER ROAD","TWO HARBORS","MN",55616,47.126784763,-91.5744897879999,251,"2121 WEST CASTLE DANGER ROAD, TWO HARBORS, MN, 55616","Match","Exact","2121 W CASTLE DANGER RD, TWO HARBORS, MN, 55616",194225373,"L"
115752,"2121 WINDSOR GARDEN LANE APT C533","BALTIMORE","MD",21207,39.309772138,-76.700515834,252,"2121 WINDSOR GARDEN LANE APT C533, BALTIMORE, MD, 21207","Match","Non_Exact","2121 WINDSOR GARDENS LN, BALTIMORE, MD, 21207",206412580,"R"
115753,"2121 WINTHROP  ROAD","LINCOLN","NE",68502,40.791448012,-96.675549922,253,"2121 WINTHROP  ROAD, LINCOLN, NE, 68502","Match","Exact","2121 WINTHROP RD, LINCOLN, NE, 68502",28255918,"R"
115754,"2121","VAIL","CO",81658,NA,NA,254,"2121, VAIL, CO, 81658","No_Match",NA,NA,NA,NA
115755,"21210 E ARROW HWY TRLR 121","COVINA","CA",91724,34.106597999,-117.842942591,255,"21210 E ARROW HWY TRLR 121, COVINA, CA, 91724","Match","Non_Exact","21210 E ARROW HWY, COVINA, CA, 91724",640110398,"R"
115756,"21210 WALTON RIDGE RD","BRISTOL","VA",24202,36.641737306,-82.129673703,256,"21210 WALTON RIDGE RD, BRISTOL, VA, 24202","Match","Exact","21210 WALTON RIDGE RD, BRISTOL, VA, 24202",230643601,"L"
115757,"21211 BRITTANY DRIVE","FRANKFORT","IL",60423,41.504417819,-87.797879038,257,"21211 BRITTANY DRIVE, FRANKFORT, IL, 60423","Match","Exact","21211 BRITTANY DR, FRANKFORT, IL, 60423",111620642,"L"
115758,"21211 LIBBY RD","MAPLE HEIGHTS","OH",44137,41.41696281,-81.530963758,258,"21211 LIBBY RD, MAPLE HEIGHTS, OH, 44137","Match","Exact","21211 LIBBY RD, MAPLE HEIGHTS, OH, 44137",61130217,"L"
115759,"21212 FIGUEROA","CARSON","CA",90745,NA,NA,259,"21212 FIGUEROA, CARSON, CA, 90745","No_Match",NA,NA,NA,NA
115760,"21212 LIMESTONE AVE","BEND","OR",97703,44.1729198880001,-121.262621412,260,"21212 LIMESTONE AVE, BEND, OR, 97703","Match","Exact","21212 LIMESTONE AVE, BEND, OR, 97703",152550693,"R"
115761,"21213 B HAWTHORNE BOULEVARD - 5507","TORRANCE","CA",90503,33.8367377500001,-118.353561635,261,"21213 B HAWTHORNE BOULEVARD - 5507, TORRANCE, CA, 90503","Match","Exact","21213 HAWTHORNE BLVD, TORRANCE, CA, 90503",241196916,"L"
115762,"21213 HAWTHORNE BLVD STE B 1105","TORRANCE","CA",90503,33.8367383550001,-118.353561741,262,"21213 HAWTHORNE BLVD STE B 1105, TORRANCE, CA, 90503","Match","Exact","21213 HAWTHORNE BLVD, TORRANCE, CA, 90503",241196916,"L"
115763,"21213 SCHOFIELD DR","GRETNA","NE",68028,41.1501635290001,-96.246846423,263,"21213 SCHOFIELD DR, GRETNA, NE, 68028","Match","Exact","21213 SCHOFIELD DR, GRETNA, NE, 68028",624441139,"L"
115764,"21213 SE 42ND PL","ISSAQUAH","WA",98029,47.5699213680001,-122.056868245,264,"21213 SE 42ND PL, ISSAQUAH, WA, 98029","Match","Exact","21213 SE 42ND PL, ISSAQUAH, WA, 98029",187072044,"R"
115765,"21213 SENECA CROSSING DRIVE","GERMANTOWN","MD",20876,39.204086153,-77.240870854,265,"21213 SENECA CROSSING DRIVE, GERMANTOWN, MD, 20876","Match","Exact","21213 SENECA CROSSING DR, GERMANTOWN, MD, 20876",62110673,"R"
115766,"21213-B HAWTHORNE BLVD 1018","TORRANCE","CA",90503,33.8367383550001,-118.353561741,266,"21213-B HAWTHORNE BLVD 1018, TORRANCE, CA, 90503","Match","Exact","21213 HAWTHORNE BLVD, TORRANCE, CA, 90503",241196916,"L"
115767,"21213-B HAWTHORNE BLVD 5255","TORRANCE","CA",90503,33.8367383550001,-118.353561741,267,"21213-B HAWTHORNE BLVD 5255, TORRANCE, CA, 90503","Match","Exact","21213 HAWTHORNE BLVD, TORRANCE, CA, 90503",241196916,"L"
115768,"21216 MCFADDEN SQ UNIT 105","POTOMAC FALLS","VA",20165,39.0293949900001,-77.395487626,268,"21216 MCFADDEN SQ UNIT 105, POTOMAC FALLS, VA, 20165","Match","Exact","21216 MCFADDEN SQ, POTOMAC FALLS, VA, 20165",630015105,"L"
115769,"21216 OLEAN BOULEVARD STE 6","PORT CHARLOTTE","FL",33952,26.986938706,-82.100006976,269,"21216 OLEAN BOULEVARD STE 6, PORT CHARLOTTE, FL, 33952","Match","Exact","21216 OLEAN BLVD, PORT CHARLOTTE, FL, 33952",4305031,"L"
115770,"21216 SE 25TH ST","SAMMAMISH","WA",98075,47.586955523,-122.056298211,270,"21216 SE 25TH ST, SAMMAMISH, WA, 98075","Match","Exact","21216 SE 25TH ST, SAMMAMISH, WA, 98075",640963246,"L"
115771,"21217 HIGHLAND RD","VC HIGHLNADS","NV",89521,39.360396742,-119.658888771,271,"21217 HIGHLAND RD, VC HIGHLNADS, NV, 89521","Match","Non_Exact","21217 HIGHLAND RD, VC HIGHLANDS, NV, 89521",201124661,"R"
115772,"21218 KINGSLAND BLVD","KATY","TX",77450,29.775946048,-95.739605965,272,"21218 KINGSLAND BLVD, KATY, TX, 77450","Match","Exact","21218 KINGSLAND BLVD, KATY, TX, 77450",645210751,"R"
115773,"21218 SAINT ANDREWS BLVD - 720","BOCA RATON","FL",33433,26.3608953190001,-80.1374722039999,273,"21218 SAINT ANDREWS BLVD - 720, BOCA RATON, FL, 33433","Match","Exact","21218 ST ANDREWS BLVD, BOCA RATON, FL, 33433",635819050,"L"
115774,"21218 ST ANDREWS BLVD 250","BOCA RATON","FL",33433,NA,NA,274,"21218 ST ANDREWS BLVD 250, BOCA RATON, FL, 33433","No_Match",NA,NA,NA,NA
115775,"21218 ST ANDREWS BLVD 637","BOCA RATON","FL",33433,NA,NA,275,"21218 ST ANDREWS BLVD 637, BOCA RATON, FL, 33433","No_Match",NA,NA,NA,NA
115776,"21219 COVERDALE RD","BRIDGEVILLE","DE",19933,38.6894464370001,-75.551078551,276,"21219 COVERDALE RD, BRIDGEVILLE, DE, 19933","Match","Exact","21219 COVERDALE RD, BRIDGEVILLE, DE, 19933",106084818,"R"
115777,"21219 TURNER ROAD","EASTON","KS",66020,39.3463797040001,-95.07384107,277,"21219 TURNER ROAD, EASTON, KS, 66020","Match","Exact","21219 TURNER RD, EASTON, KS, 66020",91416729,"R"
115778,"2122 2ND ST NW","WASHINGTON","DC",20001,38.9192437200001,-77.0147600349999,278,"2122 2ND ST NW, WASHINGTON, DC, 20001","Match","Exact","2122 2ND ST NW, WASHINGTON, DC, 20001",76224569,"L"
115779,"2122 9TH STREET","GREEN BAY","WI",54304,44.518902967,-88.08458171,279,"2122 9TH STREET, GREEN BAY, WI, 54304","Match","Exact","2122 9TH ST, GREEN BAY, WI, 54304",148096765,"R"
115780,"2122 BITTERROOT DR","BILLINGS","MT",59105,45.837371525,-108.445472256,280,"2122 BITTERROOT DR, BILLINGS, MT, 59105","Match","Exact","2122 BITTERROOT DR, BILLINGS, MT, 59105",181504883,"R"
115781,"2122 CUMBERLAND ST","ROCKFORD","IL",61103,42.2949235560001,-89.0683454059999,281,"2122 CUMBERLAND ST, ROCKFORD, IL, 61103","Match","Exact","2122 CUMBERLAND ST, ROCKFORD, IL, 61103",49256145,"L"
115782,"2122 DAY STREET","GREENLEAF","WI",54126,44.3136262100001,-88.062403215,282,"2122 DAY STREET, GREENLEAF, WI, 54126","Match","Exact","2122 DAY ST, GREENLEAF, WI, 54126",148090163,"L"
115783,"2122 DECENTE COURT","CAMERON PARK","CA",95682,38.659755816,-121.011500634,283,"2122 DECENTE COURT, CAMERON PARK, CA, 95682","Match","Exact","2122 DECENTE CT, CAMERON PARK, CA, 95682",133063485,"L"
115784,"2122 E 500 NORTH RD","WELLINGTON","IL",60973,40.5599237970001,-87.7242101149999,284,"2122 E 500 NORTH RD, WELLINGTON, IL, 60973","Match","Exact","2122 E 500 NORTH RD, WELLINGTON, IL, 60973",90759194,"L"
115785,"2122 E SAM HOUSTON PKWY NO 1315","PASADENA","TX",77503,29.681096236,-95.155922167,285,"2122 E SAM HOUSTON PKWY NO 1315, PASADENA, TX, 77503","Match","Non_Exact","2122 SAM HOUSTON PKWY, PASADENA, TX, 77503",642475462,"R"
115786,"2122 FIFTH AVENUE SE","CEDAR RAPIDS","IA",52402,41.9825817920001,-91.637620521,286,"2122 FIFTH AVENUE SE, CEDAR RAPIDS, IA, 52402","Match","Non_Exact","2122 5TH AVE SE, CEDAR RAPIDS, IA, 52403",17027283,"L"
115787,"2122 GREAT PRAIRIE LN","KATY","TX",77494,29.754266694,-95.784030499,287,"2122 GREAT PRAIRIE LN, KATY, TX, 77494","Match","Exact","2122 GREAT PRAIRIE LN, KATY, TX, 77494",640535397,"L"
115788,"2122 GREEN MEADOWS LANE","BUDA","TX",78610,30.063052354,-97.820423271,288,"2122 GREEN MEADOWS LANE, BUDA, TX, 78610","Match","Exact","2122 GREEN MEADOWS LN, BUDA, TX, 78610",639350826,"R"
115789,"2122 GREEN MEADOWS LN","BUDA","TX",78610,30.063052354,-97.820423271,289,"2122 GREEN MEADOWS LN, BUDA, TX, 78610","Match","Exact","2122 GREEN MEADOWS LN, BUDA, TX, 78610",639350826,"R"
115790,"2122 HAYCOCK ROAD","FALLS CHURCH","VA",22043,38.903929889,-77.169193497,290,"2122 HAYCOCK ROAD, FALLS CHURCH, VA, 22043","Match","Exact","2122 HAYCOCK RD, FALLS CHURCH, VA, 22043",75979259,"R"
115791,"2122 HIDDEN GLEN DR SE2","MARIETTA","GA",30067,33.920135106,-84.499088638,291,"2122 HIDDEN GLEN DR SE2, MARIETTA, GA, 30067","Match","Exact","2122 HIDDEN GLEN DR, MARIETTA, GA, 30067",17253636,"R"
115792,"2122 HOLLYWOOD BLVD","HOLLYWOOD","FL",33020,26.0112517960001,-80.149734522,292,"2122 HOLLYWOOD BLVD, HOLLYWOOD, FL, 33020","Match","Exact","2122 HOLLYWOOD BLVD, HOLLYWOOD, FL, 33020",637759503,"R"
115793,"2122 JEFFREY DRIVE","TROY","MI",48085,42.602114789,-83.106331702,293,"2122 JEFFREY DRIVE, TROY, MI, 48085","Match","Exact","2122 JEFFREY DR, TROY, MI, 48085",69773416,"R"
115794,"2122 KATHLEEN CIR","MONTGOMERY","IL",60538,41.7217676980001,-88.388092813,294,"2122 KATHLEEN CIR, MONTGOMERY, IL, 60538","Match","Exact","2122 KATHLEEN CIR, MONTGOMERY, IL, 60538",611666765,"R"
115795,"2122 LA MESA COURT","SPRING VALLEY","CA",91977,32.728227131,-116.987459011,295,"2122 LA MESA COURT, SPRING VALLEY, CA, 91977","Match","Exact","2122 LA MESA CT, SPRING VALLEY, CA, 91977",195362679,"L"
115796,"2122 LUANN LANE LL","MADISON","WI",53713,43.0326785680001,-89.416923115,296,"2122 LUANN LANE LL, MADISON, WI, 53713","Match","Exact","2122 LUANN LN, MADISON, WI, 53713",49530495,"L"
115797,"2122 LUANN LN","MADISON","WI",53713,43.0326785680001,-89.416923115,297,"2122 LUANN LN, MADISON, WI, 53713","Match","Exact","2122 LUANN LN, MADISON, WI, 53713",49530495,"L"
115798,"2122 MACARTHUR ROAD APT B","WAUKESHA","WI",53188,42.9983909800001,-88.2625621239999,298,"2122 MACARTHUR ROAD APT B, WAUKESHA, WI, 53188","Match","Non_Exact","2122 MAC ARTHUR RD, WAUKESHA, WI, 53188",53820157,"R"
115799,"2122 MARTIN LUTHER KING JR AVE","LAKELAND","FL",33805,28.071887614,-81.961479926,299,"2122 MARTIN LUTHER KING JR AVE, LAKELAND, FL, 33805","Match","Exact","2122 MARTIN L KING JR AVE, LAKELAND, FL, 33805",104858796,"L"
115800,"2122 N 112TH STREET APT A","SEATTLE","WA",98133,47.709567484,-122.333083882,300,"2122 N 112TH STREET APT A, SEATTLE, WA, 98133","Match","Non_Exact","2122 N 112TH ST, SEATTLE, WA, 98133",186646278,"L"
115801,"2122 N CRAYCROFT RD SUITE 112","TUCSON","AZ",85712,32.24731682,-110.87543311,301,"2122 N CRAYCROFT RD SUITE 112, TUCSON, AZ, 85712","Match","Non_Exact","2122 N CRAYCROFT RD, TUCSON, AZ, 85712",121179780,"R"
115802,"2122 N CRESCENT BLVD","YARDLEY","PA",19067,40.228560589,-74.8250391609999,302,"2122 N CRESCENT BLVD, YARDLEY, PA, 19067","Match","Exact","2122 N CRESCENT BLVD, YARDLEY, PA, 19067",134721043,"R"
115803,"2122 N NEW JERSEY ST","INDIANAPOLIS","IN",46202,39.796252494,-86.150975285,303,"2122 N NEW JERSEY ST, INDIANAPOLIS, IN, 46202","Match","Exact","2122 N NEW JERSEY ST, INDIANAPOLIS, IN, 46202",107989725,"L"
115804,"2122 NORTH 130TH AVENUE","FALL CREEK","WI",54742,44.839858873,-91.267197193,304,"2122 NORTH 130TH AVENUE, FALL CREEK, WI, 54742","Match","Exact","2122 N 130TH AVE, FALL CREEK, WI, 54742",46073410,"L"
115805,"2122 NORTH PARK LANE","LAKE CHARLES","LA",70611,30.338283732,-93.27489001,305,"2122 NORTH PARK LANE, LAKE CHARLES, LA, 70611","Match","Exact","2122 N PARK LN, LAKE CHARLES, LA, 70611",88467419,"R"
115806,"2122 OAK BEND LN","GARLAND","TX",75040,32.933876728,-96.601777138,306,"2122 OAK BEND LN, GARLAND, TX, 75040","Match","Exact","2122 OAK BEND LN, GARLAND, TX, 75040",102977484,"L"
115807,"2122 OAK GROVE ROAD  SUITE E-1","HATTIESBURG","MS",39402,31.3184127000001,-89.3620602139999,307,"2122 OAK GROVE ROAD  SUITE E-1, HATTIESBURG, MS, 39402","Match","Exact","2122 OAK GROVE RD, HATTIESBURG, MS, 39402",622029022,"L"
115808,"2122 OSO BAY PRESERVE DR","CORPUS CHRISTI","TX",78414,NA,NA,308,"2122 OSO BAY PRESERVE DR, CORPUS CHRISTI, TX, 78414","No_Match",NA,NA,NA,NA
115809,"2122 OVERHULSE RD NW","OLYMPIA","WA",98502,47.06448937,-122.97071729,309,"2122 OVERHULSE RD NW, OLYMPIA, WA, 98502","Match","Exact","2122 OVERHULSE RD NW, OLYMPIA, WA, 98502",627289559,"R"
115810,"2122 PARKRIDGE AVE","BRENTWOOD","MO",63114,38.6224669630001,-90.356855583,310,"2122 PARKRIDGE AVE, BRENTWOOD, MO, 63114","Match","Non_Exact","2122 PARKRIDGE AVE, BRENTWOOD, MO, 63144",100134953,"L"
115811,"2122 RIPLEY STREET","PHILADELPHIA","PA",19152,40.059828958,-75.054302596,311,"2122 RIPLEY STREET, PHILADELPHIA, PA, 19152","Match","Exact","2122 RIPLEY ST, PHILADELPHIA, PA, 19152",131431750,"R"
115812,"2122 S LAFAYETTE ST","DENVER","CO",80210,39.6780164830001,-104.971085169,312,"2122 S LAFAYETTE ST, DENVER, CO, 80210","Match","Exact","2122 S LAFAYETTE ST, DENVER, CO, 80210",177334005,"L"
115813,"2122 S SABRINA","MESA","AZ",85209,33.376173227,-111.607251849,313,"2122 S SABRINA, MESA, AZ, 85209","Match","Exact","2122 S SABRINA, MESA, AZ, 85209",243963969,"L"
115814,"2122 SE 105TH AVE","PORTLAND","OR",97216,45.5071422290001,-122.554585868,314,"2122 SE 105TH AVE, PORTLAND, OR, 97216","Match","Exact","2122 SE 105TH AVE, PORTLAND, OR, 97216",652710412,"L"
115815,"2122 SOUTH M STREET","FORT SMITH","AR",72901,NA,NA,315,"2122 SOUTH M STREET, FORT SMITH, AR, 72901","No_Match",NA,NA,NA,NA
115816,"2122 STILLWATER PLACE","WILMINGTON","NC",28405,34.2430709600001,-77.801658538,316,"2122 STILLWATER PLACE, WILMINGTON, NC, 28405","Match","Exact","2122 STILLWATER PL, WILMINGTON, NC, 28405",636545964,"L"
115817,"2122 TANGERINE ST","PALMDALE","CA",93551,34.5654368560001,-118.16643176,317,"2122 TANGERINE ST, PALMDALE, CA, 93551","Match","Exact","2122 TANGERINE ST, PALMDALE, CA, 93551",625746769,"R"
115818,"2122 THAXTON PLACE","ATLANTA","GA",30315,33.696224327,-84.376641722,318,"2122 THAXTON PLACE, ATLANTA, GA, 30315","Match","Non_Exact","2122 THAXTON PL SE, ATLANTA, GA, 30315",17358562,"L"
115819,"2122 TUPPER HALL UC DAVIS SVM","DAVIS","CA",95616,NA,NA,319,"2122 TUPPER HALL UC DAVIS SVM, DAVIS, CA, 95616","No_Match",NA,NA,NA,NA
115820,"2122 VAN HISE AVE","MADISON","WI",53726,43.0695652650001,-89.422804679,320,"2122 VAN HISE AVE, MADISON, WI, 53726","Match","Exact","2122 VAN HISE AVE, MADISON, WI, 53726",49468994,"R"
115821,"2122 W 79TH STREET","CHICAGO","IL",60620,41.7501940180001,-87.676684541,321,"2122 W 79TH STREET, CHICAGO, IL, 60620","Match","Exact","2122 W 79TH ST, CHICAGO, IL, 60620",111821031,"R"
115822,"2122 W HAWLEY ROAD","SCOTTVILLE","MI",49454,43.8761154630001,-86.3309351249999,322,"2122 W HAWLEY ROAD, SCOTTVILLE, MI, 49454","Match","Exact","2122 W HAWLEY RD, SCOTTVILLE, MI, 49454",148054618,"R"
115823,"2122 W ONTARIO STREET","PHILADELPHIA","PA",19140,40.0062028290001,-75.164064288,323,"2122 W ONTARIO STREET, PHILADELPHIA, PA, 19140","Match","Exact","2122 W ONTARIO ST, PHILADELPHIA, PA, 19140",131402444,"L"
115824,"2122 W PIERSON","PHOENIX","AZ",85015,33.507750055,-112.104745989,324,"2122 W PIERSON, PHOENIX, AZ, 85015","Match","Non_Exact","2122 W PIERSON ST, PHOENIX, AZ, 85015",128205102,"R"
115825,"2122 W WILLARD ST R-12","LONG BEACH","CA",90810,33.7943958600001,-118.220745567,325,"2122 W WILLARD ST R-12, LONG BEACH, CA, 90810","Match","Non_Exact","2122 W WILLARD ST, LONG BEACH, CA, 90810",142691056,"L"
115826,"2122 WHISPERING PINES DRIVE","SEBRING","FL",33872,27.4766674480001,-81.487277439,326,"2122 WHISPERING PINES DRIVE, SEBRING, FL, 33872","Match","Exact","2122 WHISPERING PINES DR, SEBRING, FL, 33872",647624893,"R"
115827,"2122 WINDERMERE CIRCLE","PENSACOLA","FL",32503,30.4432196560001,-87.180113643,327,"2122 WINDERMERE CIRCLE, PENSACOLA, FL, 32503","Match","Exact","2122 WINDERMERE CIR, PENSACOLA, FL, 32503",93223424,"R"
115828,"21220 HOLYOKE AVENUE","LAKEVILLE","MN",55044,44.6432547960001,-93.242870067,328,"21220 HOLYOKE AVENUE, LAKEVILLE, MN, 55044","Match","Exact","21220 HOLYOKE AVE, LAKEVILLE, MN, 55044",37912045,"L"
115829,"21220 MAURICE STREET","NUEVO","CA",92567,33.8102750740001,-117.109515071,329,"21220 MAURICE STREET, NUEVO, CA, 92567","Match","Exact","21220 MAURICE ST, NUEVO, CA, 92567",194881575,"L"
115830,"21220 QUAIL SPRINGS RD","TEHACHAPI","CA",93561,35.149616773,-118.507717529,330,"21220 QUAIL SPRINGS RD, TEHACHAPI, CA, 93561","Match","Exact","21220 QUAIL SPRINGS RD, TEHACHAPI, CA, 93561",108981743,"L"
115831,"21220 STATE ROUTE 51 / 52","GENOA","OH",43430,41.52031285,-83.343053482,331,"21220 STATE ROUTE 51 / 52, GENOA, OH, 43430","Match","Exact","21220 STATE RTE 51, GENOA, OH, 43430",44075802,"R"
115832,"21220 WELLINGTON ST","WOODHAVEN","MI",48183,42.153493031,-83.223468629,332,"21220 WELLINGTON ST, WOODHAVEN, MI, 48183","Match","Exact","21220 WELLINGTON ST, WOODHAVEN, MI, 48183",95456874,"R"
115833,"21221 127TH PL SE","KENT","WA",98031,47.4116487370001,-122.171194951,333,"21221 127TH PL SE, KENT, WA, 98031","Match","Exact","21221 127TH PL SE, KENT, WA, 98031",186679104,"L"
115834,"21221 DELEVAN WAY","GERMANTOWN","MD",20876,39.2048349240001,-77.264924562,334,"21221 DELEVAN WAY, GERMANTOWN, MD, 20876","Match","Exact","21221 DELEVAN WAY, GERMANTOWN, MD, 20876",62101514,"R"
115835,"21221 LAKE TALIA BLVD","LAND O LAKES","FL",34638,28.230251449,-82.465044803,335,"21221 LAKE TALIA BLVD, LAND O LAKES, FL, 34638","Match","Exact","21221 LAKE TALIA BLVD, LAND O LAKES, FL, 34638",618492597,"R"
115836,"21221 NW 27TH COURT","MIAMI","FL",33056,25.969327521,-80.24734102,336,"21221 NW 27TH COURT, MIAMI, FL, 33056","Match","Non_Exact","21221 NW 27TH CT, MIAMI GARDENS, FL, 33056",116026144,"R"
115837,"21221 WEST 96TH TERRACE","LENEXA","KS",66220,38.954020976,-94.8315565839999,337,"21221 WEST 96TH TERRACE, LENEXA, KS, 66220","Match","Exact","21221 W 96TH TER, LENEXA, KS, 66220",632507768,"R"
115838,"21222 DUNCAN CT","PLAINFIELD","IL",60544,41.6284301840001,-88.133376679,338,"21222 DUNCAN CT, PLAINFIELD, IL, 60544","Match","Exact","21222 DUNCAN CT, PLAINFIELD, IL, 60544",111591584,"R"
115839,"21222 OLD N CHURCH ROAD","FRANKFORT","IL",60423,41.5033692700001,-87.794665346,339,"21222 OLD N CHURCH ROAD, FRANKFORT, IL, 60423","Match","Exact","21222 OLD N CHURCH RD, FRANKFORT, IL, 60423",111586295,"L"
115840,"21222 S KEETONVILLE RD","CLAREMORE","OK",74019,36.27843463,-95.710246677,340,"21222 S KEETONVILLE RD, CLAREMORE, OK, 74019","Match","Exact","21222 S KEETONVILLE RD, CLAREMORE, OK, 74019",20704923,"R"
115841,"21223-9998","BALTIMORE","MD",21223,NA,NA,341,"21223-9998, BALTIMORE, MD, 21223","No_Match",NA,NA,NA,NA
115842,"21225 SOUTH MOONLIGHT ROAD","GARDNER","KS",66030,38.7431123040001,-94.908592213,342,"21225 SOUTH MOONLIGHT ROAD, GARDNER, KS, 66030","Match","Exact","21225 S MOONLIGHT RD, GARDNER, KS, 66030",653558654,"R"
115843,"21228 SENECA CROSSING DR","GERMANTOWN","MD",20876,39.2056342160001,-77.238560505,343,"21228 SENECA CROSSING DR, GERMANTOWN, MD, 20876","Match","Exact","21228 SENECA CROSSING DR, GERMANTOWN, MD, 20876",62110674,"L"
115844,"21229 GLASSMOYER CT","ASHBURN","VA",20148,39.029540829,-77.533095652,344,"21229 GLASSMOYER CT, ASHBURN, VA, 20148","Match","Exact","21229 GLASSMOYER CT, ASHBURN, VA, 20148",642444932,"R"
115845,"21229 ROSETTA PLACE","ASHBURN","VA",20147,39.02876336,-77.471809524,345,"21229 ROSETTA PLACE, ASHBURN, VA, 20147","Match","Exact","21229 ROSETTA PL, ASHBURN, VA, 20147",62336864,"L"
115846,"2123 6TH AVE","ALTOONA","PA",16602,40.50449494,-78.403278335,346,"2123 6TH AVE, ALTOONA, PA, 16602","Match","Non_Exact","2123 W 6TH AVE, ALTOONA, PA, 16602",49711122,"L"
115847,"2123 BAYBERRY ST","VIRGINIA BEACH","VA",23451,36.9088922280001,-76.0603720989999,347,"2123 BAYBERRY ST, VIRGINIA BEACH, VA, 23451","Match","Exact","2123 BAYBERRY ST, VA BCH, VA, 23451",122260835,"L"
115848,"2123 COURTRIGHT ROAD","COLUMBUS","OH",43232,39.929061403,-82.89837854,348,"2123 COURTRIGHT ROAD, COLUMBUS, OH, 43232","Match","Exact","2123 COURTRIGHT RD, COLUMBUS, OH, 43232",218645190,"R"
115849,"2123 E  HOUGHTON LAKE DRIVE","HOUGHTON LAKE","MI",48629,44.327593644,-84.643488839,349,"2123 E  HOUGHTON LAKE DRIVE, HOUGHTON LAKE, MI, 48629","Match","Exact","2123 E HOUGHTON LAKE DR, HOUGHTON LAKE, MI, 48629",635652951,"L"
115850,"2123 E 18TH ST","TULSA","OK",74104,36.1360321390001,-95.9615105509999,350,"2123 E 18TH ST, TULSA, OK, 74104","Match","Exact","2123 E 18TH ST, TULSA, OK, 74104",166442779,"L"
115851,"2123 EIGHTH AVENUE SOUTH","NASHVILLE","TN",37204,36.131451602,-86.778867565,351,"2123 EIGHTH AVENUE SOUTH, NASHVILLE, TN, 37204","Match","Exact","2123 8TH AVE S, NASHVILLE, TN, 37204",97191718,"R"
115852,"2123 FAIR AVE","COLUMBUS","OH",43209,39.9627122000001,-82.9435867349999,352,"2123 FAIR AVE, COLUMBUS, OH, 43209","Match","Exact","2123 FAIR AVE, COLUMBUS, OH, 43209",135590535,"R"
115853,"2123 FOREST AVE","TEXARKANA","AR",71854,33.4090352590001,-94.021376144,353,"2123 FOREST AVE, TEXARKANA, AR, 71854","Match","Non_Exact","2123 FOREST ST, TEXARKANA, AR, 71854",57276837,"L"
115854,"2123 FOREST OAKS DR","HOUSTON","TX",77017,29.677804661,-95.243615125,354,"2123 FOREST OAKS DR, HOUSTON, TX, 77017","Match","Non_Exact","2123 FOREST OAKS BLVD, HOUSTON, TX, 77017",96093623,"L"
115855,"2123 FOXTAIL VIEW CT","WEST PALM BEACH","FL",33411,NA,NA,355,"2123 FOXTAIL VIEW CT, WEST PALM BEACH, FL, 33411","No_Match",NA,NA,NA,NA
115856,"2123 GOLF COURSE DR","RESTON","VA",20191,38.942804305,-77.352746215,356,"2123 GOLF COURSE DR, RESTON, VA, 20191","Match","Exact","2123 GOLF COURSE DR, RESTON, VA, 20191",76023770,"R"
115857,"2123 HENRY STREET","PALM BAY","FL",32905,28.0533267430001,-80.5977081889999,357,"2123 HENRY STREET, PALM BAY, FL, 32905","Match","Non_Exact","2123 HENRY ST NE, PALM BAY, FL, 32905",93909848,"R"
115858,"2123 KOTTAYAM DR","MISSOURI CITY","TX",77489,29.594457414,-95.5382537849999,358,"2123 KOTTAYAM DR, MISSOURI CITY, TX, 77489","Match","Exact","2123 KOTTAYAM DR, MISSOURI CITY, TX, 77489",641140264,"L"
115859,"2123 LECLAIRE ST","DAVENPORT","IA",52803,41.541371736,-90.5684910579999,359,"2123 LECLAIRE ST, DAVENPORT, IA, 52803","Match","Exact","2123 LECLAIRE ST, DAVENPORT, IA, 52803",122708471,"R"
115860,"2123 LINTON BLVD APT 1","DELRAY BEACH","FL",33445,26.43941713,-80.0936935559999,360,"2123 LINTON BLVD APT 1, DELRAY BEACH, FL, 33445","Match","Exact","2123 LINTON BLVD, DELRAY BEACH, FL, 33445",115481194,"L"
115861,"2123 MONTGALL AVE","KANSAS CITY","MO",64127,39.0863343560001,-94.550868495,361,"2123 MONTGALL AVE, KANSAS CITY, MO, 64127","Match","Exact","2123 MONTGALL AVE, KANSAS CITY, MO, 64127",91449928,"L"
115862,"2123 N 12TH STREET","TOLEDO","OH",43620,41.663400322,-83.539999665,362,"2123 N 12TH STREET, TOLEDO, OH, 43620","Match","Exact","2123 N 12TH ST, TOLEDO, OH, 43620",33943685,"L"
115863,"2123 OLD SPARTANBURG RD  SUITE 129","GREER","SC",29650,NA,NA,363,"2123 OLD SPARTANBURG RD  SUITE 129, GREER, SC, 29650","No_Match",NA,NA,NA,NA
115864,"2123 OLD SPARTANBURG ROAD SUITE 290","GREER","SC",29650,NA,NA,364,"2123 OLD SPARTANBURG ROAD SUITE 290, GREER, SC, 29650","No_Match",NA,NA,NA,NA
115865,"2123 OLD SPARTANBURG ROAD SUITE 301","GREER","SC",29650,NA,NA,365,"2123 OLD SPARTANBURG ROAD SUITE 301, GREER, SC, 29650","No_Match",NA,NA,NA,NA
115866,"2123 PLUNKETT CT","HOLLYWOOD","FL",33020,26.001167718,-80.149442775,366,"2123 PLUNKETT CT, HOLLYWOOD, FL, 33020","Match","Exact","2123 PLUNKETT CT, HOLLYWOOD, FL, 33020",114732559,"R"
115867,"2123 RODNEY DR APT 205","LOS ANGELES","CA",90027,34.1105520510001,-118.289342171,367,"2123 RODNEY DR APT 205, LOS ANGELES, CA, 90027","Match","Exact","2123 RODNEY DR, LOS ANGELES, CA, 90027",141597545,"L"
115868,"2123 RUHLAND AVE","REDONDO BEACH","CA",90278,33.875669927,-118.374276625,368,"2123 RUHLAND AVE, REDONDO BEACH, CA, 90278","Match","Exact","2123 RUHLAND AVE, REDONDO BEACH, CA, 90278",141662802,"L"
115869,"2123 SAN MATEO N E","ALBUQUERQUE","NM",87110,35.100586719,-106.586417637,369,"2123 SAN MATEO N E, ALBUQUERQUE, NM, 87110","Match","Non_Exact","2123 SAN MATEO BLVD NE, ALBUQUERQUE, NM, 87110",206777553,"L"
115870,"2123 SHED ROAD","BOSSIER CITY","LA",71111,32.5321586360001,-93.722456345,370,"2123 SHED ROAD, BOSSIER CITY, LA, 71111","Match","Exact","2123 SHED RD, BOSSIER CITY, LA, 71111",108521007,"L"
115871,"2123 SHERMAN AVENUE","WEST PEORIA","IL",61604,40.6914066800001,-89.6263307199999,371,"2123 SHERMAN AVENUE, WEST PEORIA, IL, 61604","Match","Non_Exact","2123 W SHERMAN AVE, WEST PEORIA, IL, 61604",8721943,"R"
115872,"2123 SILVER MOON TRL","CROSBY","TX",77532,29.968828854,-95.122729481,372,"2123 SILVER MOON TRL, CROSBY, TX, 77532","Match","Exact","2123 SILVER MOON TRL, CROSBY, TX, 77532",96424216,"L"
115873,"2123 SOUTH 254TH STREET","DES MOINES","WA",98198,47.3741582120001,-122.305682633,373,"2123 SOUTH 254TH STREET, DES MOINES, WA, 98198","Match","Exact","2123 S 254TH ST, DES MOINES, WA, 98198",186649224,"R"
115874,"2123 STONYBROOK ROAD","LOUISVILLE","TN",37777,35.835139487,-83.9865548449999,374,"2123 STONYBROOK ROAD, LOUISVILLE, TN, 37777","Match","Exact","2123 STONYBROOK RD, LOUISVILLE, TN, 37777",89846888,"R"
115875,"2123 TUDOR LN","LAKELAND","FL",33810,28.117743003,-81.992163652,375,"2123 TUDOR LN, LAKELAND, FL, 33810","Match","Exact","2123 TUDOR LN, LAKELAND, FL, 33810",104846360,"L"
115876,"2123 W  HUISACHE AVE","SAN ANTONIO","TX",78201,29.457954896,-98.533204059,376,"2123 W  HUISACHE AVE, SAN ANTONIO, TX, 78201","Match","Exact","2123 W HUISACHE AVE, SAN ANTONIO, TX, 78201",101512679,"R"
115877,"2123 W HUISACHE AVE","SAN ANTONIO","TX",78201,29.457954896,-98.533204059,377,"2123 W HUISACHE AVE, SAN ANTONIO, TX, 78201","Match","Exact","2123 W HUISACHE AVE, SAN ANTONIO, TX, 78201",101512679,"R"
115878,"2123 WILSON AVE","PITTSBURGH","PA",15214,40.4639739190001,-80.0123981689999,378,"2123 WILSON AVE, PITTSBURGH, PA, 15214","Match","Exact","2123 WILSON AVE, PITTSBURGH, PA, 15214",51625827,"L"
115879,"2123 YOUNGS LANE","MOBILE","AL",36693,30.646149403,-88.155635726,379,"2123 YOUNGS LANE, MOBILE, AL, 36693","Match","Exact","2123 YOUNGS LN, MOBILE, AL, 36693",647815843,"L"
115880,"21230 HOMESTEAD ROAD SUITE 45","CUPERTINO","CA",95014,37.33753663,-122.04689842,380,"21230 HOMESTEAD ROAD SUITE 45, CUPERTINO, CA, 95014","Match","Non_Exact","21230 W HOMESTEAD RD, CUPERTINO, CA, 95014",618172607,"L"
115881,"21230 LOS PALMOS","SOUTHFIELD","MI",48076,42.49848845,-83.2551452869999,381,"21230 LOS PALMOS, SOUTHFIELD, MI, 48076","Match","Non_Exact","21230 LOS PALMOS ST, SOUTHFIELD, MI, 48076",69730546,"R"
115882,"21230 RIO ORO DRIVE","CORNELIUS","NC",28031,35.4966528410001,-80.8877704669999,382,"21230 RIO ORO DRIVE, CORNELIUS, NC, 28031","Match","Exact","21230 RIO ORO DR, CORNELIUS, NC, 28031",70467534,"L"
115883,"21232 S RICHARD CT","OREGON CITY","OR",97045,45.2998010430001,-122.434730817,383,"21232 S RICHARD CT, OREGON CITY, OR, 97045","Match","Exact","21232 S RICHARD CT, OREGON CITY, OR, 97045",157933893,"L"
115884,"21233 LITHIUM ST NW","NOWTHEN","MN",55303,45.3553864790001,-93.414038986,384,"21233 LITHIUM ST NW, NOWTHEN, MN, 55303","Match","Exact","21233 LITHIUM ST NW, NOWTHEN, MN, 55303",97522492,"R"
115885,"21236 H DR N","MARSHALL","MI",49068,42.3050398440001,-84.882304905,385,"21236 H DR N, MARSHALL, MI, 49068","Match","Exact","21236 H DR N, MARSHALL, MI, 49068",11726003,"L"
115886,"21236 LITTLESTONE ROAD","HARPER WOODS","MI",48225,42.429739775,-82.919295119,386,"21236 LITTLESTONE ROAD, HARPER WOODS, MI, 48225","Match","Exact","21236 LITTLESTONE RD, HARPER WOODS, MI, 48225",95486941,"R"
115887,"21238 CORAL SPUR","SAN ANTONIO","TX",78259,29.636258572,-98.401970912,387,"21238 CORAL SPUR, SAN ANTONIO, TX, 78259","Match","Non_Exact","21238 CORAL SPR, SAN ANTONIO, TX, 78259",619987029,"R"
115888,"2124 ALICE AVE","WALNUT CREEK","CA",94596,37.8788894080001,-122.033626188,388,"2124 ALICE AVE, WALNUT CREEK, CA, 94596","Match","Exact","2124 ALICE AVE, WALNUT CREEK, CA, 94596",192063245,"L"
115889,"2124 AVALON HAVEN DRIVE","NORTH HAVEN","CA",6473,NA,NA,389,"2124 AVALON HAVEN DRIVE, NORTH HAVEN, CA, 6473","No_Match",NA,NA,NA,NA
115890,"2124 AYRSHIRE DR","FORT COLLINS","CO",80526,40.5560483740001,-105.116585868,390,"2124 AYRSHIRE DR, FORT COLLINS, CO, 80526","Match","Exact","2124 AYRSHIRE DR, FORT COLLINS, CO, 80526",188547934,"R"
115891,"2124 BARRINGTON POINTE DR","LEAGUE CITY","TX",77573,29.5310284390001,-95.0408953519999,391,"2124 BARRINGTON POINTE DR, LEAGUE CITY, TX, 77573","Match","Exact","2124 BARRINGTON POINTE DR, LEAGUE CITY, TX, 77573",96699940,"L"
115892,"2124 COUNTY ROAD I","SOMERSET","WI",54025,NA,NA,392,"2124 COUNTY ROAD I, SOMERSET, WI, 54025","No_Match",NA,NA,NA,NA
115893,"2124 DAUFUSKI DRIVE","RALEIGH","NC",27604,35.810168456,-78.558893868,393,"2124 DAUFUSKI DRIVE, RALEIGH, NC, 27604","Match","Non_Exact","2124 DAUFUSKIE DR, RALEIGH, NC, 27604",72664666,"R"
115894,"2124 DAUFUSKIE DRIVE","RALEIGH","NC",27604,35.810168456,-78.558893868,394,"2124 DAUFUSKIE DRIVE, RALEIGH, NC, 27604","Match","Exact","2124 DAUFUSKIE DR, RALEIGH, NC, 27604",72664666,"R"
115895,"2124 DELAWARE AVENUE  - UNIT  C","SANTA MONICA","CA",90404,34.0230740170001,-118.470691927,395,"2124 DELAWARE AVENUE  - UNIT  C, SANTA MONICA, CA, 90404","Match","Exact","2124 DELAWARE AVE, SANTA MONICA, CA, 90404",142717550,"R"
115896,"2124 DUPONT AVENUE SOUTH SUITE G3","MINNEAPOLIS","MN",55405,44.9616214970001,-93.2930864859999,396,"2124 DUPONT AVENUE SOUTH SUITE G3, MINNEAPOLIS, MN, 55405","Match","Exact","2124 DUPONT AVE S, MINNEAPOLIS, MN, 55405",43624593,"R"
115897,"2124 E ST ELMO UNIT A","AUSTIN","TX",78744,NA,NA,397,"2124 E ST ELMO UNIT A, AUSTIN, TX, 78744","No_Match",NA,NA,NA,NA
115898,"2124 FLORDAWN DR","FLORISSANT","MO",63031,38.80573811,-90.365029597,398,"2124 FLORDAWN DR, FLORISSANT, MO, 63031","Match","Exact","2124 FLORDAWN DR, FLORISSANT, MO, 63031",100169500,"L"
115899,"2124 FRANKS ST","FORT WORTH","TX",76177,32.9160320980001,-97.329234318,399,"2124 FRANKS ST, FORT WORTH, TX, 76177","Match","Exact","2124 FRANKS ST, FORT WORTH, TX, 76177",619875228,"R"
115900,"2124 HIGHWAY 169","AFTON","IA",50830,40.9945452790001,-94.2048945399999,400,"2124 HIGHWAY 169, AFTON, IA, 50830","Match","Non_Exact","2124 US HWY 169, AFTON, IA, 50830",75240675,"R"
115901,"2124 HOYT STREET","MUSKEGON","MI",49444,43.2136387850001,-86.239456725,401,"2124 HOYT STREET, MUSKEGON, MI, 49444","Match","Exact","2124 HOYT ST, MUSKEGON, MI, 49444",77651708,"L"
115902,"2124 INVERNESS LN","BERWYN","PA",19312,40.020127949,-75.458290586,402,"2124 INVERNESS LN, BERWYN, PA, 19312","Match","Exact","2124 INVERNESS LN, BERWYN, PA, 19312",179541533,"L"
115903,"2124 JOELENE  DRIVE","ROCKY MOUNT","NC",27803,35.941980012,-77.8531089589999,403,"2124 JOELENE  DRIVE, ROCKY MOUNT, NC, 27803","Match","Exact","2124 JOELENE DR, ROCKY MOUNT, NC, 27803",90387773,"L"
115904,"2124 LAKEVIEW DR","WASHINGTON","IN",47501,38.664296054,-87.149744217,404,"2124 LAKEVIEW DR, WASHINGTON, IN, 47501","Match","Exact","2124 LAKEVIEW DR, WASHINGTON, IN, 47501",32068456,"R"
115905,"2124 LORENZO LN","SACRAMENTO","CA",95864,38.604921308,-121.368533841,405,"2124 LORENZO LN, SACRAMENTO, CA, 95864","Match","Exact","2124 LORENZO LN, SACRAMENTO, CA, 95864",133334208,"R"
115906,"2124 N CHESTNUT ST","COLORADO SPRINGS","CO",80907,38.863397046,-104.836301194,406,"2124 N CHESTNUT ST, COLORADO SPRINGS, CO, 80907","Match","Exact","2124 N CHESTNUT ST, COLORADO SPRINGS, CO, 80907",105512334,"L"
115907,"2124 N SANTA FE AVE APT 33","COMPTON","CA",90222,33.9116582030001,-118.216689922,407,"2124 N SANTA FE AVE APT 33, COMPTON, CA, 90222","Match","Non_Exact","2124 N SANTA FE AVE, COMPTON, CA, 90222",141678170,"R"
115908,"2124 NW 142ND AVENUE","GAINESVILLE","FL",32609,29.792964795,-82.348091029,408,"2124 NW 142ND AVENUE, GAINESVILLE, FL, 32609","Match","Exact","2124 NW 142ND AVE, GAINESVILLE, FL, 32609",6831422,"L"
115909,"2124 OAKLAWN AVE","WAUKESHA","WV",53188,NA,NA,409,"2124 OAKLAWN AVE, WAUKESHA, WV, 53188","No_Match",NA,NA,NA,NA
115910,"2124 POLLY LN","LAVERNIA","TX",78121,NA,NA,410,"2124 POLLY LN, LAVERNIA, TX, 78121","No_Match",NA,NA,NA,NA
115911,"2124 RAINBOW AVE","LARAMIE","WY",82070,41.3071081520001,-105.566654069,411,"2124 RAINBOW AVE, LARAMIE, WY, 82070","Match","Non_Exact","2124 E RAINBOW AVE, LARAMIE, WY, 82070",168740484,"L"
115912,"2124 ROYAL COURT RD","ANGLETON","TX",77515,29.1363521000001,-95.41422876,412,"2124 ROYAL COURT RD, ANGLETON, TX, 77515","Match","Exact","2124 ROYAL COURT RD, ANGLETON, TX, 77515",116594833,"R"
115913,"2124 S 1ST AVE","SIOUX FALLS","SD",57105,43.5260944300001,-96.725240538,413,"2124 S 1ST AVE, SIOUX FALLS, SD, 57105","Match","Exact","2124 S 1ST AVE, SIOUX FALLS, SD, 57105",34973056,"L"
115914,"2124 S PRAIRIE AVE UNIT C","PUEBLO","CO",81005,NA,NA,414,"2124 S PRAIRIE AVE UNIT C, PUEBLO, CO, 81005","No_Match",NA,NA,NA,NA
115915,"2124 SE 3RD TER","CAPE CORAL","FL",33990,26.6461883280001,-81.928555746,415,"2124 SE 3RD TER, CAPE CORAL, FL, 33990","Match","Exact","2124 SE 3RD TER, CAPE CORAL, FL, 33990",118009917,"R"
115916,"2124 SILVERDALE ROAD","AUGUSTA","GA",30906,33.4035237580001,-82.029811814,416,"2124 SILVERDALE ROAD, AUGUSTA, GA, 30906","Match","Exact","2124 SILVERDALE RD, AUGUSTA, GA, 30906",55637510,"L"
115917,"2124 SOUTH 24TH STREET","QUINCY","IL",62301,39.9055697970001,-91.377705393,417,"2124 SOUTH 24TH STREET, QUINCY, IL, 62301","Match","Exact","2124 S 24TH ST, QUINCY, IL, 62301",640437635,"L"
115918,"2124 SOUTH PARKWAY","MESQUITE","TX",75149,32.7878956800001,-96.643251974,418,"2124 SOUTH PARKWAY, MESQUITE, TX, 75149","Match","Exact","2124 SOUTH PKWY, MESQUITE, TX, 75149",103164079,"L"
115919,"2124 SW MONTERREY LANE","PORT ST LUCIE","FL",34953,27.2784768330001,-80.366832541,419,"2124 SW MONTERREY LANE, PORT ST LUCIE, FL, 34953","Match","Exact","2124 SW MONTERREY LN, PORT ST LUCIE, FL, 34953",120152425,"L"
115920,"2124 TORIN STREET","LEWISVILLE","TX",75056,33.0379414990001,-96.920310028,420,"2124 TORIN STREET, LEWISVILLE, TX, 75056","Match","Exact","2124 TORIN ST, LEWISVILLE, TX, 75056",627714376,"R"
115921,"2124 UNIVERSITY AVENUE","EAST PALO ALTO","CA",94303,37.4634849450001,-122.141702105,421,"2124 UNIVERSITY AVENUE, EAST PALO ALTO, CA, 94303","Match","Exact","2124 UNIVERSITY AVE, E PALO ALTO, CA, 94303",192403852,"R"
115922,"2124 VENICE BLVD","LOS ANGELES","CA",90006,34.0435846570001,-118.303311449,422,"2124 VENICE BLVD, LOS ANGELES, CA, 90006","Match","Exact","2124 VENICE BLVD, LOS ANGELES, CA, 90006",141605961,"L"
115923,"2124 VILLAGE DR","MILLIKEN",NA,80543,NA,NA,423,"2124 VILLAGE DR, MILLIKEN, , 80543","No_Match",NA,NA,NA,NA
115924,"2124 W ARROW RTE 925","UPLAND","CA",91786,34.099565608,-117.693635967,424,"2124 W ARROW RTE 925, UPLAND, CA, 91786","Match","Non_Exact","2124 W ARROW RTE, UPLAND, CA, 91786",640040685,"L"
115925,"2124 W VILLAGE LN SE","SMYRNA","GA",30080,33.8419030060001,-84.492261683,425,"2124 W VILLAGE LN SE, SMYRNA, GA, 30080","Match","Exact","2124 W VILLAGE LN SE, SMYRNA, GA, 30080",625652277,"L"
115926,"2124 WASHINGTON AVENUE","SEAFORD","NY",11783,40.6701780440001,-73.4847530069999,426,"2124 WASHINGTON AVENUE, SEAFORD, NY, 11783","Match","Exact","2124 WASHINGTON AVE, SEAFORD, NY, 11783",147648879,"R"
115927,"2124 WEST EDGERTON AVENUE","MILWAUKEE","WI",53221,42.952091728,-87.941051723,427,"2124 WEST EDGERTON AVENUE, MILWAUKEE, WI, 53221","Match","Exact","2124 W EDGERTON AVE, MILWAUKEE, WI, 53221",77761178,"R"
115928,"2124 WILMA ROAD NW","ALBUQUERQUE","NM",87104,35.1160222610001,-106.669053525,428,"2124 WILMA ROAD NW, ALBUQUERQUE, NM, 87104","Match","Exact","2124 WILMA RD NW, ALBUQUERQUE, NM, 87104",206727229,"R"
115929,"2124 Y ST STE 131","LINCOLN","NE",68503,40.8244508710001,-96.690463899,429,"2124 Y ST STE 131, LINCOLN, NE, 68503","Match","Exact","2124 Y ST, LINCOLN, NE, 68503",28253707,"L"
115930,"2124 Y ST STE 212","LINCOLN","NE",68503,40.8244508710001,-96.690463899,430,"2124 Y ST STE 212, LINCOLN, NE, 68503","Match","Exact","2124 Y ST, LINCOLN, NE, 68503",28253707,"L"
115931,"2124 Y STREET","LINCOLN","NE",68503,40.8244508710001,-96.690463899,431,"2124 Y STREET, LINCOLN, NE, 68503","Match","Exact","2124 Y ST, LINCOLN, NE, 68503",28253707,"L"
115932,"21240 HEDGEROW TER","ASHBURN","VA",20147,39.029774509,-77.490128698,432,"21240 HEDGEROW TER, ASHBURN, VA, 20147","Match","Exact","21240 HEDGEROW TER, ASHBURN, VA, 20147",62332515,"R"
115933,"21241 WAYMOUTH RUN","ESTERO","FL",33928,26.438089233,-81.763076624,433,"21241 WAYMOUTH RUN, ESTERO, FL, 33928","Match","Exact","21241 WAYMOUTH RUN, ESTERO, FL, 33928",118063444,"R"
115934,"21245 115TH RD","RIVERDALE","NE",68870,40.7861637130001,-99.18496989,434,"21245 115TH RD, RIVERDALE, NE, 68870","Match","Exact","21245 115TH RD, RIVERDALE, NE, 68870",650725902,"L"
115935,"21245 E MANNING AVE","REEDLEY","CA",93654,36.604007686,-119.408207355,435,"21245 E MANNING AVE, REEDLEY, CA, 93654","Match","Exact","21245 E MANNING AVE, REEDLEY, CA, 93654",197602912,"R"
115936,"21245 RAVENWOOD RD","ALBEMARLE","NC",28001,35.295071136,-80.109241407,436,"21245 RAVENWOOD RD, ALBEMARLE, NC, 28001","Match","Exact","21245 RAVENWOOD RD, ALBEMARLE, NC, 28001",14082194,"L"
115937,"21246 WESTVIEW AVE","FERNDALE","MI",48220,42.450371497,-83.156804989,437,"21246 WESTVIEW AVE, FERNDALE, MI, 48220","Match","Exact","21246 WESTVIEW AVE, FERNDALE, MI, 48220",69742418,"R"
115938,"21249 S MURPHY ROAD","RIPON","CA",95366,37.7660427210001,-121.106122635,438,"21249 S MURPHY ROAD, RIPON, CA, 95366","Match","Exact","21249 S MURPHY RD, RIPON, CA, 95366",133869039,"R"
115939,"2125 14TH AVE","ALTOONA","PA",16601,40.5115467730001,-78.41407369,439,"2125 14TH AVE, ALTOONA, PA, 16601","Match","Exact","2125 14TH AVE, ALTOONA, PA, 16601",49709951,"L"
115940,"2125 196TH ST SW UNIT 101","LYNNWOOD","WA",98036,47.820590134,-122.261623967,440,"2125 196TH ST SW UNIT 101, LYNNWOOD, WA, 98036","Match","Exact","2125 196TH ST SW, LYNNWOOD, WA, 98036",187759189,"R"
115941,"2125 237TH PL SE","BOTHELL","WA",98021,47.7818249160001,-122.203718365,441,"2125 237TH PL SE, BOTHELL, WA, 98021","Match","Exact","2125 237TH PL SE, BOTHELL, WA, 98021",187795748,"L"
115942,"2125 2ND STREET","LAKE CHARLES","LA",70601,30.225132767,-93.190251464,442,"2125 2ND STREET, LAKE CHARLES, LA, 70601","Match","Exact","2125 2ND ST, LAKE CHARLES, LA, 70601",88436829,"L"
115943,"2125 8TH ST NE","E WENATCHEE","WA",98802,47.416755542,-120.248786291,443,"2125 8TH ST NE, E WENATCHEE, WA, 98802","Match","Exact","2125 8TH ST NE, EAST WENATCHEE, WA, 98802",156902364,"L"
115944,"2125 ANCHOR CT APT 2101","FORT LAUDERDALE","FL",33312,26.05954058,-80.169004795,444,"2125 ANCHOR CT APT 2101, FORT LAUDERDALE, FL, 33312","Match","Exact","2125 ANCHOR CT, FORT LAUDERDALE, FL, 33312",631784409,"L"
115945,"2125 ASH GROVE WAY","DALLAS","TX",75228,32.812451966,-96.702752988,445,"2125 ASH GROVE WAY, DALLAS, TX, 75228","Match","Exact","2125 ASH GROVE WAY, DALLAS, TX, 75228",103233175,"R"
115946,"2125 BAXTER DRIVE","BOZEMAN","MT",59715,45.6582500310001,-111.023281618,446,"2125 BAXTER DRIVE, BOZEMAN, MT, 59715","Match","Exact","2125 BAXTER DR, BOZEMAN, MT, 59715",163516038,"R"
115947,"2125 BELLEAU WOODS CT","WHEATON","IL",60189,41.8506569480001,-88.143055585,447,"2125 BELLEAU WOODS CT, WHEATON, IL, 60189","Match","Exact","2125 BELLEAU WOODS CT, WHEATON, IL, 60189",112555742,"R"
115948,"2125 BURTON RUN RD","HIGH POINT","NC",27262,35.942357966,-80.041709367,448,"2125 BURTON RUN RD, HIGH POINT, NC, 27262","Match","Exact","2125 BURTON RUN RD, HIGH POINT, NC, 27262",619932809,"R"
115949,"2125 CARAWAY ST","ESCONDIDO","CA",92026,33.1574946810001,-117.107798147,449,"2125 CARAWAY ST, ESCONDIDO, CA, 92026","Match","Exact","2125 CARAWAY ST, ESCONDIDO, CA, 92026",195311276,"L"
115950,"2125 CENTER AVENUE","FORT LEE","NJ",7024,40.8557189480001,-73.970016516,450,"2125 CENTER AVENUE, FORT LEE, NJ, 7024","Match","Exact","2125 CENTER AVE, FORT LEE, NJ, 07024",641323894,"L"
115951,"2125 CHRISTIAN ST UNIT 2","PHILADELPHIA","PA",19146,39.9415260330001,-75.178209565,451,"2125 CHRISTIAN ST UNIT 2, PHILADELPHIA, PA, 19146","Match","Exact","2125 CHRISTIAN ST, PHILADELPHIA, PA, 19146",131447568,"R"
115952,"2125 DE NAVARRA PARKWAY","CAPE CORAL","FL",33909,26.7261182600001,-81.931194042,452,"2125 DE NAVARRA PARKWAY, CAPE CORAL, FL, 33909","Match","Exact","2125 DE NAVARRA PKWY, CAPE CORAL, FL, 33909",640646649,"L"
115953,"2125 DEL PASO BLVD FL 2","SACRAMENTO","CA",95815,38.609846309,-121.451401806,453,"2125 DEL PASO BLVD FL 2, SACRAMENTO, CA, 95815","Match","Non_Exact","2125 DEL PASO BLVD, SACRAMENTO, CA, 95815",133321369,"L"
115954,"2125 DORCHESTER ROAD","N CHARLESTON","SC",29405,32.8552686940001,-79.979441784,454,"2125 DORCHESTER ROAD, N CHARLESTON, SC, 29405","Match","Exact","2125 DORCHESTER RD, N CHARLESTON, SC, 29405",108802271,"L"
115955,"2125 EAST LASALLE STREET","COLORADO SPRINGS","CO",80919,NA,NA,455,"2125 EAST LASALLE STREET, COLORADO SPRINGS, CO, 80919","No_Match",NA,NA,NA,NA
115956,"2125 FEAST RD","MELBOURNE","FL",32904,28.07632427,-80.676337127,456,"2125 FEAST RD, MELBOURNE, FL, 32904","Match","Exact","2125 FEAST RD, MELBOURNE, FL, 32904",640303735,"L"
115957,"2125 FORT DONELSON COURT","DUMFRIES","VA",22026,38.5619815910001,-77.322607658,457,"2125 FORT DONELSON COURT, DUMFRIES, VA, 22026","Match","Exact","2125 FORT DONELSON CT, DUMFRIES, VA, 22026",76520215,"L"
115958,"2125 GARMONS LANE","MOBILE","AL",36693,30.6466968770001,-88.1597727829999,458,"2125 GARMONS LANE, MOBILE, AL, 36693","Match","Exact","2125 GARMONS LN, MOBILE, AL, 36693",61858185,"L"
115959,"2125 HAMMOND AVENUE","SUPERIOR","WI",54880,46.712452516,-92.097957702,459,"2125 HAMMOND AVENUE, SUPERIOR, WI, 54880","Match","Exact","2125 HAMMOND AVE, SUPERIOR, WI, 54880",164840547,"R"
115960,"2125 HARBOR COVE WAY","WINTER GARDEN","FL",34787,28.5128516550001,-81.5803986509999,460,"2125 HARBOR COVE WAY, WINTER GARDEN, FL, 34787","Match","Exact","2125 HARBOR COVE WAY, WINTER GARDEN, FL, 34787",635628318,"L"
115961,"2125 HARWOOD RD","DISTRICT  HEIGHTS","MD",20747,38.8601222520001,-76.877690106,461,"2125 HARWOOD RD, DISTRICT  HEIGHTS, MD, 20747","Match","Exact","2125 HARWOOD RD, DISTRICT HEIGHTS, MD, 20747",76318778,"R"
115962,"2125 HEATH AVENUE NORTH","OAKDALE","MN",55128,44.9791240690001,-92.9544227649999,462,"2125 HEATH AVENUE NORTH, OAKDALE, MN, 55128","Match","Exact","2125 HEATH AVE N, OAKDALE, MN, 55128",97806365,"R"
115963,"2125 INDIGO LANE","HEARTLAND","TX",75126,32.683558969,-96.4554613769999,463,"2125 INDIGO LANE, HEARTLAND, TX, 75126","Match","Exact","2125 INDIGO LN, HEARTLAND, TX, 75126",648276920,"R"
115964,"2125 JERICHO RD","AURORA","IL",60506,41.7447263,-88.3670708879999,464,"2125 JERICHO RD, AURORA, IL, 60506","Match","Exact","2125 JERICHO RD, AURORA, IL, 60506",637747017,"R"
115965,"2125 KITTYHAWK AVE","SPRINGFIELD","OH",45503,39.960014347,-83.763269414,465,"2125 KITTYHAWK AVE, SPRINGFIELD, OH, 45503","Match","Exact","2125 KITTYHAWK AVE, SPRINGFIELD, OH, 45503",135019636,"R"
115966,"2125 LA HARVE DR","LAS VEGAS","NV",89106,36.1850556860001,-115.1712551,466,"2125 LA HARVE DR, LAS VEGAS, NV, 89106","Match","Exact","2125 LA HARVE DR, LAS VEGAS, NV, 89106",201865041,"L"
115967,"2125 LANIER RD","PLANT CITY","FL",33565,28.0873959740001,-82.1452447569999,467,"2125 LANIER RD, PLANT CITY, FL, 33565","Match","Exact","2125 LANIER RD, PLANT CITY, FL, 33565",104570210,"R"
115968,"2125 LANIHULI DRIVE","HONOLULU","HI",96822,21.304597705,-157.822822802,468,"2125 LANIHULI DRIVE, HONOLULU, HI, 96822","Match","Exact","2125 LANIHULI DR, HONOLULU, HI, 96822",203237716,"R"
115969,"2125 LAUREL BLOSSOM CIR","OCOEE","FL",34761,28.6137528790001,-81.508970183,469,"2125 LAUREL BLOSSOM CIR, OCOEE, FL, 34761","Match","Exact","2125 LAUREL BLOSSOM CIR, OCOEE, FL, 34761",94428796,"R"
115970,"2125 MARTIN DRIVE","BEDFORD","TX",76021,32.841945717,-97.12063225,470,"2125 MARTIN DRIVE, BEDFORD, TX, 76021","Match","Exact","2125 MARTIN DR, BEDFORD, TX, 76021",102121524,"L"
115971,"2125 MOUNTAIN RAIL DR","NORTH LAS VEGAS","NV",89084,36.278084689,-115.172466883,471,"2125 MOUNTAIN RAIL DR, NORTH LAS VEGAS, NV, 89084","Match","Exact","2125 MOUNTAIN RAIL DR, N LAS VEGAS, NV, 89084",612989374,"L"
115972,"2125 N BARTON AVE","FRESNO","CA",93703,36.7694780250001,-119.749936295,472,"2125 N BARTON AVE, FRESNO, CA, 93703","Match","Exact","2125 N BARTON AVE, FRESNO, CA, 93703",647460633,"L"
115973,"2125 NE 204TH STREET","MIAMI","FL",33179,25.9644488550001,-80.158777328,473,"2125 NE 204TH STREET, MIAMI, FL, 33179","Match","Exact","2125 NE 204TH ST, MIAMI, FL, 33179",116035046,"L"
115974,"2125 NE 24TH TERRACE","CAPE CORAL","FL",33909,26.6971651120001,-81.930367071,474,"2125 NE 24TH TERRACE, CAPE CORAL, FL, 33909","Match","Exact","2125 NE 24TH TER, CAPE CORAL, FL, 33909",118007949,"L"
115975,"2125 OAK GROVE ROAD SUITE 120","WALNUT CREEK","CA",94598,37.930912623,-122.017878,475,"2125 OAK GROVE ROAD SUITE 120, WALNUT CREEK, CA, 94598","Match","Exact","2125 OAK GROVE RD, WALNUT CREEK, CA, 94598",192057043,"R"
115976,"2125 OAKMONT WAY 1","WEST SACRAMENTO","CA",95891,38.576295357,-121.538367531,476,"2125 OAKMONT WAY 1, WEST SACRAMENTO, CA, 95891","Match","Non_Exact","2125 OAKMONT WAY, WEST SACRAMENTO, CA, 95691",67693015,"L"
115977,"2125 OLLADALE DRIVE","FORT WAYNE","IN",46808,41.093632873,-85.1835234489999,477,"2125 OLLADALE DRIVE, FORT WAYNE, IN, 46808","Match","Exact","2125 OLLADALE DR, FORT WAYNE, IN, 46808",639775139,"L"
115978,"2125 ORINOCO DRIVE STE 132","ORLANDO","FL",32837,28.4135079370001,-81.407057202,478,"2125 ORINOCO DRIVE STE 132, ORLANDO, FL, 32837","Match","Exact","2125 ORINOCO DR, ORLANDO, FL, 32837",640887839,"R"
115979,"2125 PARK BLVD","SAN DIEGO","CA",92101,32.7276970660001,-117.147393032,479,"2125 PARK BLVD, SAN DIEGO, CA, 92101","Match","Non_Exact","2125 PARK BLVD, SAN DIEGO, CA, 92103",195343797,"R"
115980,"2125 PEARL CIDER ST","ORLANDO","FL",32824,28.397915223,-81.352519034,480,"2125 PEARL CIDER ST, ORLANDO, FL, 32824","Match","Exact","2125 PEARL CIDER ST, ORLANDO, FL, 32824",650660833,"L"
115981,"2125 PEARSON AVE","LAUREL","MS",39440,31.666165124,-89.1443726269999,481,"2125 PEARSON AVE, LAUREL, MS, 39440","Match","Exact","2125 PEARSON AVE, LAUREL, MS, 39440",639776345,"R"
115982,"2125 PEARSON AVENUE","LAUREL","MS",39440,31.666165124,-89.1443726269999,482,"2125 PEARSON AVENUE, LAUREL, MS, 39440","Match","Exact","2125 PEARSON AVE, LAUREL, MS, 39440",639776345,"R"
115983,"2125 RIVER FALLS DRIVE","ROSWELL","GA",30076,33.9966037940001,-84.299959132,483,"2125 RIVER FALLS DRIVE, ROSWELL, GA, 30076","Match","Exact","2125 RIVER FALLS DR, ROSWELL, GA, 30076",17386864,"R"
115984,"2125 ROCKY POINT RD","JUDSONIA","AR",72081,35.3240528920001,-91.623891264,484,"2125 ROCKY POINT RD, JUDSONIA, AR, 72081","Match","Exact","2125 ROCKY POINT RD, JUDSONIA, AR, 72081",82964203,"L"
115985,"2125 S 11TH ST","CHESTERTON","IN",46304,41.5911352150001,-87.066801157,485,"2125 S 11TH ST, CHESTERTON, IN, 46304","Match","Exact","2125 S 11TH ST, CHESTERTON, IN, 46304",119910116,"R"
115986,"2125 S 11TH STREET","CHESTERTON","IN",46304,41.5911352150001,-87.066801157,486,"2125 S 11TH STREET, CHESTERTON, IN, 46304","Match","Exact","2125 S 11TH ST, CHESTERTON, IN, 46304",119910116,"R"
115987,"2125 S TECUMSEH RD LOT 118","SPRINGFIELD","OH",45502,39.8937789760001,-83.906066928,487,"2125 S TECUMSEH RD LOT 118, SPRINGFIELD, OH, 45502","Match","Non_Exact","2125 S TECUMSEH RD, SPRINGFIELD, OH, 45502",135007779,"R"
115988,"2125 SE FLORENCE DR","WAUKEE","IA",50263,41.5907817300001,-93.863179019,488,"2125 SE FLORENCE DR, WAUKEE, IA, 50263","Match","Exact","2125 SE FLORENCE DR, WAUKEE, IA, 50263",600642878,"L"
115989,"2125 SOUTHEND DR STE 452","CHARLOTTE","NC",28203,35.2066489950001,-80.860217043,489,"2125 SOUTHEND DR STE 452, CHARLOTTE, NC, 28203","Match","Exact","2125 SOUTHEND DR, CHARLOTTE, NC, 28203",70627398,"L"
115990,"2125 SPRING GROVE COURT","MOBILE","AL",36695,NA,NA,490,"2125 SPRING GROVE COURT, MOBILE, AL, 36695","No_Match",NA,NA,NA,NA
115991,"2125 ST RAYMOND AVE APT 3E","BRONX","NY",10462,40.837570353,-73.8545344889999,491,"2125 ST RAYMOND AVE APT 3E, BRONX, NY, 10462","Match","Exact","2125 SAINT RAYMOND AVE, BRONX, NY, 10462",80305467,"L"
115992,"2125 TROY CT","COLORADO SPRINGS","CO",80918,38.8924908340001,-104.787458458,492,"2125 TROY CT, COLORADO SPRINGS, CO, 80918","Match","Exact","2125 TROY CT, COLORADO SPRINGS, CO, 80918",105515344,"L"
115993,"2125 W COMPTON BLVD","COMPTON","CA",90220,33.89579353,-118.253507471,493,"2125 W COMPTON BLVD, COMPTON, CA, 90220","Match","Exact","2125 W COMPTON BLVD, COMPTON, CA, 90220",141673962,"R"
115994,"2125 W NEW HOPE RD","ROGERS","AR",72758,36.3122851730001,-94.148957566,494,"2125 W NEW HOPE RD, ROGERS, AR, 72758","Match","Exact","2125 W NEW HOPE RD, ROGERS, AR, 72758",614095992,"R"
115995,"2125 WALTHAM RD","COLUMBUS","OH",43221,39.995565077,-83.0647034739999,495,"2125 WALTHAM RD, COLUMBUS, OH, 43221","Match","Exact","2125 WALTHAM RD, COLUMBUS, OH, 43221",218652361,"L"
115996,"21250 CALAFIA STREET SUITE 102","WOODLAND HILLS","CA",91367,34.1771335080001,-118.594837352,496,"21250 CALAFIA STREET SUITE 102, WOODLAND HILLS, CA, 91367","Match","Non_Exact","21250 CALIFA ST, WOODLAND HILLS, CA, 91367",141535400,"L"
115997,"21250 HARPER SUITE 9","SAINT CLAIR SHORES","MI",48080,42.452023862,-82.9140310239999,497,"21250 HARPER SUITE 9, SAINT CLAIR SHORES, MI, 48080","Match","Non_Exact","21250 HARPER AVE, SAINT CLAIR SHORES, MI, 48080",648186706,"R"
115998,"21251 BRISTLECONE","MISSION VIEJO","CA",92692,33.6537466460001,-117.642776117,498,"21251 BRISTLECONE, MISSION VIEJO, CA, 92692","Match","Exact","21251 BRISTLECONE, MISSION VIEJO, CA, 92692",629881831,"R"
115999,"21251 STONEYBROOK GOLF BLVD","ESTERO","FL",33928,26.432678267,-81.768252655,499,"21251 STONEYBROOK GOLF BLVD, ESTERO, FL, 33928","Match","Exact","21251 STONEYBROOK GOLF BLVD, ESTERO, FL, 33928",638636638,"L"
116000,"21252 NW MAGNOLIA VFD RD","ALTHA","FL",32421,NA,NA,500,"21252 NW MAGNOLIA VFD RD, ALTHA, FL, 32421","No_Match",NA,NA,NA,NA
