"ID","Address","City","State","Zip","lat","long","id","input_address","match_indicator","match_type","matched_address","tiger_line_id","tiger_side"
105501,"201 DONAHEY AVE","CONWAY","AR",72035,NA,NA,1,"201 DONAHEY AVE, CONWAY, AR, 72035","No_Match",NA,NA,NA,NA
105502,"201 DOUGHERTY COURT","RIDGEWAY","WI",53582,43.0055587270001,-89.9880676989999,2,"201 DOUGHERTY COURT, RIDGEWAY, WI, 53582","Match","Exact","201 DOUGHERTY CT, RIDGEWAY, WI, 53582",49802359,"L"
105503,"201 DOVE MEADOW DR","CONROE","TX",77384,30.2459491170001,-95.497064181,3,"201 DOVE MEADOW DR, CONROE, TX, 77384","Match","Exact","201 DOVE MEADOW DR, CONROE, TX, 77384",651091570,"L"
105504,"201 E  ARMY TRAIL ROAD SUITE 306","BLOOMINGDALE","IL",60108,41.9359890920001,-88.071235782,4,"201 E  ARMY TRAIL ROAD SUITE 306, BLOOMINGDALE, IL, 60108","Match","Exact","201 ARMY TRAIL RD, BLOOMINGDALE, IL, 60108",112735915,"L"
105505,"201 E 11TH AVE","RANSON","WV",25438,39.302347238,-77.8616456409999,5,"201 E 11TH AVE, RANSON, WV, 25438","Match","Exact","201 E 11TH AVE, RANSON, WV, 25438",638666858,"R"
105506,"201 E 1ST ST","SANFORD","FL",32771,28.811689361,-81.266986274,6,"201 E 1ST ST, SANFORD, FL, 32771","Match","Exact","201 E 1ST ST, SANFORD, FL, 32771",640018913,"R"
105507,"201 E 2ND ST","THE DALLES","OR",97058,45.6018103860001,-121.183000885,7,"201 E 2ND ST, THE DALLES, OR, 97058","Match","Exact","201 E 2ND ST, THE DALLES, OR, 97058",175532597,"R"
105508,"201 E 2ND STREET","VILLISCA","IA",50864,40.9304950860001,-94.9784925719999,8,"201 E 2ND STREET, VILLISCA, IA, 50864","Match","Exact","201 E 2ND ST, VILLISCA, IA, 50864",43873510,"L"
105509,"201 E 37TH STREET","READING","PA",19606,40.320413913,-75.870429159,9,"201 E 37TH STREET, READING, PA, 19606","Match","Exact","201 E 37TH ST, READING, PA, 19606",80385262,"R"
105510,"201 E 3RD STREET","PLYMOUTH","NC",27962,35.8655064610001,-76.7480397209999,10,"201 E 3RD STREET, PLYMOUTH, NC, 27962","Match","Exact","201 E 3RD ST, PLYMOUTH, NC, 27962",18681528,"R"
105511,"201 E 4TH STREET","NEILLSVILLE","WI",54456,44.558935703,-90.5946413779999,11,"201 E 4TH STREET, NEILLSVILLE, WI, 54456","Match","Exact","201 E 4TH ST, NEILLSVILLE, WI, 54456",50864161,"R"
105512,"201 E 5TH AVENUE SUITE D","GARY","IN",46402,NA,NA,12,"201 E 5TH AVENUE SUITE D, GARY, IN, 46402","Tie",NA,NA,NA,NA
105513,"201 E 5TH ST STE 1900","CINCINNATI","OH",45202,NA,NA,13,"201 E 5TH ST STE 1900, CINCINNATI, OH, 45202","Tie",NA,NA,NA,NA
105514,"201 E 5THST","ADEL","GA",31620,NA,NA,14,"201 E 5THST, ADEL, GA, 31620","No_Match",NA,NA,NA,NA
105515,"201 E ALLEN ST  SUITE 204","WENTZVILLE","MO",63385,NA,NA,15,"201 E ALLEN ST  SUITE 204, WENTZVILLE, MO, 63385","Tie",NA,NA,NA,NA
105516,"201 E ASPEN AVE","FRUITA","CO",81521,39.1588882610001,-108.732370833,16,"201 E ASPEN AVE, FRUITA, CO, 81521","Match","Exact","201 E ASPEN AVE, FRUITA, CO, 81521",122425354,"R"
105517,"201 E BIRCH AVE STE 14","FLAGSTAFF","AZ",86001,NA,NA,17,"201 E BIRCH AVE STE 14, FLAGSTAFF, AZ, 86001","Tie",NA,NA,NA,NA
105518,"201 E BOWIE APT 1","LULING","TX",78648,NA,NA,18,"201 E BOWIE APT 1, LULING, TX, 78648","No_Match",NA,NA,NA,NA
105519,"201 E BROADWAY AVE","CLIFTON HEIGHTS","PA",19018,39.9298133930001,-75.2910098369999,19,"201 E BROADWAY AVE, CLIFTON HEIGHTS, PA, 19018","Match","Exact","201 E BROADWAY AVE, CLIFTON HEIGHTS, PA, 19018",134883269,"L"
105520,"201 E BROADWAY","EXCELSIOR SPRINGS","MO",64024,NA,NA,20,"201 E BROADWAY, EXCELSIOR SPRINGS, MO, 64024","No_Match",NA,NA,NA,NA
105521,"201 E BUTLER AVENUE","SALUDA","SC",29138,34.0037569250001,-81.7709048469999,21,"201 E BUTLER AVENUE, SALUDA, SC, 29138","Match","Exact","201 E BUTLER AVE, SALUDA, SC, 29138",65522680,"L"
105522,"201 E CENTER ST STE 112-3151","ANAHEIM","CA",92805,NA,NA,22,"201 E CENTER ST STE 112-3151, ANAHEIM, CA, 92805","Tie",NA,NA,NA,NA
105523,"201 E CHAPMAN AVE","FULLERTON","CA",92832,33.873994957,-117.921911052,23,"201 E CHAPMAN AVE, FULLERTON, CA, 92832","Match","Exact","201 E CHAPMAN AVE, FULLERTON, CA, 92832",144022481,"L"
105524,"201 E CHAPMAN AVENUE","FULLERTON","CA",92832,33.873994957,-117.921911052,24,"201 E CHAPMAN AVENUE, FULLERTON, CA, 92832","Match","Exact","201 E CHAPMAN AVE, FULLERTON, CA, 92832",144022481,"L"
105525,"201 E CHAPMAN AVENUE","FULLERTON","CA",92835,33.873994957,-117.921911052,25,"201 E CHAPMAN AVENUE, FULLERTON, CA, 92835","Match","Non_Exact","201 E CHAPMAN AVE, FULLERTON, CA, 92832",144022481,"L"
105526,"201 E FIFTH STREET SUITE 1700","CINCINNATI","OH",45202,NA,NA,26,"201 E FIFTH STREET SUITE 1700, CINCINNATI, OH, 45202","Tie",NA,NA,NA,NA
105527,"201 E FIFTH STREET","WALSENBURG","CO",81089,37.6252087980001,-104.779690999,27,"201 E FIFTH STREET, WALSENBURG, CO, 81089","Match","Exact","201 E 5TH ST, WALSENBURG, CO, 81089",607505889,"R"
105528,"201 E GROVE","DELTON","MI",49046,NA,NA,28,"201 E GROVE, DELTON, MI, 49046","No_Match",NA,NA,NA,NA
105529,"201 E HURON AVE","FOLLY BEACH","SC",29439,32.658461275,-79.939533889,29,"201 E HURON AVE, FOLLY BEACH, SC, 29439","Match","Exact","201 E HURON AVE, FOLLY BEACH, SC, 29439",108813972,"R"
105530,"201 E KENNEDY BLVD SUITE 600","TAMPA","FL",33602,27.9474239140001,-82.4587011959999,30,"201 E KENNEDY BLVD SUITE 600, TAMPA, FL, 33602","Match","Non_Exact","201 E KENNEDY BLVD, TAMPA, FL, 33602",104530165,"R"
105531,"201 E LAMAR STREET","SHERMAN","TX",75090,33.6358519450001,-96.607748667,31,"201 E LAMAR STREET, SHERMAN, TX, 75090","Match","Exact","201 E LAMAR ST, SHERMAN, TX, 75090",63355889,"L"
105532,"201 E LIBERTY ST","SUMTER","SC",29150,33.9202420550001,-80.337177255,32,"201 E LIBERTY ST, SUMTER, SC, 29150","Match","Exact","201 E LIBERTY ST, SUMTER, SC, 29150",202670359,"R"
105533,"201 E LOULA STREET SUITE 103","OLATHE","KS",66061,NA,NA,33,"201 E LOULA STREET SUITE 103, OLATHE, KS, 66061","Tie",NA,NA,NA,NA
105534,"201 E MAIN DRIVE","EL PASO","TX",79902,NA,NA,34,"201 E MAIN DRIVE, EL PASO, TX, 79902","No_Match",NA,NA,NA,NA
105535,"201 E MAIN ST STE 2","JOHNSON CITY","TN",37604,36.3165503450001,-82.355604106,35,"201 E MAIN ST STE 2, JOHNSON CITY, TN, 37604","Match","Non_Exact","201 W MAIN ST, JOHNSON CITY, TN, 37604",127923655,"L"
105536,"201 E MAIN ST STE 202","WASHINGTON","IN",47501,NA,NA,36,"201 E MAIN ST STE 202, WASHINGTON, IN, 47501","Tie",NA,NA,NA,NA
105537,"201 E MAIN ST STE A","CUSHING","OK",74023,NA,NA,37,"201 E MAIN ST STE A, CUSHING, OK, 74023","Tie",NA,NA,NA,NA
105538,"201 E MAIN STREET","MANASQUAN","NJ",8736,40.1219576560001,-74.048638898,38,"201 E MAIN STREET, MANASQUAN, NJ, 8736","Match","Exact","201 E MAIN ST, MANASQUAN, NJ, 08736",90519985,"R"
105539,"201 E MAIN","RITZVILLE","WA",99169,47.12825687,-118.379129367,39,"201 E MAIN, RITZVILLE, WA, 99169","Match","Non_Exact","201 E MAIN AVE, RITZVILLE, WA, 99169",181840575,"L"
105540,"201 E MAPLE STREET","FREMONT","MI",49412,43.465307485,-85.941512421,40,"201 E MAPLE STREET, FREMONT, MI, 49412","Match","Exact","201 E MAPLE ST, FREMONT, MI, 49412",150218380,"R"
105541,"201 E MILLER ST","DE SOTO","MO",63020,38.133990285,-90.554207028,41,"201 E MILLER ST, DE SOTO, MO, 63020","Match","Exact","201 E MILLER ST, DE SOTO, MO, 63020",62770756,"L"
105542,"201 E MONROE ST  PO BOX 386","MOUNT AYR","IA",50854,NA,NA,42,"201 E MONROE ST  PO BOX 386, MOUNT AYR, IA, 50854","Tie",NA,NA,NA,NA
105543,"201 E MONROE STREET","MOUNT AYR","IA",50854,40.7138396940001,-94.236153297,43,"201 E MONROE STREET, MOUNT AYR, IA, 50854","Match","Exact","201 E MONROE ST, MOUNT AYR, IA, 50854",81402699,"R"
105544,"201 E PARK ST","CHAMPAIGN","IL",61820,40.1173217670001,-88.2370115589999,44,"201 E PARK ST, CHAMPAIGN, IL, 61820","Match","Exact","201 E PARK ST, CHAMPAIGN, IL, 61820",8811426,"R"
105545,"201 E SALAIGNAC STREET","PHILADELPHIA","PA",19128,40.0218081400001,-75.207381641,45,"201 E SALAIGNAC STREET, PHILADELPHIA, PA, 19128","Match","Exact","201 E SALAIGNAC ST, PHILADELPHIA, PA, 19128",131400347,"L"
105546,"201 E SHERIDAN STREET","DANIA BEACH","FL",33004,26.0337252310001,-80.140039359,46,"201 E SHERIDAN STREET, DANIA BEACH, FL, 33004","Match","Exact","201 E SHERIDAN ST, DANIA BEACH, FL, 33004",608971582,"L"
105547,"201 E SUNSET ROAD","EL PASO","TX",79922,31.836320318,-106.574495236,47,"201 E SUNSET ROAD, EL PASO, TX, 79922","Match","Exact","201 E SUNSET RD, EL PASO, TX, 79922",189335441,"L"
105548,"201 E THORNTON","THREE RIVERS","TX",78071,28.4604470890001,-98.181194847,48,"201 E THORNTON, THREE RIVERS, TX, 78071","Match","Non_Exact","201 E THORNTON ST, THREE RIVERS, TX, 78071",21572007,"R"
105549,"201 E TOWNSHIP LINE ROAD","UPPER DARBY","PA",19082,NA,NA,49,"201 E TOWNSHIP LINE ROAD, UPPER DARBY, PA, 19082","No_Match",NA,NA,NA,NA
105550,"201 EAGLE WAY","DOVER AFB","DE",19902,NA,NA,50,"201 EAGLE WAY, DOVER AFB, DE, 19902","No_Match",NA,NA,NA,NA
105551,"201 EAGLETON DR","MONROE","NY",10950,41.282602555,-74.249303007,51,"201 EAGLETON DR, MONROE, NY, 10950","Match","Exact","201 EAGLETON DR, MONROE, NY, 10950",636411350,"R"
105552,"201 EAST 16TH AVE","NORTH KANSAS CITY","MO",64116,39.137822332,-94.578769442,52,"201 EAST 16TH AVE, NORTH KANSAS CITY, MO, 64116","Match","Exact","201 E 16TH AVE, N KANSAS CITY, MO, 64116",642650468,"R"
105553,"201 EAST 16TH AVENUE","N KANSAS CITY","MO",64116,39.137822332,-94.578769442,53,"201 EAST 16TH AVENUE, N KANSAS CITY, MO, 64116","Match","Exact","201 E 16TH AVE, N KANSAS CITY, MO, 64116",642650468,"R"
105554,"201 EAST 198TH STREET","BRONX","NY",10458,40.870030969,-73.890739497,54,"201 EAST 198TH STREET, BRONX, NY, 10458","Match","Exact","201 E 198TH ST, BRONX, NY, 10458",640811273,"L"
105555,"201 EAST 19TH STREET","ATLANTIC","IA",50022,41.391712979,-95.010300162,55,"201 EAST 19TH STREET, ATLANTIC, IA, 50022","Match","Exact","201 E 19TH ST, ATLANTIC, IA, 50022",61587046,"L"
105556,"201 EAST 1ST STREET","DULUTH","MN",55802,46.7896011350001,-92.096700017,56,"201 EAST 1ST STREET, DULUTH, MN, 55802","Match","Exact","201 E 1ST ST, DULUTH, MN, 55802",163214568,"L"
105557,"201 EAST 21ST STREET","NEW YORK","NY",10010,40.73747597,-73.983896978,57,"201 EAST 21ST STREET, NEW YORK, NY, 10010","Match","Exact","201 E 21ST ST, NEW YORK, NY, 10010",59653676,"L"
105558,"201 EAST 25TH STREET UNIT 9L","NEW YORK","NY",10010,40.7400446820001,-73.982027097,58,"201 EAST 25TH STREET UNIT 9L, NEW YORK, NY, 10010","Match","Exact","201 E 25TH ST, NEW YORK, NY, 10010",59654541,"L"
105559,"201 EAST 37TH STREET C/O ATHLECTICS","READING","PA",19606,40.320413913,-75.870429159,59,"201 EAST 37TH STREET C/O ATHLECTICS, READING, PA, 19606","Match","Exact","201 E 37TH ST, READING, PA, 19606",80385262,"R"
105560,"201 EAST 42ND STREET","BROOKLYN","NY",11203,40.6508424840001,-73.938014844,60,"201 EAST 42ND STREET, BROOKLYN, NY, 11203","Match","Exact","201 E 42ND ST, BROOKLYN, NY, 11203",59081891,"L"
105561,"201 EAST 69TH ST APT 6I","NEW YORK","NY",10021,40.767801525,-73.961969314,61,"201 EAST 69TH ST APT 6I, NEW YORK, NY, 10021","Match","Exact","201 E 69TH ST, NEW YORK, NY, 10021",650076075,"L"
105562,"201 EAST 77TH APT 12B","NEW YORK","NY",10075,40.772895196,-73.958069199,62,"201 EAST 77TH APT 12B, NEW YORK, NY, 10075","Match","Non_Exact","201 E 77TH ST, NEW YORK, NY, 10075",59657408,"L"
105563,"201 EAST 91ST STREET","LOS ANGELES","CA",90003,33.953783942,-118.271515134,63,"201 EAST 91ST STREET, LOS ANGELES, CA, 90003","Match","Exact","201 E 91ST ST, LOS ANGELES, CA, 90003",141670989,"L"
105564,"201 EAST ADAMS STREET","SPRINGFIELD","IL",62701,39.8006630510001,-89.65319772,64,"201 EAST ADAMS STREET, SPRINGFIELD, IL, 62701","Match","Exact","201 E ADAMS ST, SPRINGFIELD, IL, 62701",97323088,"L"
105565,"201 EAST BROOKLAND PARK BOULEVARD","RICHMOND","VA",23222,37.571356607,-77.430322294,65,"201 EAST BROOKLAND PARK BOULEVARD, RICHMOND, VA, 23222","Match","Exact","201 E BROOKLAND PARK BLVD, RICHMOND, VA, 23222",201539664,"R"
105566,"201 EAST BROUGHTON STREET","SAVANNAH","GA",31401,32.078355609,-81.089613694,66,"201 EAST BROUGHTON STREET, SAVANNAH, GA, 31401","Match","Exact","201 E BROUGHTON ST, SAVANNAH, GA, 31401",6175126,"R"
105567,"201 EAST CHAPMAN AVE","FULLERTON","CA",92835,33.873994957,-117.921911052,67,"201 EAST CHAPMAN AVE, FULLERTON, CA, 92835","Match","Non_Exact","201 E CHAPMAN AVE, FULLERTON, CA, 92832",144022481,"L"
105568,"201 EAST COMMERCE STREET SUITE 316","YOUNGSTOWN","OH",44503,41.099900163,-80.646281803,68,"201 EAST COMMERCE STREET SUITE 316, YOUNGSTOWN, OH, 44503","Match","Exact","201 E COMMERCE ST, YOUNGSTOWN, OH, 44503",64627556,"R"
105569,"201 EAST CRESTON","DES MOINES","IA",50315,41.5611648080001,-93.612697345,69,"201 EAST CRESTON, DES MOINES, IA, 50315","Match","Non_Exact","201 E CRESTON AVE, DES MOINES, IA, 50315",65786631,"R"
105570,"201 EAST G STREET","RUSSELLVILLE","AR",72801,35.284356363,-93.131741177,70,"201 EAST G STREET, RUSSELLVILLE, AR, 72801","Match","Exact","201 E G ST, RUSSELLVILLE, AR, 72801",81880729,"R"
105571,"201 EAST LAKE BLVD","LAKE MAHOPAC","NY",10541,41.3787183000001,-73.728472427,71,"201 EAST LAKE BLVD, LAKE MAHOPAC, NY, 10541","Match","Non_Exact","201 E LAKE BLVD, MAHOPAC, NY, 10541",139712409,"R"
105572,"201 EAST LAWSON ROAD","JONESBORO","AR",72404,NA,NA,72,"201 EAST LAWSON ROAD, JONESBORO, AR, 72404","No_Match",NA,NA,NA,NA
105573,"201 EAST MAIN ST SUITE 202","ROCK HILL","SC",29730,34.9249759350001,-81.025996708,73,"201 EAST MAIN ST SUITE 202, ROCK HILL, SC, 29730","Match","Exact","201 E MAIN ST, ROCK HILL, SC, 29730",19791648,"L"
105574,"201 EAST MAIN STREET","BATAVIA","NY",14020,42.99736476,-78.181805603,74,"201 EAST MAIN STREET, BATAVIA, NY, 14020","Match","Exact","201 E MAIN ST, BATAVIA, NY, 14020",48141581,"R"
105575,"201 EAST MAIN STREET","CARMI","IL",62821,38.0901513630001,-88.159908709,75,"201 EAST MAIN STREET, CARMI, IL, 62821","Match","Exact","201 E MAIN ST, CARMI, IL, 62821",38203779,"L"
105576,"201 EAST RAHN ROAD","KETTERING","OH",45429,39.6690192450001,-84.158086877,76,"201 EAST RAHN ROAD, KETTERING, OH, 45429","Match","Exact","201 E RAHN RD, KETTERING, OH, 45429",143583625,"L"
105577,"201 EAST ROUND GROVE ROAD APT 1212","LEWISVILLE","TX",75067,33.003612252,-96.988705094,77,"201 EAST ROUND GROVE ROAD APT 1212, LEWISVILLE, TX, 75067","Match","Exact","201 E ROUND GROVE RD, LEWISVILLE, TX, 75067",614179398,"R"
105578,"201 EAST SANTA ROSA STREET","VICTORIA","TX",77091,28.7979288330001,-97.005341342,78,"201 EAST SANTA ROSA STREET, VICTORIA, TX, 77091","Match","Non_Exact","201 E SANTA ROSA ST, VICTORIA, TX, 77901",44559469,"R"
105579,"201 EAST SECTION AVENUE","FOLEY","AL",36535,30.4140852200001,-87.6827539289999,79,"201 EAST SECTION AVENUE, FOLEY, AL, 36535","Match","Exact","201 E SECTION AVE, FOLEY, AL, 36535",638060478,"L"
105580,"201 EASTERN PARKWAY APT 4F","BROOKLYN","NY",11238,40.671833173,-73.9625365209999,80,"201 EASTERN PARKWAY APT 4F, BROOKLYN, NY, 11238","Match","Exact","201 EASTERN PKWY, BROOKLYN, NY, 11238",640853032,"R"
105581,"201 EASTERN PKWY APT 1R","BROOKLYN","NY",11238,40.671833173,-73.9625365209999,81,"201 EASTERN PKWY APT 1R, BROOKLYN, NY, 11238","Match","Exact","201 EASTERN PKWY, BROOKLYN, NY, 11238",640853032,"R"
105582,"201 EASTERN PKWY APT 2C","BROOKLYN","NY",11238,40.671833173,-73.9625365209999,82,"201 EASTERN PKWY APT 2C, BROOKLYN, NY, 11238","Match","Exact","201 EASTERN PKWY, BROOKLYN, NY, 11238",640853032,"R"
105583,"201 EASTIN ROAD","LEXINGTON","KY",40505,38.0679204840001,-84.459956727,83,"201 EASTIN ROAD, LEXINGTON, KY, 40505","Match","Exact","201 EASTIN RD, LEXINGTON, KY, 40505",31934111,"L"
105584,"201 EC LOOMIS DR","ELK RAPIDS","MI",49629,NA,NA,84,"201 EC LOOMIS DR, ELK RAPIDS, MI, 49629","No_Match",NA,NA,NA,NA
105585,"201 EDISON AVENUE","PORTSMOUTH","VA",23702,36.812560046,-76.325499877,85,"201 EDISON AVENUE, PORTSMOUTH, VA, 23702","Match","Exact","201 EDISON AVE, PORTSMOUTH, VA, 23702",122194511,"L"
105586,"201 ENTERPRISE ROW SUITE 12","CONROE","TX",77301,30.2879533460001,-95.459750519,86,"201 ENTERPRISE ROW SUITE 12, CONROE, TX, 77301","Match","Exact","201 ENTERPRISE ROW, CONROE, TX, 77301",79312711,"R"
105587,"201 EVERGREEN ST B7-2F","VESTAL","NY",13850,42.0935873110001,-76.009060414,87,"201 EVERGREEN ST B7-2F, VESTAL, NY, 13850","Match","Exact","201 EVERGREEN ST, VESTAL, NY, 13850",635731469,"L"
105588,"201 FAIRACRES RD","SCRIBNER","NE",68057,NA,NA,88,"201 FAIRACRES RD, SCRIBNER, NE, 68057","No_Match",NA,NA,NA,NA
105589,"201 FAIRCREST DRIVE BOX 272","CLEBURNE","TX",76033,32.336703705,-97.409569862,89,"201 FAIRCREST DRIVE BOX 272, CLEBURNE, TX, 76033","Match","Exact","201 FAIRCREST DR, CLEBURNE, TX, 76033",103521075,"L"
105590,"201 FAIRGROUND LN","WELDON","NC",27890,NA,NA,90,"201 FAIRGROUND LN, WELDON, NC, 27890","No_Match",NA,NA,NA,NA
105591,"201 FAIRWOOD DRIVE","NORTH CHESTERFIELD","VA",23235,37.499297792,-77.551261779,91,"201 FAIRWOOD DRIVE, NORTH CHESTERFIELD, VA, 23235","Match","Exact","201 FAIRWOOD DR, NORTH CHESTERFIELD, VA, 23235",201568173,"R"
105592,"201 FALCON DRIVE","CONNELLSVILLE","PA",15425,40.025568288,-79.5778123969999,92,"201 FALCON DRIVE, CONNELLSVILLE, PA, 15425","Match","Exact","201 FALCON DR, CONNELLSVILLE, PA, 15425",613511139,"R"
105593,"201 FANFAIR AVE","ORLANDO","FL",32811,28.539629876,-81.4371126839999,93,"201 FANFAIR AVE, ORLANDO, FL, 32811","Match","Exact","201 FANFAIR AVE, ORLANDO, FL, 32811",94304270,"L"
105594,"201 FERNWOOD COURT","ALPHARETTA","GA",30004,34.118796522,-84.2522111389999,94,"201 FERNWOOD COURT, ALPHARETTA, GA, 30004","Match","Exact","201 FERNWOOD CT, ALPHARETTA, GA, 30004",70179649,"R"
105595,"201 FILHIOL AVE APT 1","MONROE","LA",71203,32.52501383,-92.077661309,95,"201 FILHIOL AVE APT 1, MONROE, LA, 71203","Match","Exact","201 FILHIOL AVE, MONROE, LA, 71203",161086574,"L"
105596,"201 FLATWOOD DR","CHESNEE","SC",29323,35.0386255280001,-81.897414829,96,"201 FLATWOOD DR, CHESNEE, SC, 29323","Match","Exact","201 FLATWOOD DR, CHESNEE, SC, 29323",19494364,"L"
105597,"201 FLIGHTLINE DRIVE","MINOT AFB","ND",58705,NA,NA,97,"201 FLIGHTLINE DRIVE, MINOT AFB, ND, 58705","No_Match",NA,NA,NA,NA
105598,"201 FOLSOM ST 23G","SAN FRANCISCO","CA",94105,37.7893111750001,-122.391920795,98,"201 FOLSOM ST 23G, SAN FRANCISCO, CA, 94105","Match","Exact","201 FOLSOM ST, SAN FRANCISCO, CA, 94105",192281698,"L"
105599,"201 FOOTE ST SW","CEDAR RAPIDS","IA",52404,41.968254438,-91.709087121,99,"201 FOOTE ST SW, CEDAR RAPIDS, IA, 52404","Match","Exact","201 FOOTE ST SW, CEDAR RAPIDS, IA, 52404",17024437,"L"
105600,"201 FOREST STREET","MARLBOROUGH","MA",1752,42.3323876260001,-71.577681422,100,"201 FOREST STREET, MARLBOROUGH, MA, 1752","Match","Exact","201 FOREST ST, MARLBOROUGH, MA, 01752",87114162,"L"
105601,"201 FORMOSA DRIVE","POINT COMFORT","TX",77979,NA,NA,101,"201 FORMOSA DRIVE, POINT COMFORT, TX, 77979","No_Match",NA,NA,NA,NA
105602,"201 FORT HOUSTON DRIVE","PALESTINE","TX",75801,31.7375577710001,-95.6479047289999,102,"201 FORT HOUSTON DRIVE, PALESTINE, TX, 75801","Match","Exact","201 FORT HOUSTON DR, PALESTINE, TX, 75801",74665419,"L"
105603,"201 FOX DEN RD","KILLEN","AL",35645,34.88485259,-87.522194879,103,"201 FOX DEN RD, KILLEN, AL, 35645","Match","Exact","201 FOX DEN RD, KILLEN, AL, 35645",41330959,"L"
105604,"201 FRAN WAY","DALLAS","TX",75203,32.7463650180001,-96.8002936509999,104,"201 FRAN WAY, DALLAS, TX, 75203","Match","Exact","201 FRAN WAY, DALLAS, TX, 75203",102949233,"R"
105605,"201 FRANK DIXON ROAD","CLAIRFIELD","TN",37715,NA,NA,105,"201 FRANK DIXON ROAD, CLAIRFIELD, TN, 37715","No_Match",NA,NA,NA,NA
105606,"201 FRANKLIN ST","WRENTHAM","MA",2093,42.0736471220001,-71.33047307,106,"201 FRANKLIN ST, WRENTHAM, MA, 2093","Match","Exact","201 FRANKLIN ST, WRENTHAM, MA, 02093",87300221,"R"
105607,"201 FREDDIE ANN DR","PRINCETON","IN",47670,NA,NA,107,"201 FREDDIE ANN DR, PRINCETON, IN, 47670","No_Match",NA,NA,NA,NA
105608,"201 GALEN DR APT 105W","KEY BISCAYNE","FL",33149,25.6910535860001,-80.1622292169999,108,"201 GALEN DR APT 105W, KEY BISCAYNE, FL, 33149","Match","Exact","201 GALEN DR, KEY BISCAYNE, FL, 33149",612456353,"L"
105609,"201 GALLERIA DRIVE","DESOTO","TX",75115,32.5935904020001,-96.888592235,109,"201 GALLERIA DRIVE, DESOTO, TX, 75115","Match","Exact","201 GALLERIA DR, DESOTO, TX, 75115",648513361,"R"
105610,"201 GENET DR","ARABI","LA",70032,29.9630106010001,-89.991732473,110,"201 GENET DR, ARABI, LA, 70032","Match","Exact","201 GENET DR, ARABI, LA, 70032",111186256,"L"
105611,"201 GILLESPIE DRIVE UNIT 15404","FRANKLIN","TN",37067,35.9511170810001,-86.802081072,111,"201 GILLESPIE DRIVE UNIT 15404, FRANKLIN, TN, 37067","Match","Exact","201 GILLESPIE DR, FRANKLIN, TN, 37067",653270408,"R"
105612,"201 GLADON ST","HELENA WEST HELENA","AR",72390,NA,NA,112,"201 GLADON ST, HELENA WEST HELENA, AR, 72390","No_Match",NA,NA,NA,NA
105613,"201 GLINIEWICZ WAY","ABINGTON","MA",2351,42.117638158,-70.955103257,113,"201 GLINIEWICZ WAY, ABINGTON, MA, 2351","Match","Exact","201 GLINIEWICZ WAY, ABINGTON, MA, 02351",87489886,"R"
105614,"201 GOLDEN VALLEY DRIVE","ST LOUIS","MO",63129,38.489913895,-90.29894617,114,"201 GOLDEN VALLEY DRIVE, ST LOUIS, MO, 63129","Match","Exact","201 GOLDEN VALLEY DR, SAINT LOUIS, MO, 63129",100158154,"L"
105615,"201 GOVERNOR ST","NEW BRITAIN","CT",6053,41.6893421820001,-72.796191505,115,"201 GOVERNOR ST, NEW BRITAIN, CT, 6053","Match","Exact","201 GOVERNOR ST, NEW BRITAIN, CT, 06053",3509666,"R"
105616,"201 GRANDE PINES COURT WEST","JACKSON SPRINGS","NC",27281,35.1574597640001,-79.575662847,116,"201 GRANDE PINES COURT WEST, JACKSON SPRINGS, NC, 27281","Match","Exact","201 GRANDE PINES CT W, JACKSON SPGS, NC, 27281",653881854,"L"
105617,"201 GRANDIN ROAD","CHARLOTTE","NC",28208,35.2357660340001,-80.8602627769999,117,"201 GRANDIN ROAD, CHARLOTTE, NC, 28208","Match","Exact","201 GRANDIN RD, CHARLOTTE, NC, 28208",70477654,"L"
105618,"201 GRANT ROAD N","CHUCKEY","TN",37641,36.2269024240001,-82.685857121,118,"201 GRANT ROAD N, CHUCKEY, TN, 37641","Match","Non_Exact","201 GRANT RD, CHUCKEY, TN, 37641",127756102,"R"
105619,"201 GREY HAWK CT","MYRTLE BEACH","SC",29588,33.64535218,-79.0313710089999,119,"201 GREY HAWK CT, MYRTLE BEACH, SC, 29588","Match","Exact","201 GREY HAWK CT, MYRTLE BEACH, SC, 29588",629099881,"L"
105620,"201 GRIGSBY AVE","HOLLY SPRINGS","NC",27540,35.6492222860001,-78.8330389719999,120,"201 GRIGSBY AVE, HOLLY SPRINGS, NC, 27540","Match","Exact","201 GRIGSBY AVE, HOLLY SPRINGS, NC, 27540",72489810,"R"
105621,"201 HANCOCK LANE","PENSACOLA","FL",32503,30.483933548,-87.238730556,121,"201 HANCOCK LANE, PENSACOLA, FL, 32503","Match","Exact","201 HANCOCK LN, PENSACOLA, FL, 32503",628573037,"R"
105622,"201 HARMONY BLVD APT 104","POOLER","GA",31322,32.0813524770001,-81.262780404,122,"201 HARMONY BLVD APT 104, POOLER, GA, 31322","Match","Exact","201 HARMONY BLVD, POOLER, GA, 31322",650180690,"R"
105623,"201 HARRIS COURT","FRANKLIN","TN",37064,35.934154462,-86.895267019,123,"201 HARRIS COURT, FRANKLIN, TN, 37064","Match","Exact","201 HARRIS CT, FRANKLIN, TN, 37064",73121243,"R"
105624,"201 HARVEST FIELDS DR","BOALSBURG","PA",16827,40.7768950780001,-77.770134707,124,"201 HARVEST FIELDS DR, BOALSBURG, PA, 16827","Match","Exact","201 HARVEST FIELDS DR, BOALSBURG, PA, 16827",648166124,"L"
105625,"201 HAWK  AVE  SW","ORTING","WA",98360,47.0844631620001,-122.21198822,125,"201 HAWK  AVE  SW, ORTING, WA, 98360","Match","Exact","201 HAWK AVE SW, ORTING, WA, 98360",630335725,"L"
105626,"201 HAY ST STE 401 A","FAYETTEVILLE","NC",28301,35.0530810020001,-78.87978441,126,"201 HAY ST STE 401 A, FAYETTEVILLE, NC, 28301","Match","Exact","201 HAY ST, FAYETTEVILLE, NC, 28301",64201801,"L"
105627,"201 HEAD START ROAD","TCHULA","MS",39169,33.112178972,-90.293402676,127,"201 HEAD START ROAD, TCHULA, MS, 39169","Match","Exact","201 HEAD START RD, TCHULA, MS, 39169",7596192,"R"
105628,"201 HENRY STREET","EASTOVER","SC",29044,33.8832519000001,-80.693055203,128,"201 HENRY STREET, EASTOVER, SC, 29044","Match","Exact","201 HENRY ST, EASTOVER, SC, 29044",71812713,"R"
105629,"201 HERITAGE DRIVE","DELPHI","IN",46923,40.576574898,-86.664913945,129,"201 HERITAGE DRIVE, DELPHI, IN, 46923","Match","Exact","201 HERITAGE DR, DELPHI, IN, 46923",27049273,"R"
105630,"201 HEYMANN BLVD SUITE 24","LAFAYETTE","LA",70503,30.20629081,-92.014215667,130,"201 HEYMANN BLVD SUITE 24, LAFAYETTE, LA, 70503","Match","Exact","201 HEYMANN BLVD, LAFAYETTE, LA, 70503",85618691,"L"
105631,"201 HICKORY HILL CIR","ONEONTA","AL",35121,33.930416614,-86.475527523,131,"201 HICKORY HILL CIR, ONEONTA, AL, 35121","Match","Exact","201 HICKORY HILL CIR, ONEONTA, AL, 35121",99081065,"L"
105632,"201 HICKORY LANE","WILLIAMSTOWN","NJ",8094,39.660026202,-74.974728778,132,"201 HICKORY LANE, WILLIAMSTOWN, NJ, 8094","Match","Exact","201 HICKORY LN, WILLIAMSTOWN, NJ, 08094",134591313,"L"
105633,"201 HIGH RIDGE TRL","ROCKFORD","IL",61107,42.2941547300001,-88.938147057,133,"201 HIGH RIDGE TRL, ROCKFORD, IL, 61107","Match","Exact","201 HIGH RIDGE TRL, ROCKFORD, IL, 61107",92162036,"R"
105634,"201 HIGH STREET","SEVEN MILE","OH",45062,39.480593046,-84.5540883099999,134,"201 HIGH STREET, SEVEN MILE, OH, 45062","Match","Exact","201 HIGH ST, SEVEN MILE, OH, 45062",113788084,"L"
105635,"201 HIGHLAND AVENUE","LARGO","FL",33779,27.9184434090001,-82.774920202,135,"201 HIGHLAND AVENUE, LARGO, FL, 33779","Match","Non_Exact","201 HIGHLAND AVE, LARGO, FL, 33770",652511495,"L"
105636,"201 HIGHWAY 80 W","TALLULAH","LA",71282,NA,NA,136,"201 HIGHWAY 80 W, TALLULAH, LA, 71282","No_Match",NA,NA,NA,NA
105637,"201 HOFFMAN AVE","MONTEREY","CA",93940,36.613981843,-121.900953014,137,"201 HOFFMAN AVE, MONTEREY, CA, 93940","Match","Exact","201 HOFFMAN AVE, MONTEREY, CA, 93940",196814513,"L"
105638,"201 HONEYBROOK DR APT 301","VIRGINIA BEACH","VA",23462,36.841358794,-76.126786608,138,"201 HONEYBROOK DR APT 301, VIRGINIA BEACH, VA, 23462","Match","Exact","201 HONEYBROOK DR, VA BCH, VA, 23462",122282727,"R"
105639,"201 HORSE GUARDS LN","COLUMBIA","SC",29229,34.137234241,-80.897178815,139,"201 HORSE GUARDS LN, COLUMBIA, SC, 29229","Match","Exact","201 HORSE GUARDS LN, COLUMBIA, SC, 29229",71852381,"L"
105640,"201 HOUSTON STREET  SUITE 104","BATAVIA","IL",60510,41.8511528830001,-88.310876478,140,"201 HOUSTON STREET  SUITE 104, BATAVIA, IL, 60510","Match","Exact","201 HOUSTON ST, BATAVIA, IL, 60510",119511790,"R"
105641,"201 HUNTERS CREEK RD","FOREST","VA",24551,37.386372238,-79.248045636,141,"201 HUNTERS CREEK RD, FOREST, VA, 24551","Match","Exact","201 HUNTERS CREEK RD, FOREST, VA, 24551",228444722,"R"
105642,"201 HUNTERS CROSSING BLVD 10-111","BASTROP","TX",78602,30.107704326,-97.356671768,142,"201 HUNTERS CROSSING BLVD 10-111, BASTROP, TX, 78602","Match","Exact","201 HUNTERS CROSSING BLVD, BASTROP, TX, 78602",624787332,"L"
105643,"201 HUNTERS WAY","ANGIER","NC",27501,35.4937100940001,-78.7255911239999,143,"201 HUNTERS WAY, ANGIER, NC, 27501","Match","Exact","201 HUNTERS WAY, ANGIER, NC, 27501",71971540,"L"
105644,"201 HURON AVE","EHT","NJ",8234,39.353524195,-74.626196551,144,"201 HURON AVE, EHT, NJ, 8234","Match","Non_Exact","201 HURON AVE, EGG HARBOR TOWNSHIP, NJ, 08234",202481857,"L"
105645,"201 I ST SW APT 633","WASHINGTON","DC",20024,38.8792949900001,-77.0131306759999,145,"201 I ST SW APT 633, WASHINGTON, DC, 20024","Match","Exact","201 I ST SW, WASHINGTON, DC, 20024",76227081,"R"
105646,"201 I ST SW APT V715","WASHINGTON","DC",20024,38.8792949900001,-77.0131306759999,146,"201 I ST SW APT V715, WASHINGTON, DC, 20024","Match","Exact","201 I ST SW, WASHINGTON, DC, 20024",76227081,"R"
105647,"201 IMPALA DR ATTN - IB OFFICE","FORT COLLINS","CO",80521,40.5845266440001,-105.120839531,147,"201 IMPALA DR ATTN - IB OFFICE, FORT COLLINS, CO, 80521","Match","Non_Exact","201 S IMPALA DR, FORT COLLINS, CO, 80521",188489266,"R"
105648,"201 IMPALA DR","FORT COLLINS","CO",80521,40.5845266440001,-105.120839531,148,"201 IMPALA DR, FORT COLLINS, CO, 80521","Match","Non_Exact","201 S IMPALA DR, FORT COLLINS, CO, 80521",188489266,"R"
105649,"201 INCHCAPE CIRCLE APT 1D","OWINGS MILLS","MD",21117,39.4177531820001,-76.790823303,149,"201 INCHCAPE CIRCLE APT 1D, OWINGS MILLS, MD, 21117","Match","Exact","201 INCHCAPE CIR, OWINGS MILLS, MD, 21117",191465985,"L"
105650,"201 INVERNESS LANE","BROUSSARD","LA",70518,30.089101257,-91.9467133209999,150,"201 INVERNESS LANE, BROUSSARD, LA, 70518","Match","Exact","201 INVERNESS LN, BROUSSARD, LA, 70518",85629813,"L"
105651,"201 IVY ACRES DR","PIEDMONT","SC",29673,34.7405724220001,-82.4699921339999,151,"201 IVY ACRES DR, PIEDMONT, SC, 29673","Match","Exact","201 IVY ACRES DR, PIEDMONT, SC, 29673",625202219,"L"
105652,"201 JACKSON AVENUE","WILMINGTON","DE",19804,39.7230720970001,-75.6004360859999,152,"201 JACKSON AVENUE, WILMINGTON, DE, 19804","Match","Exact","201 JACKSON AVE, WILMINGTON, DE, 19804",187267775,"R"
105653,"201 JAY ST APT D54","STOWE","PA",19464,40.24814445,-75.688090357,153,"201 JAY ST APT D54, STOWE, PA, 19464","Match","Exact","201 JAY ST, STOWE, PA, 19464",135131612,"R"
105654,"201 JOHNSTON STREET","ST. GEORGE","SC",29485,33.18887842,-80.5732801839999,154,"201 JOHNSTON STREET, ST. GEORGE, SC, 29485","Match","Non_Exact","201 JOHNSTON ST, SAINT GEORGE, SC, 29477",178452342,"L"
105655,"201 JUNIPER DRIVE","SOUTH BURLINGTON","VT",5403,NA,NA,155,"201 JUNIPER DRIVE, SOUTH BURLINGTON, VT, 5403","No_Match",NA,NA,NA,NA
105656,"201 KELLOGG AVE","DALLAS CENTER","IA",50063,41.6872047630001,-93.9669747999999,156,"201 KELLOGG AVE, DALLAS CENTER, IA, 50063","Match","Exact","201 KELLOGG AVE, DALLAS CENTER, IA, 50063",65632325,"L"
105657,"201 KIESTER ROAD","SLIPPERY ROCK","PA",16057,41.0588855240001,-80.048272174,157,"201 KIESTER ROAD, SLIPPERY ROCK, PA, 16057","Match","Exact","201 KIESTER RD, SLIPPERY ROCK, PA, 16057",646948909,"L"
105658,"201 KIRBY HALL 716 SULLIVAN ROAD","EASTON","PA",18042,40.6969042110001,-75.211330598,158,"201 KIRBY HALL 716 SULLIVAN ROAD, EASTON, PA, 18042","Match","Exact","716 SULLIVAN RD, EASTON, PA, 18042",136958648,"R"
105659,"201 LACKAWANNA AVE","SCRANTON","PA",18503,41.4091093920001,-75.6687607869999,159,"201 LACKAWANNA AVE, SCRANTON, PA, 18503","Match","Exact","201 LACKAWANNA AVE, SCRANTON, PA, 18503",139342646,"L"
105660,"201 LAFAYETTE PLACE","FOREST","VA",24551,37.343239426,-79.270459162,160,"201 LAFAYETTE PLACE, FOREST, VA, 24551","Match","Exact","201 LAFAYETTE PL, FOREST, VA, 24551",62622212,"L"
105661,"201 LARITA DRIVE","BEN LOMOND","CA",95005,37.07797672,-122.077623108,161,"201 LARITA DRIVE, BEN LOMOND, CA, 95005","Match","Exact","201 LARITA DR, BEN LOMOND, CA, 95005",125519567,"L"
105662,"201 LAS VEGAS BLVD S 1533","LAS VEGAS","NV",89101,36.1679892020001,-115.141477676,162,"201 LAS VEGAS BLVD S 1533, LAS VEGAS, NV, 89101","Match","Exact","201 LAS VEGAS BLVD S, LAS VEGAS, NV, 89101",201867523,"L"
105663,"201 LEES MILL RD","FAYETTEVILLE","GA",30214,33.5087835080001,-84.506406366,163,"201 LEES MILL RD, FAYETTEVILLE, GA, 30214","Match","Exact","201 LEES MILL RD, FAYETTEVILLE, GA, 30214",644998279,"L"
105664,"201 LEUENBERGER LANE","DOUGLAS","WY",82633,42.910042452,-105.652936528,164,"201 LEUENBERGER LANE, DOUGLAS, WY, 82633","Match","Exact","201 LEUENBERGER LN, DOUGLAS, WY, 82633",146989381,"L"
105665,"201 LEWISTON RD","KETTERING","OH",45429,39.7031831140001,-84.1688313609999,165,"201 LEWISTON RD, KETTERING, OH, 45429","Match","Exact","201 LEWISTON RD, KETTERING, OH, 45429",143581962,"L"
105666,"201 LIBERTY ST STE 211","MORRIS","IL",60450,41.3573883660001,-88.423761578,166,"201 LIBERTY ST STE 211, MORRIS, IL, 60450","Match","Exact","201 LIBERTY ST, MORRIS, IL, 60450",54448655,"R"
105667,"201 LINCOLN ST","BERLIN","CT",6037,41.6427920310001,-72.792533294,167,"201 LINCOLN ST, BERLIN, CT, 6037","Match","Exact","201 LINCOLN ST, BERLIN, CT, 06037",3511018,"L"
105668,"201 LINDEN BLVD","BROOKLYN","NY",11226,40.6525665510001,-73.9513548639999,168,"201 LINDEN BLVD, BROOKLYN, NY, 11226","Match","Exact","201 LINDEN BLVD, BROOKLYN, NY, 11226",59081473,"L"
105669,"201 LINEHAN ROAD","MOUNDHOUSE","NV",89706,39.229685793,-119.685345115,169,"201 LINEHAN ROAD, MOUNDHOUSE, NV, 89706","Match","Non_Exact","201 LINEHAN RD, MOUND HOUSE, NV, 89706",645462113,"L"
105670,"201 LIVERMORE AVEUNE","STATEN ISLAND","NY",10314,40.619198398,-74.1382019449999,170,"201 LIVERMORE AVEUNE, STATEN ISLAND, NY, 10314","Match","Non_Exact","201 LIVERMORE AVE, STATEN ISLAND, NY, 10314",59871484,"L"
105671,"201 LOCHWEED COURT","COLUMBIA","SC",29212,34.085213029,-81.220416832,171,"201 LOCHWEED COURT, COLUMBIA, SC, 29212","Match","Exact","201 LOCHWEED CT, COLUMBIA, SC, 29212",70073145,"L"
105672,"201 LOCUST STREET","MCMINNVILLE","TN",37110,35.687202971,-85.7732172459999,172,"201 LOCUST STREET, MCMINNVILLE, TN, 37110","Match","Exact","201 LOCUST ST, MCMINNVILLE, TN, 37110",81344683,"L"
105673,"201 LODESTONE DR","DURHAM","NC",27703,35.986744322,-78.82429827,173,"201 LODESTONE DR, DURHAM, NC, 27703","Match","Exact","201 LODESTONE DR, DURHAM, NC, 27703",71761443,"R"
105674,"201 LONG BRANCH ROAD","PISGAH FOREST","NC",28768,35.2115518750001,-82.706247259,174,"201 LONG BRANCH ROAD, PISGAH FOREST, NC, 28768","Match","Exact","201 LONG BRANCH RD, PISGAH FOREST, NC, 28768",133742806,"L"
105675,"201 LYNN STREET","LATHROP","MO",64465,39.5442899700001,-94.322468322,175,"201 LYNN STREET, LATHROP, MO, 64465","Match","Exact","201 LYNN ST, LATHROP, MO, 64465",29440749,"R"
105676,"201 LYNNWOOD GOLD COURT","CHESAPEAKE","VA",23320,36.744266564,-76.240672225,176,"201 LYNNWOOD GOLD COURT, CHESAPEAKE, VA, 23320","Match","Exact","201 LYNNWOOD GOLD CT, CHESAPEAKE, VA, 23320",121787262,"R"
105677,"201 LYSLE BLVD","MCKEESPORT","PA",15132,40.3513924640001,-79.8667155529999,177,"201 LYSLE BLVD, MCKEESPORT, PA, 15132","Match","Exact","201 LYSLE BLVD, MCKEESPORT, PA, 15132",51671951,"L"
105678,"201 MADALINE DRIVE","AVENEL","NJ",7001,40.5719672380001,-74.2844679309999,178,"201 MADALINE DRIVE, AVENEL, NJ, 7001","Match","Exact","201 MADALINE DR, AVENEL, NJ, 07001",624425169,"R"
105679,"201 MAIN ST","ROUNDUP","MT",59072,46.442893946,-108.541943353,179,"201 MAIN ST, ROUNDUP, MT, 59072","Match","Exact","201 MAIN ST, ROUNDUP, MT, 59072",170777421,"R"
105680,"201 MAIN ST","SANFORD","TX",79078,35.702072479,-101.533368016,180,"201 MAIN ST, SANFORD, TX, 79078","Match","Exact","201 MAIN ST, SANFORD, TX, 79078",185354085,"R"
105681,"201 MAIN ST","WAYLAND","MA",1778,42.325020238,-71.364473295,181,"201 MAIN ST, WAYLAND, MA, 1778","Match","Exact","201 MAIN ST, WAYLAND, MA, 01778",87103765,"L"
105682,"201 MAIN STREET APT 1","OXFORD","MA",1540,42.1069112070001,-71.86661509,182,"201 MAIN STREET APT 1, OXFORD, MA, 1540","Match","Exact","201 MAIN ST, OXFORD, MA, 01540",40019266,"R"
105683,"201 MAIN STREET SUITE 102","RAPID CITY","SD",57701,44.079879207,-103.219653869,183,"201 MAIN STREET SUITE 102, RAPID CITY, SD, 57701","Match","Exact","201 MAIN ST, RAPID CITY, SD, 57701",205508596,"L"
105684,"201 MAIN STREET SUITE 2500","FORT WORTH","TX",76102,32.7563990030001,-97.3323838049999,184,"201 MAIN STREET SUITE 2500, FORT WORTH, TX, 76102","Match","Exact","201 MAIN ST, FORT WORTH, TX, 76102",101884696,"L"
105685,"201 MAIN STREET","CUSHING","IA",51018,42.465583791,-95.675165649,185,"201 MAIN STREET, CUSHING, IA, 51018","Match","Exact","201 MAIN ST, CUSHING, IA, 51018",93413097,"R"
105686,"201 MAIN STREET","ELMO","MO",64445,40.5184723950001,-95.117698482,186,"201 MAIN STREET, ELMO, MO, 64445","Match","Exact","201 MAIN ST, ELMO, MO, 64445",38554584,"R"
105687,"201 MARINA DRIVE - APT 507","TUSCALOOSA","AL",35406,33.221115324,-87.562813754,187,"201 MARINA DRIVE - APT 507, TUSCALOOSA, AL, 35406","Match","Exact","201 MARINA DR, TUSCALOOSA, AL, 35406",82220533,"L"
105688,"201 MARINA RESIDENCE DR","CAMDENTON","MO",65020,38.005471024,-92.793422261,188,"201 MARINA RESIDENCE DR, CAMDENTON, MO, 65020","Match","Exact","201 MARINA RESIDENCE DR, CAMDENTON, MO, 65020",610864070,"L"
105689,"201 MARKET HALL ST","MONCKS CORNER","SC",29461,33.078426408,-80.0142428029999,189,"201 MARKET HALL ST, MONCKS CORNER, SC, 29461","Match","Exact","201 MARKET HALL ST, MONCKS CORNER, SC, 29461",638905616,"R"
105690,"201 MARKET STREET      POST BOX 301","MOUNT VERNON","MO",65712,37.103029453,-93.818935868,190,"201 MARKET STREET      POST BOX 301, MOUNT VERNON, MO, 65712","Match","Exact","201 MARKET ST, MOUNT VERNON, MO, 65712",99858268,"L"
105691,"201 MARKET STREET","WARREN","PA",16365,41.8453353560001,-79.145440016,191,"201 MARKET STREET, WARREN, PA, 16365","Match","Exact","201 MARKET ST, WARREN, PA, 16365",98678568,"L"
105692,"201 MASSACHUSETTS AVENUE NE","WASHINGTON","DC",20002,38.8947633510001,-77.002429553,192,"201 MASSACHUSETTS AVENUE NE, WASHINGTON, DC, 20002","Match","Exact","201 MASSACHUSETTS AVE NE, WASHINGTON, DC, 20002",76229823,"R"
105693,"201 MATEER BUILDING","UNIVERSITY PARK","PA",16802,NA,NA,193,"201 MATEER BUILDING, UNIVERSITY PARK, PA, 16802","No_Match",NA,NA,NA,NA
105694,"201 MEADOW RUN EXT","ASHEVILLE","NC",28806,35.6371923070001,-82.625018167,194,"201 MEADOW RUN EXT, ASHEVILLE, NC, 28806","Match","Non_Exact","201 MEADOW RUN EXD, ASHEVILLE, NC, 28806",36900446,"R"
105695,"201 MEADOWLARK COURT","MARCO ISLAND","FL",34145,25.9468329860001,-81.6976408529999,195,"201 MEADOWLARK COURT, MARCO ISLAND, FL, 34145","Match","Exact","201 MEADOWLARK CT, MARCO ISLAND, FL, 34145",115122378,"R"
105696,"201 MEARLEAF PLACE","HOLLY SPRINGS","NC",27540,35.6671178220001,-78.878733123,196,"201 MEARLEAF PLACE, HOLLY SPRINGS, NC, 27540","Match","Exact","201 MEARLEAF PL, HOLLY SPRINGS, NC, 27540",624802059,"L"
105697,"201 MERCHANT STREET SUITE 2440","HONOLULU","HI",96813,21.3073270350001,-157.861389735,197,"201 MERCHANT STREET SUITE 2440, HONOLULU, HI, 96813","Match","Exact","201 MERCHANT ST, HONOLULU, HI, 96813",203236046,"R"
105698,"201 METAIRIE RD","METAIRIE","LA",70005,29.980392802,-90.1266083959999,198,"201 METAIRIE RD, METAIRIE, LA, 70005","Match","Exact","201 METAIRIE RD, METAIRIE, LA, 70005",93504219,"R"
105699,"201 METAIRIE ROAD","METAIRIE","LA",70005,29.980392802,-90.1266083959999,199,"201 METAIRIE ROAD, METAIRIE, LA, 70005","Match","Exact","201 METAIRIE RD, METAIRIE, LA, 70005",93504219,"R"
105700,"201 MICHIGAN APT 710","GRAND RAPIDS","MI",49503,NA,NA,200,"201 MICHIGAN APT 710, GRAND RAPIDS, MI, 49503","No_Match",NA,NA,NA,NA
105701,"201 MILFORD MILL ROAD","PIKESVILLE","MD",21208,39.363034693,-76.7214861479999,201,"201 MILFORD MILL ROAD, PIKESVILLE, MD, 21208","Match","Exact","201 MILFORD MILL RD, PIKESVILLE, MD, 21208",646663300,"L"
105702,"201 MILL HOLLOW RD","REXBURG","ID",83440,43.8233096540001,-111.768046439,202,"201 MILL HOLLOW RD, REXBURG, ID, 83440","Match","Non_Exact","201 S MILL HOLLOW RD, REXBURG, ID, 83440",119106901,"R"
105703,"201 MILLSPAUGH ST","SAN ANGELO","TX",76901,31.4482114790001,-100.476899818,203,"201 MILLSPAUGH ST, SAN ANGELO, TX, 76901","Match","Exact","201 MILLSPAUGH ST, SAN ANGELO, TX, 76901",190679326,"L"
105704,"201 MILWAUKEE STREET  SUITE 200","DENVER","CO",80206,39.719535206,-104.952205487,204,"201 MILWAUKEE STREET  SUITE 200, DENVER, CO, 80206","Match","Exact","201 MILWAUKEE ST, DENVER, CO, 80206",177338327,"L"
105705,"201 MISS ELLIE LN","ABILENE","TX",79602,32.379885475,-99.7222817209999,205,"201 MISS ELLIE LN, ABILENE, TX, 79602","Match","Exact","201 MISS ELLIE LN, ABILENE, TX, 79602",623925308,"R"
105706,"201 MOCKINGBIRD DRIVE","MARYVILLE","TN",37803,35.742692456,-83.955387908,206,"201 MOCKINGBIRD DRIVE, MARYVILLE, TN, 37803","Match","Exact","201 MOCKINGBIRD DR, MARYVILLE, TN, 37803",89835788,"L"
105707,"201 MONROE AVE APT 1B","MAITLAND","FL",32751,28.611791178,-81.3665536999999,207,"201 MONROE AVE APT 1B, MAITLAND, FL, 32751","Match","Exact","201 MONROE AVE, MAITLAND, FL, 32751",94276769,"R"
105708,"201 MONROE ST","HOBOKEN","NJ",7030,40.740424551,-74.0396927039999,208,"201 MONROE ST, HOBOKEN, NJ, 7030","Match","Exact","201 MONROE ST, HOBOKEN, NJ, 07030",59605550,"R"
105709,"201 MONTGOMERY STREET APT 263","JERSEY CITY","NJ",7302,40.717456853,-74.043675274,209,"201 MONTGOMERY STREET APT 263, JERSEY CITY, NJ, 7302","Match","Exact","201 MONTGOMERY ST, JERSEY CITY, NJ, 07302",59606247,"L"
105710,"201 MORNING DOVE TRAIL","EAGLE POINT","OR",97524,42.458083302,-122.8118824,210,"201 MORNING DOVE TRAIL, EAGLE POINT, OR, 97524","Match","Exact","201 MORNING DOVE TRL, EAGLE POINT, OR, 97524",642907999,"R"
105711,"201 MOURY AVE 110","ATLANTA","GA",30315,NA,NA,211,"201 MOURY AVE 110, ATLANTA, GA, 30315","Tie",NA,NA,NA,NA
105712,"201 MULBERRY ST","WILLIAMSPORT","PA",17701,41.240789362,-76.998547553,212,"201 MULBERRY ST, WILLIAMSPORT, PA, 17701","Match","Exact","201 MULBERRY ST, WILLIAMSPORT, PA, 17701",59447864,"L"
105713,"201 MULLICA HILL RD","GLASSBORO","NJ",8028,NA,NA,213,"201 MULLICA HILL RD, GLASSBORO, NJ, 8028","No_Match",NA,NA,NA,NA
105714,"201 MULLICA HILL ROAD/ BIOMED ENG","GLASSBORO","NJ",8028,NA,NA,214,"201 MULLICA HILL ROAD/ BIOMED ENG, GLASSBORO, NJ, 8028","No_Match",NA,NA,NA,NA
105715,"201 N  WESTMORELAND AVE STE 129","LOS ANGELES","CA",90004,NA,NA,215,"201 N  WESTMORELAND AVE STE 129, LOS ANGELES, CA, 90004","Tie",NA,NA,NA,NA
105716,"201 N 1ST AVENUE  APT 308","IOWA CITY","IA",52245,NA,NA,216,"201 N 1ST AVENUE  APT 308, IOWA CITY, IA, 52245","Tie",NA,NA,NA,NA
105717,"201 N 1ST STREET","ROGERS","AR",72756,36.3341307490001,-94.115972786,217,"201 N 1ST STREET, ROGERS, AR, 72756","Match","Exact","201 N 1ST ST, ROGERS, AR, 72756",47834959,"R"
105718,"201 N BALLARD AVE SUITE 101","Wylie","TX",75098,NA,NA,218,"201 N BALLARD AVE SUITE 101, Wylie, TX, 75098","Tie",NA,NA,NA,NA
105719,"201 N BAYLEN ST","PENSACOLA","FL",32501,30.415280341,-87.217457883,219,"201 N BAYLEN ST, PENSACOLA, FL, 32501","Match","Non_Exact","201 N BAYLEN ST, PENSACOLA, FL, 32502",93221460,"L"
105720,"201 N BAYLEN ST","PENSACOLA","FL",32502,30.415280341,-87.217457883,220,"201 N BAYLEN ST, PENSACOLA, FL, 32502","Match","Exact","201 N BAYLEN ST, PENSACOLA, FL, 32502",93221460,"L"
105721,"201 N BOULEVARD ST","VICKSBURG","MI",49097,42.1244155460001,-85.539780773,221,"201 N BOULEVARD ST, VICKSBURG, MI, 49097","Match","Exact","201 N BOULEVARD ST, VICKSBURG, MI, 49097",12243537,"L"
105722,"201 N BROOKSIDE AVE UNIT 726","REDLANDS","CA",92373,34.0554166590001,-117.185577588,222,"201 N BROOKSIDE AVE UNIT 726, REDLANDS, CA, 92373","Match","Exact","201 BROOKSIDE AVE, REDLANDS, CA, 92373",144664134,"L"
105723,"201 N CARSON STREET SUITE 7","CARSON CITY","NV",89701,NA,NA,223,"201 N CARSON STREET SUITE 7, CARSON CITY, NV, 89701","Tie",NA,NA,NA,NA
105724,"201 N CENTRAL AVENUE 22ND FLOOR","PHOENIX","AZ",85004,NA,NA,224,"201 N CENTRAL AVENUE 22ND FLOOR, PHOENIX, AZ, 85004","Tie",NA,NA,NA,NA
105725,"201 N CHARLES ST SUITE 1900","BALTIMORE","MD",21201,39.231111465,-76.61237197,225,"201 N CHARLES ST SUITE 1900, BALTIMORE, MD, 21201","Match","Non_Exact","201 CHARLES ST, BALTIMORE, MD, 21225",606931817,"R"
105726,"201 N CHARLES ST SUITE 2406","BALTIMORE","MD",21201,39.231111465,-76.61237197,226,"201 N CHARLES ST SUITE 2406, BALTIMORE, MD, 21201","Match","Non_Exact","201 CHARLES ST, BALTIMORE, MD, 21225",606931817,"R"
105727,"201 N CHESTNUT ST","SHELBYVILLE","IL",62565,NA,NA,227,"201 N CHESTNUT ST, SHELBYVILLE, IL, 62565","Tie",NA,NA,NA,NA
105728,"201 N COLUMBIA RD STOP 9037","GRAND FORKS","ND",58202,NA,NA,228,"201 N COLUMBIA RD STOP 9037, GRAND FORKS, ND, 58202","No_Match",NA,NA,NA,NA
105729,"201 N COURT STREET","SCOTTSVILLE","KY",42164,36.7542731560001,-86.190337499,229,"201 N COURT STREET, SCOTTSVILLE, KY, 42164","Match","Exact","201 N COURT ST, SCOTTSVILLE, KY, 42164",29390426,"L"
105730,"201 N DALE  APT T1","ANAHEIM","CA",92801,33.833805994,-117.984753549,230,"201 N DALE  APT T1, ANAHEIM, CA, 92801","Match","Non_Exact","201 DALE ST, ANAHEIM, CA, 92801",652550035,"L"
105731,"201 N DANDY ST","SAINT MARYS","GA",31558,30.7460325060001,-81.561350684,231,"201 N DANDY ST, SAINT MARYS, GA, 31558","Match","Exact","201 N DANDY ST, SAINT MARYS, GA, 31558",125701107,"R"
105732,"201 N DAVID STREET","CASPER","WY",82601,42.85123657,-106.326620115,232,"201 N DAVID STREET, CASPER, WY, 82601","Match","Exact","201 N DAVID ST, CASPER, WY, 82601",637237765,"L"
105733,"201 N DOUGLAS ST","EL SEGUNDO","CA",90245,33.9191753470001,-118.383214194,233,"201 N DOUGLAS ST, EL SEGUNDO, CA, 90245","Match","Exact","201 N DOUGLAS ST, EL SEGUNDO, CA, 90245",640242989,"L"
105734,"201 N EDMONDS AVN","MCCRORY","AR",72101,35.2575177210001,-91.199886088,234,"201 N EDMONDS AVN, MCCRORY, AR, 72101","Match","Exact","201 EDMONDS AVE, MCCRORY, AR, 72101",12891588,"R"
105735,"201 N ELGIN AVE","TULSA","OK",74120,36.1599548190001,-95.988970036,235,"201 N ELGIN AVE, TULSA, OK, 74120","Match","Exact","201 N ELGIN AVE, TULSA, OK, 74120",647816692,"R"
105736,"201 N FOREST AVENUE SUITE 120","INDEPENDENCE","MO",64050,NA,NA,236,"201 N FOREST AVENUE SUITE 120, INDEPENDENCE, MO, 64050","Tie",NA,NA,NA,NA
105737,"201 N FRANKLIN PO BOX 78","LEGRAND","IA",50142,NA,NA,237,"201 N FRANKLIN PO BOX 78, LEGRAND, IA, 50142","No_Match",NA,NA,NA,NA
105738,"201 N FRANKLIN STREET - SUITE 2000","TAMPA","FL",33602,NA,NA,238,"201 N FRANKLIN STREET - SUITE 2000, TAMPA, FL, 33602","Tie",NA,NA,NA,NA
105739,"201 N HAMILTON STREET","MOBILE","AL",36604,30.6934163770001,-88.048748406,239,"201 N HAMILTON STREET, MOBILE, AL, 36604","Match","Non_Exact","201 N HAMILTON ST, MOBILE, AL, 36603",61867872,"L"
105740,"201 N HARRISON STREET","GENEVA","IL",60134,41.8885476290001,-88.293367169,240,"201 N HARRISON STREET, GENEVA, IL, 60134","Match","Exact","201 HARRISON ST, GENEVA, IL, 60134",119508346,"R"
105741,"201 N HIGH STREET","WAXHAW","NC",28173,34.9255140940001,-80.7473858669999,241,"201 N HIGH STREET, WAXHAW, NC, 28173","Match","Exact","201 N HIGH ST, WAXHAW, NC, 28173",14172603,"L"
105742,"201 N ILLINOIS STREET SUITE 1701","INDIANAPOLIS","IN",46204,39.7700716570001,-86.159788232,242,"201 N ILLINOIS STREET SUITE 1701, INDIANAPOLIS, IN, 46204","Match","Non_Exact","201 N ILLINOIS ST, INDIANAPOLIS, IN, 46204",108067994,"R"
105743,"201 N JACKSON STREET","MEDIA","PA",19063,39.9196930840001,-75.3890403839999,243,"201 N JACKSON STREET, MEDIA, PA, 19063","Match","Exact","201 N JACKSON ST, MEDIA, PA, 19063",134870540,"R"
105744,"201 N JOHN F KENNEDY DR","CARPENTERSVILLE","IL",60010,NA,NA,244,"201 N JOHN F KENNEDY DR, CARPENTERSVILLE, IL, 60010","No_Match",NA,NA,NA,NA
105745,"201 N JOSSMAN RD","ORTONVILLE","MI",48462,42.8529333210001,-83.491838714,245,"201 N JOSSMAN RD, ORTONVILLE, MI, 48462","Match","Exact","201 N JOSSMAN RD, ORTONVILLE, MI, 48462",69688419,"R"
105746,"201 N LAZY LANE","CLUTE","TX",77531,29.0228666830001,-95.411894999,246,"201 N LAZY LANE, CLUTE, TX, 77531","Match","Exact","201 N LAZY LN, CLUTE, TX, 77531",116580363,"R"
105747,"201 N MAIN ST SUITE 112","ROXBORO","NC",27573,NA,NA,247,"201 N MAIN ST SUITE 112, ROXBORO, NC, 27573","Tie",NA,NA,NA,NA
105748,"201 N MAIN ST","GODDARD","KS",67052,37.658291283,-97.574921044,248,"201 N MAIN ST, GODDARD, KS, 67052","Match","Exact","201 N MAIN ST, GODDARD, KS, 67052",115625216,"L"
105749,"201 N MAIN STREET","TUSCUMBIA","AL",35674,34.73288118,-87.70356942,249,"201 N MAIN STREET, TUSCUMBIA, AL, 35674","Match","Exact","201 N MAIN ST, TUSCUMBIA, AL, 35674",40760262,"L"
105750,"201 N MAPLE AVE F","PURCELLVILLE","VA",20132,NA,NA,250,"201 N MAPLE AVE F, PURCELLVILLE, VA, 20132","Tie",NA,NA,NA,NA
105751,"201 N MARGARET ST","GEORGETOWN","DE",19947,38.6875737,-75.3926755049999,251,"201 N MARGARET ST, GEORGETOWN, DE, 19947","Match","Exact","201 N MARGARET ST, GEORGETOWN, DE, 19947",106108778,"L"
105752,"201 N MCDOWELL ST 32801","CHARLOTTE","NC",28232,NA,NA,252,"201 N MCDOWELL ST 32801, CHARLOTTE, NC, 28232","No_Match",NA,NA,NA,NA
105753,"201 N MCDOWELL ST 34765","CHARLOTTE","NC",28232,NA,NA,253,"201 N MCDOWELL ST 34765, CHARLOTTE, NC, 28232","No_Match",NA,NA,NA,NA
105754,"201 N MCDOWELL ST 34786","CHARLOTTE","NC",28232,NA,NA,254,"201 N MCDOWELL ST 34786, CHARLOTTE, NC, 28232","No_Match",NA,NA,NA,NA
105755,"201 N MERIDIAN ST STE B","NEWBERG","OR",97132,NA,NA,255,"201 N MERIDIAN ST STE B, NEWBERG, OR, 97132","Tie",NA,NA,NA,NA
105756,"201 N MILL CREEK RD","QUINCY","CA",95971,39.93895689,-120.905024069,256,"201 N MILL CREEK RD, QUINCY, CA, 95971","Match","Exact","201 N MILL CREEK RD, QUINCY, CA, 95971",127228818,"L"
105757,"201 N MULBERRY ST","BATESVILLE","IN",47006,39.3034609090001,-85.226694733,257,"201 N MULBERRY ST, BATESVILLE, IN, 47006","Match","Exact","201 N MULBERRY ST, BATESVILLE, IN, 47006",31503044,"L"
105758,"201 N MURROW BLVD NUMBER 1556","GREENSBORO","NC",27401,NA,NA,258,"201 N MURROW BLVD NUMBER 1556, GREENSBORO, NC, 27401","Tie",NA,NA,NA,NA
105759,"201 N OAK","ELDON","MO",65026,38.351805438,-92.580100782,259,"201 N OAK, ELDON, MO, 65026","Match","Non_Exact","201 N OAK ST, ELDON, MO, 65026",143096400,"L"
105760,"201 N PENDLETON AVE","PENDLETON","IN",46064,40.0038859050001,-85.7456424649999,260,"201 N PENDLETON AVE, PENDLETON, IN, 46064","Match","Exact","201 N PENDLETON AVE, PENDLETON, IN, 46064",31112321,"R"
105761,"201 N QUEEN ST FL 1","LANCASTER","PA",17603,NA,NA,261,"201 N QUEEN ST FL 1, LANCASTER, PA, 17603","Tie",NA,NA,NA,NA
105762,"201 N SANDY LANE","CHANDLER","OK",74834,NA,NA,262,"201 N SANDY LANE, CHANDLER, OK, 74834","No_Match",NA,NA,NA,NA
105763,"201 N SECOND ST","DUEQUSNE","PA",15110,40.376350619,-79.849763028,263,"201 N SECOND ST, DUEQUSNE, PA, 15110","Match","Non_Exact","201 N 2ND ST, DUQUESNE, PA, 15110",607610587,"L"
105764,"201 N SQUIRREL RD APT 911","AUBURN HILLS","MI",48326,NA,NA,264,"201 N SQUIRREL RD APT 911, AUBURN HILLS, MI, 48326","Tie",NA,NA,NA,NA
105765,"201 N SQUIRREL RD","AUBURN HILL","MI",48326,42.6376385460001,-83.220111914,265,"201 N SQUIRREL RD, AUBURN HILL, MI, 48326","Match","Non_Exact","201 N SQUIRREL RD, AUBURN HILLS, MI, 48326",650525084,"L"
105766,"201 N SQUIRREL RD","AUBURN HILLS","MI",48326,42.6376385460001,-83.220111914,266,"201 N SQUIRREL RD, AUBURN HILLS, MI, 48326","Match","Exact","201 N SQUIRREL RD, AUBURN HILLS, MI, 48326",650525084,"L"
105767,"201 N STARR","BROADWATER","NE",69125,41.5971833770001,-102.851219257,267,"201 N STARR, BROADWATER, NE, 69125","Match","Non_Exact","201 STARR ST, BROADWATER, NE, 69125",136710621,"R"
105768,"201 N STATE ST","CHRISTOPHER","IL",62822,37.973697325,-89.051315788,268,"201 N STATE ST, CHRISTOPHER, IL, 62822","Match","Exact","201 N STATE ST, CHRISTOPHER, IL, 62822",92934147,"L"
105769,"201 N SUMMIT ST","CRESCENT CITY","FL",32112,NA,NA,269,"201 N SUMMIT ST, CRESCENT CITY, FL, 32112","Tie",NA,NA,NA,NA
105770,"201 N WALKER","OKLAOHMA CITY","OK",73102,35.468637571,-97.5212794729999,270,"201 N WALKER, OKLAOHMA CITY, OK, 73102","Match","Non_Exact","201 N WALKER AVE, OKLAHOMA CITY, OK, 73102",100402318,"L"
105771,"201 N WAPELLO ST","OTTUMWA","IA",52501,41.0213360180001,-92.415408868,271,"201 N WAPELLO ST, OTTUMWA, IA, 52501","Match","Exact","201 N WAPELLO ST, OTTUMWA, IA, 52501",639898428,"L"
105772,"201 N WEST STREET","ARMA","KS",66712,37.54425194,-94.70497568,272,"201 N WEST STREET, ARMA, KS, 66712","Match","Exact","201 N WEST ST, ARMA, KS, 66712",33436614,"L"
105773,"201 NACOOCHEE WAY","CANTON","GA",30114,34.1821819200001,-84.518082121,273,"201 NACOOCHEE WAY, CANTON, GA, 30114","Match","Exact","201 NACOOCHEE WAY, CANTON, GA, 30114",629392803,"L"
105774,"201 NASTURTIUM ST","LAKE JACKSON","TX",77566,29.0301062,-95.430081081,274,"201 NASTURTIUM ST, LAKE JACKSON, TX, 77566","Match","Exact","201 NASTURTIUM ST, LAKE JACKSON, TX, 77566",116580240,"R"
105775,"201 NAVAJO TRAIL","PORTSMOUTH","VA",23701,36.814305243,-76.3695756559999,275,"201 NAVAJO TRAIL, PORTSMOUTH, VA, 23701","Match","Exact","201 NAVAJO TRL, PORTSMOUTH, VA, 23701",122191560,"L"
105776,"201 NAVIGATOR DRIVE","SCOTTS VALLEY","CA",95066,37.05058825,-122.035181931,276,"201 NAVIGATOR DRIVE, SCOTTS VALLEY, CA, 95066","Match","Exact","201 NAVIGATOR DR, SCOTTS VALLEY, CA, 95066",636416719,"L"
105777,"201 NAYLOR DR","WEST MELBOURNE","FL",32904,28.0736410060001,-80.661689812,277,"201 NAYLOR DR, WEST MELBOURNE, FL, 32904","Match","Exact","201 NAYLOR DR, W MELBOURNE, FL, 32904",93934416,"R"
105778,"201 NE 44TH STREET","ANKENY","IA",50021,41.7665574230001,-93.5971498599999,278,"201 NE 44TH STREET, ANKENY, IA, 50021","Match","Exact","201 NE 44TH ST, ANKENY, IA, 50021",649069604,"R"
105779,"201 NICKELS ST","HOT SPRINGS","AR",71901,34.499998401,-93.040230837,279,"201 NICKELS ST, HOT SPRINGS, AR, 71901","Match","Exact","201 NICKELS ST, HOT SPRINGS, AR, 71901",22745011,"L"
105780,"201 NORTH BRADDOCK AVENUE ROOM 614","PITTSBURGH","PA",15208,40.4480856120001,-79.894486192,280,"201 NORTH BRADDOCK AVENUE ROOM 614, PITTSBURGH, PA, 15208","Match","Exact","201 N BRADDOCK AVE, PITTSBURGH, PA, 15208",51647983,"L"
105781,"201 NORTH CADDO STREET","CLEBURNE","TX",76031,32.3484676100001,-97.386125329,281,"201 NORTH CADDO STREET, CLEBURNE, TX, 76031","Match","Exact","201 N CADDO ST, CLEBURNE, TX, 76031",103521707,"L"
105782,"201 NORTH CHARLES STREET SUITE 2000","BALTIMORE","MD",21201,NA,NA,282,"201 NORTH CHARLES STREET SUITE 2000, BALTIMORE, MD, 21201","No_Match",NA,NA,NA,NA
105783,"201 NORTH COLE LN","ELIZABETHTOWN","KY",42701,37.733431126,-85.9314649139999,283,"201 NORTH COLE LN, ELIZABETHTOWN, KY, 42701","Match","Non_Exact","201 S COLE LN, ELIZABETHTOWN, KY, 42701",34620178,"L"
105784,"201 NORTH CRAIG PLACE","LOMBARD","IL",60148,41.8928288060001,-88.012106065,284,"201 NORTH CRAIG PLACE, LOMBARD, IL, 60148","Match","Exact","201 N CRAIG PL, LOMBARD, IL, 60148",112524529,"R"
105785,"201 NORTH FEDERAL HIGHWAY SECOND FL","DEERFIELD BEACH","FL",33441,26.3207687670001,-80.090825251,285,"201 NORTH FEDERAL HIGHWAY SECOND FL, DEERFIELD BEACH, FL, 33441","Match","Exact","201 N FEDERAL HWY, DEERFIELD BEACH, FL, 33441",114740012,"L"
105786,"201 NORTH FRONT STREET SUITE 405","WILMINGTON","NC",28401,34.237646962,-77.948988573,286,"201 NORTH FRONT STREET SUITE 405, WILMINGTON, NC, 28401","Match","Exact","201 N FRONT ST, WILMINGTON, NC, 28401",152730790,"L"
105787,"201 NORTH GARLAND COURT UNIT 2607","CHICAGO","IL",60601,41.8857815320001,-87.6252432379999,287,"201 NORTH GARLAND COURT UNIT 2607, CHICAGO, IL, 60601","Match","Exact","201 N GARLAND CT, CHICAGO, IL, 60601",111769114,"R"
105788,"201 NORTH ILLINOIS ST SUITE 1600","INDIANAPOLIS","IN",46204,39.7700716570001,-86.159788232,288,"201 NORTH ILLINOIS ST SUITE 1600, INDIANAPOLIS, IN, 46204","Match","Exact","201 N ILLINOIS ST, INDIANAPOLIS, IN, 46204",108067994,"R"
105789,"201 NORTH MAIN STREET","ENGLEWOOD","OH",45322,39.8758332460001,-84.3010072869999,289,"201 NORTH MAIN STREET, ENGLEWOOD, OH, 45322","Match","Non_Exact","201 S MAIN ST, ENGLEWOOD, OH, 45322",143561240,"R"
105790,"201 NORTH MAIN STREET","SWAINSBORO","GA",30401,NA,NA,290,"201 NORTH MAIN STREET, SWAINSBORO, GA, 30401","Tie",NA,NA,NA,NA
105791,"201 NORTH MARKET STREET","MINERVA","OH",44657,40.7289492410001,-81.103594599,291,"201 NORTH MARKET STREET, MINERVA, OH, 44657","Match","Exact","201 N MARKET ST, MINERVA, OH, 44657",638563113,"R"
105792,"201 NORTH MURROW BLVD UNIT 2584","GREENSBORO","NC",27402,36.073264566,-79.7834425,292,"201 NORTH MURROW BLVD UNIT 2584, GREENSBORO, NC, 27402","Match","Non_Exact","201 N MURROW BLVD, GREENSBORO, NC, 27401",131033036,"L"
105793,"201 NORTH PECAN STREET","HAMILTON","TX",76531,31.703922618,-98.120738748,293,"201 NORTH PECAN STREET, HAMILTON, TX, 76531","Match","Exact","201 N PECAN ST, HAMILTON, TX, 76531",158756004,"L"
105794,"201 NORTH SECOND STREET SUITE 510","SAINT CHARLES","MO",63301,38.7826978510001,-90.481944136,294,"201 NORTH SECOND STREET SUITE 510, SAINT CHARLES, MO, 63301","Match","Exact","201 N 2ND ST, SAINT CHARLES, MO, 63301",100022691,"L"
105795,"201 NORTH SKYTOP DRIVE","EDINBORO","PA",16412,41.8731315250001,-80.138560951,295,"201 NORTH SKYTOP DRIVE, EDINBORO, PA, 16412","Match","Non_Exact","201 N SKYTOP RD, EDINBORO, PA, 16412",117490899,"R"
105796,"201 NORTH SQUIRREL RD SUITE 108","AUBURN HILLS","MI",48326,42.6376385460001,-83.220111914,296,"201 NORTH SQUIRREL RD SUITE 108, AUBURN HILLS, MI, 48326","Match","Exact","201 N SQUIRREL RD, AUBURN HILLS, MI, 48326",650525084,"L"
105797,"201 NORTH SUNSET DRIVE 321","WINSTON SALEM","FL",27101,NA,NA,297,"201 NORTH SUNSET DRIVE 321, WINSTON SALEM, FL, 27101","No_Match",NA,NA,NA,NA
105798,"201 NORTH UNION STREET SUITE 230","ALEXANDRIA","VA",22314,38.8030165870001,-77.0405353909999,298,"201 NORTH UNION STREET SUITE 230, ALEXANDRIA, VA, 22314","Match","Non_Exact","201 S UNION ST, ALEXANDRIA, VA, 22314",75991837,"R"
105799,"201 NORTH UNION STREET SUITE 410","ALEXANDRIA","VA",22314,38.8030165870001,-77.0405353909999,299,"201 NORTH UNION STREET SUITE 410, ALEXANDRIA, VA, 22314","Match","Non_Exact","201 S UNION ST, ALEXANDRIA, VA, 22314",75991837,"R"
105800,"201 NORTH UNIVERSITY DRIVE","CORAL SPRINGS","FL",33071,NA,NA,300,"201 NORTH UNIVERSITY DRIVE, CORAL SPRINGS, FL, 33071","No_Match",NA,NA,NA,NA
105801,"201 NORTH WASHINGTON","CLINTON","KY",42031,36.668231393,-88.993625709,301,"201 NORTH WASHINGTON, CLINTON, KY, 42031","Match","Non_Exact","201 N WASHINGTON ST, CLINTON, KY, 42031",27915015,"L"
105802,"201 NORTH WATER ST","TUSCUMBIA","AL",35674,34.7334794220001,-87.704965644,302,"201 NORTH WATER ST, TUSCUMBIA, AL, 35674","Match","Exact","201 N WATER ST, TUSCUMBIA, AL, 35674",40760253,"L"
105803,"201 NORWOOD AVE","SYRACUSE","NY",13206,43.070859899,-76.109675795,303,"201 NORWOOD AVE, SYRACUSE, NY, 13206","Match","Exact","201 NORWOOD AVE, SYRACUSE, NY, 13206",46572597,"L"
105804,"201 NOTTINGHAM DRIVE","CORAOPOLIS","PA",15108,40.4945014050001,-80.172007998,304,"201 NOTTINGHAM DRIVE, CORAOPOLIS, PA, 15108","Match","Exact","201 NOTTINGHAM DR, CORAOPOLIS, PA, 15108",51613483,"R"
105805,"201 NW 3RD STREET","BRIDGEWATER","IA",50837,NA,NA,305,"201 NW 3RD STREET, BRIDGEWATER, IA, 50837","No_Match",NA,NA,NA,NA
105806,"201 NW 7 STREET SUITE 401","MIAMI","FL",33136,NA,NA,306,"201 NW 7 STREET SUITE 401, MIAMI, FL, 33136","No_Match",NA,NA,NA,NA
105807,"201 NW HWY 7","CLINTON","MO",64735,38.3651488200001,-93.714446357,307,"201 NW HWY 7, CLINTON, MO, 64735","Match","Non_Exact","201 STATE HWY 7, CLINTON, MO, 64735",44937670,"R"
105808,"201 O D SMITH HALL","AUBURN UNIVERSITY","AL",36849,NA,NA,308,"201 O D SMITH HALL, AUBURN UNIVERSITY, AL, 36849","No_Match",NA,NA,NA,NA
105809,"201 OAK RIDGE RD","DAWSON","TX",76639,31.8825448360001,-96.712701039,309,"201 OAK RIDGE RD, DAWSON, TX, 76639","Match","Non_Exact","201 OAKRIDGE RD, DAWSON, TX, 76639",183907686,"L"
105810,"201 OCEAN AVE APT 1706P","SANTA MONICA","CA",90402,34.0266032120001,-118.514264953,310,"201 OCEAN AVE APT 1706P, SANTA MONICA, CA, 90402","Match","Exact","201 OCEAN AVE, SANTA MONICA, CA, 90402",142715311,"L"
105811,"201 OHUA AVE T-2","HONOLULU","HI",96815,21.275595251,-157.820830826,311,"201 OHUA AVE T-2, HONOLULU, HI, 96815","Match","Exact","201 OHUA AVE, HONOLULU, HI, 96815",203242203,"R"
105812,"201 OLIVER ROAD","SANTA BARBARA","CA",93101,34.3987958220001,-119.726934528,312,"201 OLIVER ROAD, SANTA BARBARA, CA, 93101","Match","Non_Exact","201 OLIVER RD, SANTA BARBARA, CA, 93109",108607232,"L"
105813,"201 ORCHARD ROAD","ADRIAN","MI",49221,41.902675018,-84.0562649,313,"201 ORCHARD ROAD, ADRIAN, MI, 49221","Match","Exact","201 ORCHARD RD, ADRIAN, MI, 49221",25944259,"L"
105814,"201 ORCHARD STREET","WESTON","WV",26452,39.0406393710001,-80.471923191,314,"201 ORCHARD STREET, WESTON, WV, 26452","Match","Exact","201 ORCHARD ST, WESTON, WV, 26452",49996942,"L"
105815,"201 OVERCREST DR","BENBROOK","TX",76126,32.665352754,-97.484010606,315,"201 OVERCREST DR, BENBROOK, TX, 76126","Match","Exact","201 OVERCREST DR, BENBROOK, TX, 76126",101876339,"R"
105816,"201 OWENS AVENUE UNIT A","SAINT AUGUSTINE","FL",32080,29.8046324970001,-81.2656139009999,316,"201 OWENS AVENUE UNIT A, SAINT AUGUSTINE, FL, 32080","Match","Exact","201 OWENS AVE, SAINT AUGUSTINE, FL, 32080",92607698,"R"
105817,"201 PALM BLVD","ISLE OF PALMS","SC",29451,32.7792398280001,-79.806742583,317,"201 PALM BLVD, ISLE OF PALMS, SC, 29451","Match","Exact","201 PALM BLVD, ISLE OF PALMS, SC, 29451",108810168,"L"
105818,"201 PARK AVE","WEST HARRISON","NY",10604,41.0427188470001,-73.742297814,318,"201 PARK AVE, WEST HARRISON, NY, 10604","Match","Exact","201 PARK AVE, WEST HARRISON, NY, 10604",139759217,"L"
105819,"201 PARK MEADOW DR","WEATHERFORD","TX",76087,32.650009019,-97.806657851,319,"201 PARK MEADOW DR, WEATHERFORD, TX, 76087","Match","Exact","201 PARK MEADOW DR, WEATHERFORD, TX, 76087",611019257,"L"
105820,"201 PENINSULA BLVD","HEMPSTEAD","NY",11550,40.7056891760001,-73.6203092979999,320,"201 PENINSULA BLVD, HEMPSTEAD, NY, 11550","Match","Exact","201 PENINSULA BLVD, HEMPSTEAD, NY, 11550",147627315,"L"
105821,"201 PENN CENTER BLVD STE 400","MONROEVILLE","PA",15235,40.4299432460001,-79.812029533,321,"201 PENN CENTER BLVD STE 400, MONROEVILLE, PA, 15235","Match","Non_Exact","201 PENN CENTER BLVD, PENN HILLS, PA, 15235",638309401,"L"
105822,"201 PENN CENTER BLVD SUITE 400","PITTSBURGH","PA",15235,40.4299432460001,-79.812029533,322,"201 PENN CENTER BLVD SUITE 400, PITTSBURGH, PA, 15235","Match","Exact","201 PENN CENTER BLVD, PITTSBURGH, PA, 15235",638309401,"L"
105823,"201 PETERSON DR","ELIZABETHTOWN","KY",42701,37.6799384970001,-85.8913845989999,323,"201 PETERSON DR, ELIZABETHTOWN, KY, 42701","Match","Exact","201 PETERSON DR, ELIZABETHTOWN, KY, 42701",34620949,"R"
105824,"201 PETERSVILLE RD","BRUNSWICK","MD",21716,39.314976432,-77.628155522,324,"201 PETERSVILLE RD, BRUNSWICK, MD, 21716","Match","Exact","201 PETERSVILLE RD, BRUNSWICK, MD, 21716",638013656,"L"
105825,"201 PINEGATE RD","PEACHTREE CTY","GA",30269,NA,NA,325,"201 PINEGATE RD, PEACHTREE CTY, GA, 30269","No_Match",NA,NA,NA,NA
105826,"201 POPLAR AVENUE SUITE 902","MEMPHIS","TN",38103,35.1494296710001,-90.048098395,326,"201 POPLAR AVENUE SUITE 902, MEMPHIS, TN, 38103","Match","Exact","201 POPLAR AVE, MEMPHIS, TN, 38103",72903022,"R"
105827,"201 POST DR","LULING","LA",70070,29.9272211410001,-90.368240843,327,"201 POST DR, LULING, LA, 70070","Match","Exact","201 POST DR, LULING, LA, 70070",93617859,"L"
105828,"201 PRAETORIAN CT","WILMINGTON","OH",45177,39.5494315980001,-83.96446065,328,"201 PRAETORIAN CT, WILMINGTON, OH, 45177","Match","Exact","201 PRAETORIAN CT, WILMINGTON, OH, 45177",146845222,"L"
105829,"201 PRAIRIEVIEW CRT","MARSHALL","MN",56258,44.4271125180001,-95.8294748069999,329,"201 PRAIRIEVIEW CRT, MARSHALL, MN, 56258","Match","Exact","201 PRAIRIEVIEW CT, MARSHALL, MN, 56258",38522642,"R"
105830,"201 PRIVATE ROAD 3557","PARADISE","TX",76073,NA,NA,330,"201 PRIVATE ROAD 3557, PARADISE, TX, 76073","No_Match",NA,NA,NA,NA
105831,"201 PROSPECT PL","DANVILLE","IL",61832,40.154161258,-87.6279899369999,331,"201 PROSPECT PL, DANVILLE, IL, 61832","Match","Exact","201 PROSPECT PL, DANVILLE, IL, 61832",65998052,"L"
105832,"201 PROSPECT PLACE","DANVILLE","IL",61832,40.154161258,-87.6279899369999,332,"201 PROSPECT PLACE, DANVILLE, IL, 61832","Match","Exact","201 PROSPECT PL, DANVILLE, IL, 61832",65998052,"L"
105833,"201 Q ST NE APT 3237","WASHINGTON","DC",20002,NA,NA,333,"201 Q ST NE APT 3237, WASHINGTON, DC, 20002","No_Match",NA,NA,NA,NA
105834,"201 QUAPAW AVE","HOT SPRINGS","AR",71901,34.5095110500001,-93.05660291,334,"201 QUAPAW AVE, HOT SPRINGS, AR, 71901","Match","Exact","201 QUAPAW AVE, HOT SPRINGS, AR, 71901",22744425,"R"
105835,"201 QUINCE ROAD","WALNUT","IA",51577,NA,NA,335,"201 QUINCE ROAD, WALNUT, IA, 51577","No_Match",NA,NA,NA,NA
105836,"201 RANCHO VISTA DRIVE","DOUBLE OAK","TX",75077,33.0652394580001,-97.112183823,336,"201 RANCHO VISTA DRIVE, DOUBLE OAK, TX, 75077","Match","Exact","201 RANCHO VISTA DR, DOUBLE OAK, TX, 75077",103344206,"R"
105837,"201 REID AVE","PORT ST JOE","FL",32456,29.8152506760001,-85.3038401919999,337,"201 REID AVE, PORT ST JOE, FL, 32456","Match","Exact","201 REID AVE, PORT SAINT JOE, FL, 32456",7141216,"R"
105838,"201 RICE STREET","NEW BOSTON","TX",75570,33.4616683530001,-94.4154220729999,338,"201 RICE STREET, NEW BOSTON, TX, 75570","Match","Exact","201 RICE ST, NEW BOSTON, TX, 75570",57660275,"R"
105839,"201 RIGGS STREET","WEST MONROE","LA",71291,32.512369806,-92.138452317,339,"201 RIGGS STREET, WEST MONROE, LA, 71291","Match","Exact","201 RIGGS ST, WEST MONROE, LA, 71291",161083061,"L"
105840,"201 RIVER BLUFF DRIVE","SHEFFIELD","AL",35660,34.7650373280001,-87.7032565659999,340,"201 RIVER BLUFF DRIVE, SHEFFIELD, AL, 35660","Match","Exact","201 RIVER BLUFF DR, SHEFFIELD, AL, 35660",40759000,"L"
105841,"201 RIVER KNOLL DRIVE","JEFFERSON","NC",28640,36.405735319,-81.4123438129999,341,"201 RIVER KNOLL DRIVE, JEFFERSON, NC, 28640","Match","Exact","201 RIVER KNOLL DR, JEFFERSON, NC, 28640",633725992,"L"
105842,"201 RIVERLINKS DRIVE","BURNSVILLE","NC",28714,35.768883063,-82.204896257,342,"201 RIVERLINKS DRIVE, BURNSVILLE, NC, 28714","Match","Exact","201 RIVERLINKS DR, BURNSVILLE, NC, 28714",651548358,"R"
105843,"201 RIVERVIEW TERRACE","BENICIA","CA",94510,38.0595656570001,-122.154171849,343,"201 RIVERVIEW TERRACE, BENICIA, CA, 94510","Match","Exact","201 RIVERVIEW TER, BENICIA, CA, 94510",192556296,"R"
105844,"201 ROBBI ST","SPRINGHILL","LA",71075,33.0117665970001,-93.4517645349999,344,"201 ROBBI ST, SPRINGHILL, LA, 71075","Match","Exact","201 ROBBI ST, SPRINGHILL, LA, 71075",73415271,"L"
105845,"201 ROCKY SLOPE RD APT 704","GREENVILLE","SC",29607,34.8343606490001,-82.333447334,345,"201 ROCKY SLOPE RD APT 704, GREENVILLE, SC, 29607","Match","Exact","201 ROCKY SLOPE RD, GREENVILLE, SC, 29607",646629383,"L"
105846,"201 ROUND TREE COURT","EGG HARBOR TOWNSHIP","NJ",8234,39.410332624,-74.606015307,346,"201 ROUND TREE COURT, EGG HARBOR TOWNSHIP, NJ, 8234","Match","Non_Exact","201 ROUNDTREE CT, EGG HARBOR TOWNSHIP, NJ, 08234",619152612,"R"
105847,"201 ROUTE 17 NORTH FLOOR 2","RUTHERFORD","NJ",7070,NA,NA,347,"201 ROUTE 17 NORTH FLOOR 2, RUTHERFORD, NJ, 7070","No_Match",NA,NA,NA,NA
105848,"201 RUE BEAUREGARD STE 202","LAFAYETTE","LA",70508,NA,NA,348,"201 RUE BEAUREGARD STE 202, LAFAYETTE, LA, 70508","No_Match",NA,NA,NA,NA
105849,"201 RUE BEAUREGARD","LAFAYETTE","LA",70508,30.191887621,-92.01125432,349,"201 RUE BEAUREGARD, LAFAYETTE, LA, 70508","Match","Exact","201 RUE BEAUREGARD, LAFAYETTE, LA, 70508",85618823,"L"
105850,"201 RUSHING DRIVE","LYONS","GA",30436,32.1977336470001,-82.349863875,350,"201 RUSHING DRIVE, LYONS, GA, 30436","Match","Exact","201 RUSHING DR, LYONS, GA, 30436",649988850,"R"
105851,"201 RUSSELL BEND RD","WEATHERFORD","TX",76088,32.8924489460001,-97.9192921,351,"201 RUSSELL BEND RD, WEATHERFORD, TX, 76088","Match","Exact","201 RUSSELL BEND RD, WEATHERFORD, TX, 76088",103599341,"L"
105852,"201 S  4TH STREET","GREENVILLE","IL",62246,38.891208132,-89.4145738989999,352,"201 S  4TH STREET, GREENVILLE, IL, 62246","Match","Exact","201 S 4TH ST, GREENVILLE, IL, 62246",101026059,"L"
105853,"201 S  FREDERICK AVENUE","GAITHERSBURG","MD",20877,39.1388888700001,-77.195215576,353,"201 S  FREDERICK AVENUE, GAITHERSBURG, MD, 20877","Match","Exact","201 S FREDERICK AVE, GAITHERSBURG, MD, 20877",637462893,"L"
105854,"201 S 13TH ST","WAUSAU","WI",54403,44.955900979,-89.6100202439999,354,"201 S 13TH ST, WAUSAU, WI, 54403","Match","Exact","201 S 13TH ST, WAUSAU, WI, 54403",117137546,"L"
105855,"201 S 18TH STREET - SUITE 204","PHILADELPHIA","PA",19103,NA,NA,355,"201 S 18TH STREET - SUITE 204, PHILADELPHIA, PA, 19103","Tie",NA,NA,NA,NA
105856,"201 S 18TH STREET 1616","PHILADELPHIA","PA",19103,NA,NA,356,"201 S 18TH STREET 1616, PHILADELPHIA, PA, 19103","Tie",NA,NA,NA,NA
105857,"201 S 1ST E","SNOWFLAKE","AZ",85937,NA,NA,357,"201 S 1ST E, SNOWFLAKE, AZ, 85937","Tie",NA,NA,NA,NA
105858,"201 S 1ST ST E","SNOWFLAKE","AZ",85937,34.5064071670001,-110.077367183,358,"201 S 1ST ST E, SNOWFLAKE, AZ, 85937","Match","Exact","201 1ST ST E, SNOWFLAKE, AZ, 85937",172448744,"R"
105859,"201 S 3RD STREET","MORRIS","OK",74445,35.6085798130001,-95.8589713329999,359,"201 S 3RD STREET, MORRIS, OK, 74445","Match","Exact","201 S 3RD ST, MORRIS, OK, 74445",166249377,"R"
105860,"201 S 4TH STREET","OPELIKA","AL",36801,32.6506551890001,-85.374007638,360,"201 S 4TH STREET, OPELIKA, AL, 36801","Match","Exact","201 S 4TH ST, OPELIKA, AL, 36801",1583190,"L"
105861,"201 S 6TH STREET","HIAWATHA","KS",66434,39.8517432350001,-95.5355589229999,361,"201 S 6TH STREET, HIAWATHA, KS, 66434","Match","Exact","201 S 6TH ST, HIAWATHA, KS, 66434",9768711,"R"
105862,"201 S 8TH STREET","COLUMBIA","MO",65201,38.9494535810001,-92.3286657199999,362,"201 S 8TH STREET, COLUMBIA, MO, 65201","Match","Exact","201 S 8TH ST, COLUMBIA, MO, 65201",604983614,"R"
105863,"201 S 8TH STREET","SAINT JOSEPH","MO",64501,39.7657588480001,-94.850675318,363,"201 S 8TH STREET, SAINT JOSEPH, MO, 64501","Match","Exact","201 S 8TH ST, SAINT JOSEPH, MO, 64501",15952302,"L"
105864,"201 S BARTLETT ST","SHAWANO","WI",54166,44.78010542,-88.615653389,364,"201 S BARTLETT ST, SHAWANO, WI, 54166","Match","Exact","201 S BARTLETT ST, SHAWANO, WI, 54166",126864261,"L"
105865,"201 S BEECH ST","TURLOCK","CA",95380,37.491679527,-120.853990909,365,"201 S BEECH ST, TURLOCK, CA, 95380","Match","Exact","201 S BEECH ST, TURLOCK, CA, 95380",102595217,"R"
105866,"201 S BISCAYNE BLVD 28TH FLOOR","MIAMI","FL",33131,25.770891761,-80.1899808219999,366,"201 S BISCAYNE BLVD 28TH FLOOR, MIAMI, FL, 33131","Match","Non_Exact","201 BISCAYNE BLVD WAY, MIAMI, FL, 33131",116018800,"L"
105867,"201 S BISCAYNE BLVD FL 28","MIAMI","FL",33131,25.770891761,-80.1899808219999,367,"201 S BISCAYNE BLVD FL 28, MIAMI, FL, 33131","Match","Non_Exact","201 BISCAYNE BLVD WAY, MIAMI, FL, 33131",116018800,"L"
105868,"201 S BISCAYNE BLVD STE 800","MIAMI","FL",33131,25.770891761,-80.1899808219999,368,"201 S BISCAYNE BLVD STE 800, MIAMI, FL, 33131","Match","Non_Exact","201 BISCAYNE BLVD WAY, MIAMI, FL, 33131",116018800,"L"
105869,"201 S BISCAYNE BLVD SUITE 2800","MIAMI","FL",33131,25.770891761,-80.1899808219999,369,"201 S BISCAYNE BLVD SUITE 2800, MIAMI, FL, 33131","Match","Non_Exact","201 BISCAYNE BLVD WAY, MIAMI, FL, 33131",116018800,"L"
105870,"201 S BLAKLEY ST STE 239","DUNMORE","PA",18512,41.423062407,-75.6293525849999,370,"201 S BLAKLEY ST STE 239, DUNMORE, PA, 18512","Match","Non_Exact","201 BLAKELY ST, DUNMORE, PA, 18512",618244026,"L"
105871,"201 S BLOOMINGDALE ROAD","BLOOMINGDALE","IL",60108,41.950150251,-88.080818705,371,"201 S BLOOMINGDALE ROAD, BLOOMINGDALE, IL, 60108","Match","Exact","201 S BLOOMINGDALE RD, BLOOMINGDALE, IL, 60108",642885993,"L"
105872,"201 S CAMERON LN","BARTONVILLE","IL",61607,40.6895558690001,-89.727787699,372,"201 S CAMERON LN, BARTONVILLE, IL, 61607","Match","Exact","201 S CAMERON LN, BARTONVILLE, IL, 61607",649620120,"R"
105873,"201 S CEARLOCK AVE","CHEYENNE","OK",73628,35.615506076,-99.673047058,373,"201 S CEARLOCK AVE, CHEYENNE, OK, 73628","Match","Exact","201 CEARLOCK AVE, CHEYENNE, OK, 73628",151962016,"L"
105874,"201 S CENTER ST","GLADEWATER","TX",75647,32.5329276100001,-94.944543932,374,"201 S CENTER ST, GLADEWATER, TX, 75647","Match","Exact","201 S CENTER ST, GLADEWATER, TX, 75647",141113052,"R"
105875,"201 S CENTRAL  SUITE 450","CLAYTON","MO",63131,NA,NA,375,"201 S CENTRAL  SUITE 450, CLAYTON, MO, 63131","No_Match",NA,NA,NA,NA
105876,"201 S COMMERCIAL","COLEMAN","TX",76834,31.8299981710001,-99.423029812,376,"201 S COMMERCIAL, COLEMAN, TX, 76834","Match","Non_Exact","201 S COMMERCIAL AVE, COLEMAN, TX, 76834",129078947,"R"
105877,"201 S DIVISION STREET","GRANVILLE","IL",61326,NA,NA,377,"201 S DIVISION STREET, GRANVILLE, IL, 61326","Tie",NA,NA,NA,NA
105878,"201 S GRANT AVE","COLUMBUS","OH",43215,39.959857737,-82.990408902,378,"201 S GRANT AVE, COLUMBUS, OH, 43215","Match","Exact","201 S GRANT AVE, COLUMBUS, OH, 43215",135579751,"R"
105879,"201 S GREENFIELD ROAD LOT 339","MESA","AZ",85206,NA,NA,379,"201 S GREENFIELD ROAD LOT 339, MESA, AZ, 85206","No_Match",NA,NA,NA,NA
105880,"201 S HURST ROAD SUITE 100","BURLESON","TX",76028,32.540462737,-97.3021371729999,380,"201 S HURST ROAD SUITE 100, BURLESON, TX, 76028","Match","Non_Exact","201 S HURST RD, BURLESON, TX, 76028",225919204,"L"
105881,"201 S HWY 174- PO BOX 129","RIO VISTA","TX",76093,NA,NA,381,"201 S HWY 174- PO BOX 129, RIO VISTA, TX, 76093","No_Match",NA,NA,NA,NA
105882,"201 S MAIN ST","BIXBY","OK",74008,35.939014867,-95.88086508,382,"201 S MAIN ST, BIXBY, OK, 74008","Match","Exact","201 S MAIN ST, BIXBY, OK, 74008",166463351,"L"
105883,"201 S MAIN ST","HARLAN","KY",40831,36.845658271,-83.322906205,383,"201 S MAIN ST, HARLAN, KY, 40831","Match","Exact","201 S MAIN ST, HARLAN, KY, 40831",87911095,"R"
105884,"201 S MAIN STREET","FARMLAND","IN",47340,40.1865843730001,-85.1277302839999,384,"201 S MAIN STREET, FARMLAND, IN, 47340","Match","Exact","201 S MAIN ST, FARMLAND, IN, 47340",635758005,"R"
105885,"201 S MAIN STREET","PLYMOUTH","MI",48170,42.3724673510001,-83.467461328,385,"201 S MAIN STREET, PLYMOUTH, MI, 48170","Match","Exact","201 S MAIN ST, PLYMOUTH, MI, 48170",95408181,"L"
105886,"201 S MAIN","GODDARD","KS",67052,37.657188585,-97.57491165,386,"201 S MAIN, GODDARD, KS, 67052","Match","Non_Exact","201 S MAIN ST, GODDARD, KS, 67052",115701647,"L"
105887,"201 S MAIN","OLDS","IA",52647,41.132777194,-91.544918109,387,"201 S MAIN, OLDS, IA, 52647","Match","Non_Exact","201 S MAIN ST, OLDS, IA, 52647",16081933,"L"
105888,"201 S NEW YORK AVENUE","ATLANTIC CITY","NJ",8401,39.3589208220001,-74.427560473,388,"201 S NEW YORK AVENUE, ATLANTIC CITY, NJ, 8401","Match","Exact","201 S NEW YORK AVE, ATLANTIC CITY, NJ, 08401",646992358,"L"
105889,"201 S ORANGE STREET","NEW SMYRNA BEACH","FL",32168,29.022976575,-80.924971813,389,"201 S ORANGE STREET, NEW SMYRNA BEACH, FL, 32168","Match","Exact","201 S ORANGE ST, NEW SMYRNA BEACH, FL, 32168",94532350,"L"
105890,"201 S PRESIDENT ST","JACKSON","MS",39201,32.298281822,-90.1820001,390,"201 S PRESIDENT ST, JACKSON, MS, 39201","Match","Exact","201 S PRESIDENT ST, JACKSON, MS, 39201",65372653,"R"
105891,"201 S RIVER ST APT 301","HOT SPRINGS","SD",57747,43.431990136,-103.477217632,391,"201 S RIVER ST APT 301, HOT SPRINGS, SD, 57747","Match","Non_Exact","201 N RIVER ST, HOT SPRINGS, SD, 57747",174195866,"R"
105892,"201 S ROGERS RD APT N-113","HOT SPRINGS","AR",71913,34.4538386770001,-93.1575889979999,392,"201 S ROGERS RD APT N-113, HOT SPRINGS, AR, 71913","Match","Non_Exact","201 S ROGERS RD, HOT SPRINGS, AR, 71913",610977401,"R"
105893,"201 S SANTA FE AVE STE 101","LOS ANGELES","CA",90012,NA,NA,393,"201 S SANTA FE AVE STE 101, LOS ANGELES, CA, 90012","Tie",NA,NA,NA,NA
105894,"201 S SHELBY ST STE 201","LOUISVILLE","KY",40202,NA,NA,394,"201 S SHELBY ST STE 201, LOUISVILLE, KY, 40202","Tie",NA,NA,NA,NA
105895,"201 S SUPERIOR ST","ALBION","MI",49224,42.2441148550001,-84.75304027,395,"201 S SUPERIOR ST, ALBION, MI, 49224","Match","Exact","201 S SUPERIOR ST, ALBION, MI, 49224",11726202,"R"
105896,"201 S UNIVERSITY AVE","MT. PLEASANT","MI",48858,43.603457243,-84.775406608,396,"201 S UNIVERSITY AVE, MT. PLEASANT, MI, 48858","Match","Exact","201 S UNIVERSITY AVE, MOUNT PLEASANT, MI, 48858",110217875,"R"
105897,"201 S WARNER AVE","PERRY","FL",32348,30.1076228700001,-83.595680016,397,"201 S WARNER AVE, PERRY, FL, 32348","Match","Exact","201 S WARNER AVE, PERRY, FL, 32348",610767317,"L"
105898,"201 S WEST STREET","COUDERSPORT","PA",16915,41.7747022080001,-78.022260408,398,"201 S WEST STREET, COUDERSPORT, PA, 16915","Match","Non_Exact","201 N WEST ST, COUDERSPORT, PA, 16915",613251607,"R"
105899,"201 S WEST STREET","SYRACUSE","NY",13202,43.0500143880001,-76.158870575,399,"201 S WEST STREET, SYRACUSE, NY, 13202","Match","Exact","201 S WEST ST, SYRACUSE, NY, 13202",46570691,"L"
105900,"201 SAINT ANN ST 2B","OWENSBORO","KY",42303,37.774751617,-87.112352189,400,"201 SAINT ANN ST 2B, OWENSBORO, KY, 42303","Match","Exact","201 SAINT ANN ST, OWENSBORO, KY, 42303",37559069,"L"
105901,"201 SAINT CLAIR STREET","FRANKFORT","KY",40601,38.197520798,-84.878600078,401,"201 SAINT CLAIR STREET, FRANKFORT, KY, 40601","Match","Exact","201 SAINT CLAIR ST, FRANKFORT, KY, 40601",97044664,"R"
105902,"201 SAN MORITZ CT","DESOTO","TX",75115,32.592059928,-96.827049914,402,"201 SAN MORITZ CT, DESOTO, TX, 75115","Match","Non_Exact","201 SAINT MORITZ CT, DESOTO, TX, 75115",103278365,"L"
105903,"201 SANDY LAKE ROAD","COLUMBIA","SC",29229,34.1529586510001,-80.8737494069999,403,"201 SANDY LAKE ROAD, COLUMBIA, SC, 29229","Match","Exact","201 SANDY LAKE RD, COLUMBIA, SC, 29229",630186105,"L"
105904,"201 SANTA MONICA AVE","EFFINGHAM","IL",62401,39.140897362,-88.5397297219999,404,"201 SANTA MONICA AVE, EFFINGHAM, IL, 62401","Match","Exact","201 SANTA MONICA AVE, EFFINGHAM, IL, 62401",94769346,"L"
105905,"201 SANTANDER DR","LAREDO","TX",78046,27.4372710640001,-99.489456325,405,"201 SANTANDER DR, LAREDO, TX, 78046","Match","Exact","201 SANTANDER DR, LAREDO, TX, 78046",649962539,"L"
105906,"201 SATURN LANE","GREER","SC",29651,34.9719019720001,-82.2195069329999,406,"201 SATURN LANE, GREER, SC, 29651","Match","Exact","201 SATURN LN, GREER, SC, 29651",19459531,"L"
105907,"201 SCHOOL STREET","ADVANCE","MO",63730,NA,NA,407,"201 SCHOOL STREET, ADVANCE, MO, 63730","No_Match",NA,NA,NA,NA
105908,"201 SE 2ND AVE 3104","MIAMI","FL",33131,25.772065033,-80.190126783,408,"201 SE 2ND AVE 3104, MIAMI, FL, 33131","Match","Non_Exact","201 SE 2ND AVE, MIAMI, FL, 33131",116285898,"L"
105909,"201 SE 2ND AVE APT 1601","MIAMI","FL",33131,25.772065033,-80.190126783,409,"201 SE 2ND AVE APT 1601, MIAMI, FL, 33131","Match","Non_Exact","201 SE 2ND AVE, MIAMI, FL, 33131",116285898,"L"
105910,"201 SE 2ND AVE STE 2405","MIAMI","FL",33131,25.772065033,-80.190126783,410,"201 SE 2ND AVE STE 2405, MIAMI, FL, 33131","Match","Non_Exact","201 SE 2ND AVE, MIAMI, FL, 33131",116285898,"L"
105911,"201 SE 2ND AVE SUITE1813","MIAMI","FL",33131,25.772065033,-80.190126783,411,"201 SE 2ND AVE SUITE1813, MIAMI, FL, 33131","Match","Non_Exact","201 SE 2ND AVE, MIAMI, FL, 33131",116285898,"L"
105912,"201 SE 6TH ST","LEON","IA",50144,40.7358971370001,-93.74660331,412,"201 SE 6TH ST, LEON, IA, 50144","Match","Exact","201 SE 6TH ST, LEON, IA, 50144",75265984,"R"
105913,"201 SE RAILROAD RD","FORT GIBSON","OK",74434,35.7960818190001,-95.250705049,413,"201 SE RAILROAD RD, FORT GIBSON, OK, 74434","Match","Non_Exact","201 SE RAILROAD ST, FORT GIBSON, OK, 74434",91928084,"L"
105914,"201 SECOND AVENUE","GARWOOD","NJ",7027,40.6549565190001,-74.320335929,414,"201 SECOND AVENUE, GARWOOD, NJ, 7027","Match","Exact","201 2ND AVE, GARWOOD, NJ, 07027",60604113,"L"
105915,"201 SHADY TRAIL","PORTERSVILLE","PA",16051,40.9782864370001,-80.158514713,415,"201 SHADY TRAIL, PORTERSVILLE, PA, 16051","Match","Exact","201 SHADY TRL, PORTERSVILLE, PA, 16051",52664611,"R"
105916,"201 SHANNONBROOK LANE","FREDERICK","MD",21701,39.4310474490001,-77.465729857,416,"201 SHANNONBROOK LANE, FREDERICK, MD, 21701","Match","Non_Exact","201 SHANNONBROOK LN, FREDERICK, MD, 21702",608291627,"L"
105917,"201 SHAVER ROAD","WEST SAND LAKE","NY",12196,42.627624688,-73.6109075959999,417,"201 SHAVER ROAD, WEST SAND LAKE, NY, 12196","Match","Exact","201 SHAVER RD, W SAND LAKE, NY, 12196",35747191,"L"
105918,"201 SHAWNEE EST","WINFIELD","WV",25213,38.5053614760001,-81.8454761409999,418,"201 SHAWNEE EST, WINFIELD, WV, 25213","Match","Exact","201 SHAWNEE EST, WINFIELD, WV, 25213",130509912,"R"
105919,"201 SHELBY ST","MURFREESBORO","TN",37127,35.8151109300001,-86.393549634,419,"201 SHELBY ST, MURFREESBORO, TN, 37127","Match","Exact","201 SHELBY ST, MURFREESBORO, TN, 37127",59014369,"R"
105920,"201 SHEPARDS WAY","BURNSVILLE","NC",28714,NA,NA,420,"201 SHEPARDS WAY, BURNSVILLE, NC, 28714","No_Match",NA,NA,NA,NA
105921,"201 SHEPPARD ST","GLEN ROSE","TX",76043,32.2384218940001,-97.751432811,421,"201 SHEPPARD ST, GLEN ROSE, TX, 76043","Match","Exact","201 SHEPPARD ST, GLEN ROSE, TX, 76043",158909360,"L"
105922,"201 SIGNAL ROAD","DREXEL HILL","PA",19026,39.9547024930001,-75.3294300219999,422,"201 SIGNAL ROAD, DREXEL HILL, PA, 19026","Match","Exact","201 SIGNAL RD, DREXEL HILL, PA, 19026",134874329,"R"
105923,"201 SIMMONS LANE","BELLE VERNON","PA",15012,40.147814973,-79.769710075,423,"201 SIMMONS LANE, BELLE VERNON, PA, 15012","Match","Non_Exact","201 SIMMONS RD, BELLE VERNON, PA, 15012",52985909,"L"
105924,"201 SIOUX AVE","HIAWATHA","KS",66434,39.845735689,-95.528897966,424,"201 SIOUX AVE, HIAWATHA, KS, 66434","Match","Exact","201 SIOUX AVE, HIAWATHA, KS, 66434",9774363,"L"
105925,"201 SOLOMON DR","SLIDELL","LA",70458,30.239589575,-89.795781888,425,"201 SOLOMON DR, SLIDELL, LA, 70458","Match","Exact","201 SOLOMON DR, SLIDELL, LA, 70458",611482509,"L"
105926,"201 SOUTH 4TH STREET","UPPER SANDUSKY","OH",43351,40.826014937,-83.27823776,426,"201 SOUTH 4TH STREET, UPPER SANDUSKY, OH, 43351","Match","Exact","201 S FOURTH ST, UPPER SANDUSKY, OH, 43351",13046550,"R"
105927,"201 SOUTH BLAKELY STREET NO-305","DUNMORE","PA",18512,41.4202760110001,-75.631913544,427,"201 SOUTH BLAKELY STREET NO-305, DUNMORE, PA, 18512","Match","Non_Exact","201 S BLAKELY ST, DUNMORE, PA, 18512",139329278,"L"
105928,"201 SOUTH CORTEZ STREET","PRESCOTT","AZ",86303,34.539799671,-112.468743492,428,"201 SOUTH CORTEZ STREET, PRESCOTT, AZ, 86303","Match","Exact","201 S CORTEZ ST, PRESCOTT, AZ, 86303",159457240,"R"
105929,"201 SOUTH DIVISION SUITE 400","ANN ARBOR","MI",48104,42.2802858650001,-83.743980998,429,"201 SOUTH DIVISION SUITE 400, ANN ARBOR, MI, 48104","Match","Non_Exact","201 S DIVISION ST, ANN ARBOR, MI, 48104",26014551,"L"
105930,"201 SOUTH EISENHOWER DRIVE","BECKLEY","WV",25801,37.7808764710001,-81.166993528,430,"201 SOUTH EISENHOWER DRIVE, BECKLEY, WV, 25801","Match","Exact","201 S EISENHOWER DR, BECKLEY, WV, 25801",637282988,"L"
105931,"201 SOUTH FAIR STREET","CHAMPAIGN","IL",61821,40.1154181570001,-88.272453823,431,"201 SOUTH FAIR STREET, CHAMPAIGN, IL, 61821","Match","Exact","201 S FAIR ST, CHAMPAIGN, IL, 61821",8808916,"R"
105932,"201 SOUTH GRANT STREET","LIGONIER","PA",15658,40.244559861,-79.241572149,432,"201 SOUTH GRANT STREET, LIGONIER, PA, 15658","Match","Exact","201 S GRANT ST, LIGONIER, PA, 15658",52955442,"L"
105933,"201 SOUTH HEIGHTS BLVD APT 1728","HOUSTON","TX",77007,29.7672675060001,-95.397137368,433,"201 SOUTH HEIGHTS BLVD APT 1728, HOUSTON, TX, 77007","Match","Exact","201 S HEIGHTS BLVD, HOUSTON, TX, 77007",96062223,"R"
105934,"201 SOUTH HIGH STREET","KIRKSVILLE","MO",63501,40.1938674400001,-92.5809114849999,434,"201 SOUTH HIGH STREET, KIRKSVILLE, MO, 63501","Match","Exact","201 S HIGH ST, KIRKSVILLE, MO, 63501",614082658,"R"
105935,"201 SOUTH JOE WILSON ROAD APT 1728","CEDAR HILL","TX",75104,32.587034397,-96.9254309359999,435,"201 SOUTH JOE WILSON ROAD APT 1728, CEDAR HILL, TX, 75104","Match","Exact","201 S JOE WILSON RD, CEDAR HILL, TX, 75104",103185910,"R"
105936,"201 SOUTH LAKELINE BLVD SUITE 202","CEDAR PARK","TX",78613,30.500916497,-97.847309007,436,"201 SOUTH LAKELINE BLVD SUITE 202, CEDAR PARK, TX, 78613","Match","Exact","201 S LAKELINE BLVD, CEDAR PARK, TX, 78613",636385535,"L"
105937,"201 SOUTH MAIN STREET SUITE 2000","SALT LAKE CITY","UT",84111,40.7648282820001,-111.891083492,437,"201 SOUTH MAIN STREET SUITE 2000, SALT LAKE CITY, UT, 84111","Match","Exact","201 S MAIN ST, SALT LAKE CITY, UT, 84111",176067386,"L"
105938,"201 SOUTH MAIN STREET SUITE 6","LAMBERTVILLE","NJ",8503,NA,NA,438,"201 SOUTH MAIN STREET SUITE 6, LAMBERTVILLE, NJ, 8503","No_Match",NA,NA,NA,NA
105939,"201 SOUTH MAIN STREET","HOPEDALE","MA",1747,42.1220481400001,-71.514201209,439,"201 SOUTH MAIN STREET, HOPEDALE, MA, 1747","Match","Exact","201 S MAIN ST, HOPEDALE, MA, 01747",615037061,"L"
105940,"201 SOUTH MAIN STREET","MIDDLEBURY","IN",46540,41.674159359,-85.7060616049999,440,"201 SOUTH MAIN STREET, MIDDLEBURY, IN, 46540","Match","Exact","201 S MAIN ST, MIDDLEBURY, IN, 46540",604673967,"L"
105941,"201 SOUTH MAIN STREET","WINDSOR","MO",65360,38.531469315,-93.5230736029999,441,"201 SOUTH MAIN STREET, WINDSOR, MO, 65360","Match","Exact","201 S MAIN ST, WINDSOR, MO, 65360",44930980,"R"
105942,"201 SOUTH MAIN","WINDSOR","MO",65360,38.531469315,-93.5230736029999,442,"201 SOUTH MAIN, WINDSOR, MO, 65360","Match","Non_Exact","201 S MAIN ST, WINDSOR, MO, 65360",44930980,"R"
105943,"201 SOUTH MAPLE STREET","NORTH LIBERTY","IN",46554,41.533452932,-86.4296220049999,443,"201 SOUTH MAPLE STREET, NORTH LIBERTY, IN, 46554","Match","Non_Exact","201 MAPLE ST, NORTH LIBERTY, IN, 46554",647292924,"R"
105944,"201 SOUTH ORANGE AVENUE SUITE 800","ORLANDO","FL",32801,28.540253787,-81.378932737,444,"201 SOUTH ORANGE AVENUE SUITE 800, ORLANDO, FL, 32801","Match","Exact","201 S ORANGE AVE, ORLANDO, FL, 32801",94282441,"L"
105945,"201 SOUTH PETERSON AVE ROOM 304","LOUISVILLE","KY",40206,38.2526894850001,-85.6977903219999,445,"201 SOUTH PETERSON AVE ROOM 304, LOUISVILLE, KY, 40206","Match","Exact","201 S PETERSON AVE, LOUISVILLE, KY, 40206",618507183,"L"
105946,"201 SOUTH SECOND AVENUE","HAILEY","ID",83333,43.5216396340001,-114.313772717,446,"201 SOUTH SECOND AVENUE, HAILEY, ID, 83333","Match","Non_Exact","201 2ND AVE, HAILEY, ID, 83333",105217669,"L"
105947,"201 SOUTH SECOND STREET SUITE 102","FORT PIERCE","FL",34950,27.4464730180001,-80.323525051,447,"201 SOUTH SECOND STREET SUITE 102, FORT PIERCE, FL, 34950","Match","Exact","201 S 2ND ST, FORT PIERCE, FL, 34950",610740503,"R"
105948,"201 SOUTH TILLERY STREET","ROCKY MOUNT","NC",27804,35.9436231270001,-77.8059544229999,448,"201 SOUTH TILLERY STREET, ROCKY MOUNT, NC, 27804","Match","Exact","201 S TILLERY ST, ROCKY MOUNT, NC, 27804",90382999,"R"
105949,"201 SOUTH U STREET APT 59","LOMPOC","CA",93436,34.6370077380001,-120.474390609,449,"201 SOUTH U STREET APT 59, LOMPOC, CA, 93436","Match","Exact","201 S U ST, LOMPOC, CA, 93436",108598530,"R"
105950,"201 SOUTH WASHINGTON STREET","TIFFIN","OH",44883,41.1119069200001,-83.176125511,450,"201 SOUTH WASHINGTON STREET, TIFFIN, OH, 44883","Match","Exact","201 S WASHINGTON ST, TIFFIN, OH, 44883",12966948,"R"
105951,"201 SOUTH YELLOWSTONE DRIVE STE 101","MADISON","WI",53705,43.0632651620001,-89.4934541439999,451,"201 SOUTH YELLOWSTONE DRIVE STE 101, MADISON, WI, 53705","Match","Exact","201 S YELLOWSTONE DR, MADISON, WI, 53705",49529959,"L"
105952,"201 SPEAR STREET STE 1100","SAN FRANCISCO","CA",94105,37.7912158290001,-122.392394468,452,"201 SPEAR STREET STE 1100, SAN FRANCISCO, CA, 94105","Match","Exact","201 SPEAR ST, SAN FRANCISCO, CA, 94105",192295764,"L"
105953,"201 SPEAR STREET SUITE 1100","SAN FRANCISCO","CA",94105,37.7912158290001,-122.392394468,453,"201 SPEAR STREET SUITE 1100, SAN FRANCISCO, CA, 94105","Match","Exact","201 SPEAR ST, SAN FRANCISCO, CA, 94105",192295764,"L"
105954,"201 SPECIALTY POINT","SANFORD","FL",32771,NA,NA,454,"201 SPECIALTY POINT, SANFORD, FL, 32771","No_Match",NA,NA,NA,NA
105955,"201 SPRUCE AVE","GARWOOD","NJ",7207,NA,NA,455,"201 SPRUCE AVE, GARWOOD, NJ, 7207","No_Match",NA,NA,NA,NA
105956,"201 ST CHARLES AVE STE 4600","NEW ORLEANS","LA",70170,NA,NA,456,"201 ST CHARLES AVE STE 4600, NEW ORLEANS, LA, 70170","No_Match",NA,NA,NA,NA
105957,"201 ST CHARLES AVE STE 950","NEW ORLEANS","LA",70170,NA,NA,457,"201 ST CHARLES AVE STE 950, NEW ORLEANS, LA, 70170","No_Match",NA,NA,NA,NA
105958,"201 ST CHARLES AVE SUITE 114-475","NEW ORLEANS","LA",70170,NA,NA,458,"201 ST CHARLES AVE SUITE 114-475, NEW ORLEANS, LA, 70170","No_Match",NA,NA,NA,NA
105959,"201 ST CHARLES AVE SUITE 2500","NEW ORLEANS","LA",70170,NA,NA,459,"201 ST CHARLES AVE SUITE 2500, NEW ORLEANS, LA, 70170","No_Match",NA,NA,NA,NA
105960,"201 ST CHARLES AVENUE STE 114-513","NEW ORLEANS","LA",70170,NA,NA,460,"201 ST CHARLES AVENUE STE 114-513, NEW ORLEANS, LA, 70170","No_Match",NA,NA,NA,NA
105961,"201 ST CHARLES AVENUE SUITE 114-206","NEW O","LA",70170,29.95224274,-90.069693177,461,"201 ST CHARLES AVENUE SUITE 114-206, NEW O, LA, 70170","Match","Non_Exact","201 SAINT CHARLES AVE, NEW ORLEANS, LA, 70170",191710848,"R"
105962,"201 ST CHARLES AVENUE SUITE 114","NEW ORLEANS","LA",70170,NA,NA,462,"201 ST CHARLES AVENUE SUITE 114, NEW ORLEANS, LA, 70170","No_Match",NA,NA,NA,NA
105963,"201 ST CHARLES AVENUE SUITE 5100","NEW ORLEANS","LA",70170,NA,NA,463,"201 ST CHARLES AVENUE SUITE 5100, NEW ORLEANS, LA, 70170","No_Match",NA,NA,NA,NA
105964,"201 ST LOUIS VALLEY RD","PARIS","AR",72855,35.287666243,-93.557894961,464,"201 ST LOUIS VALLEY RD, PARIS, AR, 72855","Match","Exact","201 ST LOUIS VALLEY RD, PARIS, AR, 72855",81482967,"R"
105965,"201 STADIUM DRIVE","CHESAPEAKE","VI",23322,NA,NA,465,"201 STADIUM DRIVE, CHESAPEAKE, VI, 23322","No_Match",NA,NA,NA,NA
105966,"201 STAFFORD HALL UVM 95 CARRIGAN","BURLINGTON","VT",5405,44.475553457,-73.192798926,466,"201 STAFFORD HALL UVM 95 CARRIGAN, BURLINGTON, VT, 5405","Match","Non_Exact","95 CORRIGAN DR, BURLINGTON, VT, 05405",639480978,"L"
105967,"201 STANWIX ST APT 718","PITTSBURGH","PA",15222,40.4405819180001,-80.0043593669999,467,"201 STANWIX ST APT 718, PITTSBURGH, PA, 15222","Match","Exact","201 STANWIX ST, PITTSBURGH, PA, 15222",51633764,"R"
105968,"201 STEELHEAD CIRCLE","LEWISTON","CA",96052,40.7057248940001,-122.848826727,468,"201 STEELHEAD CIRCLE, LEWISTON, CA, 96052","Match","Exact","201 STEELHEAD CIR, LEWISTON, CA, 96052",113450153,"L"
105969,"201 STRATFORD ST","HOUSTON","TX",77006,29.7464336460001,-95.383171991,469,"201 STRATFORD ST, HOUSTON, TX, 77006","Match","Exact","201 STRATFORD ST, HOUSTON, TX, 77006",96070684,"R"
105970,"201 STRYKERS ROAD SUITE 19 ROOM 224","PHILLIPSBURG","NJ",8865,40.7003509050001,-75.155382941,470,"201 STRYKERS ROAD SUITE 19 ROOM 224, PHILLIPSBURG, NJ, 8865","Match","Exact","201 STRYKERS RD, PHILLIPSBURG, NJ, 08865",98114329,"R"
105971,"201 SUGARMILL DRIVE","BOWLING GREEN","KY",42104,36.8776451360001,-86.4123344779999,471,"201 SUGARMILL DRIVE, BOWLING GREEN, KY, 42104","Match","Non_Exact","201 SUGAR MILL DR, BOWLING GREEN, KY, 42104",28015232,"R"
105972,"201 SULKY CIRCLE","WILMINGTON","DE",19810,39.830308975,-75.529808069,472,"201 SULKY CIRCLE, WILMINGTON, DE, 19810","Match","Exact","201 SULKY CI, WILMINGTON, DE, 19810",605784702,"R"
105973,"201 SW CLAY","TOPEKA","KS",66606,39.0609314370001,-95.685237871,473,"201 SW CLAY, TOPEKA, KS, 66606","Match","Non_Exact","201 SW CLAY ST, TOPEKA, KS, 66606",17888875,"R"
105974,"201 SW GREENWOOD AVENUE","TOPEKA","KS",66606,39.0633928600001,-95.6929221029999,474,"201 SW GREENWOOD AVENUE, TOPEKA, KS, 66606","Match","Exact","201 SW GREENWOOD AVE, TOPEKA, KS, 66606",17916017,"R"
105975,"201 SYCAMORE STREET","HAYTI","MO",63851,36.2355909980001,-89.763387012,475,"201 SYCAMORE STREET, HAYTI, MO, 63851","Match","Exact","201 SYCAMORE ST, HAYTI, MO, 63851",38913505,"L"
105976,"201 SYLVESTER AVE","BERRIEN SPRINGS","MI",49103,NA,NA,476,"201 SYLVESTER AVE, BERRIEN SPRINGS, MI, 49103","No_Match",NA,NA,NA,NA
105977,"201 TAMAL VISTA BLVD UNIT 103","CORTE MADERA","CA",94925,37.936658111,-122.518833314,477,"201 TAMAL VISTA BLVD UNIT 103, CORTE MADERA, CA, 94925","Match","Exact","201 TAMAL VISTA BLVD, CORTE MADERA, CA, 94925",636412106,"R"
105978,"201 TAYLOR RD","ELGIN","TX",78621,30.354184913,-97.374934417,478,"201 TAYLOR RD, ELGIN, TX, 78621","Match","Exact","201 TAYLOR RD, ELGIN, TX, 78621",45461090,"R"
105979,"201 THIRD NW 12TH FLOOR","ALBUQUERQUE","NM",87106,NA,NA,479,"201 THIRD NW 12TH FLOOR, ALBUQUERQUE, NM, 87106","No_Match",NA,NA,NA,NA
105980,"201 THIRD ST NW STE 1950","ALBUQUERQUE","NM",87123,35.085511512,-106.650196717,480,"201 THIRD ST NW STE 1950, ALBUQUERQUE, NM, 87123","Match","Non_Exact","201 3RD ST NW, ALBUQUERQUE, NM, 87102",206769061,"L"
105981,"201 THOMAS MILL ROAD","EASLEY","SC",29640,34.893833505,-82.5350012379999,481,"201 THOMAS MILL ROAD, EASLEY, SC, 29640","Match","Exact","201 THOMAS MILL RD, EASLEY, SC, 29640",26189574,"R"
105982,"201 THOMPSON LANE SUITE 211","NASHVILLE","TN",37211,36.110566611,-86.7408245949999,482,"201 THOMPSON LANE SUITE 211, NASHVILLE, TN, 37211","Match","Exact","201 THOMPSON LN, NASHVILLE, TN, 37211",97192930,"L"
105983,"201 THOROBRED RD","LOVELAND","OH",45140,39.2668662990001,-84.283170497,483,"201 THOROBRED RD, LOVELAND, OH, 45140","Match","Exact","201 THOROBRED RD, LOVELAND, OH, 45140",103950333,"R"
105984,"201 TIMBER CT  203","TERRELL","TX",75160,32.742774115,-96.3024610149999,484,"201 TIMBER CT  203, TERRELL, TX, 75160","Match","Exact","201 TIMBER CT, TERRELL, TX, 75160",123748952,"R"
105985,"201 TIMBER OAKS DRIVE","NORTH AURORA","IL",60542,41.8099909410001,-88.332580448,485,"201 TIMBER OAKS DRIVE, NORTH AURORA, IL, 60542","Match","Exact","201 TIMBER OAKS DR, NORTH AURORA, IL, 60542",119538537,"R"
105986,"201 TIMBERLINE DR S","COLLEYVILLE","TX",76034,32.885929237,-97.16756084,486,"201 TIMBERLINE DR S, COLLEYVILLE, TX, 76034","Match","Exact","201 TIMBERLINE DR S, COLLEYVILLE, TX, 76034",102091073,"R"
105987,"201 TOULON CT","FAIRVIEW HEIGHTS","IL",62208,38.57785441,-89.976292685,487,"201 TOULON CT, FAIRVIEW HEIGHTS, IL, 62208","Match","Exact","201 TOULON CT, FAIRVIEW HTS, IL, 62208",107840817,"L"
105988,"201 TOWN AND COUNTRY LN","CHESTER","SC",29706,34.7147607960001,-81.22157133,488,"201 TOWN AND COUNTRY LN, CHESTER, SC, 29706","Match","Exact","201 TOWN AND COUNTRY LN, CHESTER, SC, 29706",40571220,"R"
105989,"201 TOWNSEND ST STE 900","LANSING","MI",48933,42.73254753,-84.555451639,489,"201 TOWNSEND ST STE 900, LANSING, MI, 48933","Match","Exact","201 TOWNSEND ST, LANSING, MI, 48933",17499249,"L"
105990,"201 TOWNSEND STREET SUITE 900","LANSING","MI",48933,42.73254753,-84.555451639,490,"201 TOWNSEND STREET SUITE 900, LANSING, MI, 48933","Match","Exact","201 TOWNSEND ST, LANSING, MI, 48933",17499249,"L"
105991,"201 TREEWOOD ST","SAN DIEGO","CA",92114,32.7053904470001,-117.057114696,491,"201 TREEWOOD ST, SAN DIEGO, CA, 92114","Match","Exact","201 TREEWOOD ST, SAN DIEGO, CA, 92114",195353038,"R"
105992,"201 UNIVERSITY BOULEVARD","DANBURY","CT",6811,41.402869523,-73.49273319,492,"201 UNIVERSITY BOULEVARD, DANBURY, CT, 6811","Match","Exact","201 UNIVERSITY BLVD, DANBURY, CT, 06811",610490913,"R"
105993,"201 UNIVERSITY OAKS BLVD STE 2035","ROUND ROCK","TX",78665,30.5561328040001,-97.688639471,493,"201 UNIVERSITY OAKS BLVD STE 2035, ROUND ROCK, TX, 78665","Match","Exact","201 UNIVERSITY OAKS BLVD, ROUND ROCK, TX, 78665",617767524,"R"
105994,"201 VALLEY BROOK DRIVE","SILVER SPRING","MD",20904,39.059185072,-77.006159697,494,"201 VALLEY BROOK DRIVE, SILVER SPRING, MD, 20904","Match","Exact","201 VALLEY BROOK DR, SILVER SPRING, MD, 20904",62064676,"R"
105995,"201 VANDERPOOL LN UNIT 28","HOUSTON","TX",77024,29.7608556160001,-95.547251885,495,"201 VANDERPOOL LN UNIT 28, HOUSTON, TX, 77024","Match","Exact","201 VANDERPOOL LN, HOUSTON, TX, 77024",96295339,"L"
105996,"201 VANIDA DRIVE","CAMILLUS","NY",13031,43.0443575260001,-76.2691996029999,496,"201 VANIDA DRIVE, CAMILLUS, NY, 13031","Match","Exact","201 VANIDA DR, CAMILLUS, NY, 13031",46563604,"L"
105997,"201 VETERANS DRIVE","COLUMBUS","TX",78934,NA,NA,497,"201 VETERANS DRIVE, COLUMBUS, TX, 78934","No_Match",NA,NA,NA,NA
105998,"201 VICTORIAN LANE","BELLEVILLE","MI",48111,NA,NA,498,"201 VICTORIAN LANE, BELLEVILLE, MI, 48111","No_Match",NA,NA,NA,NA
105999,"201 VIKING DRIVE","PLEASANT HILL","CA",94523,37.9658895470001,-122.069637844,499,"201 VIKING DRIVE, PLEASANT HILL, CA, 94523","Match","Exact","201 VIKING DR, PLEASANT HILL, CA, 94523",635414015,"L"
106000,"201 VILLA CIR","BOYNTON BEACH","FL",33435,26.502052914,-80.062583623,500,"201 VILLA CIR, BOYNTON BEACH, FL, 33435","Match","Exact","201 VILLA CIR, BOYNTON BEACH, FL, 33435",640983307,"R"
