"ID","Address","City","State","Zip","lat","long","id","input_address","match_indicator","match_type","matched_address","tiger_line_id","tiger_side"
104001,"200 N FIFTH ST","CROCKETT","TX",75835,31.319188684,-95.4570153939999,1,"200 N FIFTH ST, CROCKETT, TX, 75835","Match","Exact","200 N 5TH ST, CROCKETT, TX, 75835",21990004,"R"
104002,"200 N FIR STREET","JEROME","ID",83338,42.724290432,-114.528287431,2,"200 N FIR STREET, JEROME, ID, 83338","Match","Exact","200 N FIR ST, JEROME, ID, 83338",105458168,"R"
104003,"200 N FOREST HILL DRIVE","BREWTON","AL",36426,NA,NA,3,"200 N FOREST HILL DRIVE, BREWTON, AL, 36426","Tie",NA,NA,NA,NA
104004,"200 N GRAND AVE UNIT 161","WEST COVINA","CA",91791,34.0729632580001,-117.872357471,4,"200 N GRAND AVE UNIT 161, WEST COVINA, CA, 91791","Match","Non_Exact","200 N GRAND AVE, WEST COVINA, CA, 91791",142856163,"R"
104005,"200 N GROESBECK HWY","MT CLEMENS","MI",48043,42.6082549880001,-82.895772175,5,"200 N GROESBECK HWY, MT CLEMENS, MI, 48043","Match","Exact","200 N GROESBECK HWY, MOUNT CLEMENS, MI, 48043",110663622,"R"
104006,"200 N GROESBECK","MOUNT CLEMENS","MI",48043,42.6082549880001,-82.895772175,6,"200 N GROESBECK, MOUNT CLEMENS, MI, 48043","Match","Non_Exact","200 N GROESBECK HWY, MOUNT CLEMENS, MI, 48043",110663622,"R"
104007,"200 N J W HARRIS RD","RUSSELL SPRINGS","KY",42642,37.09070989,-84.971281115,7,"200 N J W HARRIS RD, RUSSELL SPRINGS, KY, 42642","Match","Non_Exact","202 N JW HARRIS RD, RUSSELL SPRINGS, KY, 42642",38438356,"R"
104008,"200 N JEFFERSON STREET APT 903","CHICAGO","IL",60661,NA,NA,8,"200 N JEFFERSON STREET APT 903, CHICAGO, IL, 60661","Tie",NA,NA,NA,NA
104009,"200 N LORAINE ST  STE 950","MIDLAND","TX",79701,NA,NA,9,"200 N LORAINE ST  STE 950, MIDLAND, TX, 79701","Tie",NA,NA,NA,NA
104010,"200 N MAIN ST 2ND FL","SANTA ANA","CA",92701,33.744327791,-117.867654394,10,"200 N MAIN ST 2ND FL, SANTA ANA, CA, 92701","Match","Non_Exact","200 S MAIN ST, SANTA ANA, CA, 92701",144042143,"R"
104011,"200 N MAIN ST SUITE 200","GRAHAM","NC",27253,NA,NA,11,"200 N MAIN ST SUITE 200, GRAHAM, NC, 27253","Tie",NA,NA,NA,NA
104012,"200 N MAIN ST","FAIRFIELD","IA",52556,41.0086854960001,-91.963755514,12,"200 N MAIN ST, FAIRFIELD, IA, 52556","Match","Exact","200 N MAIN ST, FAIRFIELD, IA, 52556",84418305,"L"
104013,"200 N MAIN","CIBOLO","TX",78108,29.5623248960001,-98.227550754,13,"200 N MAIN, CIBOLO, TX, 78108","Match","Non_Exact","200 N MAIN ST, CIBOLO, TX, 78108",54824538,"L"
104014,"200 N MEMPHIS STREET","Holly Springs","MS",38635,34.772281902,-89.448560539,14,"200 N MEMPHIS STREET, Holly Springs, MS, 38635","Match","Exact","200 N MEMPHIS ST, HOLLY SPRINGS, MS, 38635",72843840,"L"
104015,"200 N MESQUITE STREET SUITE 205","ARLINGTON","TX",76011,32.737838702,-97.105750797,15,"200 N MESQUITE STREET SUITE 205, ARLINGTON, TX, 76011","Match","Non_Exact","200 N MESQUITE ST, ARLINGTON, TX, 76011",101908052,"L"
104016,"200 N PICKETT ST 304","ALEXANDRIA","VA",22304,NA,NA,16,"200 N PICKETT ST 304, ALEXANDRIA, VA, 22304","Tie",NA,NA,NA,NA
104017,"200 N PICKETT ST APT 704","ALEXANDRIA","VA",22304,NA,NA,17,"200 N PICKETT ST APT 704, ALEXANDRIA, VA, 22304","Tie",NA,NA,NA,NA
104018,"200 N RIVER ST STE 150","SEGUIN","TX",78155,NA,NA,18,"200 N RIVER ST STE 150, SEGUIN, TX, 78155","Tie",NA,NA,NA,NA
104019,"200 N SAGINAW  STREET","DURAND","MI",48429,42.912086189,-83.984651285,19,"200 N SAGINAW  STREET, DURAND, MI, 48429","Match","Exact","200 N SAGINAW ST, DURAND, MI, 48429",23652835,"L"
104020,"200 N SAN PEDRO ROAD","SAN RAFAEL","CA",94903,38.001001946,-122.523044904,20,"200 N SAN PEDRO ROAD, SAN RAFAEL, CA, 94903","Match","Exact","200 N SAN PEDRO RD, SAN RAFAEL, CA, 94903",639722835,"R"
104021,"200 N STATE ST","KNOB NOSTER","MO",65336,38.766457417,-93.55643925,21,"200 N STATE ST, KNOB NOSTER, MO, 65336","Match","Exact","200 N STATE ST, KNOB NOSTER, MO, 65336",95361242,"R"
104022,"200 N SWALL DR PENTHOUSE 2","BEVERLY HILLS","CA",90211,NA,NA,22,"200 N SWALL DR PENTHOUSE 2, BEVERLY HILLS, CA, 90211","Tie",NA,NA,NA,NA
104023,"200 N SYCAMORE STREET","PETERSBURG","VA",23803,37.2303805110001,-77.404321635,23,"200 N SYCAMORE STREET, PETERSBURG, VA, 23803","Match","Exact","200 N SYCAMORE ST, PETERSBURG, VA, 23803",54213253,"L"
104024,"200 N TIMBERLANE DR","EL DORADO","AR",71730,33.213707169,-92.687363684,24,"200 N TIMBERLANE DR, EL DORADO, AR, 71730","Match","Exact","200 N TIMBERLANE DR, EL DORADO, AR, 71730",28160058,"L"
104025,"200 NAHATAN ST","WESTWOOD","MA",2090,42.2187385610001,-71.2232448189999,25,"200 NAHATAN ST, WESTWOOD, MA, 2090","Match","Exact","200 NAHATAN ST, WESTWOOD, MA, 02090",87293691,"R"
104026,"200 NAHATAN STREET","WESTWOOD","MA",2090,42.2187385610001,-71.2232448189999,26,"200 NAHATAN STREET, WESTWOOD, MA, 2090","Match","Exact","200 NAHATAN ST, WESTWOOD, MA, 02090",87293691,"R"
104027,"200 NASH ST NE","WILSON","NC",27893,35.726814119,-77.912076879,27,"200 NASH ST NE, WILSON, NC, 27893","Match","Exact","200 NASH ST NE, WILSON, NC, 27893",26705149,"R"
104028,"200 NATHAN DR","HOLLISTER","MO",65672,36.547419721,-93.234300548,28,"200 NATHAN DR, HOLLISTER, MO, 65672","Match","Exact","200 NATHAN DR, HOLLISTER, MO, 65672",20171378,"R"
104029,"200 NE 11TH STREET","GAINESVILLE","FL",32601,29.6533926450001,-82.3117287169999,29,"200 NE 11TH STREET, GAINESVILLE, FL, 32601","Match","Exact","200 NE 11TH ST, GAINESVILLE, FL, 32601",6809240,"L"
104030,"200 NE 18TH ST","OKLAHOMA CITY","OK",73105,35.48825765,-97.508634141,30,"200 NE 18TH ST, OKLAHOMA CITY, OK, 73105","Match","Exact","200 NE 18TH ST, OKLAHOMA CITY, OK, 73105",639571888,"R"
104031,"200 NE 2ND AVE  SUITE 311","DELRAY BEACH","FL",33444,NA,NA,31,"200 NE 2ND AVE  SUITE 311, DELRAY BEACH, FL, 33444","Tie",NA,NA,NA,NA
104032,"200 NE 5TH ST","SEMINOLE","TX",79360,NA,NA,32,"200 NE 5TH ST, SEMINOLE, TX, 79360","Tie",NA,NA,NA,NA
104033,"200 NE COMMERCIAL CIR","KEYSTONE HEIGHTS","FL",32656,29.786144768,-82.0280885019999,33,"200 NE COMMERCIAL CIR, KEYSTONE HEIGHTS, FL, 32656","Match","Exact","200 NE COMMERCIAL CIR, KEYSTONE HEIGHTS, FL, 32656",606133138,"L"
104034,"200 NE HWY 24","TOPEKA","KS",66512,NA,NA,34,"200 NE HWY 24, TOPEKA, KS, 66512","No_Match",NA,NA,NA,NA
104035,"200 NEWSOM LANE","KALISPELL","MT",59901,48.1585144840001,-114.376708347,35,"200 NEWSOM LANE, KALISPELL, MT, 59901","Match","Exact","200 NEWSOM LN, KALISPELL, MT, 59901",204086385,"L"
104036,"200 NICHOLS DRIVE","GREENVILLE","NC",27858,35.5926372370001,-77.338716663,36,"200 NICHOLS DRIVE, GREENVILLE, NC, 27858","Match","Exact","200 NICHOLS DR, GREENVILLE, NC, 27858",80011914,"L"
104037,"200 NOB HILL LANE APT 2","LOUISVILLE","KY",40206,NA,NA,37,"200 NOB HILL LANE APT 2, LOUISVILLE, KY, 40206","No_Match",NA,NA,NA,NA
104038,"200 NONAVILLE RD","MOUNT JULIET","TN",37122,36.233097496,-86.530318743,38,"200 NONAVILLE RD, MOUNT JULIET, TN, 37122","Match","Exact","200 NONAVILLE RD, MOUNT JULIET, TN, 37122",645004543,"R"
104039,"200 NORTH 15TH STREET","LAS VEGAS","NV",89117,36.1658420030001,-115.128245265,39,"200 NORTH 15TH STREET, LAS VEGAS, NV, 89117","Match","Non_Exact","200 N 15TH ST, LAS VEGAS, NV, 89101",201867928,"R"
104040,"200 NORTH ANITA STREET","LAFAYETTE","LA",70501,30.2444608650001,-91.9844374579999,40,"200 NORTH ANITA STREET, LAFAYETTE, LA, 70501","Match","Exact","200 N ANITA ST, LAFAYETTE, LA, 70501",85626257,"R"
104041,"200 NORTH AVE","SIERRA VISTA","AZ",85635,31.556947413,-110.301735342,41,"200 NORTH AVE, SIERRA VISTA, AZ, 85635","Match","Exact","200 NORTH AVE, SIERRA VISTA, AZ, 85635",120925690,"L"
104042,"200 NORTH AVENUE","SIERRA VISTA","AZ",85635,31.556947413,-110.301735342,42,"200 NORTH AVENUE, SIERRA VISTA, AZ, 85635","Match","Exact","200 NORTH AVE, SIERRA VISTA, AZ, 85635",120925690,"L"
104043,"200 NORTH COBB PKWY","MARIETTA","GA",30062,33.9550582160001,-84.5227897299999,43,"200 NORTH COBB PKWY, MARIETTA, GA, 30062","Match","Non_Exact","200 COBB PKWY, MARIETTA, GA, 30062",17254918,"R"
104044,"200 NORTH COMMERCE STREET","GENEVA","AL",36340,31.037776998,-85.865755728,44,"200 NORTH COMMERCE STREET, GENEVA, AL, 36340","Match","Non_Exact","200 S COMMERCE ST, GENEVA, AL, 36340",32921992,"L"
104045,"200 NORTH DAVIE STREET     SUITE 2","GREENSBORO","NC",27401,36.0734793820001,-79.7889952639999,45,"200 NORTH DAVIE STREET     SUITE 2, GREENSBORO, NC, 27401","Match","Exact","200 N DAVIE ST, GREENSBORO, NC, 27401",640600495,"R"
104046,"200 NORTH FIFTH STREET","GREENFIELD","OH",45123,39.3530226180001,-83.387665,46,"200 NORTH FIFTH STREET, GREENFIELD, OH, 45123","Match","Exact","200 N 5TH ST, GREENFIELD, OH, 45123",101059638,"L"
104047,"200 NORTH GRAND AVENUE","SUN PRAIRIE","WI",53590,NA,NA,47,"200 NORTH GRAND AVENUE, SUN PRAIRIE, WI, 53590","No_Match",NA,NA,NA,NA
104048,"200 NORTH HOUSTON AVE","HUMBLE","TX",77338,29.998043039,-95.257373429,48,"200 NORTH HOUSTON AVE, HUMBLE, TX, 77338","Match","Exact","200 N HOUSTON AVE, HUMBLE, TX, 77338",642869239,"R"
104049,"200 NORTH MAIN STREET","GLOVERSVILLE","NY",12078,43.0560082480001,-74.341995104,49,"200 NORTH MAIN STREET, GLOVERSVILLE, NY, 12078","Match","Exact","200 N MAIN ST, GLOVERSVILLE, NY, 12078",153637286,"R"
104050,"200 NORTH MAIN STREET","MILLER CITY","OH",45864,41.1029963840001,-84.131313835,50,"200 NORTH MAIN STREET, MILLER CITY, OH, 45864","Match","Non_Exact","200 MAIN ST, MILLER CITY, OH, 45864",36589736,"R"
104051,"200 NORTH MAIN STREET","SUFFOLK","VA",23434,36.7254199610001,-76.5848042869999,51,"200 NORTH MAIN STREET, SUFFOLK, VA, 23434","Match","Non_Exact","200 S MAIN ST, SUFFOLK, VA, 23434",635390098,"R"
104052,"200 NORTH N STREET","SALT LAKE CITY","UT",84103,40.7740566570001,-111.864065827,52,"200 NORTH N STREET, SALT LAKE CITY, UT, 84103","Match","Non_Exact","200 N ST, SALT LAKE CITY, UT, 84103",176067977,"R"
104053,"200 NORTH OLIVE","FLORA","IL",62839,38.6721833560001,-88.4789332829999,53,"200 NORTH OLIVE, FLORA, IL, 62839","Match","Non_Exact","200 N OLIVE RD, FLORA, IL, 62839",39423893,"R"
104054,"200 NORTH ORCHARD","FARMINGTON","NM",87401,36.730398866,-108.205298935,54,"200 NORTH ORCHARD, FARMINGTON, NM, 87401","Match","Non_Exact","200 N ORCHARD AVE, FARMINGTON, NM, 87401",127413629,"R"
104055,"200 NORTH PARK AVENUE","HERRIN","IL",62948,37.804482738,-89.0275319959999,55,"200 NORTH PARK AVENUE, HERRIN, IL, 62948","Match","Exact","200 N PARK AVE, HERRIN, IL, 62948",6003371,"R"
104056,"200 NORTH PICKETT STREET APT 613","ALEXANDRIA","VA",22304,38.812592109,-77.119635312,56,"200 NORTH PICKETT STREET APT 613, ALEXANDRIA, VA, 22304","Match","Exact","200 N PICKETT ST, ALEXANDRIA, VA, 22304",639075403,"R"
104057,"200 NORTH ROGERS STREET SUITE A","WAXAHACHIE","TX",75165,32.3876568640001,-96.847122718,57,"200 NORTH ROGERS STREET SUITE A, WAXAHACHIE, TX, 75165","Match","Exact","200 N ROGERS ST, WAXAHACHIE, TX, 75165",103450646,"L"
104058,"200 NORTH SEVENTH STREET","WEST MEMPHIS","AR",72301,35.149586261,-90.175806666,58,"200 NORTH SEVENTH STREET, WEST MEMPHIS, AR, 72301","Match","Exact","200 N 7TH ST, WEST MEMPHIS, AR, 72301",69381951,"R"
104059,"200 NORTH ST E","HARVEY","ND",58341,47.7749299270001,-99.928946578,59,"200 NORTH ST E, HARVEY, ND, 58341","Match","Exact","200 NORTH ST E, HARVEY, ND, 58341",174078359,"L"
104060,"200 NORTH ST","BURLINGTON","VT",5401,44.4847385100001,-73.214063462,60,"200 NORTH ST, BURLINGTON, VT, 5401","Match","Exact","200 NORTH ST, BURLINGTON, VT, 05401",135827840,"L"
104061,"200 NORTH STREET","HARVEY","ND",58341,NA,NA,61,"200 NORTH STREET, HARVEY, ND, 58341","Tie",NA,NA,NA,NA
104062,"200 NORTH WATER ST","ALBANY","WI",53502,42.706100147,-89.43688976,62,"200 NORTH WATER ST, ALBANY, WI, 53502","Match","Non_Exact","200 S WATER ST, ALBANY, WI, 53502",48540467,"R"
104063,"200 NORTHPINES DR APT 433","KINGWOOD","TX",77339,30.0654056820001,-95.244035137,63,"200 NORTHPINES DR APT 433, KINGWOOD, TX, 77339","Match","Exact","200 NORTHPINES DR, KINGWOOD, TX, 77339",650118273,"L"
104064,"200 NORTHRIDGE RD","BOLINGBROOK","IL",60440,41.7018765720001,-88.062997507,64,"200 NORTHRIDGE RD, BOLINGBROOK, IL, 60440","Match","Non_Exact","200 NORTHRIDGE AVE, BOLINGBROOK, IL, 60440",111544081,"L"
104065,"200 NORTHSIDE DRIVE","CARROLLTON","GA",30117,33.60233714,-85.046360393,65,"200 NORTHSIDE DRIVE, CARROLLTON, GA, 30117","Match","Exact","200 NORTHSIDE DR, CARROLLTON, GA, 30117",17134930,"L"
104066,"200 NORWEGIAN AVENUE","MODESTO","CA",95350,37.671124853,-120.991255987,66,"200 NORWEGIAN AVENUE, MODESTO, CA, 95350","Match","Exact","200 NORWEGIAN AVE, MODESTO, CA, 95350",102603981,"R"
104067,"200 NW 4TH ST","BRYANT","AZ",72022,NA,NA,67,"200 NW 4TH ST, BRYANT, AZ, 72022","No_Match",NA,NA,NA,NA
104068,"200 NW 70TH AVENUE","PLANTATION","FL",33317,26.123794768,-80.2412969229999,68,"200 NW 70TH AVENUE, PLANTATION, FL, 33317","Match","Exact","200 NW 70TH AVE, PLANTATION, FL, 33317",114811652,"R"
104069,"200 NW 87TH AVE APT J223","MIAMI","FL",33172,25.772273431,-80.336511407,69,"200 NW 87TH AVE APT J223, MIAMI, FL, 33172","Match","Non_Exact","200 NW 87TH AVE, MIAMI, FL, 33172",116064775,"L"
104070,"200 NW ENGLEWOOD RD SUITE B","GLADSTONE","MO",64118,NA,NA,70,"200 NW ENGLEWOOD RD SUITE B, GLADSTONE, MO, 64118","Tie",NA,NA,NA,NA
104071,"200 NW HEMLOCK ST","LEES SUMMIT","MO",64064,38.991815968,-94.3829737299999,71,"200 NW HEMLOCK ST, LEES SUMMIT, MO, 64064","Match","Exact","200 NW HEMLOCK ST, LEES SUMMIT, MO, 64064",91471812,"R"
104072,"200 NW PACIFIC AVE","CHEHALIS","WA",98532,46.6627415390001,-122.968958728,72,"200 NW PACIFIC AVE, CHEHALIS, WA, 98532","Match","Exact","200 NW PACIFIC AVE, CHEHALIS, WA, 98532",180709544,"R"
104073,"200 OAK POINT DRIVE","MIDDLEBORO","MA",2346,41.949879159,-70.902846434,73,"200 OAK POINT DRIVE, MIDDLEBORO, MA, 2346","Match","Exact","200 OAK POINT DR, MIDDLEBORO, MA, 02346",87490314,"L"
104074,"200 OAK ST NE SUITE 1","ALBUQUERQUE","NM",87106,NA,NA,74,"200 OAK ST NE SUITE 1, ALBUQUERQUE, NM, 87106","No_Match",NA,NA,NA,NA
104075,"200 OAKLAND AVENUE","BELLEVUE","OH",44811,41.281382647,-82.8416387029999,75,"200 OAKLAND AVENUE, BELLEVUE, OH, 44811","Match","Exact","200 OAKLAND AVE, BELLEVUE, OH, 44811",38680156,"L"
104076,"200 OCEAN DRIVE SUITE 5A","MIAMI BEACH","FL",33139,25.7709185950001,-80.132777925,76,"200 OCEAN DRIVE SUITE 5A, MIAMI BEACH, FL, 33139","Match","Exact","200 OCEAN DR, MIAMI BEACH, FL, 33139",116020875,"L"
104077,"200 OLD LYMAN RD","SOUTH HADLEY","MA",1075,42.219739428,-72.5648443269999,77,"200 OLD LYMAN RD, SOUTH HADLEY, MA, 1075","Match","Exact","200 OLD LYMAN RD, SOUTH HADLEY, MA, 01075",647314045,"L"
104078,"200 OLD MARINA LANE","NEWPORT NEWS","VA",23602,37.085706746,-76.5246618039999,78,"200 OLD MARINA LANE, NEWPORT NEWS, VA, 23602","Match","Exact","200 OLD MARINA LN, NEWPORT NEWS, VA, 23602",103818864,"R"
104079,"200 OLD WINSTON ROAD  STE 103","HIGH POINT","NC",27265,35.9905183560001,-80.024843448,79,"200 OLD WINSTON ROAD  STE 103, HIGH POINT, NC, 27265","Match","Non_Exact","200 OLD WINSTON RD, HIGH POINT, NC, 27265",652175296,"R"
104080,"200 OLDE KESWICK LANE","PETERSBURG","VA",23805,37.1231951710001,-77.397347136,80,"200 OLDE KESWICK LANE, PETERSBURG, VA, 23805","Match","Non_Exact","200 OLD KESWICK LN, PETERSBURG, VA, 23805",647897629,"L"
104081,"200 OLDE TOWNE AVENUE 238","GAITHERSBURG","MD",21237,39.1407660850001,-77.195857458,81,"200 OLDE TOWNE AVENUE 238, GAITHERSBURG, MD, 21237","Match","Non_Exact","200 OLDE TOWNE AVE, GAITHERSBURG, MD, 20877",62144843,"L"
104082,"200 OPORTO MADRID BLVD","BIRMINGHAM","AL",35206,NA,NA,82,"200 OPORTO MADRID BLVD, BIRMINGHAM, AL, 35206","Tie",NA,NA,NA,NA
104083,"200 ORCHARD HILLS DRIVE","ANN ARBOR","MI",48104,42.278924681,-83.715682616,83,"200 ORCHARD HILLS DRIVE, ANN ARBOR, MI, 48104","Match","Exact","200 ORCHARD HILLS DR, ANN ARBOR, MI, 48104",26015291,"R"
104084,"200 ORLEANS BLVD","COLDWATER","MI",49036,41.940527634,-84.98042958,84,"200 ORLEANS BLVD, COLDWATER, MI, 49036","Match","Exact","200 ORLEANS BLVD, COLDWATER, MI, 49036",8223268,"R"
104085,"200 ORVILLE DRIVE","BOHEMIA","NY",11716,40.772239611,-73.1015271529999,85,"200 ORVILLE DRIVE, BOHEMIA, NY, 11716","Match","Exact","200 ORVILLE DR, BOHEMIA, NY, 11716",114244440,"L"
104086,"200 OTTAWA AVENUE NW SUITE 500","GRAND RAPIDS","MI",49503,NA,NA,86,"200 OTTAWA AVENUE NW SUITE 500, GRAND RAPIDS, MI, 49503","No_Match",NA,NA,NA,NA
104087,"200 OVERCREST ROAD","MARYSVILLE","PA",17053,40.340193986,-76.938182839,87,"200 OVERCREST ROAD, MARYSVILLE, PA, 17053","Match","Non_Exact","200 OVERCREST ST, MARYSVILLE, PA, 17053",617448272,"R"
104088,"200 OVERDALE DRIVE","GILLETTE","WY",82718,44.292555775,-105.548858594,88,"200 OVERDALE DRIVE, GILLETTE, WY, 82718","Match","Exact","200 OVERDALE DR, GILLETTE, WY, 82718",146355569,"R"
104089,"200 OWENS TRAIL SUITE 8","BRANSON","MO",65616,36.64290075,-93.237566187,89,"200 OWENS TRAIL SUITE 8, BRANSON, MO, 65616","Match","Exact","200 OWENS TRL, BRANSON, MO, 65616",20166783,"R"
104090,"200 PALMETTO HALL COURT","LEXINGTON","SC",29072,34.0033185090001,-81.232135349,90,"200 PALMETTO HALL COURT, LEXINGTON, SC, 29072","Match","Exact","200 PALMETTO HALL CT, LEXINGTON, SC, 29072",70078406,"R"
104091,"200 PALOUSE STREET SUITE 201-7","WENATCHEE","WA",98801,47.4241846310001,-120.312749596,91,"200 PALOUSE STREET SUITE 201-7, WENATCHEE, WA, 98801","Match","Exact","200 PALOUSE ST, WENATCHEE, WA, 98801",156974027,"R"
104092,"200 PARK AVENUE STE 1700","NEW YORK","NY",10166,40.754108999,-73.97624568,92,"200 PARK AVENUE STE 1700, NEW YORK, NY, 10166","Match","Exact","200 PARK AVE, NEW YORK, NY, 10166",59662668,"L"
104093,"200 PARK AVENUE SUITE 1700","NEW YORK","NY",10166,40.754108999,-73.97624568,93,"200 PARK AVENUE SUITE 1700, NEW YORK, NY, 10166","Match","Exact","200 PARK AVE, NEW YORK, NY, 10166",59662668,"L"
104094,"200 PARK AVENUE","NEW YORK","NY",10166,40.754108999,-73.97624568,94,"200 PARK AVENUE, NEW YORK, NY, 10166","Match","Exact","200 PARK AVE, NEW YORK, NY, 10166",59662668,"L"
104095,"200 PARK DRIVE","MANNINGTON","WV",26582,39.5299726920001,-80.351405171,95,"200 PARK DRIVE, MANNINGTON, WV, 26582","Match","Exact","200 PARK DR, MANNINGTON, WV, 26582",51423938,"L"
104096,"200 PARK PLACE SUITE 410","ORANGE VILLAGE","OH",44122,NA,NA,96,"200 PARK PLACE SUITE 410, ORANGE VILLAGE, OH, 44122","No_Match",NA,NA,NA,NA
104097,"200 PARK ROAD","SIPSEY","AL",35584,NA,NA,97,"200 PARK ROAD, SIPSEY, AL, 35584","No_Match",NA,NA,NA,NA
104098,"200 PARK VIEW CT","LIZELLA","GA",31052,32.8215519240001,-83.7766119619999,98,"200 PARK VIEW CT, LIZELLA, GA, 31052","Match","Exact","200 PARK VIEW CT, LIZELLA, GA, 31052",81075903,"L"
104099,"200 PARKSIDE AVE","TRENTON","NJ",8618,40.2346914660001,-74.7888693089999,99,"200 PARKSIDE AVE, TRENTON, NJ, 8618","Match","Exact","200 PARKSIDE AVE, TRENTON, NJ, 08618",60225700,"R"
104100,"200 PARKWAY DRIVE","TRUSSVILLE","AL",35173,33.6266079170001,-86.604766518,100,"200 PARKWAY DRIVE, TRUSSVILLE, AL, 35173","Match","Exact","200 PARKWAY DR, TRUSSVILLE, AL, 35173",81696258,"R"
104101,"200 PATRICIA KOCH BLVD","SANTA CLAUS","IN",47579,NA,NA,101,"200 PATRICIA KOCH BLVD, SANTA CLAUS, IN, 47579","No_Match",NA,NA,NA,NA
104102,"200 PECAN DRIVE","SUMMERVILLE","SC",29483,33.026026202,-80.232734718,102,"200 PECAN DRIVE, SUMMERVILLE, SC, 29483","Match","Exact","200 PECAN DR, SUMMERVILLE, SC, 29483",178469889,"R"
104103,"200 PENSACOLA BEACH RD APT E6","GULF BREEZE","FL",32561,30.356014686,-87.1589042749999,103,"200 PENSACOLA BEACH RD APT E6, GULF BREEZE, FL, 32561","Match","Exact","200 PENSACOLA BEACH RD, GULF BREEZE, FL, 32561",642566189,"R"
104104,"200 PETE ROAD","SHARPSBURG","GA",30277,33.464334996,-84.6467587769999,104,"200 PETE ROAD, SHARPSBURG, GA, 30277","Match","Exact","200 PETE RD, SHARPSBURG, GA, 30277",647449013,"L"
104105,"200 PHEASANT RUN","HENDERSONVILLE","NC",28739,35.271531242,-82.4707606379999,105,"200 PHEASANT RUN, HENDERSONVILLE, NC, 28739","Match","Exact","200 PHEASANT RUN, HENDERSONVILLE, NC, 28739",152273628,"L"
104106,"200 PINE GROVE DRIVE","BROCKTON","MA",2301,42.1029601000001,-71.059901812,106,"200 PINE GROVE DRIVE, BROCKTON, MA, 2301","Match","Exact","200 PINE GROVE DR, BROCKTON, MA, 02301",87489629,"R"
104107,"200 PINE LANE","DOUGLASSVILLE","PA",19518,40.2851988910001,-75.717783179,107,"200 PINE LANE, DOUGLASSVILLE, PA, 19518","Match","Exact","200 PINE LN, DOUGLASSVILLE, PA, 19518",80401214,"L"
104108,"200 PINE STREET","ROSELLE","NJ",7203,40.6573980420001,-74.269211908,108,"200 PINE STREET, ROSELLE, NJ, 7203","Match","Exact","200 PINE ST, ROSELLE, NJ, 07203",60572830,"R"
104109,"200 PINEHURST ST","KINGSFORD","MI",49802,45.795080366,-88.075612209,109,"200 PINEHURST ST, KINGSFORD, MI, 49802","Match","Exact","200 PINEHURST ST, KINGSFORD, MI, 49802",170159447,"L"
104110,"200 PLEASANT HOME ROAD","AUGUSTA","GA",30907,33.5131675270001,-82.070972204,110,"200 PLEASANT HOME ROAD, AUGUSTA, GA, 30907","Match","Exact","200 PLEASANT HOME RD, AUGUSTA, GA, 30907",55633374,"L"
104111,"200 POMONA DRIVE SUITE F","GREENSBORO","NC",27407,36.0679060480001,-79.861631862,111,"200 POMONA DRIVE SUITE F, GREENSBORO, NC, 27407","Match","Exact","200 POMONA DR, GREENSBORO, NC, 27407",131028723,"R"
104112,"200 POPLAR FOREST ROAD APT K","FARMVILLE","VA",23901,37.261926816,-78.395651519,112,"200 POPLAR FOREST ROAD APT K, FARMVILLE, VA, 23901","Match","Exact","200 POPLAR FOREST RD, FARMVILLE, VA, 23901",653494037,"L"
104113,"200 PORTLAND STREET  SUITE 500","BOSTON","MA",2114,42.364165687,-71.061571215,113,"200 PORTLAND STREET  SUITE 500, BOSTON, MA, 2114","Match","Exact","200 PORTLAND ST, BOSTON, MA, 02114",85709706,"L"
104114,"200 PRAIRIE COURT SUITE 3072","VACAVILLE","CA",95687,NA,NA,114,"200 PRAIRIE COURT SUITE 3072, VACAVILLE, CA, 95687","No_Match",NA,NA,NA,NA
104115,"200 PRESTON DRIVE","OKMULGEE","OK",74447,NA,NA,115,"200 PRESTON DRIVE, OKMULGEE, OK, 74447","No_Match",NA,NA,NA,NA
104116,"200 PRIVATE ROAD 4703","CASTROVILLE","TX",78009,NA,NA,116,"200 PRIVATE ROAD 4703, CASTROVILLE, TX, 78009","No_Match",NA,NA,NA,NA
104117,"200 PROFESSIONAL DR SUITE 220","GAITHERSBURG","MD",20879,NA,NA,117,"200 PROFESSIONAL DR SUITE 220, GAITHERSBURG, MD, 20879","No_Match",NA,NA,NA,NA
104118,"200 PUBLIC SQUARE SUITE 2300","CLEVELAND","OH",44114,NA,NA,118,"200 PUBLIC SQUARE SUITE 2300, CLEVELAND, OH, 44114","No_Match",NA,NA,NA,NA
104119,"200 PUEBLO AVE APT 106","BAY POINT","CA",94565,38.0227998830001,-121.950244401,119,"200 PUEBLO AVE APT 106, BAY POINT, CA, 94565","Match","Exact","200 PUEBLO AVE, BAY POINT, CA, 94565",647649166,"R"
104120,"200 RAMPART WAY","DENVER","CO",80230,39.7209017960001,-104.899036648,120,"200 RAMPART WAY, DENVER, CO, 80230","Match","Exact","200 RAMPART WAY, DENVER, CO, 80230",177629714,"L"
104121,"200 RANIER CT","CANTON","GA",30114,34.215616025,-84.5148111239999,121,"200 RANIER CT, CANTON, GA, 30114","Match","Non_Exact","200 RAINIER CT, CANTON, GA, 30114",640592231,"R"
104122,"200 REBECCA ROAD","BENTONVILLE","AR",72712,36.3718709770001,-94.175873902,122,"200 REBECCA ROAD, BENTONVILLE, AR, 72712","Match","Exact","200 REBECCA RD, BENTONVILLE, AR, 72712",47849206,"L"
104123,"200 REDBUD STREET  APT 414","SELMER","TN",38375,35.1690823010001,-88.606181652,123,"200 REDBUD STREET  APT 414, SELMER, TN, 38375","Match","Exact","200 REDBUD ST, SELMER, TN, 38375",652143530,"L"
104124,"200 REDDICK STREET","WILLIAMSTON","NC",27892,35.8537100680001,-77.0622351009999,124,"200 REDDICK STREET, WILLIAMSTON, NC, 27892","Match","Exact","200 REDDICK ST, WILLIAMSTON, NC, 27892",56805851,"R"
104125,"200 RENAISSANCE PKWY NE 303","ATLANTA","GA",30308,NA,NA,125,"200 RENAISSANCE PKWY NE 303, ATLANTA, GA, 30308","No_Match",NA,NA,NA,NA
104126,"200 RENEGADE DR","FREDERICKSBURG","VA",22406,NA,NA,126,"200 RENEGADE DR, FREDERICKSBURG, VA, 22406","No_Match",NA,NA,NA,NA
104127,"200 RESEARCH PARKWAY","MERIDEN","CT",6450,41.5209657720001,-72.7601500819999,127,"200 RESEARCH PARKWAY, MERIDEN, CT, 6450","Match","Exact","200 RESEARCH PKWY, MERIDEN, CT, 06450",3724833,"L"
104128,"200 REX PLACE","MADEIRA BEACH","FL",33708,27.8055636220001,-82.7993418359999,128,"200 REX PLACE, MADEIRA BEACH, FL, 33708","Match","Exact","200 REX PL, MADEIRA BEACH, FL, 33708",124719159,"R"
104129,"200 RHODE ISLAND AVE NE APT 227","WASHINGTON","DC",20002,38.9187751060001,-77.00339402,129,"200 RHODE ISLAND AVE NE APT 227, WASHINGTON, DC, 20002","Match","Exact","200 RHODE ISLAND AVE NE, WASHINGTON, DC, 20002",76228577,"L"
104130,"200 RICHARDSON RD","N CHELMSFORD","MA",1863,42.6247904250001,-71.379742455,130,"200 RICHARDSON RD, N CHELMSFORD, MA, 1863","Match","Exact","200 RICHARDSON RD, N CHELMSFORD, MA, 01863",87120736,"L"
104131,"200 RIDGE RUN COURT","GEORGETOWN","TX",78628,30.614658053,-97.708621529,131,"200 RIDGE RUN COURT, GEORGETOWN, TX, 78628","Match","Exact","200 RIDGE RUN CT, GEORGETOWN, TX, 78628",126444793,"R"
104132,"200 RIDGE WAY","BURLESON","TX",76028,NA,NA,132,"200 RIDGE WAY, BURLESON, TX, 76028","No_Match",NA,NA,NA,NA
104133,"200 RIDGEWOOD RD","AUSTIN","TX",78746,30.2832110840001,-97.786564057,133,"200 RIDGEWOOD RD, AUSTIN, TX, 78746","Match","Exact","200 RIDGEWOOD RD, AUSTIN, TX, 78746",63941519,"R"
104134,"200 RIVER JAMES SHOPPING CENTER","MADISON HEIGHTS","VA",24572,37.4293627800001,-79.124947322,134,"200 RIVER JAMES SHOPPING CENTER, MADISON HEIGHTS, VA, 24572","Match","Non_Exact","200 RIVER JAMES RD, MADISON HEIGHTS, VA, 24572",159108577,"R"
104135,"200 RIVER PLACE DRIVE SUITE 35","DETROIT","MI",48207,42.335852796,-83.0173196009999,135,"200 RIVER PLACE DRIVE SUITE 35, DETROIT, MI, 48207","Match","Exact","200 RIVER PLACE DR, DETROIT, MI, 48207",95511213,"R"
104136,"200 RIVERFRONT DRIVE APT 41","DETROIT","MI",48226,42.324240021,-83.056417785,136,"200 RIVERFRONT DRIVE APT 41, DETROIT, MI, 48226","Match","Exact","200 RIVERFRONT DR, DETROIT, MI, 48226",650157601,"L"
104137,"200 RIVERSIDE BLVD APT 16-IJ","NEW YORK","NY",10069,40.7790765820001,-73.9882096489999,137,"200 RIVERSIDE BLVD APT 16-IJ, NEW YORK, NY, 10069","Match","Exact","200 RIVERSIDE BLVD, NEW YORK, NY, 10069",59665044,"R"
104138,"200 RIVERVIEW COURT","BIRCHWOOD","TN",37308,35.380071806,-85.019548392,138,"200 RIVERVIEW COURT, BIRCHWOOD, TN, 37308","Match","Exact","200 RIVERVIEW CT, BIRCHWOOD, TN, 37308",79421207,"L"
104139,"200 RIVERVIEW PARKWAY","SANTEE","CA",92071,32.8421214680001,-116.977722477,139,"200 RIVERVIEW PARKWAY, SANTEE, CA, 92071","Match","Exact","200 RIVERVIEW PKWY, SANTEE, CA, 92071",648949716,"L"
104140,"200 ROBERT E LEE BLVD","NEW ORLEANS","LA",70124,30.0200012970001,-90.1124245789999,140,"200 ROBERT E LEE BLVD, NEW ORLEANS, LA, 70124","Match","Exact","200 ROBERT E LEE BLVD, NEW ORLEANS, LA, 70124",191733397,"L"
104141,"200 ROCKFORD ROAD","KERNERSVILLE","NC",27284,36.1441153050001,-80.073904319,141,"200 ROCKFORD ROAD, KERNERSVILLE, NC, 27284","Match","Exact","200 ROCKFORD RD, KERNERSVILLE, NC, 27284",622835820,"R"
104142,"200 ROSS LANE","FOSTER CITY","CA",94404,37.53653755,-122.268345108,142,"200 ROSS LANE, FOSTER CITY, CA, 94404","Match","Exact","200 ROSS LN, FOSTER CITY, CA, 94404",192411447,"L"
104143,"200 ROUTE 25A","KINGS PARK","NY",11754,40.884219891,-73.2502266929999,143,"200 ROUTE 25A, KINGS PARK, NY, 11754","Match","Non_Exact","200 STATE RTE 25A, KINGS PARK, NY, 11754",113980218,"R"
104144,"200 RT 25A","KINGS PARK","NY",11754,40.884219891,-73.2502266929999,144,"200 RT 25A, KINGS PARK, NY, 11754","Match","Non_Exact","200 STATE RTE 25A, KINGS PARK, NY, 11754",113980218,"R"
104145,"200 RTE 25A","KINGS PARK","NY",11754,40.884219891,-73.2502266929999,145,"200 RTE 25A, KINGS PARK, NY, 11754","Match","Non_Exact","200 STATE RTE 25A, KINGS PARK, NY, 11754",113980218,"R"
104146,"200 RUSSELL STREET SUITE 300","HUNTSVILLE","AL",35801,34.7378171560001,-86.5755289579999,146,"200 RUSSELL STREET SUITE 300, HUNTSVILLE, AL, 35801","Match","Non_Exact","200 RUSSELL ST NE, HUNTSVILLE, AL, 35801",58186977,"R"
104147,"200 S  OLD STATESVILLE ROAD","HUNTERSVILLE","NC",28078,NA,NA,147,"200 S  OLD STATESVILLE ROAD, HUNTERSVILLE, NC, 28078","No_Match",NA,NA,NA,NA
104148,"200 S 13TH ST STE 110","GROVER BEACH","CA",93433,35.1200965740001,-120.615451553,148,"200 S 13TH ST STE 110, GROVER BEACH, CA, 93433","Match","Exact","200 13TH ST, GROVER BEACH, CA, 93433",109853323,"L"
104149,"200 S 1ST ST","RATON","NM",87740,36.900900683,-104.438372443,149,"200 S 1ST ST, RATON, NM, 87740","Match","Exact","200 S 1ST ST, RATON, NM, 87740",171184365,"L"
104150,"200 S 31ST AVE UNIT 4709","OMAHA","NE",68131,NA,NA,150,"200 S 31ST AVE UNIT 4709, OMAHA, NE, 68131","No_Match",NA,NA,NA,NA
104151,"200 S 3RD ST UNIT 720121","SAN JOSE","CA",95172,NA,NA,151,"200 S 3RD ST UNIT 720121, SAN JOSE, CA, 95172","No_Match",NA,NA,NA,NA
104152,"200 S 5TH AVENUE","DILLON","SC",29536,34.418004502,-79.376398385,152,"200 S 5TH AVENUE, DILLON, SC, 29536","Match","Exact","200 S 5TH AVE, DILLON, SC, 29536",28817771,"L"
104153,"200 S BARRINGTON AVE   NUMBER 49521","LOS ANGELES","CA",90049,34.0644037480001,-118.468955334,153,"200 S BARRINGTON AVE   NUMBER 49521, LOS ANGELES, CA, 90049","Match","Non_Exact","200 S BARRINGTON AVE, LOS ANGELES, CA, 90049",141566845,"L"
104154,"200 S BARTON AVE","FAYETTEVILE","AR",72701,36.0592145520001,-94.1528687749999,154,"200 S BARTON AVE, FAYETTEVILE, AR, 72701","Match","Non_Exact","200 S BARTON AVE, FAYETTEVILLE, AR, 72701",49046812,"L"
104155,"200 S BRENTWOOD APT 21E","ST LOUIS","MO",63105,NA,NA,155,"200 S BRENTWOOD APT 21E, ST LOUIS, MO, 63105","No_Match",NA,NA,NA,NA
104156,"200 S BROOKWOOD DRIVE","DERBY","KS",67037,37.542982269,-97.255081914,156,"200 S BROOKWOOD DRIVE, DERBY, KS, 67037","Match","Non_Exact","200 S BROOKWOOD, DERBY, KS, 67037",115653744,"L"
104157,"200 S BURRIS AVE","COMPTON","CA",90221,33.895097922,-118.211457548,157,"200 S BURRIS AVE, COMPTON, CA, 90221","Match","Exact","200 S BURRIS AVE, COMPTON, CA, 90221",141678442,"L"
104158,"200 S CAMP ST","SEGUIN","TX",78155,29.568101891,-97.9654669499999,158,"200 S CAMP ST, SEGUIN, TX, 78155","Match","Exact","200 S CAMP ST, SEGUIN, TX, 78155",54827724,"R"
104159,"200 S CHURCH STREET","CLIFTON HEIGHTS","PA",19018,39.925837975,-75.297854462,159,"200 S CHURCH STREET, CLIFTON HEIGHTS, PA, 19018","Match","Exact","200 S CHURCH ST, CLIFTON HEIGHTS, PA, 19018",134883210,"R"
104160,"200 S COCKRELL HILL RD","RED OAK","TX",75154,32.5296847710001,-96.888939982,160,"200 S COCKRELL HILL RD, RED OAK, TX, 75154","Match","Exact","200 COCKRELL HILL RD, RED OAK, TX, 75154",103448645,"L"
104161,"200 S COPPER ST","DEMING","NM",88030,32.2673547380001,-107.759817233,161,"200 S COPPER ST, DEMING, NM, 88030","Match","Exact","200 S COPPER ST, DEMING, NM, 88030",201327082,"L"
104162,"200 S ELLIOT PO BOX 148","AURORA","MO",65605,NA,NA,162,"200 S ELLIOT PO BOX 148, AURORA, MO, 65605","No_Match",NA,NA,NA,NA
104163,"200 S ELLIOTT AVE","AURORA","MO",65605,36.9739020220001,-93.7179444609999,163,"200 S ELLIOTT AVE, AURORA, MO, 65605","Match","Exact","200 S ELLIOTT AVE, AURORA, MO, 65605",99851824,"R"
104164,"200 S EUCALYPTUS AVE","INGLEWOOD","CA",90301,33.961589421,-118.359496914,164,"200 S EUCALYPTUS AVE, INGLEWOOD, CA, 90301","Match","Exact","200 S EUCALYPTUS AVE, INGLEWOOD, CA, 90301",142750037,"L"
104165,"200 S GARFIELD AVE STE 203","ALHAMBRA","CA",91801,NA,NA,165,"200 S GARFIELD AVE STE 203, ALHAMBRA, CA, 91801","Tie",NA,NA,NA,NA
104166,"200 S JULIANA ST","BEDFORD","PA",15522,40.0171998700001,-78.5036849109999,166,"200 S JULIANA ST, BEDFORD, PA, 15522","Match","Exact","200 S JULIANA ST, BEDFORD, PA, 15522",50161819,"L"
104167,"200 S L88 ST","VALDOSTA","GA",31601,30.8251275530001,-83.274199132,167,"200 S L88 ST, VALDOSTA, GA, 31601","Match","Non_Exact","200 SOUTH ST, VALDOSTA, GA, 31601",87718493,"R"
104168,"200 S LAKE AVENUE SUITE 2","PAHOKEE","FL",33476,26.821952551,-80.665598663,168,"200 S LAKE AVENUE SUITE 2, PAHOKEE, FL, 33476","Match","Non_Exact","200 S LAKE AVE, PAHOKEE, FL, 33476",115325918,"R"
104169,"200 S LINDEN AVE","RIALTO","CA",92376,NA,NA,169,"200 S LINDEN AVE, RIALTO, CA, 92376","Tie",NA,NA,NA,NA
104170,"200 S MAIN STREET STE130","CORONA","CA",92882,NA,NA,170,"200 S MAIN STREET STE130, CORONA, CA, 92882","Tie",NA,NA,NA,NA
104171,"200 S MAIN STREET","LE SUEUR","MN",56058,44.4599908390001,-93.916588243,171,"200 S MAIN STREET, LE SUEUR, MN, 56058","Match","Exact","200 S MAIN ST, LE SUEUR, MN, 56058",608320137,"L"
104172,"200 S MARSHALL ST","HENDERSON","TX",75654,32.151716757,-94.798134204,172,"200 S MARSHALL ST, HENDERSON, TX, 75654","Match","Exact","200 S MARSHALL ST, HENDERSON, TX, 75654",79632317,"L"
104173,"200 S MERIDIAN ST","INDIANAPOLIS","IN",46225,39.764202563,-86.1582006249999,173,"200 S MERIDIAN ST, INDIANAPOLIS, IN, 46225","Match","Exact","200 S MERIDIAN ST, INDIANAPOLIS, IN, 46225",108051714,"R"
104174,"200 S MICHIGAN AVE STE 1100","CHICAGO","IL",60604,NA,NA,174,"200 S MICHIGAN AVE STE 1100, CHICAGO, IL, 60604","No_Match",NA,NA,NA,NA
104175,"200 S MILL ST","BELOIT","KS",67420,39.458153646,-98.11038131,175,"200 S MILL ST, BELOIT, KS, 67420","Match","Exact","200 S MILL ST, BELOIT, KS, 67420",148303907,"L"
104176,"200 S OAKRIDGE DR SUITE 101-230","HUDSON OAKS","TX",76087,32.753524801,-97.712447067,176,"200 S OAKRIDGE DR SUITE 101-230, HUDSON OAKS, TX, 76087","Match","Non_Exact","200 S OAKRIDGE DR, HUDSON OAKS, TX, 76087",617965847,"R"
104177,"200 S OAKRIDGE DRIVE SUITE 101-114","HUDSON OAKS","TX",76087,32.753524801,-97.712447067,177,"200 S OAKRIDGE DRIVE SUITE 101-114, HUDSON OAKS, TX, 76087","Match","Non_Exact","200 S OAKRIDGE DR, HUDSON OAKS, TX, 76087",617965847,"R"
104178,"200 S ORCHARD RD","SYRACUSE","NY",13219,43.0454765470001,-76.204469778,178,"200 S ORCHARD RD, SYRACUSE, NY, 13219","Match","Exact","200 S ORCHARD RD, SYRACUSE, NY, 13219",46565364,"R"
104179,"200 S OZARK","GIRARD","KS",66743,37.509426279,-94.841675908,179,"200 S OZARK, GIRARD, KS, 66743","Match","Non_Exact","200 S OZARK ST, GIRARD, KS, 66743",33436069,"R"
104180,"200 S PARK STREET","REEDSBURG","WI",53959,43.531443471,-90.0065972369999,180,"200 S PARK STREET, REEDSBURG, WI, 53959","Match","Exact","200 S PARK ST, REEDSBURG, WI, 53959",86541476,"L"
104181,"200 S PULASKI STREET","LITTLE ROCK","AR",72201,34.7489756300001,-92.28480796,181,"200 S PULASKI STREET, LITTLE ROCK, AR, 72201","Match","Exact","200 S PULASKI ST, LITTLE ROCK, AR, 72201",83510153,"R"
104182,"200 S RENO ST 208","LOS ANGELES","CA",90057,34.0697004350001,-118.282366331,182,"200 S RENO ST 208, LOS ANGELES, CA, 90057","Match","Non_Exact","200 S RENO ST, LOS ANGELES, CA, 90057",141605202,"L"
104183,"200 S REX ALLEN JR DR","WILLCOX","AZ",85643,32.2480675730001,-109.824758537,183,"200 S REX ALLEN JR DR, WILLCOX, AZ, 85643","Match","Exact","200 S REX ALLEN JR DR, WILLCOX, AZ, 85643",636551331,"R"
104184,"200 S RYAN DRIVE  APT 7206","RED OAK","TX",75154,32.531641741,-96.817366355,184,"200 S RYAN DRIVE  APT 7206, RED OAK, TX, 75154","Match","Exact","200 RYAN DR, RED OAK, TX, 75154",646243049,"L"
104185,"200 S SAMPSON ST","ELLENSBURG","WA",98926,46.9913876300001,-120.540214226,185,"200 S SAMPSON ST, ELLENSBURG, WA, 98926","Match","Exact","200 S SAMPSON ST, ELLENSBURG, WA, 98926",157211576,"R"
104186,"200 S VIRGINIA  STREET 8TH FLOOR","RENO","NV",89501,NA,NA,186,"200 S VIRGINIA  STREET 8TH FLOOR, RENO, NV, 89501","Tie",NA,NA,NA,NA
104187,"200 S WASHINGTON BLVD NO 1","SARASOTA","FL",34236,NA,NA,187,"200 S WASHINGTON BLVD NO 1, SARASOTA, FL, 34236","No_Match",NA,NA,NA,NA
104188,"200 S WASHINGTON ST SUITE 100","GREEN BAY","WI",54301,NA,NA,188,"200 S WASHINGTON ST SUITE 100, GREEN BAY, WI, 54301","Tie",NA,NA,NA,NA
104189,"200 S WILCOX ST STE 525","CASTLE ROCK","CO",80104,39.371324363,-104.86005143,189,"200 S WILCOX ST STE 525, CASTLE ROCK, CO, 80104","Match","Exact","200 WILCOX ST, CASTLE ROCK, CO, 80104",130796585,"R"
104190,"200 S WYMAN ST  UNIT 400","ROCKFORD","IL",61101,42.271443666,-89.093426431,190,"200 S WYMAN ST  UNIT 400, ROCKFORD, IL, 61101","Match","Non_Exact","200 N WYMAN ST, ROCKFORD, IL, 61101",49253272,"L"
104191,"200 SABIN DR","JONESBOROUGH","TN",37659,36.2955246510001,-82.471822574,191,"200 SABIN DR, JONESBOROUGH, TN, 37659","Match","Exact","200 SABIN DR, JONESBOROUGH, TN, 37659",639914041,"R"
104192,"200 SAINT ANN SUITE 1231","MANDEVILLE","LA",70471,30.3876824650001,-90.081520457,192,"200 SAINT ANN SUITE 1231, MANDEVILLE, LA, 70471","Match","Non_Exact","200 ST ANN DR, MANDEVILLE, LA, 70471",111309666,"R"
104193,"200 SAN AUGUSTINE STREET BOX 5","CENTER","TX",75935,31.794134811,-94.181028259,193,"200 SAN AUGUSTINE STREET BOX 5, CENTER, TX, 75935","Match","Exact","200 SAN AUGUSTINE ST, CENTER, TX, 75935",67873315,"L"
104194,"200 SAN SABA","GEORGETOWN","TX",78633,30.7275640070001,-97.7053303339999,194,"200 SAN SABA, GEORGETOWN, TX, 78633","Match","Non_Exact","200 SAN SABA DR, GEORGETOWN, TX, 78633",126533968,"L"
104195,"200 SAPPHIRE DRIVE","WHITE HOUSE","TN",37188,36.451024938,-86.657550514,195,"200 SAPPHIRE DRIVE, WHITE HOUSE, TN, 37188","Match","Exact","200 SAPPHIRE DR, WHITE HOUSE, TN, 37188",632118936,"R"
104196,"200 SARANAC DR","ELGIN","TX",78621,30.344090856,-97.395238997,196,"200 SARANAC DR, ELGIN, TX, 78621","Match","Exact","200 SARANAC DR, ELGIN, TX, 78621",651815918,"R"
104197,"200 SARTIN LANE","JONESBORO","AR",72404,35.79682218,-90.715933074,197,"200 SARTIN LANE, JONESBORO, AR, 72404","Match","Exact","200 SARTIN LN, JONESBORO, AR, 72404",46939972,"R"
104198,"200 SATTERFIELD RD","SIMPSONVILLE","SC",29631,34.7481372240001,-82.189151151,198,"200 SATTERFIELD RD, SIMPSONVILLE, SC, 29631","Match","Non_Exact","200 SATTERFIELD RD, SIMPSONVILLE, SC, 29681",38361948,"L"
104199,"200 SAXON DRIVE","LAFAYETTE","LA",70508,30.1803073340001,-92.0294682749999,199,"200 SAXON DRIVE, LAFAYETTE, LA, 70508","Match","Exact","200 SAXON DR, LAFAYETTE, LA, 70508",85618874,"R"
104200,"200 SCHERMERHORN ST APT 324","BROOKLYN","NY",11201,40.6886307460001,-73.985168242,200,"200 SCHERMERHORN ST APT 324, BROOKLYN, NY, 11201","Match","Exact","200 SCHERMERHORN ST, BROOKLYN, NY, 11201",650146506,"R"
104201,"200 SCHOOL DR","YALE","MI",48097,43.1277214620001,-82.805723547,201,"200 SCHOOL DR, YALE, MI, 48097","Match","Exact","200 SCHOOL DR, YALE, MI, 48097",653387298,"R"
104202,"200 SCHOOL ST","BALA CYNWYD","PA",19004,40.023710314,-75.236001589,202,"200 SCHOOL ST, BALA CYNWYD, PA, 19004","Match","Exact","200 SCHOOL ST, BALA CYNWYD, PA, 19004",135091316,"L"
104203,"200 SCHOOL STREET","NORTH KINGSTOWN","RI",2852,41.6209788250001,-71.464842496,203,"200 SCHOOL STREET, NORTH KINGSTOWN, RI, 2852","Match","Exact","200 SCHOOL ST, NORTH KINGSTOWN, RI, 02852",58904118,"R"
104204,"200 SE 17TH ST","OCALA","FL",34471,29.1715518020001,-82.138765042,204,"200 SE 17TH ST, OCALA, FL, 34471","Match","Non_Exact","200 SW 17TH ST, OCALA, FL, 34471",637747707,"R"
104205,"200 SE 3RD AVE","AMARILLO","TX",79101,35.2104838390001,-101.835061517,205,"200 SE 3RD AVE, AMARILLO, TX, 79101","Match","Exact","200 SE 3RD AVE, AMARILLO, TX, 79101",637969291,"L"
104206,"200 SE UNIVERSITY AVENUE 2401","MINNEAPOLIS","MN",55414,44.986195987,-93.253273107,206,"200 SE UNIVERSITY AVENUE 2401, MINNEAPOLIS, MN, 55414","Match","Non_Exact","200 UNIVERSITY AVE SE, MINNEAPOLIS, MN, 55414",43632991,"R"
104207,"200 SEA CLIFF AVE STE 43","SEA CLIFF","NY",11579,NA,NA,207,"200 SEA CLIFF AVE STE 43, SEA CLIFF, NY, 11579","No_Match",NA,NA,NA,NA
104208,"200 SELFRIDGE STREET","COLORADO SPRINGS","CO",80916,38.828549653,-104.693178137,208,"200 SELFRIDGE STREET, COLORADO SPRINGS, CO, 80916","Match","Exact","200 SELFRIDGE ST, COLORADO SPRINGS, CO, 80916",643442246,"L"
104209,"200 SEYMOUR AVE","SAINT MICHAELS","MD",21663,38.779808813,-76.220112124,209,"200 SEYMOUR AVE, SAINT MICHAELS, MD, 21663","Match","Exact","200 SEYMOUR AVE, SAINT MICHAELS, MD, 21663",68389788,"R"
104210,"200 SHAFFER DR NE","WARREN","OH",44484,41.2389212260001,-80.746390262,210,"200 SHAFFER DR NE, WARREN, OH, 44484","Match","Exact","200 SHAFFER DR NE, WARREN, OH, 44484",117407931,"R"
104211,"200 SHORT STREET","SMITHVILLE","TX",78957,30.0056184810001,-97.1551413239999,211,"200 SHORT STREET, SMITHVILLE, TX, 78957","Match","Exact","200 SHORT ST, SMITHVILLE, TX, 78957",45469228,"R"
104212,"200 SILO DRIVE","ROCKY HILL","CT",6067,41.6569332880001,-72.668708393,212,"200 SILO DRIVE, ROCKY HILL, CT, 6067","Match","Exact","200 SILO DR, ROCKY HILL, CT, 06067",3518356,"L"
104213,"200 SMITHIE DRIVE","SMITHVILLE","OH",44677,NA,NA,213,"200 SMITHIE DRIVE, SMITHVILLE, OH, 44677","No_Match",NA,NA,NA,NA
104214,"200 SO JEWETT ST","MANCHESTER","NH",3103,NA,NA,214,"200 SO JEWETT ST, MANCHESTER, NH, 3103","Tie",NA,NA,NA,NA
104215,"200 SOCIETY HILL RD","DARLINGTON","SC",29532,34.31473486,-79.859095671,215,"200 SOCIETY HILL RD, DARLINGTON, SC, 29532","Match","Exact","200 SOCIETY HILL RD, DARLINGTON, SC, 29532",78401721,"L"
104216,"200 SOMERSET COURT","QUEENSTOWN","MD",21658,38.9140860160001,-76.175664507,216,"200 SOMERSET COURT, QUEENSTOWN, MD, 21658","Match","Exact","200 SOMERSET CT, QUEENSTOWN, MD, 21658",68044360,"L"
104217,"200 SOURWOOD ROAD","GOLDSBORO","NC",27534,35.3359482180001,-77.9394280129999,217,"200 SOURWOOD ROAD, GOLDSBORO, NC, 27534","Match","Exact","200 SOURWOOD RD, GOLDSBORO, NC, 27534",14405867,"R"
104218,"200 SOUTH 10TH STREET SUITE 1600","RICHMOND","VA",23219,37.5359211260001,-77.437086466,218,"200 SOUTH 10TH STREET SUITE 1600, RICHMOND, VA, 23219","Match","Exact","200 S 10TH ST, RICHMOND, VA, 23219",201540607,"R"
104219,"200 SOUTH 14TH STREET-SUITE 130","MIDLOTHIAN","TX",76065,NA,NA,219,"200 SOUTH 14TH STREET-SUITE 130, MIDLOTHIAN, TX, 76065","No_Match",NA,NA,NA,NA
104220,"200 SOUTH 6TH STREET","OPELIKA","AL",36801,32.6491348650001,-85.3758988559999,220,"200 SOUTH 6TH STREET, OPELIKA, AL, 36801","Match","Exact","200 S 6TH ST, OPELIKA, AL, 36801",1608459,"L"
104221,"200 SOUTH 6TH STREET","ROCKPORT","IN",47635,37.8819685810001,-87.052731019,221,"200 SOUTH 6TH STREET, ROCKPORT, IN, 47635","Match","Exact","200 S 6TH ST, ROCKPORT, IN, 47635",7978549,"L"
104222,"200 SOUTH ASHLAND","GREEN BAY","WI",54303,44.5163577980001,-88.0262183359999,222,"200 SOUTH ASHLAND, GREEN BAY, WI, 54303","Match","Non_Exact","200 S ASHLAND AVE, GREEN BAY, WI, 54303",148100488,"R"
104223,"200 SOUTH BISCAYNE BLVD SUITE 2790","MIAMI","FL",33131,NA,NA,223,"200 SOUTH BISCAYNE BLVD SUITE 2790, MIAMI, FL, 33131","No_Match",NA,NA,NA,NA
104224,"200 SOUTH COMMERCIAL ST PO BOX 223","ROCKLAND","WI",54653,43.905616835,-90.92007526,224,"200 SOUTH COMMERCIAL ST PO BOX 223, ROCKLAND, WI, 54653","Match","Non_Exact","200 N COMMERCIAL ST, ROCKLAND, WI, 54653",51007503,"L"
104225,"200 SOUTH ELAM SUITE 300","VALLEY PARK","MO",63088,38.540310306,-90.4981554949999,225,"200 SOUTH ELAM SUITE 300, VALLEY PARK, MO, 63088","Match","Non_Exact","200 S ELAM AVE, VALLEY PARK, MO, 63088",100192619,"R"
104226,"200 SOUTH HAMPTON PLACE SUITE 2107","CLARKSVILLE","TN",37040,36.590777158,-87.294510809,226,"200 SOUTH HAMPTON PLACE SUITE 2107, CLARKSVILLE, TN, 37040","Match","Exact","200 S HAMPTON PL, CLARKSVILLE, TN, 37040",604724499,"L"
104227,"200 SOUTH HIGH STREET","WAILUKU","HI",96793,20.8858879040001,-156.504699324,227,"200 SOUTH HIGH STREET, WAILUKU, HI, 96793","Match","Exact","200 S HIGH ST, WAILUKU, HI, 96793",85059134,"L"
104228,"200 SOUTH LINDEN AVE 8B","RIALTO","CA",92376,34.0970454760001,-117.400927807,228,"200 SOUTH LINDEN AVE 8B, RIALTO, CA, 92376","Match","Exact","200 S LINDEN AVE, RIALTO, CA, 92376",647988039,"R"
104229,"200 SOUTH MAIN STREET","NEWPORT","NH",3773,43.353307161,-72.168453712,229,"200 SOUTH MAIN STREET, NEWPORT, NH, 3773","Match","Exact","200 S MAIN ST, NEWPORT, NH, 03773",124331369,"R"
104230,"200 SOUTH MICHIGAN AVENUE 22ND FLR","CHICAGO","IL",60604,NA,NA,230,"200 SOUTH MICHIGAN AVENUE 22ND FLR, CHICAGO, IL, 60604","No_Match",NA,NA,NA,NA
104231,"200 SOUTH ONE ST","MARTHASVILLE","MO",63357,NA,NA,231,"200 SOUTH ONE ST, MARTHASVILLE, MO, 63357","No_Match",NA,NA,NA,NA
104232,"200 SOUTH ORANGE AVENUE  SUITE 2600","ORLANDO","FL",32801,28.540253352,-81.3789452089999,232,"200 SOUTH ORANGE AVENUE  SUITE 2600, ORLANDO, FL, 32801","Match","Exact","200 S ORANGE AVE, ORLANDO, FL, 32801",94282441,"R"
104233,"200 SOUTH SIXTH STREET","MINNEAPOLIS","MN",55402,NA,NA,233,"200 SOUTH SIXTH STREET, MINNEAPOLIS, MN, 55402","No_Match",NA,NA,NA,NA
104234,"200 SOUTH ST","BRIDGEWATER","MA",2324,41.984815058,-70.9801618,234,"200 SOUTH ST, BRIDGEWATER, MA, 2324","Match","Exact","200 SOUTH ST, BRIDGEWATER, MA, 02324",641008886,"L"
104235,"200 SOUTH UNIVERSITY BLVD","DENVER","CO",80209,39.71282103,-104.959150327,235,"200 SOUTH UNIVERSITY BLVD, DENVER, CO, 80209","Match","Exact","200 S UNIVERSITY BLVD, DENVER, CO, 80209",653307518,"L"
104236,"200 SOUTH YORKSHIRE STREET","SALEM","VA",24153,37.272999075,-80.052175878,236,"200 SOUTH YORKSHIRE STREET, SALEM, VA, 24153","Match","Exact","200 S YORKSHIRE ST, SALEM, VA, 24153",62956184,"L"
104237,"200 SOUTHAMPTON CIRCLE","DULUTH","GA",30096,34.0357254400001,-84.1787775879999,237,"200 SOUTHAMPTON CIRCLE, DULUTH, GA, 30096","Match","Non_Exact","200 SOUTHAMPTON CIR, DULUTH, GA, 30097",17402776,"L"
104238,"200 SPANISH OAK LN","LIBERTY HILL","TX",78642,30.6948940780001,-97.884353493,238,"200 SPANISH OAK LN, LIBERTY HILL, TX, 78642","Match","Exact","200 SPANISH OAK LN, LIBERTY HILL, TX, 78642",126413457,"L"
104239,"200 SPECTRUM CENTER DRIVE 300 4006","MISSION VIEJO","CA",92618,NA,NA,239,"200 SPECTRUM CENTER DRIVE 300 4006, MISSION VIEJO, CA, 92618","No_Match",NA,NA,NA,NA
104240,"200 SPECTRUM CENTER STE 300 NOWACK","IRVINE","CA",92618,NA,NA,240,"200 SPECTRUM CENTER STE 300 NOWACK, IRVINE, CA, 92618","No_Match",NA,NA,NA,NA
104241,"200 SPENCER DRIVE","LAFAYETTE","LA",70506,30.2171978060001,-92.066071718,241,"200 SPENCER DRIVE, LAFAYETTE, LA, 70506","Match","Exact","200 SPENCER DR, LAFAYETTE, LA, 70506",85611631,"R"
104242,"200 SPIVEY RIDGE CIRCLE","JONESBORO","GA",30236,33.5343684280001,-84.2923881419999,242,"200 SPIVEY RIDGE CIRCLE, JONESBORO, GA, 30236","Match","Exact","200 SPIVEY RIDGE CIR, JONESBORO, GA, 30236",23212136,"R"
104243,"200 ST 535 APT 614","CAROLINA","PR",985,18.4176106620001,-65.953590861,243,"200 ST 535 APT 614, CAROLINA, PR, 985","Match","Non_Exact","200 CLL 535, CAROLINA, PR, 00985",206251505,"R"
104244,"200 ST CHARLES AVE SUITE 2500","NEW ORLEANS","LA",70170,NA,NA,244,"200 ST CHARLES AVE SUITE 2500, NEW ORLEANS, LA, 70170","No_Match",NA,NA,NA,NA
104245,"200 ST CHARLES AVENUE","NEW ORLEANS","LA",70130,29.952240407,-90.0696808119999,245,"200 ST CHARLES AVENUE, NEW ORLEANS, LA, 70130","Match","Exact","200 SAINT CHARLES AVE, NEW ORLEANS, LA, 70130",191710848,"L"
104246,"200 ST PAUL DR","LYNCHBURG","VA",24503,37.4475420950001,-79.2548952019999,246,"200 ST PAUL DR, LYNCHBURG, VA, 24503","Match","Exact","200 SAINT PAUL DR, LYNCHBURG, VA, 24503",62650679,"L"
104247,"200 ST PAUL PLACE 18TH FLOOR","BALTIMORE","MD",21202,39.2912333830001,-76.61398428,247,"200 ST PAUL PLACE 18TH FLOOR, BALTIMORE, MD, 21202","Match","Non_Exact","200 SAINT PAUL ST, BALTIMORE, MD, 21202",206420669,"L"
104248,"200 STADON LANE","DILLWYN","VA",23936,37.621748875,-78.5569712179999,248,"200 STADON LANE, DILLWYN, VA, 23936","Match","Exact","200 STADON LN, DILLWYN, VA, 23936",73749442,"L"
104249,"200 STATION DR APT 224","AVENEL","NJ",7001,40.5780823600001,-74.2752806949999,249,"200 STATION DR APT 224, AVENEL, NJ, 7001","Match","Exact","200 STATION DR, AVENEL, NJ, 07001",649567573,"L"
104250,"200 STETSON AVE","CORTE MADERA","CA",94925,37.921725569,-122.525667789,250,"200 STETSON AVE, CORTE MADERA, CA, 94925","Match","Exact","200 STETSON AVE, CORTE MADERA, CA, 94925",192766277,"L"
104251,"200 STEVENSON LN","BALTIMORE","MD",21212,39.382944835,-76.616592119,251,"200 STEVENSON LN, BALTIMORE, MD, 21212","Match","Exact","200 STEVENSON LN, BALTIMORE, MD, 21212",191539969,"L"
104252,"200 STILES AVE","MAPLE SHADE","NJ",8052,39.959781369,-74.9960357849999,252,"200 STILES AVE, MAPLE SHADE, NJ, 8052","Match","Non_Exact","200 N STILES AVE, MAPLE SHADE, NJ, 08052",134027094,"L"
104253,"200 STONEMILL RD APT G132","LANCASTER","PA",17603,40.035904187,-76.343564827,253,"200 STONEMILL RD APT G132, LANCASTER, PA, 17603","Match","Non_Exact","200 STONE MILL RD, LANCASTER, PA, 17603",179713134,"R"
104254,"200 SUDDETH ST","WINTERVILLE","GA",30683,33.963839358,-83.28187633,254,"200 SUDDETH ST, WINTERVILLE, GA, 30683","Match","Exact","200 SUDDETH ST, WINTERVILLE, GA, 30683",4804731,"L"
104255,"200 SUNSET DR","GLENN HEIGHTS","TX",75154,32.535652181,-96.855152647,255,"200 SUNSET DR, GLENN HEIGHTS, TX, 75154","Match","Exact","200 SUNSET DR, GLENN HEIGHTS, TX, 75154",103449264,"L"
104256,"200 SW 2ND AVENUE","ONTARIO","OR",97914,44.025280208,-116.96614855,256,"200 SW 2ND AVENUE, ONTARIO, OR, 97914","Match","Exact","200 SW 2ND AVE, ONTARIO, OR, 97914",138642478,"L"
104257,"200 SW 4TH STREET","FOREST LAKE","MN",55025,45.276786347,-92.988878076,257,"200 SW 4TH STREET, FOREST LAKE, MN, 55025","Match","Exact","200 SW 4TH ST, FOREST LAKE, MN, 55025",97816559,"R"
104258,"200 SW KINGSCROSS ROAD","BLUE SPRINGS","MO",64014,39.0043159510001,-94.262104725,258,"200 SW KINGSCROSS ROAD, BLUE SPRINGS, MO, 64014","Match","Non_Exact","200 SE KINGSCROSS RD, BLUE SPRINGS, MO, 64014",91515763,"R"
104259,"200 SW MARTIN LUTHER KING BLVD","BELLE GLADE","FL",33430,26.6822423250001,-80.6699432409999,259,"200 SW MARTIN LUTHER KING BLVD, BELLE GLADE, FL, 33430","Match","Exact","200 SW MARTIN LUTHER KING BLVD, BELLE GLADE, FL, 33430",115246757,"L"
104260,"200 SWEETGUM LN","SHEPHERD","TX",77371,30.473514224,-94.922537279,260,"200 SWEETGUM LN, SHEPHERD, TX, 77371","Match","Non_Exact","200 SWEET GUM LN, SHEPHERD, TX, 77371",24266061,"R"
104261,"200 SWEETWATER CHURCH RD","DOUGLASVILLE","GA",30134,33.7984898350001,-84.7603094309999,261,"200 SWEETWATER CHURCH RD, DOUGLASVILLE, GA, 30134","Match","Exact","200 SWEETWATER CHURCH RD, DOUGLASVILLE, GA, 30134",207981314,"L"
104262,"200 SYMBOLIC COURT","GREENVILLE","SC",29617,34.8797029130001,-82.433491824,262,"200 SYMBOLIC COURT, GREENVILLE, SC, 29617","Match","Non_Exact","200 SYMBOLIC DR, GREENVILLE, SC, 29617",38370832,"R"
104263,"200 TAKACS DR","WADSWORTH","OH",44281,41.0131451280001,-81.7262865719999,263,"200 TAKACS DR, WADSWORTH, OH, 44281","Match","Exact","200 TAKACS DR, WADSWORTH, OH, 44281",58694326,"R"
104264,"200 TETRICK DRIVE","SHINNSTON","WV",26431,NA,NA,264,"200 TETRICK DRIVE, SHINNSTON, WV, 26431","Tie",NA,NA,NA,NA
104265,"200 THIRD STREET","MCCOMB","MS",39648,31.241845799,-90.4548169989999,265,"200 THIRD STREET, MCCOMB, MS, 39648","Match","Exact","200 3RD ST, MCCOMB, MS, 39648",75858366,"L"
104266,"200 THIRD STREET","MCCOMB","MS",39649,31.241845799,-90.4548169989999,266,"200 THIRD STREET, MCCOMB, MS, 39649","Match","Non_Exact","200 3RD ST, MCCOMB, MS, 39648",75858366,"L"
104267,"200 TIDMORE LANE","ONEONTA","AL",35121,34.0024093910001,-86.43953565,267,"200 TIDMORE LANE, ONEONTA, AL, 35121","Match","Exact","200 TIDMORE LN, ONEONTA, AL, 35121",99088600,"L"
104268,"200 TIETON HEIGHTS ROAD","TIETON","WA",98947,46.6985474410001,-120.766414609,268,"200 TIETON HEIGHTS ROAD, TIETON, WA, 98947","Match","Exact","200 TIETON HEIGHTS RD, TIETON, WA, 98947",642039848,"R"
104269,"200 TINTERN CT STE 111","CHESAPEAKE","VA",23320,36.7683004580001,-76.256113436,269,"200 TINTERN CT STE 111, CHESAPEAKE, VA, 23320","Match","Exact","200 TINTERN CT, CHESAPEAKE, VA, 23320",121784846,"R"
104270,"200 TITCHENAL RD STE 8","CASHMERE","WA",98815,47.5193348610001,-120.452957729,270,"200 TITCHENAL RD STE 8, CASHMERE, WA, 98815","Match","Exact","200 TITCHENAL RD, CASHMERE, WA, 98815",156983208,"L"
104271,"200 TONAWANDA DRIVE","DES MOINES","IA",50312,41.580270269,-93.6703580939999,271,"200 TONAWANDA DRIVE, DES MOINES, IA, 50312","Match","Exact","200 TONAWANDA DR, DES MOINES, IA, 50312",65823266,"L"
104272,"200 TOPHET ROAD","CARLISLE","MA",1741,NA,NA,272,"200 TOPHET ROAD, CARLISLE, MA, 1741","No_Match",NA,NA,NA,NA
104273,"200 TOWNHOUSE DR","BOONEVILLE","MS",38829,NA,NA,273,"200 TOWNHOUSE DR, BOONEVILLE, MS, 38829","No_Match",NA,NA,NA,NA
104274,"200 TRACEY AVE","KANSAS","MO",64106,39.112865227,-94.566679958,274,"200 TRACEY AVE, KANSAS, MO, 64106","Match","Non_Exact","200 TRACY AVE, KANSAS CITY, MO, 64106",91508680,"R"
104275,"200 TRAFTON ROAD","SPRINGFIELD","MA",1144,NA,NA,275,"200 TRAFTON ROAD, SPRINGFIELD, MA, 1144","No_Match",NA,NA,NA,NA
104276,"200 TRANQUILITY LANE","SHILLINGTON","PA",19607,40.277434885,-75.9278254829999,276,"200 TRANQUILITY LANE, SHILLINGTON, PA, 19607","Match","Exact","200 TRANQUILITY LN, SHILLINGTON, PA, 19607",627069418,"L"
104277,"200 TRAPHILL DRIVE","MORRISVILLE","NC",27560,35.8640989800001,-78.849155165,277,"200 TRAPHILL DRIVE, MORRISVILLE, NC, 27560","Match","Exact","200 TRAPHILL DR, MORRISVILLE, NC, 27560",646877289,"R"
104278,"200 TREATY RD","DREXEL HILL","PA",19026,39.9575585440001,-75.329677299,278,"200 TREATY RD, DREXEL HILL, PA, 19026","Match","Exact","200 TREATY RD, DREXEL HILL, PA, 19026",134874309,"L"
104279,"200 TREME ST","NEW ORLEANS","LA",70112,29.958493404,-90.0729907749999,279,"200 TREME ST, NEW ORLEANS, LA, 70112","Match","Exact","200 TREME ST, NEW ORLEANS, LA, 70112",650043739,"L"
104280,"200 TRENTON AVE APT 1/2","FINDLAY","OH",45840,NA,NA,280,"200 TRENTON AVE APT 1/2, FINDLAY, OH, 45840","Tie",NA,NA,NA,NA
104281,"200 TROTTER RD APT 126","WEYMOUTH","MA",2190,42.155362462,-70.9464481759999,281,"200 TROTTER RD APT 126, WEYMOUTH, MA, 2190","Match","Exact","200 TROTTER RD, WEYMOUTH, MA, 02190",617269799,"L"
104282,"200 TURKEY RIDGE RD","RAGLAND","AL",35131,33.6945468550001,-86.268236768,282,"200 TURKEY RIDGE RD, RAGLAND, AL, 35131","Match","Exact","200 TURKEY RIDGE RD, RAGLAND, AL, 35131",66897456,"R"
104283,"200 TUTTLE ST","AUBURN","CA",95604,38.9027696790001,-121.069855611,283,"200 TUTTLE ST, AUBURN, CA, 95604","Match","Non_Exact","200 TUTTLE ST, AUBURN, CA, 95603",106772180,"L"
104284,"200 TUTTLE STREET","AUBURN","CA",95603,38.9027696790001,-121.069855611,284,"200 TUTTLE STREET, AUBURN, CA, 95603","Match","Exact","200 TUTTLE ST, AUBURN, CA, 95603",106772180,"L"
104285,"200 TWILITE ST","LA CRESCENT","MN",55947,NA,NA,285,"200 TWILITE ST, LA CRESCENT, MN, 55947","No_Match",NA,NA,NA,NA
104286,"200 UNION BLVD SUITE 200","LAKEWOOD","CO",80228,39.720541714,-105.132313391,286,"200 UNION BLVD SUITE 200, LAKEWOOD, CO, 80228","Match","Exact","200 UNION BLVD, LAKEWOOD, CO, 80228",177800819,"R"
104287,"200 UNION ST","ORADELL","NJ",7649,40.948731228,-74.036856303,287,"200 UNION ST, ORADELL, NJ, 7649","Match","Exact","200 UNION ST, ORADELL, NJ, 07649",64383984,"R"
104288,"200 UNIVERSITY AVENUE","ROCHESTER","NY",14605,43.159739281,-77.597629217,288,"200 UNIVERSITY AVENUE, ROCHESTER, NY, 14605","Match","Exact","200 UNIVERSITY AVE, ROCHESTER, NY, 14605",14540270,"L"
104289,"200 US 65","DUMAS","AR",71639,33.890838251,-91.4848672689999,289,"200 US 65, DUMAS, AR, 71639","Match","Non_Exact","200 US HWY 65, DUMAS, AR, 71639",25894412,"R"
104290,"200 VALENCIA DRIVE  STE 185","JACKSONVILLE","NC",28546,34.7583767040001,-77.3770148309999,290,"200 VALENCIA DRIVE  STE 185, JACKSONVILLE, NC, 28546","Match","Exact","200 VALENCIA DR, JACKSONVILLE, NC, 28546",14029928,"R"
104291,"200 VESEY ST 24025","NEW YORK","NY",10281,NA,NA,291,"200 VESEY ST 24025, NEW YORK, NY, 10281","No_Match",NA,NA,NA,NA
104292,"200 VESEY STREET","NEW YORK","NY",10281,NA,NA,292,"200 VESEY STREET, NEW YORK, NY, 10281","No_Match",NA,NA,NA,NA
104293,"200 VIEWMONT ROAD","ELGIN","SC",29045,34.139349297,-80.857024973,293,"200 VIEWMONT ROAD, ELGIN, SC, 29045","Match","Exact","200 VIEWMONT RD, ELGIN, SC, 29045",71809276,"L"
104294,"200 VILLAGE CENTER DRIVE UNIT 7392","FREEHOLD","NJ",7728,40.240166242,-74.307013846,294,"200 VILLAGE CENTER DRIVE UNIT 7392, FREEHOLD, NJ, 7728","Match","Exact","200 VILLAGE CENTER DR, FREEHOLD, NJ, 07728",90526280,"R"
104295,"200 VIRGINIA ST","BECKLEY","WV",25801,37.77466586,-81.1966490839999,295,"200 VIRGINIA ST, BECKLEY, WV, 25801","Match","Exact","200 VIRGINIA ST, BECKLEY, WV, 25801",78817422,"R"
104296,"200 VOLUNTEER LN","HARROGATE","TN",37752,36.583972569,-83.640993814,296,"200 VOLUNTEER LN, HARROGATE, TN, 37752","Match","Exact","200 VOLUNTEER LN, HARROGATE, TN, 37752",617085897,"R"
104297,"200 W  COURT STREET  524","JACKSONVILLE","IL",62651,NA,NA,297,"200 W  COURT STREET  524, JACKSONVILLE, IL, 62651","No_Match",NA,NA,NA,NA
104298,"200 W  WISEMAN AVENUE","FAYETTEVILLE","WV",25840,38.052470016,-81.105395382,298,"200 W  WISEMAN AVENUE, FAYETTEVILLE, WV, 25840","Match","Exact","200 WISEMAN AVE, FAYETTEVILLE, WV, 25840",641063962,"L"
104299,"200 W 10TH ST NUM 140SW","COOKEVILLE","TN",38501,NA,NA,299,"200 W 10TH ST NUM 140SW, COOKEVILLE, TN, 38501","Tie",NA,NA,NA,NA
104300,"200 W 2ND ST 1393","ROYAL OAK","MI",48073,NA,NA,300,"200 W 2ND ST 1393, ROYAL OAK, MI, 48073","No_Match",NA,NA,NA,NA
104301,"200 W 34TH AVENUE SUITE 762","ANCHORAGE","AK",99503,61.189499975,-149.884888837,301,"200 W 34TH AVENUE SUITE 762, ANCHORAGE, AK, 99503","Match","Non_Exact","200 W 34TH AVE, ANCHORAGE, AK, 99503",190797779,"L"
104302,"200 W 34TH AVENUE UNIT 1009","ANCHORAGE","AK",99503,61.189499975,-149.884888837,302,"200 W 34TH AVENUE UNIT 1009, ANCHORAGE, AK, 99503","Match","Non_Exact","200 W 34TH AVE, ANCHORAGE, AK, 99503",190797779,"L"
104303,"200 W 46TH ST","INDIANAPOLIS","IN",46208,39.8394364000001,-86.1618067919999,303,"200 W 46TH ST, INDIANAPOLIS, IN, 46208","Match","Exact","200 W 46TH ST, INDIANAPOLIS, IN, 46208",107984217,"R"
104304,"200 W 57TH STREET SUITE 900","NEW YORK","NY",10019,40.7655777910001,-73.9801838719999,304,"200 W 57TH STREET SUITE 900, NEW YORK, NY, 10019","Match","Non_Exact","200 W 57TH ST, NEW YORK, NY, 10019",59657096,"L"
104305,"200 W 80TH ST APT 2S","NEW YORK","NY",10024,40.783882583,-73.977960057,305,"200 W 80TH ST APT 2S, NEW YORK, NY, 10024","Match","Non_Exact","200 W 80TH ST, NEW YORK, NY, 10024",59656660,"L"
104306,"200 W 85 STREET APT 4F","NEW YORK","NY",10024,40.7870510560001,-73.9756371999999,306,"200 W 85 STREET APT 4F, NEW YORK, NY, 10024","Match","Non_Exact","200 W 85TH ST, NEW YORK, NY, 10024",59656710,"L"
104307,"200 W 85TH STREET APT 4F","NEW YORK","NY",10024,40.7870510560001,-73.9756371999999,307,"200 W 85TH STREET APT 4F, NEW YORK, NY, 10024","Match","Non_Exact","200 W 85TH ST, NEW YORK, NY, 10024",59656710,"L"
104308,"200 W ADAMS SUITE 2450","CHICAGO","IL",60606,NA,NA,308,"200 W ADAMS SUITE 2450, CHICAGO, IL, 60606","No_Match",NA,NA,NA,NA
104309,"200 W ARBOR DRIVE MC8896","SAN DIEGO","CA",92103,32.7537906680001,-117.163128166,309,"200 W ARBOR DRIVE MC8896, SAN DIEGO, CA, 92103","Match","Exact","200 ARBOR DR, SAN DIEGO, CA, 92103",640049469,"L"
104310,"200 W ARTEMOS DRIVE","MISSOULA","MT",59803,46.8366058,-113.997471791,310,"200 W ARTEMOS DRIVE, MISSOULA, MT, 59803","Match","Exact","200 W ARTEMOS DR, MISSOULA, MT, 59803",205240381,"R"
104311,"200 W BOUNDARY RD","LONE WOLF","OK",73655,NA,NA,311,"200 W BOUNDARY RD, LONE WOLF, OK, 73655","No_Match",NA,NA,NA,NA
104312,"200 W CAPITOL AVE STE 2300","LITTLE ROCK","AR",72201,NA,NA,312,"200 W CAPITOL AVE STE 2300, LITTLE ROCK, AR, 72201","Tie",NA,NA,NA,NA
104313,"200 W COLLEGE AVENUE SUITE 226","TALLAHASSEE","FL",32301,NA,NA,313,"200 W COLLEGE AVENUE SUITE 226, TALLAHASSEE, FL, 32301","Tie",NA,NA,NA,NA
104314,"200 W COLLEGE ST","CRAWFORDSVILLE","IN",47933,40.037082201,-86.902960712,314,"200 W COLLEGE ST, CRAWFORDSVILLE, IN, 47933","Match","Exact","200 W COLLEGE ST, CRAWFORDSVILLE, IN, 47933",638499462,"R"
104315,"200 W COLLEGE","GREENVILLE","IL",62246,38.892725887,-89.412575787,315,"200 W COLLEGE, GREENVILLE, IL, 62246","Match","Non_Exact","200 W COLLEGE AVE, GREENVILLE, IL, 62246",101037708,"L"
104316,"200 W COURT ST UNIT 47","JACKSONVILLE","IL",62651,NA,NA,316,"200 W COURT ST UNIT 47, JACKSONVILLE, IL, 62651","No_Match",NA,NA,NA,NA
104317,"200 W DOUGLAS AVENUE - STE 600","WICHITA","KS",67202,NA,NA,317,"200 W DOUGLAS AVENUE - STE 600, WICHITA, KS, 67202","Tie",NA,NA,NA,NA
104318,"200 W END AVE","MASSAPEQUA","NY",11758,40.660751507,-73.477046291,318,"200 W END AVE, MASSAPEQUA, NY, 11758","Match","Exact","200 W END AVE, MASSAPEQUA, NY, 11758",147649392,"L"
104319,"200 W FIFTH ST PO BOX 733","MIO","MI",48647,NA,NA,319,"200 W FIFTH ST PO BOX 733, MIO, MI, 48647","No_Match",NA,NA,NA,NA
104320,"200 W FRONTIER ST SUITE L","PAYSON","AZ",85541,NA,NA,320,"200 W FRONTIER ST SUITE L, PAYSON, AZ, 85541","Tie",NA,NA,NA,NA
104321,"200 W GROVE ST","GREENVILLE","MI",48838,43.1806893450001,-85.2549512269999,321,"200 W GROVE ST, GREENVILLE, MI, 48838","Match","Exact","200 W GROVE ST, GREENVILLE, MI, 48838",110562033,"L"
104322,"200 W HIGHWAY 6 SUITE 608","WACO","TX",76712,NA,NA,322,"200 W HIGHWAY 6 SUITE 608, WACO, TX, 76712","No_Match",NA,NA,NA,NA
104323,"200 W HWY 6 SUITE 608","WACO","TX",76712,NA,NA,323,"200 W HWY 6 SUITE 608, WACO, TX, 76712","No_Match",NA,NA,NA,NA
104324,"200 W JACKSON ST","FRANKLIN","VA",23851,36.6797655890001,-76.9260863649999,324,"200 W JACKSON ST, FRANKLIN, VA, 23851","Match","Exact","200 W JACKSON ST, FRANKLIN, VA, 23851",82732983,"L"
104325,"200 W MADISON ST STE 3900","CHICAGO","IL",60606,41.881952719,-87.633939638,325,"200 W MADISON ST STE 3900, CHICAGO, IL, 60606","Match","Non_Exact","200 W MADISON ST, CHICAGO, IL, 60606",111768621,"R"
104326,"200 W MADISON STE 3900","CHICAGO","IL",60606,NA,NA,326,"200 W MADISON STE 3900, CHICAGO, IL, 60606","No_Match",NA,NA,NA,NA
104327,"200 W MAIN STREET","WILBURTON","OK",74576,34.918710995,-95.311752257,327,"200 W MAIN STREET, WILBURTON, OK, 74576","Match","Non_Exact","200 W MAIN ST, WILBURTON, OK, 74578",80579149,"R"
104328,"200 W MAIN STREET","WOODBURY","TN",37190,35.827641677,-86.070140925,328,"200 W MAIN STREET, WOODBURY, TN, 37190","Match","Exact","200 W MAIN ST, WOODBURY, TN, 37190",87944089,"R"
104329,"200 W MARION STREET","SHELBY","NC",28150,35.2920586220001,-81.542868515,329,"200 W MARION STREET, SHELBY, NC, 28150","Match","Exact","200 W MARION ST, SHELBY, NC, 28150",19318043,"R"
104330,"200 W MICHIGAN ST","LAGRANGE","IN",46761,41.6448917820001,-85.4193619609999,330,"200 W MICHIGAN ST, LAGRANGE, IN, 46761","Match","Exact","200 W MICHIGAN ST, LAGRANGE, IN, 46761",8186064,"R"
104331,"200 W PLAINS DR","OREANA","IL",62554,39.937107505,-88.876298312,331,"200 W PLAINS DR, OREANA, IL, 62554","Match","Exact","200 W PLAINS DR, OREANA, IL, 62554",20750591,"L"
104332,"200 W PONDERA ST","LANCASTER","CA",93534,34.690203637,-118.13143559,332,"200 W PONDERA ST, LANCASTER, CA, 93534","Match","Exact","200 W PONDERA ST, LANCASTER, CA, 93534",141526660,"R"
104333,"200 W ROJO DR","HOBBS","NM",88240,32.719224244,-103.137024522,333,"200 W ROJO DR, HOBBS, NM, 88240","Match","Exact","200 W ROJO DR, HOBBS, NM, 88240",132017065,"L"
104334,"200 W SOUTH ST","FLANAGAN","IL",61740,40.876818837,-88.858809309,334,"200 W SOUTH ST, FLANAGAN, IL, 61740","Match","Exact","200 SOUTH ST, FLANAGAN, IL, 61740",22372080,"L"
104335,"200 W SOUTH ST","OCONOMOWOC","WI",53066,43.110356347,-88.501392218,335,"200 W SOUTH ST, OCONOMOWOC, WI, 53066","Match","Exact","200 W SOUTH ST, OCONOMOWOC, WI, 53066",53855144,"L"
104336,"200 W SPRUCE ST","LOUISVILLE","CO",80027,NA,NA,336,"200 W SPRUCE ST, LOUISVILLE, CO, 80027","Tie",NA,NA,NA,NA
104337,"200 W ST SE SUITE E","TUMWATER","WA",98501,46.9932614190001,-122.906403675,337,"200 W ST SE SUITE E, TUMWATER, WA, 98501","Match","Exact","200 W ST SE, TUMWATER, WA, 98501",180945685,"L"
104338,"200 W VICTORIA AVE","MONTEBELLO","CA",90640,34.0176252100001,-118.099164012,338,"200 W VICTORIA AVE, MONTEBELLO, CA, 90640","Match","Exact","200 W VICTORIA AVE, MONTEBELLO, CA, 90640",141642394,"R"
104339,"200 W WALNUT AVE","PAINESVILLE","OH",44077,41.7141916510001,-81.247634179,339,"200 W WALNUT AVE, PAINESVILLE, OH, 44077","Match","Exact","200 W WALNUT AVE, PAINESVILLE, OH, 44077",617728606,"R"
104340,"200 W WASHINGTON AVE","FAIRFIELD","IA",52556,41.005641628,-91.965383523,340,"200 W WASHINGTON AVE, FAIRFIELD, IA, 52556","Match","Exact","200 W WASHINGTON AVE, FAIRFIELD, IA, 52556",84429857,"L"
104341,"200 W WASHINGTON STREET  12TH FLOOR","PHOENIX","AZ",85003,33.4482543250001,-112.076403453,341,"200 W WASHINGTON STREET  12TH FLOOR, PHOENIX, AZ, 85003","Match","Non_Exact","200 W WASHINGTON ST, PHOENIX, AZ, 85003",637414738,"R"
104342,"200 W WEIMAR CROSSROAD","WEIMAR","CA",95736,NA,NA,342,"200 W WEIMAR CROSSROAD, WEIMAR, CA, 95736","No_Match",NA,NA,NA,NA
104343,"200 WALNUT ST","FINDLAY","OH",45840,41.0467860900001,-83.648193658,343,"200 WALNUT ST, FINDLAY, OH, 45840","Match","Exact","200 WALNUT ST, FINDLAY, OH, 45840",36475136,"R"
104344,"200 WARDWELL AVENUE","STATEN ISLAND","NY",10314,40.6185135210001,-74.1326205729999,344,"200 WARDWELL AVENUE, STATEN ISLAND, NY, 10314","Match","Exact","200 WARDWELL AVE, STATEN ISLAND, NY, 10314",59876092,"R"
104345,"200 WASHINGTON AVENUE","ISELIN","NJ",8830,40.572560837,-74.3053576299999,345,"200 WASHINGTON AVENUE, ISELIN, NJ, 8830","Match","Exact","200 WASHINGTON AVE, ISELIN, NJ, 08830",628676590,"L"
104346,"200 WATER STREET APT 2218","NEW YORK","NY",10038,40.7069057960001,-74.00492811,346,"200 WATER STREET APT 2218, NEW YORK, NY, 10038","Match","Exact","200 WATER ST, NEW YORK, NY, 10038",59660555,"L"
104347,"200 WATER STREET SUITE 28304","WEBSTER","TX",77598,29.5402788580001,-95.109896425,347,"200 WATER STREET SUITE 28304, WEBSTER, TX, 77598","Match","Exact","200 WATER ST, WEBSTER, TX, 77598",648201967,"R"
104348,"200 WAVERLY STREET APT 2","MENLO PARK","CA",94025,37.452497254,-122.167427444,348,"200 WAVERLY STREET APT 2, MENLO PARK, CA, 94025","Match","Non_Exact","200 WAVERLEY ST, MENLO PARK, CA, 94025",192365385,"R"
104349,"200 WEBSTER STREET 2","HANOVER","MA",2339,42.154812936,-70.855374048,349,"200 WEBSTER STREET 2, HANOVER, MA, 2339","Match","Exact","200 WEBSTER ST, HANOVER, MA, 02339",87457281,"R"
104350,"200 WEST 131ST ST 10C","NEW YORK","NY",10027,40.8128008320001,-73.9456907759999,350,"200 WEST 131ST ST 10C, NEW YORK, NY, 10027","Match","Exact","200 W 131ST ST, NEW YORK, NY, 10027",609298125,"L"
104351,"200 WEST 143RD STREET APT 18 E","NEW YORK","NY",10030,40.820435418,-73.940252549,351,"200 WEST 143RD STREET APT 18 E, NEW YORK, NY, 10030","Match","Exact","200 W 143RD ST, NEW YORK, NY, 10030",59656299,"L"
104352,"200 WEST 16TH STREET 6J","NEW YORK","NY",10011,40.739958884,-73.9989078529999,352,"200 WEST 16TH STREET 6J, NEW YORK, NY, 10011","Match","Exact","200 W 16TH ST, NEW YORK, NY, 10011",650084140,"L"
104353,"200 WEST 34TH AVE SUITE 902","ANCHORAGE","AK",99503,61.1895000040001,-149.884873767,353,"200 WEST 34TH AVE SUITE 902, ANCHORAGE, AK, 99503","Match","Exact","200 W 34TH AVE, ANCHORAGE, AK, 99503",190797779,"L"
104354,"200 WEST 34TH AVENUE  NUM 153","ANCHORAGE","AK",99503,61.1895000040001,-149.884873767,354,"200 WEST 34TH AVENUE  NUM 153, ANCHORAGE, AK, 99503","Match","Exact","200 W 34TH AVE, ANCHORAGE, AK, 99503",190797779,"L"
104355,"200 WEST 57TH STREET SUITE 403","NEW YORK","NY",10019,40.7655777910001,-73.9801838719999,355,"200 WEST 57TH STREET SUITE 403, NEW YORK, NY, 10019","Match","Exact","200 W 57TH ST, NEW YORK, NY, 10019",59657096,"L"
104356,"200 WEST 57TH STREET-SUITE 702","NEW YORK","NY",10010,NA,NA,356,"200 WEST 57TH STREET-SUITE 702, NEW YORK, NY, 10010","No_Match",NA,NA,NA,NA
104357,"200 WEST 70TH STREET  APT 12F","NEW YORK","NY",10023,40.77731599,-73.982625796,357,"200 WEST 70TH STREET  APT 12F, NEW YORK, NY, 10023","Match","Exact","200 W 70TH ST, NEW YORK, NY, 10023",610053341,"L"
104358,"200 WEST 79TH STREET APARTMENT 3M","NEW YORK","NY",10024,40.7831995220001,-73.9784594829999,358,"200 WEST 79TH STREET APARTMENT 3M, NEW YORK, NY, 10024","Match","Exact","200 W 79TH ST, NEW YORK, NY, 10024",59656672,"L"
104359,"200 WEST 90TH STREET SUITE 3C","NEW YORK","NY",10024,40.7902902760001,-73.97326256,359,"200 WEST 90TH STREET SUITE 3C, NEW YORK, NY, 10024","Match","Exact","200 W 90TH ST, NEW YORK, NY, 10024",59656700,"L"
104360,"200 WEST 9TH STREET","LORAIN","OH",44052,41.4627754630001,-82.1738417559999,360,"200 WEST 9TH STREET, LORAIN, OH, 44052","Match","Exact","200 W 9TH ST, LORAIN, OH, 44052",55405635,"R"
104361,"200 WEST A STREET","BUTNER","NC",27509,NA,NA,361,"200 WEST A STREET, BUTNER, NC, 27509","No_Match",NA,NA,NA,NA
104362,"200 WEST AVENUE A","BELLE GLADE","FL",33430,26.6857483110001,-80.6699305939999,362,"200 WEST AVENUE A, BELLE GLADE, FL, 33430","Match","Exact","200 W AVE A, BELLE GLADE, FL, 33430",115246603,"R"
104363,"200 WEST CAPITOL AVE SUITE 2300","LITTLE ROCK","AR",72201,34.7443431140001,-92.272396678,363,"200 WEST CAPITOL AVE SUITE 2300, LITTLE ROCK, AR, 72201","Match","Exact","200 W CAPITOL AVE, LITTLE ROCK, AR, 72201",83510796,"R"
104364,"200 WEST CRAWFORD STREET","FINDLAY","OH",45840,41.037801963,-83.65206334,364,"200 WEST CRAWFORD STREET, FINDLAY, OH, 45840","Match","Exact","200 W CRAWFORD ST, FINDLAY, OH, 45840",638627497,"L"
104365,"200 WEST CREEK ROAD","SALLISAW","OK",74955,35.457429033,-94.7913364779999,365,"200 WEST CREEK ROAD, SALLISAW, OK, 74955","Match","Non_Exact","200 W CREEK AVE, SALLISAW, OK, 74955",639569706,"L"
104366,"200 WEST DOUGLAS - SUITE 300","WICHITA","KS",67202,37.686002714,-97.3395748729999,366,"200 WEST DOUGLAS - SUITE 300, WICHITA, KS, 67202","Match","Non_Exact","200 W DOUGLAS AVE, WICHITA, KS, 67202",115635224,"R"
104367,"200 WEST DRIVE","MELBOURNE","FL",32904,28.105144883,-80.691040218,367,"200 WEST DRIVE, MELBOURNE, FL, 32904","Match","Exact","200 WEST DR, MELBOURNE, FL, 32904",646887624,"L"
104368,"200 WEST END AVENUE APT 19B","NEW YORK","NY",10023,40.778141738,-73.9856841439999,368,"200 WEST END AVENUE APT 19B, NEW YORK, NY, 10023","Match","Exact","200 W END AVE, NEW YORK, NY, 10023",609020857,"R"
104369,"200 WEST END AVENUE","KNOXVILLE","TN",37934,35.888163551,-84.154937334,369,"200 WEST END AVENUE, KNOXVILLE, TN, 37934","Match","Exact","200 W END AVE, KNOXVILLE, TN, 37934",42634199,"L"
104370,"200 WEST GREENS RD","HOUSTON","TX",77067,29.949016237,-95.420381672,370,"200 WEST GREENS RD, HOUSTON, TX, 77067","Match","Exact","200 W GREENS RD, HOUSTON, TX, 77067",96656204,"L"
104371,"200 WEST HOWARD STREET","CRESTON","IA",50801,41.0609613080001,-94.3627448249999,371,"200 WEST HOWARD STREET, CRESTON, IA, 50801","Match","Exact","200 W HOWARD ST, CRESTON, IA, 50801",75242057,"L"
104372,"200 WEST IMPERIAL HIGHWAY","LOS ANGELES","CA",90061,33.931007069,-118.276249379,372,"200 WEST IMPERIAL HIGHWAY, LOS ANGELES, CA, 90061","Match","Exact","200 W IMPERIAL HWY, LOS ANGELES, CA, 90061",141662126,"L"
104373,"200 WEST JACKSON STE 2000","CHICAGO","IL",60606,41.878118253,-87.634518939,373,"200 WEST JACKSON STE 2000, CHICAGO, IL, 60606","Match","Non_Exact","200 W JACKSON BLVD, CHICAGO, IL, 60606",605110110,"R"
104374,"200 WEST LIBERTY STREET","MARION","SC",29571,34.1720508000001,-79.402720571,374,"200 WEST LIBERTY STREET, MARION, SC, 29571","Match","Exact","200 W LIBERTY ST, MARION, SC, 29571",639556416,"R"
104375,"200 WEST MAIN","CABOT","AR",72023,34.974145084,-92.017160368,375,"200 WEST MAIN, CABOT, AR, 72023","Match","Non_Exact","200 W MAIN ST, CABOT, AR, 72023",79706868,"R"
104376,"200 WEST MARCY STREET /129","SANTA FE","NM",87501,NA,NA,376,"200 WEST MARCY STREET /129, SANTA FE, NM, 87501","Tie",NA,NA,NA,NA
104377,"200 WEST MARCY STREET SUITE 133","SANTA FE","NM",87501,NA,NA,377,"200 WEST MARCY STREET SUITE 133, SANTA FE, NM, 87501","Tie",NA,NA,NA,NA
104378,"200 WEST MARKET ST","NEW FRANKLIN","MO",65274,39.0208771970001,-92.738805731,378,"200 WEST MARKET ST, NEW FRANKLIN, MO, 65274","Match","Exact","200 W MARKET ST, NEW FRANKLIN, MO, 65274",23109873,"L"
104379,"200 WEST MILTON AVE APT 5","RAHWAY","NJ",7065,40.6064479780001,-74.281604589,379,"200 WEST MILTON AVE APT 5, RAHWAY, NJ, 7065","Match","Exact","200 W MILTON AVE, RAHWAY, NJ, 07065",60562456,"L"
104380,"200 WEST PARK","HINTON","OK",73047,NA,NA,380,"200 WEST PARK, HINTON, OK, 73047","No_Match",NA,NA,NA,NA
104381,"200 WEST PENN ST","MUNCY","PA",17756,41.202212735,-76.789578063,381,"200 WEST PENN ST, MUNCY, PA, 17756","Match","Exact","200 W PENN ST, MUNCY, PA, 17756",59450743,"R"
104382,"200 WEST PERSHING","NORTH LITTLE ROCK","AR",72114,34.7792378830001,-92.269834488,382,"200 WEST PERSHING, NORTH LITTLE ROCK, AR, 72114","Match","Non_Exact","200 W PERSHING BLVD, N LITTLE ROCK, AR, 72114",83508298,"L"
104383,"200 WEST POPLAR STREET","FLORAL PARK","NY",11001,40.715673951,-73.702529441,383,"200 WEST POPLAR STREET, FLORAL PARK, NY, 11001","Match","Exact","200 W POPLAR ST, FLORAL PARK, NY, 11001",147666465,"R"
104384,"200 WEST ROSEBURG AVENUE","MODESTO","CA",95350,37.6600640780001,-120.995301483,384,"200 WEST ROSEBURG AVENUE, MODESTO, CA, 95350","Match","Exact","200 W ROSEBURG AVE, MODESTO, CA, 95350",102646307,"L"
104385,"200 WEST WALNUT AVENUE","PAINESVILLE","OH",44077,41.7141916510001,-81.247634179,385,"200 WEST WALNUT AVENUE, PAINESVILLE, OH, 44077","Match","Exact","200 W WALNUT AVE, PAINESVILLE, OH, 44077",617728606,"R"
104386,"200 WEST WARREN AVE APT A","BAKERSFIELD","CA",93308,NA,NA,386,"200 WEST WARREN AVE APT A, BAKERSFIELD, CA, 93308","Tie",NA,NA,NA,NA
104387,"200 WEST WENDOVER AVENUE","GREENSBORO","NC",27401,36.0881349210001,-79.7904061359999,387,"200 WEST WENDOVER AVENUE, GREENSBORO, NC, 27401","Match","Exact","200 W WENDOVER AVE, GREENSBORO, NC, 27401",131032736,"R"
104388,"200 WG REYNOLDS RD","COLUMBIA","KY",42728,37.1170426950001,-85.2514540989999,388,"200 WG REYNOLDS RD, COLUMBIA, KY, 42728","Match","Exact","200 WG REYNOLDS RD, COLUMBIA, KY, 42728",650927678,"R"
104389,"200 WHISPERING HILLS DRIVE","CLAY CITY","KY",40312,37.8920723090001,-83.933621532,389,"200 WHISPERING HILLS DRIVE, CLAY CITY, KY, 40312","Match","Exact","200 WHISPERING HILLS, CLAY CITY, KY, 40312",623923128,"L"
104390,"200 WHITE STREET","SHAW","MS",38773,NA,NA,390,"200 WHITE STREET, SHAW, MS, 38773","No_Match",NA,NA,NA,NA
104391,"200 WILKIN STREET APT 405","SAINT PAUL","MN",55102,44.935883421,-93.105870741,391,"200 WILKIN STREET APT 405, SAINT PAUL, MN, 55102","Match","Exact","200 WILKIN ST, SAINT PAUL, MN, 55102",619857660,"L"
104392,"200 WILLOW FORK DRIVE","BOARDMAN","OR",97818,45.8295515820001,-119.703144689,392,"200 WILLOW FORK DRIVE, BOARDMAN, OR, 97818","Match","Non_Exact","200 SW WILLOW FORK DR, BOARDMAN, OR, 97818",175430011,"R"
104393,"200 WILMER AVENUE","ORLANDO","FL",32811,28.5435078520001,-81.4494765489999,393,"200 WILMER AVENUE, ORLANDO, FL, 32811","Match","Exact","200 WILMER AVE, ORLANDO, FL, 32811",94272609,"L"
104394,"200 WINSTON DR APT 206","CLIFFSIDE PARK","NJ",7010,40.827102923,-73.980306465,394,"200 WINSTON DR APT 206, CLIFFSIDE PARK, NJ, 7010","Match","Exact","200 WINSTON DR, CLIFFSIDE PARK, NJ, 07010",651173891,"R"
104395,"200 WINSTON DRIVE APT 805","CLIFFSIDE PARK","NJ",7010,40.827102923,-73.980306465,395,"200 WINSTON DRIVE APT 805, CLIFFSIDE PARK, NJ, 7010","Match","Exact","200 WINSTON DR, CLIFFSIDE PARK, NJ, 07010",651173891,"R"
104396,"200 WINTHROP AVENUE","REVERE","MA",2151,42.405993917,-71.007324365,396,"200 WINTHROP AVENUE, REVERE, MA, 2151","Match","Exact","200 WINTHROP AVE, REVERE, MA, 02151",85708121,"L"
104397,"200 WISTERIA","NORTH LITTLE ROCK","AR",72118,34.807172313,-92.266955674,397,"200 WISTERIA, NORTH LITTLE ROCK, AR, 72118","Match","Non_Exact","200 WISTERIA DR, N LITTLE ROCK, AR, 72118",83507551,"L"
104398,"200 WJ BECK","MINDEN","LA",70155,NA,NA,398,"200 WJ BECK, MINDEN, LA, 70155","No_Match",NA,NA,NA,NA
104399,"200 WOODBERRY ROAD LOT 137","WEST COLUMBIA","SC",29170,NA,NA,399,"200 WOODBERRY ROAD LOT 137, WEST COLUMBIA, SC, 29170","No_Match",NA,NA,NA,NA
104400,"200 WOODPORT RD SUITE A","SPARTA","NJ",7871,41.024262096,-74.630254897,400,"200 WOODPORT RD SUITE A, SPARTA, NJ, 7871","Match","Exact","200 WOODPORT RD, SPARTA, NJ, 07871",640100053,"R"
104401,"200 WOODVIEW WAY SUITE 2417","ANDOVER","MA",1810,NA,NA,401,"200 WOODVIEW WAY SUITE 2417, ANDOVER, MA, 1810","No_Match",NA,NA,NA,NA
104402,"200 ZANDERSON AVENUE","JOURDANTON","TX",78026,28.9105998860001,-98.540654848,402,"200 ZANDERSON AVENUE, JOURDANTON, TX, 78026","Match","Exact","200 ZANDERSON AVE, JOURDANTON, TX, 78026",24457010,"L"
104403,"200 ZANDERSON","JOURDANTON","TX",78026,28.9105998860001,-98.540654848,403,"200 ZANDERSON, JOURDANTON, TX, 78026","Match","Non_Exact","200 ZANDERSON AVE, JOURDANTON, TX, 78026",24457010,"L"
104404,"200 ZION RANCH DR","CHURCH HILL","TN",37642,36.5593256770001,-82.782923421,404,"200 ZION RANCH DR, CHURCH HILL, TN, 37642","Match","Exact","200 ZION RANCH DR, CHURCH HILL, TN, 37642",643212469,"R"
104405,"200-08 MURDOCK AVE","ST. ALBANS","NY",11412,40.700035084,-73.7545526179999,405,"200-08 MURDOCK AVE, ST. ALBANS, NY, 11412","Match","Exact","200-8 MURDOCK AVE, SAINT ALBANS, NY, 11412",59719177,"R"
104406,"200-202 ROANOKE AVENUE","ELIZABETH CITY","NC",27909,36.293171928,-76.22380233,406,"200-202 ROANOKE AVENUE, ELIZABETH CITY, NC, 27909","Match","Exact","200 ROANOKE AVE, ELIZABETH CITY, NC, 27909",18592849,"L"
104407,"200-220 W 65TH AVE","PHILADELPHI","PA",19126,40.049747301,-75.123816129,407,"200-220 W 65TH AVE, PHILADELPHI, PA, 19126","Match","Non_Exact","200 65TH AVE, PHILADELPHIA, PA, 19126",131414316,"L"
104408,"200-23 LINDEN BLVD","JAMAICA","NY",11434,40.6945924940001,-73.751744029,408,"200-23 LINDEN BLVD, JAMAICA, NY, 11434","Match","Non_Exact","200 LINDEN BLVD, JAMAICA, NY, 11412",59720314,"L"
104409,"200-60 DORNING ROAD","WINLOCK","WA",98596,46.5293033,-122.918053886,409,"200-60 DORNING ROAD, WINLOCK, WA, 98596","Match","Exact","200 DORNING RD, WINLOCK, WA, 98596",180715747,"R"
104410,"200","VACAVILLE","CA",95687,NA,NA,410,"200, VACAVILLE, CA, 95687","No_Match",NA,NA,NA,NA
104411,"2000 - 10TH SREET","BROWNWOOD","TX",76801,NA,NA,411,"2000 - 10TH SREET, BROWNWOOD, TX, 76801","No_Match",NA,NA,NA,NA
104412,"2000 14TH STREET NW SUITE 104 73994","WASHINGTON","DC",20009,38.9170891520001,-77.03195722,412,"2000 14TH STREET NW SUITE 104 73994, WASHINGTON, DC, 20009","Match","Exact","2000 14TH ST NW, WASHINGTON, DC, 20009",76223200,"L"
104413,"2000 16TH AVE STE 329","VERO BEACH","FL",32960,27.638723047,-80.401390239,413,"2000 16TH AVE STE 329, VERO BEACH, FL, 32960","Match","Exact","2000 16TH AVE, VERO BEACH, FL, 32960",120304939,"R"
104414,"2000 26TH AVE NW","OLYMPIA","WA",98502,47.0708226030001,-122.925633904,414,"2000 26TH AVE NW, OLYMPIA, WA, 98502","Match","Exact","2000 26TH AVE NW, OLYMPIA, WA, 98502",630051175,"R"
104415,"2000 2ND AVE S APT 423","BIRMINGHAM","GA",35233,NA,NA,415,"2000 2ND AVE S APT 423, BIRMINGHAM, GA, 35233","No_Match",NA,NA,NA,NA
104416,"2000 2ND STREET","COLUMBIA CITY","OR",97018,45.8909256480001,-122.809148635,416,"2000 2ND STREET, COLUMBIA CITY, OR, 97018","Match","Exact","2000 SECOND ST, COLUMBIA CITY, OR, 97018",158080918,"R"
104417,"2000 3RD ST NE","CANTON","OH",44704,40.7950539810001,-81.3505250429999,417,"2000 3RD ST NE, CANTON, OH, 44704","Match","Exact","2000 3RD ST NE, CANTON, OH, 44704",64721036,"R"
104418,"2000 47TH ST NE","CANTON","OH",44705,40.8491156600001,-81.34571019,418,"2000 47TH ST NE, CANTON, OH, 44705","Match","Exact","2000 47TH ST NE, CANTON, OH, 44705",64708499,"R"
104419,"2000 4J RD","VILLE PLATTE","LA",70586,NA,NA,419,"2000 4J RD, VILLE PLATTE, LA, 70586","No_Match",NA,NA,NA,NA
104420,"2000 AIRPORT ROAD","TEMPLE","TX",76504,31.103597209,-97.361266481,420,"2000 AIRPORT ROAD, TEMPLE, TX, 76504","Match","Exact","2000 AIRPORT RD, TEMPLE, TX, 76504",146203345,"R"
104421,"2000 ALLBROOK DR AREA A BLDG 2","WPAFB","OH",45433,NA,NA,421,"2000 ALLBROOK DR AREA A BLDG 2, WPAFB, OH, 45433","No_Match",NA,NA,NA,NA
104422,"2000 ALLBROOK DRIVE BLDG 2","WRIGHT PAT","OH",45433,NA,NA,422,"2000 ALLBROOK DRIVE BLDG 2, WRIGHT PAT, OH, 45433","No_Match",NA,NA,NA,NA
104423,"2000 ALVIN ST","CINCINNATI","OH",45219,39.1178115610001,-84.504907293,423,"2000 ALVIN ST, CINCINNATI, OH, 45219","Match","Exact","2000 ALVIN ST, CINCINNATI, OH, 45219",103925939,"R"
104424,"2000 AUBURN DR 1 CHAGRIN HLD STE200","BEACHWOOD","OH",44122,41.4571850190001,-81.494081126,424,"2000 AUBURN DR 1 CHAGRIN HLD STE200, BEACHWOOD, OH, 44122","Match","Exact","2000 AUBURN DR, BEACHWOOD, OH, 44122",61178253,"L"
104425,"2000 AUBURN DRIVE SUITE 200","BEACHWOOD","OH",44122,41.4571850190001,-81.494081126,425,"2000 AUBURN DRIVE SUITE 200, BEACHWOOD, OH, 44122","Match","Exact","2000 AUBURN DR, BEACHWOOD, OH, 44122",61178253,"L"
104426,"2000 AVENUE OF THE STARS 3RD FLOOR","LOS ANGELES","CA",90067,NA,NA,426,"2000 AVENUE OF THE STARS 3RD FLOOR, LOS ANGELES, CA, 90067","No_Match",NA,NA,NA,NA
104427,"2000 BANBURY RD","RALEIGH","NC",27608,35.810173836,-78.665915061,427,"2000 BANBURY RD, RALEIGH, NC, 27608","Match","Exact","2000 BANBURY RD, RALEIGH, NC, 27608",72502325,"R"
104428,"2000 BAYHILLS DRIVE","SAN RAFAEL","CA",94903,38.005055767,-122.50963306,428,"2000 BAYHILLS DRIVE, SAN RAFAEL, CA, 94903","Match","Exact","2000 BAYHILLS DR, SAN RAFAEL, CA, 94903",606343131,"L"
104429,"2000 BEECHER ST","ORLANDO","FL",32808,28.5706347240001,-81.4485693249999,429,"2000 BEECHER ST, ORLANDO, FL, 32808","Match","Exact","2000 BEECHER ST, ORLANDO, FL, 32808",94270197,"L"
104430,"2000 BERRYS CHAPEL RD","FRANKLIN","TN",37069,35.9773653600001,-86.87829249,430,"2000 BERRYS CHAPEL RD, FRANKLIN, TN, 37069","Match","Exact","2000 BERRYS CHAPEL RD, FRANKLIN, TN, 37069",73110997,"L"
104431,"2000 BLUE MOUNTAIN PARKWAY","HARRISBURG","PA",17112,40.364720214,-76.818730181,431,"2000 BLUE MOUNTAIN PARKWAY, HARRISBURG, PA, 17112","Match","Exact","2000 BLUE MOUNTAIN PKWY, HARRISBURG, PA, 17112",608431572,"R"
104432,"2000 BLUE MOUNTAIN PKWY","HARRISBURG","PA",17112,40.364720214,-76.818730181,432,"2000 BLUE MOUNTAIN PKWY, HARRISBURG, PA, 17112","Match","Exact","2000 BLUE MOUNTAIN PKWY, HARRISBURG, PA, 17112",608431572,"R"
104433,"2000 BOCA VISTA DR","GRANBURY","TX",76048,32.419959611,-97.794181539,433,"2000 BOCA VISTA DR, GRANBURY, TX, 76048","Match","Non_Exact","2000 BOCA VISTA CT, GRANBURY, TX, 76048",158790621,"L"
104434,"2000 BOULDERCREST RD SE","ATLANTA","GA",30316,33.700787948,-84.32610949,434,"2000 BOULDERCREST RD SE, ATLANTA, GA, 30316","Match","Exact","2000 BOULDERCREST RD SE, ATLANTA, GA, 30316",653495492,"L"
104435,"2000 BRADBURY ST","MEDFORD","OR",97504,42.358899088,-122.855420182,435,"2000 BRADBURY ST, MEDFORD, OR, 97504","Match","Exact","2000 BRADBURY ST, MEDFORD, OR, 97504",155513880,"R"
104436,"2000 BROADWAY SUITE 208","CLARKSVILLE","IN",47129,38.326039226,-85.7604370289999,436,"2000 BROADWAY SUITE 208, CLARKSVILLE, IN, 47129","Match","Non_Exact","2000 BROADWAY ST, CLARKSVILLE, IN, 47129",642901079,"R"
104437,"2000 BUCHANAN BAY CIR SUITE 107","ORLANDO","FL",32839,28.492007739,-81.4039211589999,437,"2000 BUCHANAN BAY CIR SUITE 107, ORLANDO, FL, 32839","Match","Exact","2000 BUCHANAN BAY CIR, ORLANDO, FL, 32839",647491940,"L"
104438,"2000 BULLDOG LAND","SAINT CLOUD","FM",34769,NA,NA,438,"2000 BULLDOG LAND, SAINT CLOUD, FM, 34769","No_Match",NA,NA,NA,NA
104439,"2000 BURNWOOD COURT","BROOKFIELD","WI",53045,43.0574453730001,-88.1486679829999,439,"2000 BURNWOOD COURT, BROOKFIELD, WI, 53045","Match","Exact","2000 BURNWOOD CT, BROOKFIELD, WI, 53045",53833466,"R"
104440,"2000 CAMBRIDGE AVENUE  APT 61","WYOMISSING","PA",19610,40.317782402,-75.975531697,440,"2000 CAMBRIDGE AVENUE  APT 61, WYOMISSING, PA, 19610","Match","Exact","2000 CAMBRIDGE AVE, WYOMISSING, PA, 19610",630418195,"R"
104441,"2000 CANDLEWYCK DRIVE","CHARLOTTESVILLE","VA",22901,38.0744212860001,-78.571481336,441,"2000 CANDLEWYCK DRIVE, CHARLOTTESVILLE, VA, 22901","Match","Exact","2000 CANDLEWYCK DR, CHARLOTTESVILLE, VA, 22901",83367914,"R"
104442,"2000 CANFIELD DR UNIT C","YOUNGSTOWN","OH",44511,41.064867382,-80.6909074069999,442,"2000 CANFIELD DR UNIT C, YOUNGSTOWN, OH, 44511","Match","Non_Exact","2000 CANFIELD RD, YOUNGSTOWN, OH, 44511",64607253,"R"
104443,"2000 CASTLETON COURT APT E","BELMONT","NC",28012,35.2785246190001,-81.054919879,443,"2000 CASTLETON COURT APT E, BELMONT, NC, 28012","Match","Exact","2000 CASTLETON CT, BELMONT, NC, 28012",635752198,"R"
104444,"2000 CHATEAU LANE","SIERRA VISTA","AZ",85635,31.537502144,-110.284540686,444,"2000 CHATEAU LANE, SIERRA VISTA, AZ, 85635","Match","Exact","2000 CHATEAU LN, SIERRA VISTA, AZ, 85635",120926602,"L"
104445,"2000 CHICAGO AVENUE APT 3","ATLANTA","GA",30314,33.764728661,-84.453523659,445,"2000 CHICAGO AVENUE APT 3, ATLANTA, GA, 30314","Match","Non_Exact","2000 CHICAGO AVE NW, ATLANTA, GA, 30314",17340234,"L"
104446,"2000 CLEARVIEW PARKWAY  SUITE 201","METAIRIE","LA",70001,29.9919961260001,-90.181391038,446,"2000 CLEARVIEW PARKWAY  SUITE 201, METAIRIE, LA, 70001","Match","Exact","2000 CLEARVIEW PKWY, METAIRIE, LA, 70001",93500106,"L"
104447,"2000 COLLEGE DRIVE","BATON ROUGE","LA",70808,30.429928327,-91.1354744509999,447,"2000 COLLEGE DRIVE, BATON ROUGE, LA, 70808","Match","Exact","2000 COLLEGE DR, BATON ROUGE, LA, 70808",92189373,"R"
104448,"2000 COMMERCE AVENUE","DYERSBURG","TN",38024,36.0529433140001,-89.4044352929999,448,"2000 COMMERCE AVENUE, DYERSBURG, TN, 38024","Match","Exact","2000 COMMERCE AVE, DYERSBURG, TN, 38024",607817433,"L"
104449,"2000 COMMERCE DRIVE NORTH","PEACHTREE CITY","GA",30269,NA,NA,449,"2000 COMMERCE DRIVE NORTH, PEACHTREE CITY, GA, 30269","No_Match",NA,NA,NA,NA
104450,"2000 CONYNGHAM AVENUE","DALLAS","PA",18612,41.34660597,-75.953011475,450,"2000 CONYNGHAM AVENUE, DALLAS, PA, 18612","Match","Exact","2000 CONYNGHAM AVE, DALLAS, PA, 18612",80909612,"R"
104451,"2000 COSTA VERDE COURT","NAVARRE","FL",32566,30.4052745120001,-86.8461867629999,451,"2000 COSTA VERDE COURT, NAVARRE, FL, 32566","Match","Exact","2000 COSTA VERDE CT, NAVARRE, FL, 32566",74589636,"L"
104452,"2000 COUNTY RD B2 W","ROSEVILLE","MN",55113,NA,NA,452,"2000 COUNTY RD B2 W, ROSEVILLE, MN, 55113","No_Match",NA,NA,NA,NA
104453,"2000 COUNTY ROAD 1545","CULLMAN","AL",35058,34.2258230470001,-86.7719950279999,453,"2000 COUNTY ROAD 1545, CULLMAN, AL, 35058","Match","Exact","2000 CO RD 1545, CULLMAN, AL, 35058",130252384,"R"
104454,"2000 CRAWFORD ST      SUITE 1644","HOUSTON","TX",77002,29.7463669590001,-95.365681366,454,"2000 CRAWFORD ST      SUITE 1644, HOUSTON, TX, 77002","Match","Exact","2000 CRAWFORD ST, HOUSTON, TX, 77002",96071609,"R"
104455,"2000 CRAWFORD ST","HOUSTON","TX",77002,29.7463669590001,-95.365681366,455,"2000 CRAWFORD ST, HOUSTON, TX, 77002","Match","Exact","2000 CRAWFORD ST, HOUSTON, TX, 77002",96071609,"R"
104456,"2000 CROSSLAND ROAD","GRANBURY","TX",76048,32.4457975190001,-97.804139302,456,"2000 CROSSLAND ROAD, GRANBURY, TX, 76048","Match","Exact","2000 CROSSLAND RD, GRANBURY, TX, 76048",158807296,"R"
104457,"2000 CUB TRAIL","ORANGE","TX",77632,30.159765206,-93.7586408019999,457,"2000 CUB TRAIL, ORANGE, TX, 77632","Match","Exact","2000 CUB TRL, ORANGE, TX, 77632",74013887,"L"
104458,"2000 DEITRICK BLVD","CHARLESTON","WV",25311,38.355632669,-81.602916406,458,"2000 DEITRICK BLVD, CHARLESTON, WV, 25311","Match","Exact","2000 DEITRICK BLVD, CHARLESTON, WV, 25311",78670679,"R"
104459,"2000 DIAMOND RIM PASS ROAD","KELLER","TX",76248,32.910106425,-97.207220045,459,"2000 DIAMOND RIM PASS ROAD, KELLER, TX, 76248","Match","Exact","2000 DIAMOND RIM PASS RD, KELLER, TX, 76248",625309121,"L"
104460,"2000 DUKE STREET SUITE 300","ALEXANDRIA","VA",22314,38.804768573,-77.063605325,460,"2000 DUKE STREET SUITE 300, ALEXANDRIA, VA, 22314","Match","Exact","2000 DUKE ST, ALEXANDRIA, VA, 22314",638934709,"L"
104461,"2000 DUKE STREET SUITE 334","ALEXANDRIA","VA",22314,38.804768573,-77.063605325,461,"2000 DUKE STREET SUITE 334, ALEXANDRIA, VA, 22314","Match","Exact","2000 DUKE ST, ALEXANDRIA, VA, 22314",638934709,"L"
104462,"2000 E  12TH AVE   STE 5942","TAMPA","FL",33675,NA,NA,462,"2000 E  12TH AVE   STE 5942, TAMPA, FL, 33675","No_Match",NA,NA,NA,NA
104463,"2000 E 12TH AVENUE SUITE 5942","TAMPA","FL",33675,NA,NA,463,"2000 E 12TH AVENUE SUITE 5942, TAMPA, FL, 33675","No_Match",NA,NA,NA,NA
104464,"2000 E ARAPAHO RD APT 21115","RICHARDSON","TX",75081,32.9604990120001,-96.686996861,464,"2000 E ARAPAHO RD APT 21115, RICHARDSON, TX, 75081","Match","Non_Exact","2000 E ARAPAHO RD, RICHARDSON, TX, 75081",102916102,"R"
104465,"2000 E CONVENTION CENTER WAY","ONTARIO","CA",91764,34.0671163010001,-117.607460964,465,"2000 E CONVENTION CENTER WAY, ONTARIO, CA, 91764","Match","Exact","2000 E CONVENTION CENTER WAY, ONTARIO, CA, 91764",144969092,"R"
104466,"2000 E LAMAR BLVD SUITE 600","ARLINGTON","TX",76006,NA,NA,466,"2000 E LAMAR BLVD SUITE 600, ARLINGTON, TX, 76006","No_Match",NA,NA,NA,NA
104467,"2000 E MARKET ST","GREENSBORO","NC",27405,36.073913207,-79.764016156,467,"2000 E MARKET ST, GREENSBORO, NC, 27405","Match","Non_Exact","2000 E MARKET ST, GREENSBORO, NC, 27401",131035557,"R"
104468,"2000 E RANDOL MILL RD","ARLINGTON","TX",76011,32.749246709,-97.078748578,468,"2000 E RANDOL MILL RD, ARLINGTON, TX, 76011","Match","Exact","2000 E RANDOL MILL RD, ARLINGTON, TX, 76011",102137387,"R"
104469,"2000 E TAMARACK RD APT 401","ALTUS","OK",73521,34.666728554,-99.3061282899999,469,"2000 E TAMARACK RD APT 401, ALTUS, OK, 73521","Match","Non_Exact","2000 E TAMARACK RD, ALTUS, OK, 73521",171834742,"L"
104470,"2000 E","FRESNO","CA",93703,NA,NA,470,"2000 E, FRESNO, CA, 93703","No_Match",NA,NA,NA,NA
104471,"2000 EAST 42 SUITE 238","ODESSA","TX",79762,31.889060671,-102.354307259,471,"2000 EAST 42 SUITE 238, ODESSA, TX, 79762","Match","Non_Exact","2000 E 42ND ST, ODESSA, TX, 79762",638819438,"R"
104472,"2000 EAST LAMAR BLVD SUITE 530","ARLINGTON","TX",76006,NA,NA,472,"2000 EAST LAMAR BLVD SUITE 530, ARLINGTON, TX, 76006","No_Match",NA,NA,NA,NA
104473,"2000 EDNOR ROAD","SILVER SPRING","MD",20905,39.142137308,-76.9705721299999,473,"2000 EDNOR ROAD, SILVER SPRING, MD, 20905","Match","Exact","2000 EDNOR RD, SILVER SPRING, MD, 20905",62072285,"R"
104474,"2000 EDWARDS ST BLDG A ADMIN OFFICE","HOUSTON","TX",77007,29.7707150530001,-95.378265888,474,"2000 EDWARDS ST BLDG A ADMIN OFFICE, HOUSTON, TX, 77007","Match","Exact","2000 EDWARDS ST, HOUSTON, TX, 77007",96631978,"R"
104475,"2000 EL DORADO DR","STEVENSVILLE","MI",49127,NA,NA,475,"2000 EL DORADO DR, STEVENSVILLE, MI, 49127","No_Match",NA,NA,NA,NA
104476,"2000 ELM STREET","SAINT CHARLES","MO",63301,38.792166595,-90.49708062,476,"2000 ELM STREET, SAINT CHARLES, MO, 63301","Match","Exact","2000 ELM ST, SAINT CHARLES, MO, 63301",100021369,"R"
104477,"2000 ERVING CIR APT 107","OCOEE","FL",34761,28.555003292,-81.509238607,477,"2000 ERVING CIR APT 107, OCOEE, FL, 34761","Match","Exact","2000 ERVING CIR, OCOEE, FL, 34761",640935132,"R"
104478,"2000 FM 1460","GEORGETOWN","TX",78626,30.6047070170001,-97.664542876,478,"2000 FM 1460, GEORGETOWN, TX, 78626","Match","Exact","2000 FM 1460, GEORGETOWN, TX, 78626",126528713,"L"
104479,"2000 FM 1788","MIDLAND","TX",79711,NA,NA,479,"2000 FM 1788, MIDLAND, TX, 79711","No_Match",NA,NA,NA,NA
104480,"2000 FOLK REAM ROAD","SPRINGFIELD","OH",45502,39.955441869,-83.928853622,480,"2000 FOLK REAM ROAD, SPRINGFIELD, OH, 45502","Match","Exact","2000 FOLK REAM RD, SPRINGFIELD, OH, 45502",633547180,"R"
104481,"2000 FOREST POINTE LN","LOUISVILLE","KY",40245,38.2642980250001,-85.474223216,481,"2000 FOREST POINTE LN, LOUISVILLE, KY, 40245","Match","Exact","2000 FOREST POINTE LN, LOUISVILLE, KY, 40245",96913526,"R"
104482,"2000 GRANADA DR","WICHITA FALLS","TX",76308,33.8672757730001,-98.514036171,482,"2000 GRANADA DR, WICHITA FALLS, TX, 76308","Match","Exact","2000 GRANADA DR, WICHITA FALLS, TX, 76308",169843305,"R"
104483,"2000 GRAND AVENUE APT 101","NASHVILLE","TN",37212,36.1473233520001,-86.798171807,483,"2000 GRAND AVENUE APT 101, NASHVILLE, TN, 37212","Match","Exact","2000 GRAND AVE, NASHVILLE, TN, 37212",606384825,"R"
104484,"2000 GRAND RIVER ANNEX SUITE 200","BRIGHTON","MI",48114,42.570686734,-83.8174718819999,484,"2000 GRAND RIVER ANNEX SUITE 200, BRIGHTON, MI, 48114","Match","Exact","2000 GRAND RIVER ANX, BRIGHTON, MI, 48114",619592601,"R"
104485,"2000 GREENWOOD AVE","NASHVILLE","TN",37206,36.189189888,-86.733507328,485,"2000 GREENWOOD AVE, NASHVILLE, TN, 37206","Match","Exact","2000 GREENWOOD AVE, NASHVILLE, TN, 37206",97189067,"R"
104486,"2000 HAMILTON AVENUE PMB 695","PHILADELPHIA","PA",19130,39.9622731050001,-75.171415772,486,"2000 HAMILTON AVENUE PMB 695, PHILADELPHIA, PA, 19130","Match","Non_Exact","2000 HAMILTON ST, PHILADELPHIA, PA, 19130",131406104,"L"
104487,"2000 HAMILTON ST    STE 304","PHILADELPHIA","PA",19130,39.9622731050001,-75.171415772,487,"2000 HAMILTON ST    STE 304, PHILADELPHIA, PA, 19130","Match","Exact","2000 HAMILTON ST, PHILADELPHIA, PA, 19130",131406104,"L"
104488,"2000 HONEY LOCUST DRIVE","ALGONQUIN","IL",60102,42.1679889500001,-88.264989418,488,"2000 HONEY LOCUST DRIVE, ALGONQUIN, IL, 60102","Match","Exact","2000 HONEY LOCUST DR, ALGONQUIN, IL, 60102",119833014,"L"
104489,"2000 HOPKINS DR","MCKINNEY","TX",75070,33.185692804,-96.7547992889999,489,"2000 HOPKINS DR, MCKINNEY, TX, 75070","Match","Non_Exact","2000 HOPKINS DR, MCKINNEY, TX, 75072",647652941,"R"
104490,"2000 HOSPITAL DRIVE","SEDRO WOOLLEY","WA",98284,48.4947638620001,-122.274944653,490,"2000 HOSPITAL DRIVE, SEDRO WOOLLEY, WA, 98284","Match","Exact","2000 HOSPITAL DR, SEDRO WOOLLEY, WA, 98284",624335396,"R"
104491,"2000 IVY AVENUE EAST","SAINT PAUL","MN",55119,NA,NA,491,"2000 IVY AVENUE EAST, SAINT PAUL, MN, 55119","No_Match",NA,NA,NA,NA
104492,"2000 JAMES ST SUITE 117B","CORALVILLE","IA",52241,41.678915153,-91.5934877299999,492,"2000 JAMES ST SUITE 117B, CORALVILLE, IA, 52241","Match","Exact","2000 JAMES ST, CORALVILLE, IA, 52241",84506285,"R"
104493,"2000 JASPER BLVD","KAUFMAN","TX",75142,32.5891643260001,-96.413871544,493,"2000 JASPER BLVD, KAUFMAN, TX, 75142","Match","Exact","2000 JASPER BLVD, KAUFMAN, TX, 75142",123751238,"L"
104494,"2000 JONQUIL AVENUE","MISSION","TX",78572,26.219916454,-98.295931004,494,"2000 JONQUIL AVENUE, MISSION, TX, 78572","Match","Exact","2000 JONQUIL AVE, MISSION, TX, 78572",71533635,"L"
104495,"2000 K STREET","SACRAMENTO","CA",95811,38.5755612510001,-121.480266714,495,"2000 K STREET, SACRAMENTO, CA, 95811","Match","Exact","2000 K ST, SACRAMENTO, CA, 95811",133324236,"R"
104496,"2000 KALISTE SALOOM ROAD SUITE 101","LAFAYETTE","LA",70508,30.1670238500001,-92.036619362,496,"2000 KALISTE SALOOM ROAD SUITE 101, LAFAYETTE, LA, 70508","Match","Exact","2000 KALISTE SALOOM RD, LAFAYETTE, LA, 70508",85638729,"L"
104497,"2000 KINGSTON HWY","KINGSTON","TN",37763,35.8593893230001,-84.485366931,497,"2000 KINGSTON HWY, KINGSTON, TN, 37763","Match","Exact","2000 KINGSTON HWY, KINGSTON, TN, 37763",636951781,"L"
104498,"2000 LAKEVIEW COURT","MODESTO","CA",95355,37.6822781490001,-120.963623435,498,"2000 LAKEVIEW COURT, MODESTO, CA, 95355","Match","Exact","2000 LAKEVIEW CT, MODESTO, CA, 95355",102645830,"L"
104499,"2000 LAUREL LAKE DR","TUSCALOOSA","AL",35405,33.141600587,-87.565833395,499,"2000 LAUREL LAKE DR, TUSCALOOSA, AL, 35405","Match","Exact","2000 LAUREL LAKE DR, TUSCALOOSA, AL, 35405",82232047,"L"
104500,"2000 LEVEL ROAD","HAVRE DE GRACE","MD",21078,NA,NA,500,"2000 LEVEL ROAD, HAVRE DE GRACE, MD, 21078","No_Match",NA,NA,NA,NA
