"ID","Address","City","State","Zip","lat","long","id","input_address","match_indicator","match_type","matched_address","tiger_line_id","tiger_side"
122501,"222 NORTH WESTERN AVENUE UNITS IJ","CARPENTERSVILLE","IL",60110,42.1131606500001,-88.2964351959999,1,"222 NORTH WESTERN AVENUE UNITS IJ, CARPENTERSVILLE, IL, 60110","Match","Exact","222 N WESTERN AVE, CARPENTERSVILLE, IL, 60110",629590607,"R"
122502,"222 NORTHBRIDGE AVENUE","WARWICK","RI",2886,41.7078353700001,-71.469638903,2,"222 NORTHBRIDGE AVENUE, WARWICK, RI, 2886","Match","Exact","222 NORTHBRIDGE AVE, WARWICK, RI, 02886",159146689,"L"
122503,"222 NW 4 AVE","BOYNTON BEACH","FL",33435,26.530732363,-80.066425307,3,"222 NW 4 AVE, BOYNTON BEACH, FL, 33435","Match","Exact","222 NW 4TH AVE, BOYNTON BEACH, FL, 33435",115296006,"L"
122504,"222 OCEANVIEW PARKWAY","SOUTHAMPTON","NY",11968,40.935096027,-72.3816570179999,4,"222 OCEANVIEW PARKWAY, SOUTHAMPTON, NY, 11968","Match","Exact","222 OCEANVIEW PKWY, SOUTHAMPTON, NY, 11968",653448337,"L"
122505,"222 ODONNELL ROAD","CHICORA","PA",16025,40.9366943840001,-79.786798518,5,"222 ODONNELL ROAD, CHICORA, PA, 16025","Match","Exact","222 ODONNELL RD, CHICORA, PA, 16025",52651043,"R"
122506,"222 OXFORD CIRCLE","RINCON","GA",31326,32.2885015850001,-81.227034542,6,"222 OXFORD CIRCLE, RINCON, GA, 31326","Match","Exact","222 OXFORD CIR, RINCON, GA, 31326",647771095,"R"
122507,"222 PAGEANT LANE","WILLINGBORO","NJ",8046,40.0298746330001,-74.897277167,7,"222 PAGEANT LANE, WILLINGBORO, NJ, 8046","Match","Exact","222 PAGEANT LN, WILLINGBORO, NJ, 08046",134031386,"R"
122508,"222 PALERMO CIRCLE","FORT MYERS BEACH","FL",33931,26.4539292790001,-81.951651687,8,"222 PALERMO CIRCLE, FORT MYERS BEACH, FL, 33931","Match","Exact","222 PALERMO CIR, FORT MYERS BEACH, FL, 33931",118083592,"R"
122509,"222 PARK AVE","EMERSON","NJ",7630,40.9782983310001,-74.039169617,9,"222 PARK AVE, EMERSON, NJ, 7630","Match","Exact","222 PARK AVE, EMERSON, NJ, 07630",64378747,"R"
122510,"222 PATTESON RD","COLFAX","LA",71417,NA,NA,10,"222 PATTESON RD, COLFAX, LA, 71417","No_Match",NA,NA,NA,NA
122511,"222 PENNBRIGHT DRIVE SUITE 103","HOUSTON","TX",77090,29.992460958,-95.4276972929999,11,"222 PENNBRIGHT DRIVE SUITE 103, HOUSTON, TX, 77090","Match","Exact","222 PENNBRIGHT DR, HOUSTON, TX, 77090",96662796,"L"
122512,"222 PETERS STREET SW UNIT 11","ATLANTA","GA",30313,33.7482483380001,-84.400843246,12,"222 PETERS STREET SW UNIT 11, ATLANTA, GA, 30313","Match","Exact","222 PETERS ST SW, ATLANTA, GA, 30313",17344161,"L"
122513,"222 PHILLIPS STREET","JOHNSTOWN","PA",15904,NA,NA,13,"222 PHILLIPS STREET, JOHNSTOWN, PA, 15904","No_Match",NA,NA,NA,NA
122514,"222 PLANTATION CT","NASHVILLE","TN",37221,36.07374141,-86.946828254,14,"222 PLANTATION CT, NASHVILLE, TN, 37221","Match","Exact","222 PLANTATION CT, NASHVILLE, TN, 37221",97221293,"L"
122515,"222 POST OAK WAY","SHAVANO PARK","TN",78230,NA,NA,15,"222 POST OAK WAY, SHAVANO PARK, TN, 78230","No_Match",NA,NA,NA,NA
122516,"222 QUIMBY ROAD","COLDWATER","MI",49036,41.8801706400001,-84.956280857,16,"222 QUIMBY ROAD, COLDWATER, MI, 49036","Match","Exact","222 QUIMBY RD, COLDWATER, MI, 49036",8214728,"L"
122517,"222 RED FOX RUN","WARNER ROBINS","GA",31088,32.592546944,-83.6781296469999,17,"222 RED FOX RUN, WARNER ROBINS, GA, 31088","Match","Exact","222 RED FOX RUN, WARNER ROBINS, GA, 31088",91239455,"R"
122518,"222 REILY ROAD","CINCINNATI","OH",45215,39.228718212,-84.47735342,18,"222 REILY ROAD, CINCINNATI, OH, 45215","Match","Exact","222 REILY RD, CINCINNATI, OH, 45215",103920440,"R"
122519,"222 RICHMOND ROAD","WINCHESTER","NH",3470,42.7648006970001,-72.3650199259999,19,"222 RICHMOND ROAD, WINCHESTER, NH, 3470","Match","Non_Exact","222 RICHMOND ST, WINCHESTER, NH, 03470",124055908,"R"
122520,"222 RIVER MEWS LN","EDGEWATER","NJ",7020,40.8203097960001,-73.9786598909999,20,"222 RIVER MEWS LN, EDGEWATER, NJ, 7020","Match","Exact","222 RIVER MEWS LN, EDGEWATER, NJ, 07020",615067353,"L"
122521,"222 RIVER STREET","RED BANK","NJ",7701,40.3425220930001,-74.081211428,21,"222 RIVER STREET, RED BANK, NJ, 7701","Match","Exact","222 RIVER ST, RED BANK, NJ, 07701",90454127,"R"
122522,"222 ROCKAWAY TURNPIKE SUITE1","CEDARHURST","NY",11516,40.619354269,-73.73217519,22,"222 ROCKAWAY TURNPIKE SUITE1, CEDARHURST, NY, 11516","Match","Exact","222 ROCKAWAY TPKE, CEDARHURST, NY, 11516",147657442,"R"
122523,"222 ROWARDENNAN DRIVE","BEN LOMOND","CA",95005,37.086140243,-122.088480005,23,"222 ROWARDENNAN DRIVE, BEN LOMOND, CA, 95005","Match","Exact","222 ROWARDENNAN DR, BEN LOMOND, CA, 95005",125502330,"R"
122524,"222 S 8TH ST","MONTEVIDEO","MN",56265,44.9441635800001,-95.716962511,24,"222 S 8TH ST, MONTEVIDEO, MN, 56265","Match","Exact","222 S 8TH ST, MONTEVIDEO, MN, 56265",36667860,"R"
122525,"222 S CENTRAL AVE","ST LOUIS","MO",63105,38.6471437380001,-90.338693006,25,"222 S CENTRAL AVE, ST LOUIS, MO, 63105","Match","Exact","222 S CENTRAL AVE, SAINT LOUIS, MO, 63105",100135522,"L"
122526,"222 S CHURCH ST SUITE 100","CHARLOTTE","NC",28202,NA,NA,26,"222 S CHURCH ST SUITE 100, CHARLOTTE, NC, 28202","Tie",NA,NA,NA,NA
122527,"222 S HARBOR BLVD STE 830","ANAHEIM","CA",92805,33.83560055,-117.919890239,27,"222 S HARBOR BLVD STE 830, ANAHEIM, CA, 92805","Match","Non_Exact","222 N HARBOR BLVD, ANAHEIM, CA, 92805",609068390,"R"
122528,"222 S HEWITT STREET NUMBER 4","LOS ANGELES","CA",90012,34.0467910150001,-118.236098426,28,"222 S HEWITT STREET NUMBER 4, LOS ANGELES, CA, 90012","Match","Non_Exact","222 S HEWITT ST, LOS ANGELES, CA, 90012",141620419,"L"
122529,"222 S MAIN ST STE 2200","SALT LAKE CITY","UT",84101,40.764408867,-111.891097968,29,"222 S MAIN ST STE 2200, SALT LAKE CITY, UT, 84101","Match","Non_Exact","222 S MAIN ST, SALT LAKE CITY, UT, 84101",176067386,"R"
122530,"222 S PALESTINE ST","ATHENS","TX",75751,32.204059154,-95.853740231,30,"222 S PALESTINE ST, ATHENS, TX, 75751","Match","Exact","222 S PALESTINE ST, ATHENS, TX, 75751",125803531,"L"
122531,"222 SABINE AVENUE","NARBERTH","PA",19072,40.011986913,-75.262873986,31,"222 SABINE AVENUE, NARBERTH, PA, 19072","Match","Exact","222 SABINE AVE, NARBERTH, PA, 19072",634981174,"R"
122532,"222 SAINT JOHN STREET SUITE 238","PORTLAND","ME",4102,43.650532538,-70.2789148479999,32,"222 SAINT JOHN STREET SUITE 238, PORTLAND, ME, 4102","Match","Exact","222 SAINT JOHN ST, PORTLAND, ME, 04102",78027433,"L"
122533,"222 SAINT PIUS ST","HOUMA","LA",70363,29.586079345,-90.710427346,33,"222 SAINT PIUS ST, HOUMA, LA, 70363","Match","Exact","222 ST PIUS ST, HOUMA, LA, 70363",92052103,"R"
122534,"222 SAN MARCO AVENUE","SAINT AUGUSTINE","FL",32084,29.9140672020001,-81.321800582,34,"222 SAN MARCO AVENUE, SAINT AUGUSTINE, FL, 32084","Match","Exact","222 SAN MARCO AVE, SAINT AUGUSTINE, FL, 32084",92612057,"R"
122535,"222 SEVEN OAKS ROAD","GLENWOOD SPRINGS","CO",81601,39.4979250050001,-107.176372695,35,"222 SEVEN OAKS ROAD, GLENWOOD SPRINGS, CO, 81601","Match","Exact","222 SEVEN OAKS RD, GLENWOOD SPGS, CO, 81601",105803274,"L"
122536,"222 SHANE DRIVE","MOUNT HOLLY","NC",28120,35.3461553750001,-81.02620187,36,"222 SHANE DRIVE, MOUNT HOLLY, NC, 28120","Match","Exact","222 SHANE DR, MOUNT HOLLY, NC, 28120",70418302,"R"
122537,"222 SIDNEY BAKER S SUITE 538","KERRVILLE","TX",78028,NA,NA,37,"222 SIDNEY BAKER S SUITE 538, KERRVILLE, TX, 78028","No_Match",NA,NA,NA,NA
122538,"222 SINGER AVENUE","MCKEES ROCKS","PA",15136,40.4676777490001,-80.075724669,38,"222 SINGER AVENUE, MCKEES ROCKS, PA, 15136","Match","Non_Exact","222 SINGER AVE, MC KEES ROCKS, PA, 15136",51621122,"R"
122539,"222 SOUTH 3RD ST APT 514","MILWAUKEE","WI",53204,43.028802908,-87.913955917,39,"222 SOUTH 3RD ST APT 514, MILWAUKEE, WI, 53204","Match","Exact","222 S 3RD ST, MILWAUKEE, WI, 53204",77742441,"L"
122540,"222 SOUTH 9TH ST SUITE 2000","MINNEAPOLIS","MN",55402,NA,NA,40,"222 SOUTH 9TH ST SUITE 2000, MINNEAPOLIS, MN, 55402","No_Match",NA,NA,NA,NA
122541,"222 SOUTH CHURCH ST","CHARLOTTE","NC",28202,35.2271378070001,-80.8456048959999,41,"222 SOUTH CHURCH ST, CHARLOTTE, NC, 28202","Match","Exact","222 S CHURCH ST, CHARLOTTE, NC, 28202",70478121,"R"
122542,"222 SOUTH CHURCH STREET SUITE 100","CHARLOTTE","NC",28202,35.2271378070001,-80.8456048959999,42,"222 SOUTH CHURCH STREET SUITE 100, CHARLOTTE, NC, 28202","Match","Exact","222 S CHURCH ST, CHARLOTTE, NC, 28202",70478121,"R"
122543,"222 SOUTH FIRST STREET","AUGUSTA","AR",72006,NA,NA,43,"222 SOUTH FIRST STREET, AUGUSTA, AR, 72006","No_Match",NA,NA,NA,NA
122544,"222 SOUTH MAIN STREET","PROTIVIN","IA",52163,43.215089445,-92.0909340759999,44,"222 SOUTH MAIN STREET, PROTIVIN, IA, 52163","Match","Exact","222 S MAIN ST, PROTIVIN, IA, 52163",27403777,"L"
122545,"222 SOUTH MAIN STREET","ROCHESTER","VT",5767,43.87129536,-72.8080207259999,45,"222 SOUTH MAIN STREET, ROCHESTER, VT, 5767","Match","Exact","222 S MAIN ST, ROCHESTER, VT, 05767",641173910,"L"
122546,"222 SOUTH MERAMEC AVENUE SUITE 202","SAINT LOUIS","MO",63105,38.647208704,-90.3400898199999,46,"222 SOUTH MERAMEC AVENUE SUITE 202, SAINT LOUIS, MO, 63105","Match","Exact","222 S MERAMEC AVE, SAINT LOUIS, MO, 63105",100135502,"L"
122547,"222 SOUTH MEREMEC AVE SUITE 202","CLAYTON","MO",63105,38.647208704,-90.3400898199999,47,"222 SOUTH MEREMEC AVE SUITE 202, CLAYTON, MO, 63105","Match","Non_Exact","222 S MERAMEC AVE, CLAYTON, MO, 63105",100135502,"L"
122548,"222 SOUTH POPLAR STREET","CENTRALIA","IL",62801,38.525786684,-89.133311244,48,"222 SOUTH POPLAR STREET, CENTRALIA, IL, 62801","Match","Exact","222 S POPLAR ST, CENTRALIA, IL, 62801",93046868,"L"
122549,"222 SOUTH ROOSEVELT STREET","LANCASTER","WI",53813,NA,NA,49,"222 SOUTH ROOSEVELT STREET, LANCASTER, WI, 53813","No_Match",NA,NA,NA,NA
122550,"222 STABRERRY LANE","MEBANE","NC",27302,NA,NA,50,"222 STABRERRY LANE, MEBANE, NC, 27302","No_Match",NA,NA,NA,NA
122551,"222 SUMMER TREE CIR B","LINDALE","TX",75771,32.48818205,-95.406894154,51,"222 SUMMER TREE CIR B, LINDALE, TX, 75771","Match","Exact","222 SUMMER TREE CIR, LINDALE, TX, 75771",641487474,"L"
122552,"222 THIRD STREET SUITE 3150","CAMBRIDGE","MA",2142,NA,NA,52,"222 THIRD STREET SUITE 3150, CAMBRIDGE, MA, 2142","No_Match",NA,NA,NA,NA
122553,"222 THUNDERBIRD DR","HARVEST","AL",35805,34.845390293,-86.7352049409999,53,"222 THUNDERBIRD DR, HARVEST, AL, 35805","Match","Non_Exact","222 THUNDERBIRD DR, HARVEST, AL, 35749",58159030,"R"
122554,"222 TILDEN","KENEDY","TX",78119,28.8179888270001,-97.848969085,54,"222 TILDEN, KENEDY, TX, 78119","Match","Non_Exact","222 TILDEN ST, KENEDY, TX, 78119",36156574,"L"
122555,"222 VANCE STREET","CHAPEL HILL","NC",27516,35.9064483400001,-79.055493213,55,"222 VANCE STREET, CHAPEL HILL, NC, 27516","Match","Exact","222 VANCE ST, CHAPEL HILL, NC, 27516",72378975,"L"
122556,"222 VICTORIA DR","HOUSTON","TX",77022,29.8356386830001,-95.398907271,56,"222 VICTORIA DR, HOUSTON, TX, 77022","Match","Exact","222 VICTORIA DR, HOUSTON, TX, 77022",96054958,"R"
122557,"222 VILLAGE DRIVE","ENDWELL","NY",13760,42.1495960620001,-76.019210057,57,"222 VILLAGE DRIVE, ENDWELL, NY, 13760","Match","Exact","222 VILLAGE DR, ENDWELL, NY, 13760",653463364,"L"
122558,"222 W 15TH ST APT 2E","NEW YORK","NY",10011,40.739731293,-74.0003448319999,58,"222 W 15TH ST APT 2E, NEW YORK, NY, 10011","Match","Non_Exact","222 W 15TH ST, NEW YORK, NY, 10011",650153782,"L"
122559,"222 W 21ST STREET SUITE F PMB 115","NORFOLK","VA",23517,NA,NA,59,"222 W 21ST STREET SUITE F PMB 115, NORFOLK, VA, 23517","Tie",NA,NA,NA,NA
122560,"222 W 39TH AVENUE ROOM 353","SAN MATEO","CA",94403,NA,NA,60,"222 W 39TH AVENUE ROOM 353, SAN MATEO, CA, 94403","Tie",NA,NA,NA,NA
122561,"222 W 60TH ST","JACKSONVILLE","FL",32208,30.3826838620001,-81.6555499579999,61,"222 W 60TH ST, JACKSONVILLE, FL, 32208","Match","Exact","222 W 60TH ST, JACKSONVILLE, FL, 32208",83897702,"L"
122562,"222 W 6TH STREET SUITE 400","SAN PEDRO","CA",90731,33.73874454,-118.281934547,62,"222 W 6TH STREET SUITE 400, SAN PEDRO, CA, 90731","Match","Non_Exact","222 W 6TH ST, SAN PEDRO, CA, 90731",141690894,"R"
122563,"222 W CENTER ST","MARION","OH",43302,40.5885225750001,-83.132323012,63,"222 W CENTER ST, MARION, OH, 43302","Match","Exact","222 W CENTER ST, MARION, OH, 43302",12714945,"L"
122564,"222 W CENTER ST","PIMA","AZ",85543,32.8962315740001,-109.832126925,64,"222 W CENTER ST, PIMA, AZ, 85543","Match","Exact","222 W CENTER ST, PIMA, AZ, 85543",128009905,"L"
122565,"222 W COLEMAN BLVD","MT PLEASANT","SC",29464,32.7912027240001,-79.8790473289999,65,"222 W COLEMAN BLVD, MT PLEASANT, SC, 29464","Match","Exact","222 COLEMAN BLVD, MOUNT PLEASANT, SC, 29464",615117762,"R"
122566,"222 W COLUMBUS RD","SOUTH CHARLESTON","OH",45368,39.8250675510001,-83.6403614879999,66,"222 W COLUMBUS RD, SOUTH CHARLESTON, OH, 45368","Match","Exact","222 W COLUMBUS RD, S CHARLESTON, OH, 45368",135019094,"L"
122567,"222 W GENESEE ST","LANSING","MI",48933,42.738610131,-84.554234502,67,"222 W GENESEE ST, LANSING, MI, 48933","Match","Exact","222 W GENESEE ST, LANSING, MI, 48933",17499220,"R"
122568,"222 W MAIN ST","CLARKSBURG","WV",26301,39.2790062610001,-80.338215923,68,"222 W MAIN ST, CLARKSBURG, WV, 26301","Match","Exact","222 W MAIN ST, CLARKSBURG, WV, 26301",53302352,"R"
122569,"222 W MERCHANDISE MART PLAZA","CHICAGO","IL",60654,41.8879651710001,-87.6357440519999,69,"222 W MERCHANDISE MART PLAZA, CHICAGO, IL, 60654","Match","Exact","222 W MERCHANDISE MART PLZ, CHICAGO, IL, 60654",629478818,"L"
122570,"222 W PITTMAN AVE","BATTLE CREEK","MI",49017,42.3320115160001,-85.164451255,70,"222 W PITTMAN AVE, BATTLE CREEK, MI, 49017","Match","Non_Exact","222 W PITMAN AVE, BATTLE CREEK, MI, 49017",11719166,"R"
122571,"222 W THIRD STREET","CAHOKIA","IL",62206,38.569022552,-90.193166143,71,"222 W THIRD STREET, CAHOKIA, IL, 62206","Match","Exact","222 W 3RD ST, CAHOKIA, IL, 62206",107831356,"L"
122572,"222 WASHINGTON STREET","OAK HARBOR","OH",43449,41.5144568440001,-83.1480817779999,72,"222 WASHINGTON STREET, OAK HARBOR, OH, 43449","Match","Exact","222 WASHINGTON ST, OAK HARBOR, OH, 43449",44065145,"L"
122573,"222 WAUGAMAN ROAD","HARRISON CITY","MA",15636,NA,NA,73,"222 WAUGAMAN ROAD, HARRISON CITY, MA, 15636","No_Match",NA,NA,NA,NA
122574,"222 WELDIN RIDGE ROAD","WILMINGTON","DE",19803,39.775244344,-75.532947601,74,"222 WELDIN RIDGE ROAD, WILMINGTON, DE, 19803","Match","Exact","222 WELDIN RIDGE RD, WILMINGTON, DE, 19803",187289600,"L"
122575,"222 WELLINGTON AVE","IRVING","TX",75063,32.925023588,-96.946458239,75,"222 WELLINGTON AVE, IRVING, TX, 75063","Match","Non_Exact","222 WELLINGTON RD, IRVING, TX, 75063",103174380,"R"
122576,"222 WEST 21 STREET SUITE F114","NORFOLK","VA",23517,36.8679599270001,-76.286900996,76,"222 WEST 21 STREET SUITE F114, NORFOLK, VA, 23517","Match","Exact","222 W 21ST ST, NORFOLK, VA, 23517",122122903,"R"
122577,"222 WEST 37TH STREET","SAVANNAH","GA",31401,32.057855868,-81.102536127,77,"222 WEST 37TH STREET, SAVANNAH, GA, 31401","Match","Exact","222 W 37TH ST, SAVANNAH, GA, 31401",641448418,"R"
122578,"222 WEST AVE","AUSTIN","TX",78701,30.2672079210001,-97.7517179879999,78,"222 WEST AVE, AUSTIN, TX, 78701","Match","Exact","222 WEST AVE, AUSTIN, TX, 78701",64016789,"L"
122579,"222 WEST CEDAR AVE","WEBSTER GROVES","MO",63119,38.592235723,-90.36168135,79,"222 WEST CEDAR AVE, WEBSTER GROVES, MO, 63119","Match","Exact","222 W CEDAR AVE, WEBSTER GROVES, MO, 63119",100139993,"L"
122580,"222 WEST COLORADO AVE","TELLURIDE","CO",81435,37.937470762,-107.81202803,80,"222 WEST COLORADO AVE, TELLURIDE, CO, 81435","Match","Exact","222 W COLORADO AVE, TELLURIDE, CO, 81435",91881505,"L"
122581,"222 WEST HARRISON","HARLINGEN","TX",78550,26.190673326,-97.696967225,81,"222 WEST HARRISON, HARLINGEN, TX, 78550","Match","Non_Exact","222 W HARRISON AVE, HARLINGEN, TX, 78550",89955264,"R"
122582,"222 WEST LONGSPUR DRIVE","WILMINGTON","DE",19808,39.7505395040001,-75.693075297,82,"222 WEST LONGSPUR DRIVE, WILMINGTON, DE, 19808","Match","Exact","222 W LONGSPUR DR, WILMINGTON, DE, 19808",187284498,"L"
122583,"222 WEST MARKET STREET","AKRON","OH",44303,41.0884783000001,-81.52436424,83,"222 WEST MARKET STREET, AKRON, OH, 44303","Match","Exact","222 W MARKET ST, AKRON, OH, 44303",647766202,"L"
122584,"222 WEST RITTENHOUSE SQUARE","PHILADELPHIA","PA",19103,39.94951244,-75.172943112,84,"222 WEST RITTENHOUSE SQUARE, PHILADELPHIA, PA, 19103","Match","Exact","222 W RITTENHOUSE SQ, PHILADELPHIA, PA, 19103",650128039,"R"
122585,"222 WEST RUTLEDGE AVE","PETERSBURG","IL",62675,40.014731741,-89.8516564459999,85,"222 WEST RUTLEDGE AVE, PETERSBURG, IL, 62675","Match","Non_Exact","222 W RUTLEDGE ST, PETERSBURG, IL, 62675",606354668,"R"
122586,"222 WEST SWISSVALE AVE","PITTSBURGH","PA",15218,40.4310371450001,-79.8872127879999,86,"222 WEST SWISSVALE AVE, PITTSBURGH, PA, 15218","Match","Exact","222 W SWISSVALE AVE, PITTSBURGH, PA, 15218",51653640,"R"
122587,"222 WESTERN","STOCKBRIDGE","MI",49285,NA,NA,87,"222 WESTERN, STOCKBRIDGE, MI, 49285","No_Match",NA,NA,NA,NA
122588,"222 WESTMORELAND ST","HOUSTON","TX",77006,29.7406524840001,-95.385171244,88,"222 WESTMORELAND ST, HOUSTON, TX, 77006","Match","Exact","222 WESTMORELAND ST, HOUSTON, TX, 77006",96070772,"R"
122589,"222 WILLARD ST","GREENVILLE","SC",29611,34.8537290470001,-82.419707853,89,"222 WILLARD ST, GREENVILLE, SC, 29611","Match","Exact","222 WILLARD ST, GREENVILLE, SC, 29611",38346428,"R"
122590,"222 WILLIAMS AVENUE","BRIDGEPORT","WV",26330,39.289655129,-80.244709273,90,"222 WILLIAMS AVENUE, BRIDGEPORT, WV, 26330","Match","Exact","222 WILLIAMS AVE, BRIDGEPORT, WV, 26330",647620677,"R"
122591,"222 YAMATO RD  STE 106-198","BOCA RATON","FL",33431,NA,NA,91,"222 YAMATO RD  STE 106-198, BOCA RATON, FL, 33431","No_Match",NA,NA,NA,NA
122592,"222 YAMATO RD 106-283","BOCA RATON","FL",33431,NA,NA,92,"222 YAMATO RD 106-283, BOCA RATON, FL, 33431","No_Match",NA,NA,NA,NA
122593,"222 YAMATO RD SUITE 106-229","BOCA RATON","FL",33431,NA,NA,93,"222 YAMATO RD SUITE 106-229, BOCA RATON, FL, 33431","No_Match",NA,NA,NA,NA
122594,"222 YAMATO ROAD SUITE 106-215","BOCA RATON","FL",33431,NA,NA,94,"222 YAMATO ROAD SUITE 106-215, BOCA RATON, FL, 33431","No_Match",NA,NA,NA,NA
122595,"222","EOLIA","MO",63344,NA,NA,95,"222, EOLIA, MO, 63344","No_Match",NA,NA,NA,NA
122596,"222","LOS ALTOS","CA",94024,NA,NA,96,"222, LOS ALTOS, CA, 94024","No_Match",NA,NA,NA,NA
122597,"2220 15TH STREET","GULFPORT","MS",39501,30.3692507590001,-89.089132827,97,"2220 15TH STREET, GULFPORT, MS, 39501","Match","Exact","2220 15TH ST, GULFPORT, MS, 39501",111378402,"R"
122598,"2220 186TH AVE E","LAKE TAPPS","WA",98391,47.2377384760001,-122.180344218,98,"2220 186TH AVE E, LAKE TAPPS, WA, 98391","Match","Exact","2220 186TH AVE E, LAKE TAPPS, WA, 98391",640610425,"R"
122599,"2220 4TH AVE","ALTOONA","IA",50009,41.6312280340001,-93.460304494,99,"2220 4TH AVE, ALTOONA, IA, 50009","Match","Non_Exact","2220 4TH AVE SE, ALTOONA, IA, 50009",65865050,"R"
122600,"2220 AINAOLA DRIVE","HILO","HI",96720,19.645750295,-155.121257347,100,"2220 AINAOLA DRIVE, HILO, HI, 96720","Match","Exact","2220 AINAOLA DR, HILO, HI, 96720",614315934,"L"
122601,"2220 ALL SAINTS LANE","PLANO","TX",75025,33.088242349,-96.737957598,101,"2220 ALL SAINTS LANE, PLANO, TX, 75025","Match","Exact","2220 ALL SAINTS LN, PLANO, TX, 75025",123561599,"R"
122602,"2220 ARAPAHO","ESTES PARK","CO",80517,40.345156833,-105.524009888,102,"2220 ARAPAHO, ESTES PARK, CO, 80517","Match","Non_Exact","2220 ARAPAHO RD, ESTES PARK, CO, 80517",640626197,"R"
122603,"2220 AVENIDA LAQUINTA ST APT 306","HOUSTON","TX",77077,29.742055672,-95.615629349,103,"2220 AVENIDA LAQUINTA ST APT 306, HOUSTON, TX, 77077","Match","Non_Exact","2220 AVENIDA LA QUINTA ST, HOUSTON, TX, 77077",96618834,"L"
122604,"2220 BALDWIN PLACE APT C","REYNOLDBURG","OH",43068,39.9368608980001,-82.8167263409999,104,"2220 BALDWIN PLACE APT C, REYNOLDBURG, OH, 43068","Match","Non_Exact","2220 BALDWIN PL, REYNOLDSBURG, OH, 43068",135755260,"L"
122605,"2220 BELTON DRIVE","CARROLLTON","TX",75007,33.0065340680001,-96.8685029819999,105,"2220 BELTON DRIVE, CARROLLTON, TX, 75007","Match","Exact","2220 BELTON DR, CARROLLTON, TX, 75007",651171614,"R"
122606,"2220 BIRD STREET  SUITE 1213","FORT WORTH","TX",76111,32.7768110380001,-97.313909304,106,"2220 BIRD STREET  SUITE 1213, FORT WORTH, TX, 76111","Match","Exact","2220 BIRD ST, FORT WORTH, TX, 76111",624275186,"R"
122607,"2220 BOLTON ROAD NW","ATLANTA","GA",30318,NA,NA,107,"2220 BOLTON ROAD NW, ATLANTA, GA, 30318","Tie",NA,NA,NA,NA
122608,"2220 BOYNTON AVENUE SUITE A","FAIRFIELD","CA",94533,38.2498618590001,-122.066517963,108,"2220 BOYNTON AVENUE SUITE A, FAIRFIELD, CA, 94533","Match","Exact","2220 BOYNTON AVE, FAIRFIELD, CA, 94533",192533303,"R"
122609,"2220 BRONCOS HIGHWAY","HARRISVILLE","RI",2830,41.979744687,-71.622701505,109,"2220 BRONCOS HIGHWAY, HARRISVILLE, RI, 2830","Match","Exact","2220 BRONCOS HWY, HARRISVILLE, RI, 02830",47509876,"L"
122610,"2220 CAMINO RAMON","SAN RAMON","CA",94583,NA,NA,110,"2220 CAMINO RAMON, SAN RAMON, CA, 94583","No_Match",NA,NA,NA,NA
122611,"2220 CAMPBELLTON ROAD SW","ATLANTA","GA",30311,33.7053612980001,-84.4605901909999,111,"2220 CAMPBELLTON ROAD SW, ATLANTA, GA, 30311","Match","Exact","2220 CAMPBELLTON RD SW, ATLANTA, GA, 30311",650080544,"L"
122612,"2220 CASTRO STREET","SAN FRANCISCO","CA",94131,37.743910951,-122.433381752,112,"2220 CASTRO STREET, SAN FRANCISCO, CA, 94131","Match","Exact","2220 CASTRO ST, SAN FRANCISCO, CA, 94131",192284662,"R"
122613,"2220 CENTRAL AVENUE","KANSAS CITY","KS",66102,39.1080868380001,-94.654928953,113,"2220 CENTRAL AVENUE, KANSAS CITY, KS, 66102","Match","Exact","2220 CENTRAL AVE, KANSAS CITY, KS, 66102",91139784,"R"
122614,"2220 COPEMAN BLVD","FLINT","MI",48505,43.0358207730001,-83.7299891439999,114,"2220 COPEMAN BLVD, FLINT, MI, 48505","Match","Non_Exact","2220 COPEMAN BLVD, FLINT, MI, 48504",69564595,"R"
122615,"2220 COPPERMILL TRAIL","CUMMING","GA",30041,34.134278991,-84.1463826039999,115,"2220 COPPERMILL TRAIL, CUMMING, GA, 30041","Match","Non_Exact","2220 COPPER MILL TRL, CUMMING, GA, 30041",627326257,"L"
122616,"2220 COUNTY RD 210 W ST 108 BOX 335","ST JOHNS","FL",32259,NA,NA,116,"2220 COUNTY RD 210 W ST 108 BOX 335, ST JOHNS, FL, 32259","No_Match",NA,NA,NA,NA
122617,"2220 COUNTY RD 210 W STE 108 PMB132","JACKSONVILLE","FL",32259,NA,NA,117,"2220 COUNTY RD 210 W STE 108 PMB132, JACKSONVILLE, FL, 32259","No_Match",NA,NA,NA,NA
122618,"2220 CR 210 W SUITE 108 PMB 204","SAINT JOHNS","FL",32259,NA,NA,118,"2220 CR 210 W SUITE 108 PMB 204, SAINT JOHNS, FL, 32259","No_Match",NA,NA,NA,NA
122619,"2220 E 24TH ST","TEXARKANA","AR",71854,33.4453236850001,-94.019501373,119,"2220 E 24TH ST, TEXARKANA, AR, 71854","Match","Exact","2220 E 24TH ST, TEXARKANA, AR, 71854",57275537,"R"
122620,"2220 E AIRE LIBRE AVENUE","PHOENIX","AZ",85022,33.6372318700001,-112.034169715,120,"2220 E AIRE LIBRE AVENUE, PHOENIX, AZ, 85022","Match","Exact","2220 E AIRE LIBRE AVE, PHOENIX, AZ, 85022",128600577,"L"
122621,"2220 E GEDDES AVE UNIT H","CENTENNIAL","CO",80122,39.585581495,-104.962494444,121,"2220 E GEDDES AVE UNIT H, CENTENNIAL, CO, 80122","Match","Non_Exact","2220 E GEDDES AVE, CENTENNIAL, CO, 80122",177544873,"R"
122622,"2220 E IRLO BRONSON MEM HWY SUITE 8","KISSIMMEE","FL",34744,28.2857843360001,-81.353995243,122,"2220 E IRLO BRONSON MEM HWY SUITE 8, KISSIMMEE, FL, 34744","Match","Non_Exact","2220 E IRLO BRONSON MEMORIAL HWY, KISSIMMEE, FL, 34744",607055175,"R"
122623,"2220 E MURRAY HOLLADAY RD 323","HOLLADAY","UT",84117,40.667229911,-111.82742479,123,"2220 E MURRAY HOLLADAY RD 323, HOLLADAY, UT, 84117","Match","Exact","2220 MURRAY HOLLADAY RD, HOLLADAY, UT, 84117",176084104,"R"
122624,"2220 E SPRUCE DRIVE","CHANADLER","AZ",85286,33.2836473340001,-111.803075571,124,"2220 E SPRUCE DRIVE, CHANADLER, AZ, 85286","Match","Non_Exact","2220 E SPRUCE DR, CHANDLER, AZ, 85286",128971182,"R"
122625,"2220 E21ST STREET","OAKLAND","CA",94606,NA,NA,125,"2220 E21ST STREET, OAKLAND, CA, 94606","No_Match",NA,NA,NA,NA
122626,"2220 EAST 7TH AVENUE","SPOKANE","WA",99202,47.6491104670001,-117.376865213,126,"2220 EAST 7TH AVENUE, SPOKANE, WA, 99202","Match","Exact","2220 E 7TH AVE, SPOKANE, WA, 99202",189881929,"R"
122627,"2220 EDEN DRIVE","HALTOM CITY","TX",76117,32.781922068,-97.2608537359999,127,"2220 EDEN DRIVE, HALTOM CITY, TX, 76117","Match","Exact","2220 EDEN DR, HALTOM CITY, TX, 76117",101941060,"R"
122628,"2220 EDISON AVE","HARVEY","LA",70058,29.8784668760001,-90.057287679,128,"2220 EDISON AVE, HARVEY, LA, 70058","Match","Exact","2220 EDISON AVE, HARVEY, LA, 70058",93515321,"L"
122629,"2220 GAINSBOROUGH AVENUE","SANTA ROSA","CA",95405,38.424530249,-122.670576557,129,"2220 GAINSBOROUGH AVENUE, SANTA ROSA, CA, 95405","Match","Exact","2220 GAINSBOROUGH AVE, SANTA ROSA, CA, 95405",67475104,"R"
122630,"2220 GREEN HILL DRIVE","MCKINNEY","TX",75072,33.1788672390001,-96.686923583,130,"2220 GREEN HILL DRIVE, MCKINNEY, TX, 75072","Match","Exact","2220 GREEN HILL DR, MCKINNEY, TX, 75072",123526601,"R"
122631,"2220 GREENSPRING DRIVE","TIMONIUM","MD",21093,39.443436338,-76.6331972,131,"2220 GREENSPRING DRIVE, TIMONIUM, MD, 21093","Match","Exact","2220 GREENSPRING DR, TIMONIUM, MD, 21093",191537369,"L"
122632,"2220 H ST","VANCOUVER","WA",98663,45.6377457180001,-122.663803136,132,"2220 H ST, VANCOUVER, WA, 98663","Match","Exact","2220 H ST, VANCOUVER, WA, 98663",158325556,"L"
122633,"2220 HIGH HOUSE ROAD","CARY","NC",27519,35.7889314170001,-78.860628198,133,"2220 HIGH HOUSE ROAD, CARY, NC, 27519","Match","Exact","2220 HIGH HOUSE RD, CARY, NC, 27519",639847133,"L"
122634,"2220 HIKER TRACE","COLUMBUS","IN",47203,39.221775704,-85.882268977,134,"2220 HIKER TRACE, COLUMBUS, IN, 47203","Match","Exact","2220 HIKER TRCE, COLUMBUS, IN, 47203",30969637,"L"
122635,"2220 IDE COURT","ST PAUL","MN",55119,45.0082255940001,-93.042264088,135,"2220 IDE COURT, ST PAUL, MN, 55119","Match","Non_Exact","2220 IDE CT, SAINT PAUL, MN, 55109",97662954,"L"
122636,"2220 IDE CT","SAINT PAUL","MN",55109,45.0082255940001,-93.042264088,136,"2220 IDE CT, SAINT PAUL, MN, 55109","Match","Exact","2220 IDE CT, SAINT PAUL, MN, 55109",97662954,"L"
122637,"2220 IDE CT","ST PAUL","MN",55109,45.0082255940001,-93.042264088,137,"2220 IDE CT, ST PAUL, MN, 55109","Match","Exact","2220 IDE CT, SAINT PAUL, MN, 55109",97662954,"L"
122638,"2220 K ST","SACRAMENTO","CA",95816,38.5747894020001,-121.4773717,138,"2220 K ST, SACRAMENTO, CA, 95816","Match","Exact","2220 K ST, SACRAMENTO, CA, 95816",133324322,"R"
122639,"2220 K STREET","SACRAMENTO","CA",95816,38.5747894020001,-121.4773717,139,"2220 K STREET, SACRAMENTO, CA, 95816","Match","Exact","2220 K ST, SACRAMENTO, CA, 95816",133324322,"R"
122640,"2220 LAKESIDE DRIVE","LYNCHBURG","VA",24501,37.3993349620001,-79.2083787189999,140,"2220 LAKESIDE DRIVE, LYNCHBURG, VA, 24501","Match","Exact","2220 LAKESIDE DR, LYNCHBURG, VA, 24501",62738355,"R"
122641,"2220 LAMBS GAP ROAD","ENOLA","PA",17025,40.2918153150001,-77.0045433609999,141,"2220 LAMBS GAP ROAD, ENOLA, PA, 17025","Match","Exact","2220 LAMBS GAP RD, ENOLA, PA, 17025",649306249,"R"
122642,"2220 LEICESTER WAY SE","ATLANTA","GA",30316,33.720912319,-84.312349432,142,"2220 LEICESTER WAY SE, ATLANTA, GA, 30316","Match","Non_Exact","2220 LEICESTER WAY, ATLANTA, GA, 30316",637250889,"L"
122643,"2220 LISSON ROAD","NAPERVILLE","IL",60565,41.7261145430001,-88.102734394,143,"2220 LISSON ROAD, NAPERVILLE, IL, 60565","Match","Exact","2220 LISSON RD, NAPERVILLE, IL, 60565",111562255,"L"
122644,"2220 LITTLE GEM LOOP","SANFORD","FL",32773,28.752975921,-81.258960003,144,"2220 LITTLE GEM LOOP, SANFORD, FL, 32773","Match","Exact","2220 LITTLE GEM LOOP, SANFORD, FL, 32773",618450524,"R"
122645,"2220 LYNN RD STE 300","THOUSAND OAKS","CA",91360,34.2084633760001,-118.885199329,145,"2220 LYNN RD STE 300, THOUSAND OAKS, CA, 91360","Match","Exact","2220 LYNN RD, THOUSAND OAKS, CA, 91360",645818110,"R"
122646,"2220 LYNN ST","BELLINGHAM","WA",98225,48.7598023790001,-122.497556174,146,"2220 LYNN ST, BELLINGHAM, WA, 98225","Match","Exact","2220 LYNN ST, BELLINGHAM, WA, 98225",183771364,"R"
122647,"2220 MAKAA ST","LIHUE","HI",96766,21.9620508840001,-159.381166414,147,"2220 MAKAA ST, LIHUE, HI, 96766","Match","Exact","2220 MAKAA ST, LIHUE, HI, 96766",642277390,"L"
122648,"2220 MCCOIG AVENUE","LAS VEGAS","NV",89119,36.093938946,-115.121320298,148,"2220 MCCOIG AVENUE, LAS VEGAS, NV, 89119","Match","Exact","2220 MCCOIG AVE, LAS VEGAS, NV, 89119",201872931,"L"
122649,"2220 MCGEE AVENUE","BERKELEY","CA",94703,37.8677673610001,-122.277201862,149,"2220 MCGEE AVENUE, BERKELEY, CA, 94703","Match","Exact","2220 MCGEE AVE, BERKELEY, CA, 94703",124993960,"R"
122650,"2220 MERIDIAN BLVD SUITE ADE641","MINDEN","NV",89423,38.9999560900001,-119.766713637,150,"2220 MERIDIAN BLVD SUITE ADE641, MINDEN, NV, 89423","Match","Exact","2220 MERIDIAN BLVD, MINDEN, NV, 89423",173751098,"R"
122651,"2220 N 135TH STREET","OMAHA","NE",68164,41.279402691,-96.124408418,151,"2220 N 135TH STREET, OMAHA, NE, 68164","Match","Exact","2220 N 135TH ST, OMAHA, NE, 68164",116967631,"L"
122652,"2220 N AUBURN ST","INDIANAPOLIS","IN",46224,39.797006707,-86.2443926609999,152,"2220 N AUBURN ST, INDIANAPOLIS, IN, 46224","Match","Exact","2220 N AUBURN ST, INDIANAPOLIS, IN, 46224",107979010,"L"
122653,"2220 NE 2ND AVE","MIAMI","FL",33137,25.7982958050001,-80.1908772319999,153,"2220 NE 2ND AVE, MIAMI, FL, 33137","Match","Exact","2220 NE 2ND AVE, MIAMI, FL, 33137",116017889,"L"
122654,"2220 NORTH ST","ANDERSON","CA",96007,40.453269027,-122.298300665,154,"2220 NORTH ST, ANDERSON, CA, 96007","Match","Exact","2220 NORTH ST, ANDERSON, CA, 96007",126619020,"L"
122655,"2220 NORWOOD AVENUE","BOULDER","CO",80304,40.0442875780001,-105.268111623,155,"2220 NORWOOD AVENUE, BOULDER, CO, 80304","Match","Exact","2220 NORWOOD AVE, BOULDER, CO, 80304",642431399,"R"
122656,"2220 NW 41ST AVE","COCONUT CREEK","FL",33066,26.257140038,-80.18101971,156,"2220 NW 41ST AVE, COCONUT CREEK, FL, 33066","Match","Exact","2220 NW 41ST AVE, COCONUT CREEK, FL, 33066",114739300,"R"
122657,"2220 NW MILITARY HWY","SAN ANTONIO","TX",78213,NA,NA,157,"2220 NW MILITARY HWY, SAN ANTONIO, TX, 78213","No_Match",NA,NA,NA,NA
122658,"2220 OHARA CT","ORLANDO","FL",32812,28.517910392,-81.317413274,158,"2220 OHARA CT, ORLANDO, FL, 32812","Match","Exact","2220 OHARA CT, ORLANDO, FL, 32812",94358130,"R"
122659,"2220 ORETHA CASTLE HALEY BLVD","NEW ORLEANS","LA",70113,NA,NA,159,"2220 ORETHA CASTLE HALEY BLVD, NEW ORLEANS, LA, 70113","No_Match",NA,NA,NA,NA
122660,"2220 OTAY LAKES RD SUITE 502-644","CHULA VISTA","CA",91910,32.649410528,-116.961913573,160,"2220 OTAY LAKES RD SUITE 502-644, CHULA VISTA, CA, 91910","Match","Non_Exact","2220 OTAY LAKES RD, CHULA VISTA, CA, 91915",195667908,"R"
122661,"2220 OTAY LAKES ROAD 502-121","CHULA VISTA","CA",91915,32.649410528,-116.961913573,161,"2220 OTAY LAKES ROAD 502-121, CHULA VISTA, CA, 91915","Match","Exact","2220 OTAY LAKES RD, CHULA VISTA, CA, 91915",195667908,"R"
122662,"2220 OTAY LAKES ROAD SUITE 502-121","CHULA VISTA","CA",91915,32.649410528,-116.961913573,162,"2220 OTAY LAKES ROAD SUITE 502-121, CHULA VISTA, CA, 91915","Match","Exact","2220 OTAY LAKES RD, CHULA VISTA, CA, 91915",195667908,"R"
122663,"2220 PALMDALE BLVD","PALMDALE","CA",93590,NA,NA,163,"2220 PALMDALE BLVD, PALMDALE, CA, 93590","No_Match",NA,NA,NA,NA
122664,"2220 PARK AVENUE","LAGUNA BEACH","CA",92651,33.547890926,-117.762790265,164,"2220 PARK AVENUE, LAGUNA BEACH, CA, 92651","Match","Exact","2220 PARK AVE, LAGUNA BEACH, CA, 92651",144068691,"L"
122665,"2220 PLAINFIELD PIKE UNIT 5","CRANSTON","RI",2921,NA,NA,165,"2220 PLAINFIELD PIKE UNIT 5, CRANSTON, RI, 2921","No_Match",NA,NA,NA,NA
122666,"2220 ROSS LN","ROANOKE","VA",24015,37.2541354530001,-79.976911661,166,"2220 ROSS LN, ROANOKE, VA, 24015","Match","Non_Exact","2220 ROSS LN SW, ROANOKE, VA, 24015",62939256,"L"
122667,"2220 ROUNDTREE RD","KNOXVILLE","TN",37923,35.96166529,-84.051121762,167,"2220 ROUNDTREE RD, KNOXVILLE, TN, 37923","Match","Non_Exact","2220 ROUND TREE RD, KNOXVILLE, TN, 37923",42612204,"L"
122668,"2220 S 234TH ST G102","DES MOINES","WA",98198,NA,NA,168,"2220 S 234TH ST G102, DES MOINES, WA, 98198","No_Match",NA,NA,NA,NA
122669,"2220 S FRASER ST UNIT 1","AURORA","CO",80014,39.6775184890001,-104.812252968,169,"2220 S FRASER ST UNIT 1, AURORA, CO, 80014","Match","Non_Exact","2220 S FRASER ST, AURORA, CO, 80014",177558316,"L"
122670,"2220 S OCEANSHORE BLVD","FLAGLER BEACH","FL",32136,29.4559369880001,-81.115559488,170,"2220 S OCEANSHORE BLVD, FLAGLER BEACH, FL, 32136","Match","Exact","2220 S OCEANSHORE BLVD, FLAGLER BEACH, FL, 32136",94952089,"L"
122671,"2220 SE 15TH PL","CAPE CORAL","FL",33990,26.61042252,-81.9421603879999,171,"2220 SE 15TH PL, CAPE CORAL, FL, 33990","Match","Exact","2220 SE 15TH PL, CAPE CORAL, FL, 33990",118077134,"R"
122672,"2220 SHIPLEY ROAD","WILMINGTON","DE",19803,39.805691815,-75.535214079,172,"2220 SHIPLEY ROAD, WILMINGTON, DE, 19803","Match","Exact","2220 SHIPLEY RD, WILMINGTON, DE, 19803",187256225,"L"
122673,"2220 SOUTH KING STREET","DENVER","CO",80219,39.6770417610001,-105.032796593,173,"2220 SOUTH KING STREET, DENVER, CO, 80219","Match","Exact","2220 S KING ST, DENVER, CO, 80219",177329357,"L"
122674,"2220 STANLEY AVENUE","ROANOKE","VA",24014,37.247572317,-79.94407418,174,"2220 STANLEY AVENUE, ROANOKE, VA, 24014","Match","Non_Exact","2220 STANLEY AVE SE, ROANOKE, VA, 24014",62910926,"L"
122675,"2220 STONE WHEEL DR APT C","RESTON","VA",20191,38.940558025,-77.366421159,175,"2220 STONE WHEEL DR APT C, RESTON, VA, 20191","Match","Non_Exact","2220 STONEWHEEL DR, RESTON, VA, 20191",76041728,"L"
122676,"2220 TRAILRIDGE S","MISHAWAKA","IN",46544,41.6380749590001,-86.16980702,176,"2220 TRAILRIDGE S, MISHAWAKA, IN, 46544","Match","Exact","2220 TRAILRIDGE S, MISHAWAKA, IN, 46544",8082879,"L"
122677,"2220 VETERANS PKWY","JEFFERSONVILLE","IN",47130,NA,NA,177,"2220 VETERANS PKWY, JEFFERSONVILLE, IN, 47130","No_Match",NA,NA,NA,NA
122678,"2220 W JEFFERSON","SILOAM SPRINGS","AR",72761,36.18129958,-94.563722646,178,"2220 W JEFFERSON, SILOAM SPRINGS, AR, 72761","Match","Non_Exact","2220 W JEFFERSON ST, SILOAM SPRINGS, AR, 72761",47828732,"L"
122679,"2220 WASHINGTON AVE SE","CEDAR RAPIDS","IA",52403,41.985226051,-91.636406213,179,"2220 WASHINGTON AVE SE, CEDAR RAPIDS, IA, 52403","Match","Exact","2220 WASHINGTON AVE SE, CEDAR RAPIDS, IA, 52403",17022241,"L"
122680,"2220 WASHINGTON BLVD SUITE B","OGDEN","UT",84401,41.226466837,-111.970347001,180,"2220 WASHINGTON BLVD SUITE B, OGDEN, UT, 84401","Match","Exact","2220 WASHINGTON BLVD, OGDEN, UT, 84401",605794653,"L"
122681,"2220 WEST DEFENBAUGH STREET","KOKOMO","IN",46902,40.468971502,-86.1634748229999,181,"2220 WEST DEFENBAUGH STREET, KOKOMO, IN, 46902","Match","Exact","2220 W DEFENBAUGH ST, KOKOMO, IN, 46902",27276389,"R"
122682,"2220 WESTRIDGE AVE W NO A101","TACOMA","WA",98466,47.239861997,-122.553530836,182,"2220 WESTRIDGE AVE W NO A101, TACOMA, WA, 98466","Match","Exact","2220 WESTRIDGE AVE W, TACOMA, WA, 98466",184712790,"L"
122683,"2220 WILDWOOD HOLLOW DRIVE","VALRICO","FL",33596,27.9116059520001,-82.2542626649999,183,"2220 WILDWOOD HOLLOW DRIVE, VALRICO, FL, 33596","Match","Exact","2220 WILDWOOD HOLLOW DR, VALRICO, FL, 33596",104544883,"R"
122684,"22200 IRWIN RD","ARMADA","MI",48005,42.8647447280001,-82.8978978499999,184,"22200 IRWIN RD, ARMADA, MI, 48005","Match","Exact","22200 IRWIN RD, ARMADA, MI, 48005",110692034,"R"
122685,"22200 MT EDEN ROAD","SARATOGA","CA",95070,37.270802599,-122.060488873,185,"22200 MT EDEN ROAD, SARATOGA, CA, 95070","Match","Exact","22200 MOUNT EDEN RD, SARATOGA, CA, 95070",123019277,"L"
122686,"22200 VICTORY BOULEVARD SUITE A210","WOODLAND HILLS","CA",91367,34.1864553280001,-118.610413143,186,"22200 VICTORY BOULEVARD SUITE A210, WOODLAND HILLS, CA, 91367","Match","Exact","22200 VICTORY BLVD, WOODLAND HILLS, CA, 91367",142709883,"L"
122687,"22200 W 11 MILE RD - 86","SOUTHFIELD","MI",48037,NA,NA,187,"22200 W 11 MILE RD - 86, SOUTHFIELD, MI, 48037","No_Match",NA,NA,NA,NA
122688,"22200 W 11 MILE RD UNIT 2576","SOUTHFIELD","MI",48037,NA,NA,188,"22200 W 11 MILE RD UNIT 2576, SOUTHFIELD, MI, 48037","No_Match",NA,NA,NA,NA
122689,"22200 W 11 MILE RD UNIT 3029","SOUTHFIELD","MI",48037,NA,NA,189,"22200 W 11 MILE RD UNIT 3029, SOUTHFIELD, MI, 48037","No_Match",NA,NA,NA,NA
122690,"22200 W 11 MILE ROAD UNIT 2412","SOUTHFIELD","MI",48037,NA,NA,190,"22200 W 11 MILE ROAD UNIT 2412, SOUTHFIELD, MI, 48037","No_Match",NA,NA,NA,NA
122691,"22200 W ELEVEN MILE RD 363","SOUTHFIELD","MI",48075,NA,NA,191,"22200 W ELEVEN MILE RD 363, SOUTHFIELD, MI, 48075","No_Match",NA,NA,NA,NA
122692,"22200 WEST 11 MILE RD UNIT 4058","SOUTHFIELD","MI",48037,42.486948501,-83.263545304,192,"22200 WEST 11 MILE RD UNIT 4058, SOUTHFIELD, MI, 48037","Match","Non_Exact","22200 W 11 MILE RD, SOUTHFIELD, MI, 48034",69766629,"R"
122693,"22200 WEST 11 MILE ROAD UNIT 3995","SOUTHFIELD","MI",48037,42.486948501,-83.263545304,193,"22200 WEST 11 MILE ROAD UNIT 3995, SOUTHFIELD, MI, 48037","Match","Non_Exact","22200 W 11 MILE RD, SOUTHFIELD, MI, 48034",69766629,"R"
122694,"22200 WEST ELEVEN MILE ROAD - 2412","SOUTHFIELD","MI",48307,42.486948501,-83.263545304,194,"22200 WEST ELEVEN MILE ROAD - 2412, SOUTHFIELD, MI, 48307","Match","Non_Exact","22200 W 11 MILE RD, SOUTHFIELD, MI, 48034",69766629,"R"
122695,"22201 AMBERWOOD CT","TEHACHAPI","CA",93561,35.1410942910001,-118.648491381,195,"22201 AMBERWOOD CT, TEHACHAPI, CA, 93561","Match","Exact","22201 AMBERWOOD CT, TEHACHAPI, CA, 93561",108981269,"L"
122696,"22201 HAWTHORNE WAY","RICHTON PARK","IL",60471,41.4863078070001,-87.731566847,196,"22201 HAWTHORNE WAY, RICHTON PARK, IL, 60471","Match","Exact","22201 HAWTHORNE WAY, RICHTON PARK, IL, 60471",111708050,"L"
122697,"22201 VENTURA BLVD SUITE 205","WOODLAND HILLS","CA",91364,34.1686938010001,-118.610034167,197,"22201 VENTURA BLVD SUITE 205, WOODLAND HILLS, CA, 91364","Match","Exact","22201 VENTURA BLVD, WOODLAND HILLS, CA, 91364",141534961,"R"
122698,"22202 104TH AVE SE","SNOHOMISH","WA",98296,47.795053749,-122.09368364,198,"22202 104TH AVE SE, SNOHOMISH, WA, 98296","Match","Exact","22202 104TH AVE SE, SNOHOMISH, WA, 98296",187795905,"R"
122699,"22202 LA PALMA AVENUE","YORBA LINDA","CA",92887,33.879225524,-117.745255322,199,"22202 LA PALMA AVENUE, YORBA LINDA, CA, 92887","Match","Exact","22202 LA PALMA AVE, YORBA LINDA, CA, 92887",612190882,"L"
122700,"22202 SUSHINE WAY","REDDING","CA",96003,NA,NA,200,"22202 SUSHINE WAY, REDDING, CA, 96003","No_Match",NA,NA,NA,NA
122701,"22203 JUDITH PLACE","CARSON","CA",90745,33.82564081,-118.266225871,201,"22203 JUDITH PLACE, CARSON, CA, 90745","Match","Exact","22203 JUDITH PL, CARSON, CA, 90745",142651718,"R"
122702,"22205 KOBS RD","TOMBALL","TX",77377,30.0855741290001,-95.6818467429999,202,"22205 KOBS RD, TOMBALL, TX, 77377","Match","Exact","22205 KOBS RD, TOMBALL, TX, 77377",644844099,"L"
122703,"22205 WINDY PINE CT","BROADLANDS","VA",20148,39.003104954,-77.5192142339999,203,"22205 WINDY PINE CT, BROADLANDS, VA, 20148","Match","Exact","22205 WINDY PINE CT, BROADLANDS, VA, 20148",628631798,"L"
122704,"22206 88TH AVE WEST","EDMONDS","WA",98026,47.797569229,-122.351858787,204,"22206 88TH AVE WEST, EDMONDS, WA, 98026","Match","Exact","22206 88TH AVE W, EDMONDS, WA, 98026",187755031,"L"
122705,"22206 S 211TH WAY","QUEEN CREEK","AZ",85142,33.2462937070001,-111.624599445,205,"22206 S 211TH WAY, QUEEN CREEK, AZ, 85142","Match","Exact","22206 S 211TH WAY, QUEEN CREEK, AZ, 85142",244001445,"L"
122706,"22207 AMICK ROAD","MOUNT VERNO","WA",98274,48.3778792360001,-122.265631886,206,"22207 AMICK ROAD, MOUNT VERNO, WA, 98274","Match","Non_Exact","22207 AMICK RD, MOUNT VERNON, WA, 98274",635491750,"R"
122707,"22207 ARBOR LANE","FARMINGTON HILLS","MI",48336,42.4547134840001,-83.3259765669999,207,"22207 ARBOR LANE, FARMINGTON HILLS, MI, 48336","Match","Exact","22207 ARBOR LN, FARMINGTON HILLS, MI, 48336",69794600,"R"
122708,"22207 NE 109TH STREET","VANCOUVER","WA",98682,45.70123647,-122.444941593,208,"22207 NE 109TH STREET, VANCOUVER, WA, 98682","Match","Exact","22207 NE 109TH ST, VANCOUVER, WA, 98682",158318124,"R"
122709,"22208 WYANDOTTE ST","CANOGA PARK","CA",91304,34.202852444,-118.610673912,209,"22208 WYANDOTTE ST, CANOGA PARK, CA, 91304","Match","Non_Exact","22208 WYANDOTTE ST, CANOGA PARK, CA, 91303",141532773,"L"
122710,"22209 SW 103RD AVENUE","CUTLER BAY","FL",33190,25.5615063970001,-80.3577641589999,210,"22209 SW 103RD AVENUE, CUTLER BAY, FL, 33190","Match","Exact","22209 SW 103RD AVE, CUTLER BAY, FL, 33190",640560675,"L"
122711,"2221 15TH AVENUE SOUTH","MINNEAPOLIS","MN",55404,44.960688394,-93.253520464,211,"2221 15TH AVENUE SOUTH, MINNEAPOLIS, MN, 55404","Match","Exact","2221 15TH AVE S, MINNEAPOLIS, MN, 55404",43633386,"L"
122712,"2221 37TH ST","PENNSAUKEN","NJ",8110,39.9509917980001,-75.073300076,212,"2221 37TH ST, PENNSAUKEN, NJ, 8110","Match","Exact","2221 37TH ST, PENNSAUKEN, NJ, 08110",134342864,"R"
122713,"2221 59TH STREET S","GULFPORT","FL",33707,27.7480071890001,-82.713939677,213,"2221 59TH STREET S, GULFPORT, FL, 33707","Match","Exact","2221 59TH ST S, GULFPORT, FL, 33707",124708655,"R"
122714,"2221 ASHLEY DR","OKLAHOMA CITY","OK",73120,35.5663650860001,-97.5515612569999,214,"2221 ASHLEY DR, OKLAHOMA CITY, OK, 73120","Match","Exact","2221 ASHLEY DR, OKLAHOMA CITY, OK, 73120",100393659,"R"
122715,"2221 BARNETTS ROAD","PROVIDENCE FORGE","VA",23140,37.461298454,-77.1312969749999,215,"2221 BARNETTS ROAD, PROVIDENCE FORGE, VA, 23140","Match","Exact","2221 BARNETTS RD, PROVIDENCE FORGE, VA, 23140",199510289,"R"
122716,"2221 BETHEL BEACH RD","ONEMO","VA",23130,37.391903282,-76.279350424,216,"2221 BETHEL BEACH RD, ONEMO, VA, 23130","Match","Exact","2221 BETHEL BEACH RD, ONEMO, VA, 23130",199444996,"R"
122717,"2221 BROWN ST","BETHLEHEM","PA",18017,40.6465095630001,-75.344054704,217,"2221 BROWN ST, BETHLEHEM, PA, 18017","Match","Exact","2221 BROWN ST, BETHLEHEM, PA, 18017",136879875,"L"
122718,"2221 BUECHEL AVENUE SUITE 3","BUECHEL","KY",40218,38.192126581,-85.6453565909999,218,"2221 BUECHEL AVENUE SUITE 3, BUECHEL, KY, 40218","Match","Exact","2221 BUECHEL AVE, BUECHEL, KY, 40218",96859782,"L"
122719,"2221 CALGARY CRES","VALLEY","AL",36854,32.812508909,-85.193682826,219,"2221 CALGARY CRES, VALLEY, AL, 36854","Match","Exact","2221 CALGARY CRES, VALLEY, AL, 36854",627945092,"R"
122720,"2221 CLAIRBORNE DRIVE","FT. WORTH","TX",76177,32.9138872190001,-97.3275318839999,220,"2221 CLAIRBORNE DRIVE, FT. WORTH, TX, 76177","Match","Exact","2221 CLAIRBORNE DR, FORT WORTH, TX, 76177",637606363,"L"
122721,"2221 CROSS TIMBERS ROAD   SUITE 117","FLOWER MOUND","TX",75028,33.034406963,-97.062703665,221,"2221 CROSS TIMBERS ROAD   SUITE 117, FLOWER MOUND, TX, 75028","Match","Exact","2221 CROSS TIMBERS RD, FLOWER MOUND, TX, 75028",103358787,"L"
122722,"2221 DECKNER AVE","GREEN BAY","WI",54302,44.502373118,-87.967154695,222,"2221 DECKNER AVE, GREEN BAY, WI, 54302","Match","Exact","2221 DECKNER AVE, GREEN BAY, WI, 54302",148103493,"L"
122723,"2221 DEVINE STREET SUITE 408","COLUMBIA","SC",29205,33.9988793740001,-81.014637416,223,"2221 DEVINE STREET SUITE 408, COLUMBIA, SC, 29205","Match","Exact","2221 DEVINE ST, COLUMBIA, SC, 29205",71821790,"L"
122724,"2221 DRESSLER DR","COVINGTON","VA",24426,37.8233747840001,-79.995078716,224,"2221 DRESSLER DR, COVINGTON, VA, 24426","Match","Exact","2221 DRESSLER DR, COVINGTON, VA, 24426",213123876,"L"
122725,"2221 E GLENDALE AVE","WHITEFISH BAY","WI",53211,43.099344898,-87.8813993489999,225,"2221 E GLENDALE AVE, WHITEFISH BAY, WI, 53211","Match","Exact","2221 E GLENDALE AVE, WHITEFISH BAY, WI, 53211",612345351,"R"
122726,"2221 E ROSECRANS AVENUE","COMPTON","CA",90221,33.9035407760001,-118.200013838,226,"2221 E ROSECRANS AVENUE, COMPTON, CA, 90221","Match","Exact","2221 E ROSECRANS AVE, COMPTON, CA, 90221",141678701,"L"
122727,"2221 EAST BIJOU ST STE 100","COLORADO SPRINGS","CO",80909,38.835570504,-104.788305833,227,"2221 EAST BIJOU ST STE 100, COLORADO SPRINGS, CO, 80909","Match","Exact","2221 E BIJOU ST, COLORADO SPRINGS, CO, 80909",610728459,"R"
122728,"2221 ELEANOR AVENUE","LOUISVILLE","KY",40205,38.2266136280001,-85.687627313,228,"2221 ELEANOR AVENUE, LOUISVILLE, KY, 40205","Match","Exact","2221 ELEANOR AVE, LOUISVILLE, KY, 40205",618509198,"L"
122729,"2221 ENGLESTAD ST","NORTH LAS VEGAS","NV",89030,36.2000770610001,-115.147342953,229,"2221 ENGLESTAD ST, NORTH LAS VEGAS, NV, 89030","Match","Non_Exact","2221 ENGELSTAD ST, N LAS VEGAS, NV, 89030",201991390,"L"
122730,"2221 ESCONDIDO","PORTLAND","TX",78374,27.902171105,-97.29646609,230,"2221 ESCONDIDO, PORTLAND, TX, 78374","Match","Non_Exact","2221 ESCONDIDO ST, PORTLAND, TX, 78374",653856993,"L"
122731,"2221 EUCLID DRIVE","HUNTSVILLE","AL",35810,NA,NA,231,"2221 EUCLID DRIVE, HUNTSVILLE, AL, 35810","No_Match",NA,NA,NA,NA
122732,"2221 GILLIS CT","MAITLAND","FL",32751,28.6391318080001,-81.335902817,232,"2221 GILLIS CT, MAITLAND, FL, 32751","Match","Exact","2221 GILLIS CT, MAITLAND, FL, 32751",94331142,"L"
122733,"2221 HARDY RD","GRAND PRAIRIE","TX",75051,32.7131406500001,-96.981006325,233,"2221 HARDY RD, GRAND PRAIRIE, TX, 75051","Match","Exact","2221 HARDY RD, GRAND PRAIRIE, TX, 75051",102937848,"R"
122734,"2221 HEMBERGER STREET","PHILADELPHIA","PA",19145,39.9246374090001,-75.18414301,234,"2221 HEMBERGER STREET, PHILADELPHIA, PA, 19145","Match","Non_Exact","2221 S HEMBERGER ST, PHILADELPHIA, PA, 19145",131410927,"L"
122735,"2221 HIGH STREET","PORTSMOUTH","VA",23704,36.834710655,-76.3274584179999,235,"2221 HIGH STREET, PORTSMOUTH, VA, 23704","Match","Exact","2221 HIGH ST, PORTSMOUTH, VA, 23704",647885688,"L"
122736,"2221 HOPE STREET","WINSTON SALEM","NC",27107,36.076181321,-80.183313802,236,"2221 HOPE STREET, WINSTON SALEM, NC, 27107","Match","Exact","2221 HOPE ST, WINSTON SALEM, NC, 27107",84614440,"L"
122737,"2221 JUSTIN RD STE 119-317","FLOWER MOUND","TX",75028,33.072725425,-97.0624787899999,237,"2221 JUSTIN RD STE 119-317, FLOWER MOUND, TX, 75028","Match","Exact","2221 JUSTIN RD, FLOWER MOUND, TX, 75028",641505546,"L"
122738,"2221 JUSTIN RD STE 119-322","FLOWER MOUND","TX",75028,33.072725425,-97.0624787899999,238,"2221 JUSTIN RD STE 119-322, FLOWER MOUND, TX, 75028","Match","Exact","2221 JUSTIN RD, FLOWER MOUND, TX, 75028",641505546,"L"
122739,"2221 JUSTIN ROAD NUM 119 PMB 236","FLOWER MOUND","TX",75028,33.072725425,-97.0624787899999,239,"2221 JUSTIN ROAD NUM 119 PMB 236, FLOWER MOUND, TX, 75028","Match","Exact","2221 JUSTIN RD, FLOWER MOUND, TX, 75028",641505546,"L"
122740,"2221 KING COURT UNIT 28","SAN LUIS OBISPO","CA",93401,35.268164035,-120.662174071,240,"2221 KING COURT UNIT 28, SAN LUIS OBISPO, CA, 93401","Match","Exact","2221 KING CT, SAN LUIS OBISPO, CA, 93401",642780295,"R"
122741,"2221 LAMPARILLA WAY SOUTH","ST  PETERSBURG","FL",33712,27.7438923460001,-82.66337314,241,"2221 LAMPARILLA WAY SOUTH, ST  PETERSBURG, FL, 33712","Match","Exact","2221 LAMPARILLA WAY S, SAINT PETERSBURG, FL, 33712",124710089,"R"
122742,"2221 MAPLEWOOD AVE","RICHMOND","VA",23220,37.5451870650001,-77.4714313539999,242,"2221 MAPLEWOOD AVE, RICHMOND, VA, 23220","Match","Exact","2221 MAPLEWOOD AVE, RICHMOND, VA, 23220",201536088,"L"
122743,"2221 MARK TRAIL","DECATUR","GA",30032,33.7246963060001,-84.301393611,243,"2221 MARK TRAIL, DECATUR, GA, 30032","Match","Exact","2221 MARK TRL, DECATUR, GA, 30032",23403960,"R"
122744,"2221 MCLEAN AVE","TROPHY CLUB","TX",76262,33.004228696,-97.200139839,244,"2221 MCLEAN AVE, TROPHY CLUB, TX, 76262","Match","Exact","2221 MCLEAN AVE, TROPHY CLUB, TX, 76262",628856176,"L"
122745,"2221 MONTGOMERY AVE","WOODBRIDGE","VA",22191,38.6370885110001,-77.2798899749999,245,"2221 MONTGOMERY AVE, WOODBRIDGE, VA, 22191","Match","Exact","2221 MONTGOMERY AVE, WOODBRIDGE, VA, 22191",76511325,"L"
122746,"2221 MYRTLE AVE","COLUMBUS","OH",43211,40.016450671,-82.950637504,246,"2221 MYRTLE AVE, COLUMBUS, OH, 43211","Match","Exact","2221 MYRTLE AVE, COLUMBUS, OH, 43211",135578521,"R"
122747,"2221 N BEAVER ST","GUYMON","OK",73942,36.702645397,-101.487972022,247,"2221 N BEAVER ST, GUYMON, OK, 73942","Match","Exact","2221 N BEAVER ST, GUYMON, OK, 73942",189761300,"L"
122748,"2221 N DAYTON ST","PHOENIX","AZ",85006,33.471653664,-112.059604261,248,"2221 N DAYTON ST, PHOENIX, AZ, 85006","Match","Exact","2221 N DAYTON ST, PHOENIX, AZ, 85006",128213163,"R"
122749,"2221 N GROVE","WICHITA","KS",67219,NA,NA,249,"2221 N GROVE, WICHITA, KS, 67219","No_Match",NA,NA,NA,NA
122750,"2221 N NORDICA","CHICAGO","IL",60707,41.9201988130001,-87.802457279,250,"2221 N NORDICA, CHICAGO, IL, 60707","Match","Non_Exact","2221 N NORDICA AVE, CHICAGO, IL, 60707",111752122,"R"
122751,"2221 N UNIVERSITY DRIVE SUITE D","PEMBROKE PINES","FL",33024,26.028474848,-80.2487976209999,251,"2221 N UNIVERSITY DRIVE SUITE D, PEMBROKE PINES, FL, 33024","Match","Non_Exact","2221 N UNIVERSITY DR, PEMBROKE PINES, FL, 33024",114767855,"L"
122752,"2221 NE 164TH ST STE 265","NORTH MIAMI BEACH","FL",33160,25.927181836,-80.15553397,252,"2221 NE 164TH ST STE 265, NORTH MIAMI BEACH, FL, 33160","Match","Non_Exact","2221 NE 164TH ST, N MIAMI BEACH, FL, 33160",116064853,"L"
122753,"2221 NEW LINDEN ROAD","NEWPORT","KY",41071,39.0802932130001,-84.475325013,253,"2221 NEW LINDEN ROAD, NEWPORT, KY, 41071","Match","Exact","2221 NEW LINDEN RD, NEWPORT, KY, 41071",104448498,"L"
122754,"2221 OSBORN STREET","BURLINGTON","IA",52601,40.83231935,-91.112811505,254,"2221 OSBORN STREET, BURLINGTON, IA, 52601","Match","Exact","2221 OSBORN ST, BURLINGTON, IA, 52601",5543561,"L"
122755,"2221 PEACHTREE RD NE      X11","ATLANTA","GA",30309,NA,NA,255,"2221 PEACHTREE RD NE      X11, ATLANTA, GA, 30309","No_Match",NA,NA,NA,NA
122756,"2221 PEACHTREE RD NE D-265","ATLANTA","GA",30309,NA,NA,256,"2221 PEACHTREE RD NE D-265, ATLANTA, GA, 30309","No_Match",NA,NA,NA,NA
122757,"2221 PEACHTREE RD NE STE D-464","ATLANTA","GA",30309,NA,NA,257,"2221 PEACHTREE RD NE STE D-464, ATLANTA, GA, 30309","No_Match",NA,NA,NA,NA
122758,"2221 PEACHTREE RD NE STE D366","ATLANTA","GA",30309,NA,NA,258,"2221 PEACHTREE RD NE STE D366, ATLANTA, GA, 30309","No_Match",NA,NA,NA,NA
122759,"2221 PEACHTREE RD STE 168","ATLANTA","GA",30309,33.8156512250001,-84.390967524,259,"2221 PEACHTREE RD STE 168, ATLANTA, GA, 30309","Match","Non_Exact","2221 PEACHTREE ST, ATLANTA, GA, 30309",650100862,"R"
122760,"2221 PEACHTREE ROAD 168","ATLANTA","GA",30309,33.8156512250001,-84.390967524,260,"2221 PEACHTREE ROAD 168, ATLANTA, GA, 30309","Match","Non_Exact","2221 PEACHTREE ST, ATLANTA, GA, 30309",650100862,"R"
122761,"2221 PEACHTREE ROAD NE  SUITE D-308","ATLANTA","GA",30309,NA,NA,261,"2221 PEACHTREE ROAD NE  SUITE D-308, ATLANTA, GA, 30309","No_Match",NA,NA,NA,NA
122762,"2221 PEACHTREE ROAD NE UNIT 168","ATLANTA","GA",30309,NA,NA,262,"2221 PEACHTREE ROAD NE UNIT 168, ATLANTA, GA, 30309","No_Match",NA,NA,NA,NA
122763,"2221 PEACHTREE ST NE P31","ATLANTA","GA",30309,33.8156512250001,-84.390967524,263,"2221 PEACHTREE ST NE P31, ATLANTA, GA, 30309","Match","Non_Exact","2221 PEACHTREE ST, ATLANTA, GA, 30309",650100862,"R"
122764,"2221 PERTH RD","MOORESVILLE","NC",28117,35.6103821830001,-80.8928784509999,264,"2221 PERTH RD, MOORESVILLE, NC, 28117","Match","Exact","2221 PERTH RD, MOORESVILLE, NC, 28117",653867008,"R"
122765,"2221 QUARRY LANE","ONALASKA","WI",54650,43.892073915,-91.199591996,265,"2221 QUARRY LANE, ONALASKA, WI, 54650","Match","Exact","2221 QUARRY LN, ONALASKA, WI, 54650",51031276,"L"
122766,"2221 RICHLAND AVE APT178","MATAIRIE","LA",70001,29.9944400750001,-90.1734858149999,266,"2221 RICHLAND AVE APT178, MATAIRIE, LA, 70001","Match","Non_Exact","2221 RICHLAND AVE, METAIRIE, LA, 70001",93538675,"R"
122767,"2221 RICHLAND AVENUE SUITE 178","METAIRIE","IA",70001,NA,NA,267,"2221 RICHLAND AVENUE SUITE 178, METAIRIE, IA, 70001","No_Match",NA,NA,NA,NA
122768,"2221 RIDGEVIEW DR","WAUSAU","WI",54401,44.970725024,-89.664058086,268,"2221 RIDGEVIEW DR, WAUSAU, WI, 54401","Match","Non_Exact","2221 RIDGE VIEW DR, WAUSAU, WI, 54401",617412700,"L"
122769,"2221 S ONEIDA ST","SALT LAKE CITY","UT",84109,40.7227042800001,-111.829527636,269,"2221 S ONEIDA ST, SALT LAKE CITY, UT, 84109","Match","Exact","2221 ONEIDA ST, SALT LAKE CITY, UT, 84109",176082153,"L"
122770,"2221 S PROVIDENCE ROAD","N CHESTERFIELD","VA",23236,37.4675235350001,-77.567487332,270,"2221 S PROVIDENCE ROAD, N CHESTERFIELD, VA, 23236","Match","Exact","2221 S PROVIDENCE RD, NORTH CHESTERFIELD, VA, 23236",648448839,"L"
122771,"2221 S STREET NE","WASHINGTON","DC",20002,38.9140761510001,-76.973840977,271,"2221 S STREET NE, WASHINGTON, DC, 20002","Match","Exact","2221 S ST NE, WASHINGTON, DC, 20002",76229439,"R"
122772,"2221 S WEBSTER AVE PMB 216","GREEN BAY","WI",54301,44.481093554,-88.024069465,272,"2221 S WEBSTER AVE PMB 216, GREEN BAY, WI, 54301","Match","Non_Exact","2221 S WEBSTER AVE, GREEN BAY, WI, 54301",148101731,"L"
122773,"2221 SCHULTZ ROAD","LANSDALE","PA",19446,40.20232228,-75.3325736689999,273,"2221 SCHULTZ ROAD, LANSDALE, PA, 19446","Match","Exact","2221 SCHULTZ RD, LANSDALE, PA, 19446",135132513,"L"
122774,"2221 SOUTH CLARK STREET","ARLINGTON","VA",22202,38.8541246720001,-77.052085999,274,"2221 SOUTH CLARK STREET, ARLINGTON, VA, 22202","Match","Exact","2221 S CLARK ST, ARLINGTON, VA, 22202",650112071,"R"
122775,"2221 SOUTH HAVANA STREET","AURORA","CO",80014,39.676295231,-104.865980806,275,"2221 SOUTH HAVANA STREET, AURORA, CO, 80014","Match","Exact","2221 S HAVANA ST, AURORA, CO, 80014",177344358,"R"
122776,"2221 SOUTH WEBSTER AVENUE A 147","GREENBAY","WI",54301,44.4810971430001,-88.024066967,276,"2221 SOUTH WEBSTER AVENUE A 147, GREENBAY, WI, 54301","Match","Non_Exact","2221 S WEBSTER AVE, GREEN BAY, WI, 54301",148101731,"L"
122777,"2221 SOUTH WEST 36 AVENUE","FORT LAUDERDALE","FL",33312,NA,NA,277,"2221 SOUTH WEST 36 AVENUE, FORT LAUDERDALE, FL, 33312","No_Match",NA,NA,NA,NA
122778,"2221 STONYBROOK BLVD","SYLVANIA","OH",43560,41.6594749820001,-83.7550774649999,278,"2221 STONYBROOK BLVD, SYLVANIA, OH, 43560","Match","Exact","2221 STONYBROOK BLVD, SYLVANIA, OH, 43560",33954212,"R"
122779,"2221 TRESTLE ROAD","FORT COLLINS","CO",80525,40.5572464900001,-105.038029693,279,"2221 TRESTLE ROAD, FORT COLLINS, CO, 80525","Match","Exact","2221 TRESTLE RD, FORT COLLINS, CO, 80525",617920058,"R"
122780,"2221 TURNBERRY","LEAGUE CITY","TX",77573,29.5314379970001,-95.064267053,280,"2221 TURNBERRY, LEAGUE CITY, TX, 77573","Match","Non_Exact","2221 TURNBERRY DR, LEAGUE CITY, TX, 77573",96694838,"R"
122781,"2221 UNIVERSITY AVE SE STE 450B","MINNEAPOLIS","MN",55414,44.9745906690001,-93.224290503,281,"2221 UNIVERSITY AVE SE STE 450B, MINNEAPOLIS, MN, 55414","Match","Exact","2221 UNIVERSITY AVE SE, MINNEAPOLIS, MN, 55414",43638335,"L"
122782,"2221 UNIVERSITY AVE SE","MINNEAPOLIS","MN",55414,44.9745906690001,-93.224290503,282,"2221 UNIVERSITY AVE SE, MINNEAPOLIS, MN, 55414","Match","Exact","2221 UNIVERSITY AVE SE, MINNEAPOLIS, MN, 55414",43638335,"L"
122783,"2221 W 22ND AVE","KENNEWICK","WA",99337,46.1885804630001,-119.149590002,283,"2221 W 22ND AVE, KENNEWICK, WA, 99337","Match","Exact","2221 W 22ND AVE, KENNEWICK, WA, 99337",174991873,"L"
122784,"2221 W 34TH ST","HOUSTON","TX",77018,29.8172282470001,-95.4415225979999,284,"2221 W 34TH ST, HOUSTON, TX, 77018","Match","Exact","2221 W 34TH ST, HOUSTON, TX, 77018",96138708,"L"
122785,"2221 W CLARKE ST","MILWAUKEE","WI",53206,43.0659938360001,-87.940323897,285,"2221 W CLARKE ST, MILWAUKEE, WI, 53206","Match","Exact","2221 W CLARKE ST, MILWAUKEE, WI, 53206",77738461,"L"
122786,"2221 W NORTH AVE","CHICAGO","IL",60647,41.910370088,-87.683649567,286,"2221 W NORTH AVE, CHICAGO, IL, 60647","Match","Exact","2221 W NORTH AVE, CHICAGO, IL, 60647",652589193,"L"
122787,"2221 WEST DALLAS STREET - 332","HOUSTON","TX",77019,29.757504598,-95.390770074,287,"2221 WEST DALLAS STREET - 332, HOUSTON, TX, 77019","Match","Exact","2221 W DALLAS ST, HOUSTON, TX, 77019",96624861,"L"
122788,"2221 WHITE JASMINE COURT","APOPKA","FL",32712,28.7043444230001,-81.469221693,288,"2221 WHITE JASMINE COURT, APOPKA, FL, 32712","Match","Exact","2221 WHITE JASMINE CT, APOPKA, FL, 32712",624059330,"L"
122789,"22210 INDIGO PINES LN","KATY","TX",77450,29.7183301590001,-95.763525364,289,"22210 INDIGO PINES LN, KATY, TX, 77450","Match","Exact","22210 INDIGO PINES LN, KATY, TX, 77450",78334881,"L"
122790,"22211 CAMERON ST","CASTRO VALLEY","CA",94546,37.6875259920001,-122.065578309,290,"22211 CAMERON ST, CASTRO VALLEY, CA, 94546","Match","Exact","22211 CAMERON ST, CASTRO VALLEY, CA, 94546",606133224,"R"
122791,"22211 WARM TERRACE LN","SPRING","TX",77389,NA,NA,291,"22211 WARM TERRACE LN, SPRING, TX, 77389","No_Match",NA,NA,NA,NA
122792,"22213 E CLOUD RD","QUEEN CREEK","AZ",85142,33.2269258000001,-111.6037912,292,"22213 E CLOUD RD, QUEEN CREEK, AZ, 85142","Match","Exact","22213 E CLOUD RD, QUEEN CREEK, AZ, 85142",642657936,"L"
122793,"22214 HIGHLAND KNOLLS DR STE 110","KATY","TX",77450,29.75879558,-95.759160095,293,"22214 HIGHLAND KNOLLS DR STE 110, KATY, TX, 77450","Match","Exact","22214 HIGHLAND KNOLLS DR, KATY, TX, 77450",96623204,"L"
122794,"22214 HOLLYHOCK TRAIL","BOCA RATON","FL",33433,26.3470171490001,-80.1670412349999,294,"22214 HOLLYHOCK TRAIL, BOCA RATON, FL, 33433","Match","Exact","22214 HOLLYHOCK TRL, BOCA RATON, FL, 33433",115574596,"R"
122795,"22215 38TH AVE E","SPANAWAY","WA",98387,47.058905612,-122.379323333,295,"22215 38TH AVE E, SPANAWAY, WA, 98387","Match","Exact","22215 38TH AVE E, SPANAWAY, WA, 98387",184684503,"R"
122796,"22215 SW 114TH COURT","MIAMI","FL",33170,25.5605563730001,-80.377132531,296,"22215 SW 114TH COURT, MIAMI, FL, 33170","Match","Exact","22215 SW 114TH CT, MIAMI, FL, 33170",115994954,"L"
122797,"22217 FM 149","MONTGOMERY","TX",77356,30.486945302,-95.699575384,297,"22217 FM 149, MONTGOMERY, TX, 77356","Match","Exact","22217 FM 149, MONTGOMERY, TX, 77356",79267471,"L"
122798,"22217 KOSTNER AVE","RICHTON PARK","IL",60471,41.485873193,-87.7221476999999,298,"22217 KOSTNER AVE, RICHTON PARK, IL, 60471","Match","Exact","22217 KOSTNER AVE, RICHTON PARK, IL, 60471",111708443,"L"
122799,"22217 PARROTS FERRY RD SPACE 3","SONORA","CA",95370,38.0254705780001,-120.403644496,299,"22217 PARROTS FERRY RD SPACE 3, SONORA, CA, 95370","Match","Non_Exact","22217 PARROTTS FERRY RD, SONORA, CA, 95370",634217303,"R"
122800,"2222 ASH ST","NORTH BEND","OR",97459,43.403544706,-124.245148812,300,"2222 ASH ST, NORTH BEND, OR, 97459","Match","Exact","2222 ASH ST, NORTH BEND, OR, 97459",137014471,"L"
122801,"2222 ASHLEY RIVER ROAD  2J","CHARLESTON","SC",29414,32.8208685430001,-80.035801829,301,"2222 ASHLEY RIVER ROAD  2J, CHARLESTON, SC, 29414","Match","Exact","2222 ASHLEY RIVER RD, CHARLESTON, SC, 29414",619095844,"R"
122802,"2222 ATLANTIC AVE","BENSON","MN",56215,45.3210909570001,-95.622652284,302,"2222 ATLANTIC AVE, BENSON, MN, 56215","Match","Exact","2222 ATLANTIC AVE, BENSON, MN, 56215",648788151,"R"
122803,"2222 AVENUE OF THE STARS STE 901","LOS ANGELES","CA",90067,34.0525038980001,-118.409678263,303,"2222 AVENUE OF THE STARS STE 901, LOS ANGELES, CA, 90067","Match","Exact","2222 AVE OF THE STARS, LOS ANGELES, CA, 90067",649813553,"L"
122804,"2222 BOETTCHER FARM CT","FORT COLLINS","CO",80524,40.6493848040001,-105.116556319,304,"2222 BOETTCHER FARM CT, FORT COLLINS, CO, 80524","Match","Exact","2222 BOETTCHER FARM CT, FORT COLLINS, CO, 80524",645455356,"R"
122805,"2222 BOULEVARD NAPOLEON","LOUISVILLE","KY",40205,NA,NA,305,"2222 BOULEVARD NAPOLEON, LOUISVILLE, KY, 40205","No_Match",NA,NA,NA,NA
122806,"2222 CHESPEAKE AVE","HAMPTON","VA",23605,36.99845322,-76.376591542,306,"2222 CHESPEAKE AVE, HAMPTON, VA, 23605","Match","Non_Exact","2222 CHESAPEAKE AVE, HAMPTON, VA, 23661",103747030,"R"
122807,"2222 CITRINE WAY","SACRAMENTO","CA",95834,38.638383811,-121.511122073,307,"2222 CITRINE WAY, SACRAMENTO, CA, 95834","Match","Exact","2222 CITRINE WAY, SACRAMENTO, CA, 95834",133409327,"L"
122808,"2222 COLFAX","FLINT","MI",48503,42.999575866,-83.7115561319999,308,"2222 COLFAX, FLINT, MI, 48503","Match","Non_Exact","2222 COLFAX AVE, FLINT, MI, 48503",69574437,"R"
122809,"2222 COUNTY ROAD 375 NORTH","CARLOCK","IL",61725,40.6440486390001,-89.116383107,309,"2222 COUNTY ROAD 375 NORTH, CARLOCK, IL, 61725","Match","Exact","2222 CO RD 375 N, CARLOCK, IL, 61725",9006882,"R"
122810,"2222 CROWN VALLEY LANE","LAS VEGAS","NV",89032,36.2341233280001,-115.173611989,310,"2222 CROWN VALLEY LANE, LAS VEGAS, NV, 89032","Match","Non_Exact","2222 CROWN VALLEY LN, N LAS VEGAS, NV, 89032",201908990,"R"
122811,"2222 CRUMS LANE","LOUISVILLE","KY",40216,38.1945014350001,-85.8143112609999,311,"2222 CRUMS LANE, LOUISVILLE, KY, 40216","Match","Exact","2222 CRUMS LN, LOUISVILLE, KY, 40216",96990921,"L"
122812,"2222 CRUMS LN","LOUISVILLE","KY",40216,38.1945014350001,-85.8143112609999,312,"2222 CRUMS LN, LOUISVILLE, KY, 40216","Match","Exact","2222 CRUMS LN, LOUISVILLE, KY, 40216",96990921,"L"
122813,"2222 DECKNER AVE","GREEN BAY","WI",54302,44.50236461,-87.967571203,313,"2222 DECKNER AVE, GREEN BAY, WI, 54302","Match","Exact","2222 DECKNER AVE, GREEN BAY, WI, 54302",148103493,"R"
122814,"2222 DEMERON RD","TALLAHASSEE","FL",32308,30.474736653,-84.2571346139999,314,"2222 DEMERON RD, TALLAHASSEE, FL, 32308","Match","Exact","2222 DEMERON RD, TALLAHASSEE, FL, 32308",82853150,"L"
122815,"2222 E 1000TH ST","MENDON","IL",62351,40.083028939,-91.321710469,315,"2222 E 1000TH ST, MENDON, IL, 62351","Match","Exact","2222 E 1000TH ST, MENDON, IL, 62351",35081209,"R"
122816,"2222 E 7TH STREET","TUCSON","AZ",85719,32.2265679220001,-110.939111161,316,"2222 E 7TH STREET, TUCSON, AZ, 85719","Match","Exact","2222 E 7TH ST, TUCSON, AZ, 85719",121174548,"R"
122817,"2222 EAST MICHIGAN BOULEVARD  APT 1","MICHIGAN CITY","IN",46360,41.7094802920001,-86.872498965,317,"2222 EAST MICHIGAN BOULEVARD  APT 1, MICHIGAN CITY, IN, 46360","Match","Exact","2222 E MICHIGAN BLVD, MICHIGAN CITY, IN, 46360",610530697,"L"
122818,"2222 EAST WEST CONNECTOR APT 520","AUSTELL","GA",30106,NA,NA,318,"2222 EAST WEST CONNECTOR APT 520, AUSTELL, GA, 30106","No_Match",NA,NA,NA,NA
122819,"2222 EDELWEISS LOOP","TRINITY","FL",34655,28.1915133740001,-82.648774265,319,"2222 EDELWEISS LOOP, TRINITY, FL, 34655","Match","Exact","2222 EDELWEISS LOOP, TRINITY, FL, 34655",86401566,"L"
122820,"2222 FITZGERALD RD","SIMI VALLEY","CA",93065,34.257211913,-118.754468279,320,"2222 FITZGERALD RD, SIMI VALLEY, CA, 93065","Match","Exact","2222 FITZGERALD RD, SIMI VALLEY, CA, 93065",109971151,"R"
122821,"2222 FOOTHILL BLVD E-315","LA CANADA","CA",91011,34.2166105860001,-118.22645497,321,"2222 FOOTHILL BLVD E-315, LA CANADA, CA, 91011","Match","Non_Exact","2222 FOOTHILL BLVD, LA CANADA, CA, 91011",640421734,"L"
122822,"2222 FOOTHILL BLVD E265","LA CANADA","CA",91011,34.2166105860001,-118.22645497,322,"2222 FOOTHILL BLVD E265, LA CANADA, CA, 91011","Match","Exact","2222 FOOTHILL BLVD, LA CANADA, CA, 91011",640421734,"L"
122823,"2222 FOOTHILL BLVD E354","LA CANADA","CA",91011,34.2166105860001,-118.22645497,323,"2222 FOOTHILL BLVD E354, LA CANADA, CA, 91011","Match","Exact","2222 FOOTHILL BLVD, LA CANADA, CA, 91011",640421734,"L"
122824,"2222 GLENMARY AVE","LOUISVILLE","KY",40204,38.2388495370001,-85.714428007,324,"2222 GLENMARY AVE, LOUISVILLE, KY, 40204","Match","Exact","2222 GLENMARY AVE, LOUISVILLE, KY, 40204",618512276,"R"
122825,"2222 GRAINGER PKWY","LINCOLN","NE",68512,40.73096364,-96.690946105,325,"2222 GRAINGER PKWY, LINCOLN, NE, 68512","Match","Exact","2222 GRAINGER PKWY, LINCOLN, NE, 68512",28299595,"L"
122826,"2222 GRAND AVE","JOPLI","MO",64804,37.066606156,-94.5098905469999,326,"2222 GRAND AVE, JOPLI, MO, 64804","Match","Non_Exact","2222 GRAND AVE, JOPLIN, MO, 64804",66151284,"R"
122827,"2222 HOESCHLER DR","LA CROSSE","WI",54601,43.789100262,-91.217144965,327,"2222 HOESCHLER DR, LA CROSSE, WI, 54601","Match","Exact","2222 HOESCHLER DR, LA CROSSE, WI, 54601",51013618,"R"
122828,"2222 HOME PARK CIR W","JACKSONVILLE","FL",32207,NA,NA,328,"2222 HOME PARK CIR W, JACKSONVILLE, FL, 32207","No_Match",NA,NA,NA,NA
122829,"2222 LAUREL ST","FOREST GROVE","OR",97116,45.523105102,-123.09270761,329,"2222 LAUREL ST, FOREST GROVE, OR, 97116","Match","Exact","2222 LAUREL ST, FOREST GROVE, OR, 97116",158175992,"L"
122830,"2222 LAWNWOOD CIRCLE","WOODLAWN","MD",21207,39.331708765,-76.734835264,330,"2222 LAWNWOOD CIRCLE, WOODLAWN, MD, 21207","Match","Exact","2222 LAWNWOOD CIR, WOODLAWN, MD, 21207",191510732,"L"
122831,"2222 MARONEAL ST UNIT 312","HOUSTON","TX",77030,29.7036172800001,-95.410348916,331,"2222 MARONEAL ST UNIT 312, HOUSTON, TX, 77030","Match","Exact","2222 MARONEAL ST, HOUSTON, TX, 77030",96065089,"R"
122832,"2222 MERION POND","WOODSTOCK","MD",21163,39.3075799200001,-76.881874841,332,"2222 MERION POND, WOODSTOCK, MD, 21163","Match","Exact","2222 MERION POND, WOODSTOCK, MD, 21163",625848677,"R"
122833,"2222 MORNINGTON LANE","SAN RAMON","CA",94582,37.7544691100001,-121.898704259,333,"2222 MORNINGTON LANE, SAN RAMON, CA, 94582","Match","Exact","2222 MORNINGTON LN, SAN RAMON, CA, 94582",192117700,"L"
122834,"2222 N CALVERT STREET","BALTIMORE","MA",21218,NA,NA,334,"2222 N CALVERT STREET, BALTIMORE, MA, 21218","No_Match",NA,NA,NA,NA
122835,"2222 N DIXIE HWY","LAKE WORTH","FL",33463,26.6408328000001,-80.056477689,335,"2222 N DIXIE HWY, LAKE WORTH, FL, 33463","Match","Non_Exact","2222 N DIXIE HWY, LAKE WORTH, FL, 33460",115281174,"R"
122836,"2222 N FORSYTH RD UNIT 1F","ORLANDO","FL",32807,28.577527999,-81.294509733,336,"2222 N FORSYTH RD UNIT 1F, ORLANDO, FL, 32807","Match","Non_Exact","2222 N FORSYTH RD, ORLANDO, FL, 32807",611260532,"L"
122837,"2222 N NEVADA AVE STE 4004","COLORADO SPGS","CO",80907,NA,NA,337,"2222 N NEVADA AVE STE 4004, COLORADO SPGS, CO, 80907","No_Match",NA,NA,NA,NA
122838,"2222 NORTH VAL VISTA DRIVE UNIT 18","MESA","AZ",85213,33.4563996960001,-111.754028823,338,"2222 NORTH VAL VISTA DRIVE UNIT 18, MESA, AZ, 85213","Match","Exact","2222 N VAL VISTA DR, MESA, AZ, 85213",128817688,"R"
122839,"2222 PARK AVENUE SOUTH STE 105","MINNEAPOLIS","MN",55404,44.9605966710001,-93.2651206849999,339,"2222 PARK AVENUE SOUTH STE 105, MINNEAPOLIS, MN, 55404","Match","Exact","2222 PARK AVE S, MINNEAPOLIS, MN, 55404",43632692,"R"
122840,"2222 PEARL STREET","SANTA MONICA","CA",90404,34.0180000230001,-118.465015763,340,"2222 PEARL STREET, SANTA MONICA, CA, 90404","Match","Non_Exact","2222 PEARL ST, SANTA MONICA, CA, 90405",141569114,"R"
122841,"2222 Q STREET APARTMENT 44","WASHINGTON","DC",20008,38.911121533,-77.049373738,341,"2222 Q STREET APARTMENT 44, WASHINGTON, DC, 20008","Match","Non_Exact","2222 Q ST NW, WASHINGTON, DC, 20008",76239986,"L"
122842,"2222 QUAIL CREEK DR","MURRAY","KY",42071,36.593639592,-88.348637702,342,"2222 QUAIL CREEK DR, MURRAY, KY, 42071","Match","Exact","2222 QUAIL CREEK DR, MURRAY, KY, 42071",31709384,"L"
122843,"2222 S NEW HOPE ROAD","GASTONIA","NC",28054,35.2424366400001,-81.1290509729999,343,"2222 S NEW HOPE ROAD, GASTONIA, NC, 28054","Match","Exact","2222 S NEW HOPE RD, GASTONIA, NC, 28054",70413558,"L"
122844,"2222 SE 20TH PLACE","CAPE CORAL","FL",33990,26.610968369,-81.930145306,344,"2222 SE 20TH PLACE, CAPE CORAL, FL, 33990","Match","Exact","2222 SE 20TH PL, CAPE CORAL, FL, 33990",118014725,"R"
122845,"2222 SOUTH COMBEE RD BAY 6","LAKELAND","FL",32801,28.0168337650001,-81.907792359,345,"2222 SOUTH COMBEE RD BAY 6, LAKELAND, FL, 32801","Match","Non_Exact","2222 S COMBEE RD, LAKELAND, FL, 33801",104818614,"L"
122846,"2222 SOUTH DOBSON ROAD","MESA","AZ",85202,33.3742721580001,-111.879965031,346,"2222 SOUTH DOBSON ROAD, MESA, AZ, 85202","Match","Exact","2222 S DOBSON RD, MESA, AZ, 85202",128239743,"R"
122847,"2222 SOUTH FIGUEROA STREET PH9","LOS ANGELES","CA",90007,34.031374758,-118.273942544,347,"2222 SOUTH FIGUEROA STREET PH9, LOS ANGELES, CA, 90007","Match","Exact","2222 S FIGUEROA ST, LOS ANGELES, CA, 90007",142729755,"L"
122848,"2222 SYLVAN DRIVE","GARLAND","TX",75040,32.9340432500001,-96.644096473,348,"2222 SYLVAN DRIVE, GARLAND, TX, 75040","Match","Exact","2222 SYLVAN DR, GARLAND, TX, 75040",102925923,"R"
122849,"2222 VERDE CREEK ROAD","CHARLOTTE","NC",28214,35.285931159,-80.980125835,349,"2222 VERDE CREEK ROAD, CHARLOTTE, NC, 28214","Match","Exact","2222 VERDE CREEK RD, CHARLOTTE, NC, 28214",634132668,"R"
122850,"2222 W 12TH ST","ANDERSON","IN",46016,40.1033098340001,-85.708070487,350,"2222 W 12TH ST, ANDERSON, IN, 46016","Match","Exact","2222 W 12TH ST, ANDERSON, IN, 46016",31113032,"R"
122851,"2222 W 29TH ST S","WICHITA","KS",67217,37.641513924,-97.367827786,351,"2222 W 29TH ST S, WICHITA, KS, 67217","Match","Exact","2222 W 29TH ST S, WICHITA, KS, 67217",115644472,"R"
122852,"2222 W 75TH STREET","LOS ANGELES","CA",90043,33.971869166,-118.318121847,352,"2222 W 75TH STREET, LOS ANGELES, CA, 90043","Match","Exact","2222 W 75TH ST, LOS ANGELES, CA, 90043",141658146,"L"
122853,"2222 W GRAND RIVE AVENUE SUITE A","OKEMOS","MI",48864,NA,NA,353,"2222 W GRAND RIVE AVENUE SUITE A, OKEMOS, MI, 48864","No_Match",NA,NA,NA,NA
122854,"2222 W GRAND RIVER AVE STE A","OKEMOS","MI",48864,42.7227205500001,-84.431123387,354,"2222 W GRAND RIVER AVE STE A, OKEMOS, MI, 48864","Match","Non_Exact","2222 W GRAND RIVER AVE, OKEMOS, MI, 48864",17505685,"R"
122855,"2222 WAVERLY DRIVE","LANCASTER","TX",75146,32.5974180430001,-96.8001614199999,355,"2222 WAVERLY DRIVE, LANCASTER, TX, 75146","Match","Exact","2222 WAVERLY DR, LANCASTER, TX, 75146",102972784,"L"
122856,"2222 WEST GRAND RIVER AVE SUITE A","OKEMOS","MI",48864,42.7227182140001,-84.431109304,356,"2222 WEST GRAND RIVER AVE SUITE A, OKEMOS, MI, 48864","Match","Exact","2222 W GRAND RIVER AVE, OKEMOS, MI, 48864",17505685,"R"
122857,"2222 WEST GRANDVIEW BOULEVARD","ERIE","PA",16506,42.0772325230001,-80.112215869,357,"2222 WEST GRANDVIEW BOULEVARD, ERIE, PA, 16506","Match","Exact","2222 W GRANDVIEW BLVD, ERIE, PA, 16506",647942419,"R"
122858,"22220 DE BERRY ST","GRAND TERRACE","CA",92313,34.0303251510001,-117.319775183,358,"22220 DE BERRY ST, GRAND TERRACE, CA, 92313","Match","Exact","22220 DE BERRY ST, GRAND TERRACE, CA, 92313",144658596,"L"
122859,"22221 CERVANTES DRIVE","RANCHO CORDOVA","CA",95670,NA,NA,359,"22221 CERVANTES DRIVE, RANCHO CORDOVA, CA, 95670","No_Match",NA,NA,NA,NA
122860,"22221 SOUTH BLOOMFIELD AVE UNIT 36","CYPRESS","CA",90630,33.825281906,-118.063274952,360,"22221 SOUTH BLOOMFIELD AVE UNIT 36, CYPRESS, CA, 90630","Match","Non_Exact","22221 BLOOMFIELD AVE, CYPRESS, CA, 90630",645544690,"R"
122861,"22221 SW 113TH COURT","MIAMI","FL",33170,25.560582201,-80.374643079,361,"22221 SW 113TH COURT, MIAMI, FL, 33170","Match","Exact","22221 SW 113TH CT, MIAMI, FL, 33170",115994964,"R"
122862,"22221 TIOGA PLACE","WEST HILLS","CA",91304,34.2282151920001,-118.611207078,362,"22221 TIOGA PLACE, WEST HILLS, CA, 91304","Match","Exact","22221 TIOGA PL, WEST HILLS, CA, 91304",141532386,"R"
122863,"222213 SR 37 N","NOBLESVILLE","IN",46060,NA,NA,363,"222213 SR 37 N, NOBLESVILLE, IN, 46060","No_Match",NA,NA,NA,NA
122864,"22222 N PEPPER RD","BARRINGTON","IL",60010,42.1887635350001,-88.1874109519999,364,"22222 N PEPPER RD, BARRINGTON, IL, 60010","Match","Exact","22222 PEPPER RD, BARRINGTON, IL, 60010",119756243,"R"
122865,"22223 45TH AVE E","SPANAWAY","WA",98387,47.0539158240001,-122.369737258,365,"22223 45TH AVE E, SPANAWAY, WA, 98387","Match","Exact","22223 45TH AVE E, SPANAWAY, WA, 98387",184638004,"R"
122866,"22223 CARBON MESA ROAD","MALIBU","CA",90265,34.045664048,-118.656581216,366,"22223 CARBON MESA ROAD, MALIBU, CA, 90265","Match","Exact","22223 CARBON MESA RD, MALIBU, CA, 90265",638624219,"R"
122867,"22224 Y AVE","SUMNER","IA",50674,42.95488851,-92.081432922,367,"22224 Y AVE, SUMNER, IA, 50674","Match","Exact","22224 Y AVE, SUMNER, IA, 50674",9742386,"R"
122868,"22225 SW 112TH PLACE","MIAMI","FL",33170,25.5605161170001,-80.3737912,368,"22225 SW 112TH PLACE, MIAMI, FL, 33170","Match","Exact","22225 SW 112TH PL, MIAMI, FL, 33170",115994989,"L"
122869,"22226 PACIFIC OCEAN DRIVE","SPRING","TX",77388,30.0751291240001,-95.483229632,369,"22226 PACIFIC OCEAN DRIVE, SPRING, TX, 77388","Match","Exact","22226 PACIFIC OCEAN DR, SPRING, TX, 77388",649129792,"R"
122870,"2223 224TH PL NE","SAMMAMISH","WA",98074,47.6297890870001,-122.040194485,370,"2223 224TH PL NE, SAMMAMISH, WA, 98074","Match","Exact","2223 224TH PL NE, SAMMAMISH, WA, 98074",651808015,"L"
122871,"2223 BASSWOOD ROAD","JOLIET","IL",60432,41.5401546150001,-88.027866016,371,"2223 BASSWOOD ROAD, JOLIET, IL, 60432","Match","Exact","2223 BASSWOOD RD, JOLIET, IL, 60432",111627589,"L"
122872,"2223 BELLAIRE DRIVE","FLORENCE","SC",29505,34.1528119330001,-79.750023953,372,"2223 BELLAIRE DRIVE, FLORENCE, SC, 29505","Match","Exact","2223 BELLAIRE DR, FLORENCE, SC, 29505",28879402,"R"
122873,"2223 BROADVIEW ROAD","CLEVELAND","OH",44109,41.438485788,-81.7000417629999,373,"2223 BROADVIEW ROAD, CLEVELAND, OH, 44109","Match","Exact","2223 BROADVIEW RD, CLEVELAND, OH, 44109",61116282,"L"
122874,"2223 BRYAN CT","PEARLAND","TX",77584,29.570245953,-95.365732984,374,"2223 BRYAN CT, PEARLAND, TX, 77584","Match","Exact","2223 BRYAN CT, PEARLAND, TX, 77584",116630906,"L"
122875,"2223 CADIZ St","NEW ORLEANS","LA",70115,29.932458464,-90.105037394,375,"2223 CADIZ St, NEW ORLEANS, LA, 70115","Match","Exact","2223 CADIZ ST, NEW ORLEANS, LA, 70115",191711734,"R"
122876,"2223 COLLEGE STREET  SUITE 4","JACKSONVILLE","FL",32204,30.3155947750001,-81.686207085,376,"2223 COLLEGE STREET  SUITE 4, JACKSONVILLE, FL, 32204","Match","Exact","2223 COLLEGE ST, JACKSONVILLE, FL, 32204",83896667,"R"
122877,"2223 COLLEGE STREET SUITE 4","JACKSONVILLE","FL",32204,30.3155947750001,-81.686207085,377,"2223 COLLEGE STREET SUITE 4, JACKSONVILLE, FL, 32204","Match","Exact","2223 COLLEGE ST, JACKSONVILLE, FL, 32204",83896667,"R"
122878,"2223 CORAL WAY","MIAMI","FL",33145,NA,NA,378,"2223 CORAL WAY, MIAMI, FL, 33145","No_Match",NA,NA,NA,NA
122879,"2223 E 47TH ST","TULSA","OK",74105,36.0951994910001,-95.959126184,379,"2223 E 47TH ST, TULSA, OK, 74105","Match","Exact","2223 E 47TH ST, TULSA, OK, 74105",166444326,"L"
122880,"2223 EAST NC HWY 54 SUITE K","DURHAM","NC",27713,35.901821265,-78.8933535039999,380,"2223 EAST NC HWY 54 SUITE K, DURHAM, NC, 27713","Match","Exact","2223 E STATE HWY 54, DURHAM, NC, 27713",71772100,"R"
122881,"2223 GRANDWOOD LANE","AUGUSTA","GA",30909,33.441855692,-82.084745341,381,"2223 GRANDWOOD LANE, AUGUSTA, GA, 30909","Match","Exact","2223 GRANDWOOD LN, AUGUSTA, GA, 30909",644687736,"R"
122882,"2223 HOLLIWELL VALLEY CT","WINTERSET","IA",50273,41.3257609010001,-93.9796886669999,382,"2223 HOLLIWELL VALLEY CT, WINTERSET, IA, 50273","Match","Exact","2223 HOLLIWELL VALLEY CT, WINTERSET, IA, 50273",75210474,"R"
122883,"2223 LINCOLN ST NE","MINNEAPOLIS","MN",55418,NA,NA,383,"2223 LINCOLN ST NE, MINNEAPOLIS, MN, 55418","No_Match",NA,NA,NA,NA
122884,"2223 MARONEAL STREET","HOUSTON","TX",77030,29.703606618,-95.410345972,384,"2223 MARONEAL STREET, HOUSTON, TX, 77030","Match","Exact","2223 MARONEAL ST, HOUSTON, TX, 77030",96065089,"L"
122885,"2223 MCGREGOR BOULEVARD","FORT MYERS","FL",33901,26.6362156330001,-81.877930484,385,"2223 MCGREGOR BOULEVARD, FORT MYERS, FL, 33901","Match","Exact","2223 MCGREGOR BLVD, FORT MYERS, FL, 33901",118102288,"L"
122886,"2223 MCKINLEY ST NE","MINNEAPOLIS","MN",55418,NA,NA,386,"2223 MCKINLEY ST NE, MINNEAPOLIS, MN, 55418","No_Match",NA,NA,NA,NA
122887,"2223 MOUNT VERNON BLVD","EAST CLEVELAND","OH",44112,41.526547613,-81.567455874,387,"2223 MOUNT VERNON BLVD, EAST CLEVELAND, OH, 44112","Match","Exact","2223 MOUNT VERNON BLVD, EAST CLEVELAND, OH, 44112",61121852,"L"
122888,"2223 NILES-CORTLAND ROAD","WARREN","OH",44484,41.212994499,-80.7403882039999,388,"2223 NILES-CORTLAND ROAD, WARREN, OH, 44484","Match","Non_Exact","2223 NILES CORTLAND RD SE, WARREN, OH, 44484",117409853,"R"
122889,"2223 OSAGE TRAIL","SHARON TOWNSHIP","OH",44281,41.0663236280001,-81.768461982,389,"2223 OSAGE TRAIL, SHARON TOWNSHIP, OH, 44281","Match","Non_Exact","2223 OSAGE TRL, WADSWORTH, OH, 44281",58689609,"R"
122890,"2223 PALM BEACH LAKES BOULEVARD","WEST PALM BEACH","FL",33407,26.71091554,-80.096713876,390,"2223 PALM BEACH LAKES BOULEVARD, WEST PALM BEACH, FL, 33407","Match","Non_Exact","2223 PALM BEACH LAKES BLVD, WEST PALM BEACH, FL, 33409",115354888,"R"
122891,"2223 PROVIDENCE BLVD","CUYAHOGA FALLS","OH",44221,41.1376002690001,-81.4591785489999,391,"2223 PROVIDENCE BLVD, CUYAHOGA FALLS, OH, 44221","Match","Exact","2223 PROVIDENCE BLVD, CUYAHOGA FALLS, OH, 44221",61349237,"L"
122892,"2223 ROSLYN LN","LAKELAND","FL",33812,27.963312495,-81.923004065,392,"2223 ROSLYN LN, LAKELAND, FL, 33812","Match","Exact","2223 ROSLYN LN, LAKELAND, FL, 33812",104819168,"R"
122893,"2223 S GAFFEY ST","SAN PEDRO","CA",90731,33.7240273400001,-118.292400176,393,"2223 S GAFFEY ST, SAN PEDRO, CA, 90731","Match","Exact","2223 S GAFFEY ST, SAN PEDRO, CA, 90731",141690730,"R"
122894,"2223 S HIGHLAND DR SUITE E6 355","SALT LAKE CITY","UT",84106,40.722559071,-111.858730507,394,"2223 S HIGHLAND DR SUITE E6 355, SALT LAKE CITY, UT, 84106","Match","Exact","2223 HIGHLAND DR, SALT LAKE CITY, UT, 84106",641069501,"L"
122895,"2223 SHEFFIELD AVENUE","ANDERSON","IN",46011,40.1181588900001,-85.707918846,395,"2223 SHEFFIELD AVENUE, ANDERSON, IN, 46011","Match","Exact","2223 SHEFFIELD AVE, ANDERSON, IN, 46011",31127523,"L"
122896,"2223 SHENANDOAH ST","LAKELAND","FL",33812,27.962447813,-81.9219653379999,396,"2223 SHENANDOAH ST, LAKELAND, FL, 33812","Match","Exact","2223 SHENANDOAH ST, LAKELAND, FL, 33812",104819171,"R"
122897,"2223 SHOSHONE ST","BOISE","ID",83705,43.582266873,-116.21862693,397,"2223 SHOSHONE ST, BOISE, ID, 83705","Match","Exact","2223 SHOSHONE ST, BOISE, ID, 83705",117865263,"R"
122898,"2223 SINGLETON BLVD","DALLAS","TX",75212,32.7787199650001,-96.858392988,398,"2223 SINGLETON BLVD, DALLAS, TX, 75212","Match","Exact","2223 SINGLETON BLVD, DALLAS, TX, 75212",102904446,"R"
122899,"2223 SOUTH BEVERLY DRIVE","LOS ANGELES","CA",90034,34.0432389150001,-118.395243307,399,"2223 SOUTH BEVERLY DRIVE, LOS ANGELES, CA, 90034","Match","Exact","2223 S BEVERLY DR, LOS ANGELES, CA, 90034",141574561,"R"
122900,"2223 SOUTH GILPIN ST","DENVER","CO",80210,39.6761882530001,-104.967590048,400,"2223 SOUTH GILPIN ST, DENVER, CO, 80210","Match","Exact","2223 S GILPIN ST, DENVER, CO, 80210",177334025,"R"
122901,"2223 ST LOUIS AVENUE","ST LOUIS","MO",63106,38.6518378060001,-90.2057666059999,401,"2223 ST LOUIS AVENUE, ST LOUIS, MO, 63106","Match","Exact","2223 SAINT LOUIS AVE, SAINT LOUIS, MO, 63106",107604216,"R"
122902,"2223 TIVOLI LN","SAINT JOHNS","FL",32259,30.073150507,-81.660519315,402,"2223 TIVOLI LN, SAINT JOHNS, FL, 32259","Match","Exact","2223 TIVOLI LN, SAINT JOHNS, FL, 32259",92602111,"R"
122903,"2223 TUCKER LANE APT C2","BALTIMORE","MD",21207,39.313972216,-76.702817829,403,"2223 TUCKER LANE APT C2, BALTIMORE, MD, 21207","Match","Exact","2223 TUCKER LN, BALTIMORE, MD, 21207",206412565,"R"
122904,"2223 TUCKER LN C2","BALTIMORE","MD",21207,39.313972216,-76.702817829,404,"2223 TUCKER LN C2, BALTIMORE, MD, 21207","Match","Exact","2223 TUCKER LN, BALTIMORE, MD, 21207",206412565,"R"
122905,"2223 TURNER ST","PONCA CITY","OK",74604,36.7301649980001,-97.056063474,405,"2223 TURNER ST, PONCA CITY, OK, 74604","Match","Exact","2223 TURNER ST, PONCA CITY, OK, 74604",115892281,"R"
122906,"2223 WATTS COURT","RICHMOND","VA",23223,37.562680288,-77.391247111,406,"2223 WATTS COURT, RICHMOND, VA, 23223","Match","Exact","2223 WATTS CT, RICHMOND, VA, 23223",106649925,"L"
122907,"22231 MULHOLLAND HIGHWAY SUITE 200","CALABASAS","CA",91302,34.146991058,-118.612362303,407,"22231 MULHOLLAND HIGHWAY SUITE 200, CALABASAS, CA, 91302","Match","Exact","22231 MULHOLLAND HWY, CALABASAS, CA, 91302",640850863,"R"
122908,"22233 SCOTT CIR","LEXINGTON PARK","MD",20653,38.2809764680001,-76.4768735179999,408,"22233 SCOTT CIR, LEXINGTON PARK, MD, 20653","Match","Exact","22233 SCOTT CIR, LEXINGTON PARK, MD, 20653",36621272,"R"
122909,"22234 TODD VALLEY RD","FORESTHILL","CA",95631,38.9990153860001,-120.853517932,409,"22234 TODD VALLEY RD, FORESTHILL, CA, 95631","Match","Exact","22234 TODD VALLEY RD, FORESTHILL, CA, 95631",106760239,"R"
122910,"22235 SW FARMINGTON RD","BEAVERTON","OR",97007,45.4535869050001,-122.906015861,410,"22235 SW FARMINGTON RD, BEAVERTON, OR, 97007","Match","Exact","22235 SW FARMINGTON RD, BEAVERTON, OR, 97007",158205999,"L"
122911,"22236 BOCA RANCHO DR APT B","BOCA RATON","FL",33428,26.3458574320001,-80.2009740089999,411,"22236 BOCA RANCHO DR APT B, BOCA RATON, FL, 33428","Match","Exact","22236 BOCA RANCHO DR, BOCA RATON, FL, 33428",115300117,"R"
122912,"22236 S DOGWOOD PL","CLAREMORE","OK",74019,36.288241622,-95.575236073,412,"22236 S DOGWOOD PL, CLAREMORE, OK, 74019","Match","Non_Exact","22236 S DOGWOOD CT, CLAREMORE, OK, 74019",20698660,"L"
122913,"22239 E VIA DE OLIVOS CT","QUEEN CREEK","AZ",85142,33.2329864330001,-111.60488177,413,"22239 E VIA DE OLIVOS CT, QUEEN CREEK, AZ, 85142","Match","Exact","22239 E VIA DE OLIVOS CT, QUEEN CREEK, AZ, 85142",617920484,"R"
122914,"2224 204TH AVENUE","DONNELLSON","IA",52625,40.622055951,-91.518425153,414,"2224 204TH AVENUE, DONNELLSON, IA, 52625","Match","Exact","2224 204TH AVE, DONNELLSON, IA, 52625",5595673,"R"
122915,"2224 30TH AVE SOUTH","NASHVILLE","TN",37212,36.129402353,-86.815369459,415,"2224 30TH AVE SOUTH, NASHVILLE, TN, 37212","Match","Non_Exact","2224 30TH AVE, NASHVILLE, TN, 37212",97190006,"L"
122916,"2224 ALLENDER AVE","PITTSBURGH","PA",15220,40.400537813,-80.04517493,416,"2224 ALLENDER AVE, PITTSBURGH, PA, 15220","Match","Exact","2224 ALLENDER AVE, PITTSBURGH, PA, 15220",652295233,"R"
122917,"2224 APPLE GREY LN","ROCKLIN","CA",95765,38.8304591150001,-121.277528216,417,"2224 APPLE GREY LN, ROCKLIN, CA, 95765","Match","Exact","2224 APPLE GREY LN, ROCKLIN, CA, 95765",624566937,"R"
122918,"2224 AROSA CIR","SANDY","UT",84093,40.5974079980001,-111.827307149,418,"2224 AROSA CIR, SANDY, UT, 84093","Match","Non_Exact","2224 E AROSA CIR, SANDY, UT, 84093",176090243,"R"
122919,"2224 BROADHEAD PL","LEXINGTON","KY",40515,37.9496887450001,-84.482704836,419,"2224 BROADHEAD PL, LEXINGTON, KY, 40515","Match","Exact","2224 BROADHEAD PL, LEXINGTON, KY, 40515",31934264,"R"
122920,"2224 CHAINEY BRIAR ROAD","METTER","GA",30439,32.4674654790001,-82.113882113,420,"2224 CHAINEY BRIAR ROAD, METTER, GA, 30439","Match","Exact","2224 CHAINEY BRIAR RD, METTER, GA, 30439",17752419,"R"
122921,"2224 CONQUEST WAY","ODENTON","MD",21113,39.106989834,-76.7201640279999,421,"2224 CONQUEST WAY, ODENTON, MD, 21113","Match","Exact","2224 CONQUEST WAY, ODENTON, MD, 21113",68204530,"L"
122922,"2224 CRESTMONT PLACE UNIT 1233","INDIANAPOLIS","IN",46217,NA,NA,422,"2224 CRESTMONT PLACE UNIT 1233, INDIANAPOLIS, IN, 46217","No_Match",NA,NA,NA,NA
122923,"2224 E ENROSE ST","MESA","AZ",85213,33.430573602,-111.782443774,423,"2224 E ENROSE ST, MESA, AZ, 85213","Match","Exact","2224 E ENROSE ST, MESA, AZ, 85213",640590125,"L"
122924,"2224 E FAWN DR","PHOENIX","AZ",85042,33.37466404,-112.036234645,424,"2224 E FAWN DR, PHOENIX, AZ, 85042","Match","Exact","2224 E FAWN DR, PHOENIX, AZ, 85042",128843946,"L"
122925,"2224 EAST 113TH AVE","TAMPA","FL",33612,28.0508210840001,-82.431626987,425,"2224 EAST 113TH AVE, TAMPA, FL, 33612","Match","Exact","2224 E 113TH AVE, TAMPA, FL, 33612",104612292,"L"
122926,"2224 EVES CIRCLE WEST","DEKALB","IL",60115,41.9527240260001,-88.782050106,426,"2224 EVES CIRCLE WEST, DEKALB, IL, 60115","Match","Exact","2224 EVES CIR W, DEKALB, IL, 60115",52280727,"L"
122927,"2224 FINCHER DR","WESTMORELAND","TN",37186,36.557987864,-86.236552793,427,"2224 FINCHER DR, WESTMORELAND, TN, 37186","Match","Exact","2224 FINCHER DR, WESTMORELAND, TN, 37186",29773433,"L"
122928,"2224 FIRST AVENUE NORTH","BIRMINGHAM","AL",35203,33.5159467820001,-86.802511883,428,"2224 FIRST AVENUE NORTH, BIRMINGHAM, AL, 35203","Match","Exact","2224 1ST AVE N, BIRMINGHAM, AL, 35203",81575907,"L"
122929,"2224 HENDRICKS STREET","GARY","IN",46404,41.5783205130001,-87.3803563869999,429,"2224 HENDRICKS STREET, GARY, IN, 46404","Match","Exact","2224 HENDRICKS ST, GARY, IN, 46404",98425344,"R"
122930,"2224 LANECREST DRIVE","CHARLOTTE","NC",28215,35.2427129870001,-80.7475959769999,430,"2224 LANECREST DRIVE, CHARLOTTE, NC, 28215","Match","Exact","2224 LANECREST DR, CHARLOTTE, NC, 28215",70482082,"R"
122931,"2224 MONTICELLO DRIVE","NASHVILLE","TN",37207,36.209090684,-86.7839091439999,431,"2224 MONTICELLO DRIVE, NASHVILLE, TN, 37207","Match","Exact","2224 MONTICELLO DR, NASHVILLE, TN, 37207",97204980,"L"
122932,"2224 MOUNT CARMEL AVENUE SUITE 101","GLENSIDE","PA",19038,40.101210773,-75.151246821,432,"2224 MOUNT CARMEL AVENUE SUITE 101, GLENSIDE, PA, 19038","Match","Exact","2224 MOUNT CARMEL AVE, GLENSIDE, PA, 19038",135092442,"L"
122933,"2224 NOBLE STREET","ALEXANDRIA","LA",71301,31.302850226,-92.466561529,433,"2224 NOBLE STREET, ALEXANDRIA, LA, 71301","Match","Exact","2224 NOBLE ST, ALEXANDRIA, LA, 71301",11781761,"R"
122934,"2224 NORTH MAIN STREET","DAYTON","OH",45405,39.7846944820001,-84.210293668,434,"2224 NORTH MAIN STREET, DAYTON, OH, 45405","Match","Non_Exact","2224 MAIN ST, DAYTON, OH, 45405",143568666,"R"
122935,"2224 PIMMIT RUN LANE SUITE 204","FALLS CHURCH","VA",22043,38.9025918890001,-77.207169075,435,"2224 PIMMIT RUN LANE SUITE 204, FALLS CHURCH, VA, 22043","Match","Exact","2224 PIMMIT RUN LN, FALLS CHURCH, VA, 22043",642866487,"L"
122936,"2224 RADCLIFFE DRIVE","TROY","MI",48085,42.5938287650001,-83.105030014,436,"2224 RADCLIFFE DRIVE, TROY, MI, 48085","Match","Exact","2224 RADCLIFFE DR, TROY, MI, 48085",69806839,"L"
122937,"2224 S 9TH STREET","SHEBOYGAN","WI",53081,43.730601934,-87.714785439,437,"2224 S 9TH STREET, SHEBOYGAN, WI, 53081","Match","Exact","2224 S 9TH ST, SHEBOYGAN, WI, 53081",79497709,"R"
122938,"2224 S FELTON ST","PHILADELPHIA","PA",19142,39.9274952910001,-75.2308020579999,438,"2224 S FELTON ST, PHILADELPHIA, PA, 19142","Match","Exact","2224 S FELTON ST, PHILADELPHIA, PA, 19142",131409145,"R"
122939,"2224 SCENIC STREET","EL CERRITO","CA",94530,37.9317075800001,-122.306813664,439,"2224 SCENIC STREET, EL CERRITO, CA, 94530","Match","Exact","2224 SCENIC ST, EL CERRITO, CA, 94530",192043162,"R"
122940,"2224 SOURDOUGH ROAD","BOZEMAN","MT",59715,45.655810408,-111.025846768,440,"2224 SOURDOUGH ROAD, BOZEMAN, MT, 59715","Match","Exact","2224 SOURDOUGH RD, BOZEMAN, MT, 59715",624710537,"R"
122941,"2224 THIRD AVENUE","SAN DIEGO","CA",92101,32.7285454190001,-117.162094711,441,"2224 THIRD AVENUE, SAN DIEGO, CA, 92101","Match","Exact","2224 3RD AVE, SAN DIEGO, CA, 92101",195343461,"L"
122942,"2224 TYRRHENIAN COURT","LONGMONT","CO",80504,40.198411106,-105.065552864,442,"2224 TYRRHENIAN COURT, LONGMONT, CO, 80504","Match","Exact","2224 TYRRHENIAN CT, LONGMONT, CO, 80504",641301933,"R"
122943,"2224 W FORREST HILL AVE","PEORIA","IL",61604,40.725324632,-89.6283418099999,443,"2224 W FORREST HILL AVE, PEORIA, IL, 61604","Match","Exact","2224 W FORREST HILL AVE, PEORIA, IL, 61604",8714740,"L"
122944,"2224 WALES DR","CARDIFF","CA",92007,33.018096245,-117.265891628,444,"2224 WALES DR, CARDIFF, CA, 92007","Match","Exact","2224 WALES DR, CARDIFF, CA, 92007",195293984,"R"
122945,"2224 WEMBLEY WOOD LN","BEDFORD","TX",76022,32.8305778590001,-97.132383939,445,"2224 WEMBLEY WOOD LN, BEDFORD, TX, 76022","Match","Exact","2224 WEMBLEY WOOD LN, BEDFORD, TX, 76022",102091636,"L"
122946,"22240 OAK RIDGE DRIVE","ROGERS","MN",55374,45.219974162,-93.561943395,446,"22240 OAK RIDGE DRIVE, ROGERS, MN, 55374","Match","Exact","22240 OAK RIDGE DR, ROGERS, MN, 55374",43850050,"L"
122947,"22240 SANDS POINT DR","BOCA RATON","FL",33433,26.338654047,-80.180104232,447,"22240 SANDS POINT DR, BOCA RATON, FL, 33433","Match","Exact","22240 SANDS POINT DR, BOCA RATON, FL, 33433",115327075,"L"
122948,"22240 W NATCHAZ CT","PLAINFIELD","IL",60544,41.6255757390001,-88.1607919589999,448,"22240 W NATCHAZ CT, PLAINFIELD, IL, 60544","Match","Non_Exact","22240 W NATCHEZ CT, PLAINFIELD, IL, 60544",111599273,"R"
122949,"22241 PONDEROSA TRAIL","UNIONVILLE","MO",63565,40.4109105050001,-92.772391117,449,"22241 PONDEROSA TRAIL, UNIONVILLE, MO, 63565","Match","Exact","22241 PONDEROSA TRL, UNIONVILLE, MO, 63565",54685637,"L"
122950,"22242 24TH AVE S APT F46","DES MOINES","WA",98198,47.4019483660001,-122.302494068,450,"22242 24TH AVE S APT F46, DES MOINES, WA, 98198","Match","Exact","22242 24TH AVE S, DES MOINES, WA, 98198",186628737,"L"
122951,"22242 DISTELLO","MISSION VIEJO","CA",92691,33.6396770800001,-117.661140521,451,"22242 DISTELLO, MISSION VIEJO, CA, 92691","Match","Non_Exact","22242 DESTELLO, MISSION VIEJO, CA, 92691",144063615,"L"
122952,"22242 DRUMS COURT","CALABASAS","CA",91302,34.145704406,-118.611526893,452,"22242 DRUMS COURT, CALABASAS, CA, 91302","Match","Exact","22242 DRUMS CT, CALABASAS, CA, 91302",142680976,"R"
122953,"22243 E OXFORD PLACE","AURORA","CO",80018,39.6422287230001,-104.728553424,453,"22243 E OXFORD PLACE, AURORA, CO, 80018","Match","Exact","22243 E OXFORD PL, AURORA, CO, 80018",177529031,"L"
122954,"22243 THOMAS WOODS TRAIL","ZUNI","VA",23898,36.837346445,-76.8301036,454,"22243 THOMAS WOODS TRAIL, ZUNI, VA, 23898","Match","Exact","22243 THOMAS WOODS TRL, ZUNI, VA, 23898",198625998,"R"
122955,"22246 LYONS VALLEY RD","ALPINE","CA",91901,32.763245409,-116.674629398,455,"22246 LYONS VALLEY RD, ALPINE, CA, 91901","Match","Exact","22246 LYONS VALLEY RD, ALPINE, CA, 91901",195432714,"R"
122956,"2225 1ST AVE UNIT 301","SEATTLE","WA",98121,47.612818562,-122.345590133,456,"2225 1ST AVE UNIT 301, SEATTLE, WA, 98121","Match","Exact","2225 1ST AVE, SEATTLE, WA, 98121",186588920,"L"
122957,"2225 6TH ST","LA VERNE","CA",91750,34.102793272,-117.766721748,457,"2225 6TH ST, LA VERNE, CA, 91750","Match","Exact","2225 6TH ST, LA VERNE, CA, 91750",141727258,"L"
122958,"2225 74TH AVENUE","GREELEY","CO",80634,40.402057993,-104.800444027,458,"2225 74TH AVENUE, GREELEY, CO, 80634","Match","Exact","2225 74TH AVE, GREELEY, CO, 80634",188727796,"L"
122959,"2225 ANDALUSIAN DRIVE","HOPE MILLS","NC",28348,34.968779087,-78.997101672,459,"2225 ANDALUSIAN DRIVE, HOPE MILLS, NC, 28348","Match","Exact","2225 ANDALUSIAN DR, HOPE MILLS, NC, 28348",651441698,"L"
122960,"2225 BRODHEAD ROAD","ALIQUIPPA","PA",15001,40.5817141360001,-80.2580758289999,460,"2225 BRODHEAD ROAD, ALIQUIPPA, PA, 15001","Match","Exact","2225 BRODHEAD RD, ALIQUIPPA, PA, 15001",52567939,"R"
122961,"2225 CALLE PARRAL 9","WEST COVINA","CA",91792,34.026766315,-117.897497959,461,"2225 CALLE PARRAL 9, WEST COVINA, CA, 91792","Match","Non_Exact","2225 CLL PARRAL, WEST COVINA, CA, 91792",141716584,"R"
122962,"2225 CHANDLER MILL ROAD","PELHAM","NC",27311,36.4765214180001,-79.514460951,462,"2225 CHANDLER MILL ROAD, PELHAM, NC, 27311","Match","Exact","2225 CHANDLER MILL RD, PELHAM, NC, 27311",640093690,"L"
122963,"2225 CHASE ST","ANDERSON","IN",46016,40.0938825740001,-85.683653141,463,"2225 CHASE ST, ANDERSON, IN, 46016","Match","Exact","2225 CHASE ST, ANDERSON, IN, 46016",31113829,"R"
122964,"2225 CORNER ROAD","BURKEVILLE","VA",23922,37.1433278690001,-78.250424319,464,"2225 CORNER ROAD, BURKEVILLE, VA, 23922","Match","Exact","2225 CORNER RD, BURKEVILLE, VA, 23922",73989402,"L"
122965,"2225 CR 90 STE 111","PEARLAND","TX",77584,29.556355668,-95.367550294,465,"2225 CR 90 STE 111, PEARLAND, TX, 77584","Match","Non_Exact","2225 CO RD 90, PEARLAND, TX, 77584",641867151,"R"
122966,"2225 CYPRESS AVENUE","SANTA ANA","CA",92707,33.717348612,-117.866609202,466,"2225 CYPRESS AVENUE, SANTA ANA, CA, 92707","Match","Exact","2225 CYPRESS AVE, SANTA ANA, CA, 92707",144043947,"L"
122967,"2225 DEWEY LN","ENOLA","PA",17025,40.291977697,-77.007906229,467,"2225 DEWEY LN, ENOLA, PA, 17025","Match","Exact","2225 DEWEY LN, ENOLA, PA, 17025",636326265,"R"
122968,"2225 DORA DRIVE","PENSACOLA","FL",32514,30.5088645980001,-87.21685464,468,"2225 DORA DRIVE, PENSACOLA, FL, 32514","Match","Non_Exact","2225 DORA ST, PENSACOLA, FL, 32514",93218277,"R"
122969,"2225 DOWNS DRIVE FL 6","ERIE","PA",16509,42.050670763,-80.0852052819999,469,"2225 DOWNS DRIVE FL 6, ERIE, PA, 16509","Match","Exact","2225 DOWNS DR, ERIE, PA, 16509",117512182,"L"
122970,"2225 E BAYSHORE ROAD SUITE 200","PALO ALTO","CA",94303,37.4501968980001,-122.123214744,470,"2225 E BAYSHORE ROAD SUITE 200, PALO ALTO, CA, 94303","Match","Non_Exact","2225 E BAYSHORE RD, PALO ALTO, CA, 94303",638614539,"L"
122971,"2225 E GRAND BLANC ROAD","GRAND BLANC","MI",48439,42.915269392,-83.663037641,471,"2225 E GRAND BLANC ROAD, GRAND BLANC, MI, 48439","Match","Exact","2225 E GRAND BLANC RD, GRAND BLANC, MI, 48439",617491626,"L"
122972,"2225 EASTLAKE AVE EAST UNIT 103","SEATTLE","WA",98102,47.6386648270001,-122.325901201,472,"2225 EASTLAKE AVE EAST UNIT 103, SEATTLE, WA, 98102","Match","Exact","2225 EASTLAKE AVE E, SEATTLE, WA, 98102",186583966,"L"
122973,"2225 ECK CT","PORTSMOUTH","OH",45662,38.7498483000001,-82.970976432,473,"2225 ECK CT, PORTSMOUTH, OH, 45662","Match","Exact","2225 ECK CT, PORTSMOUTH, OH, 45662",55114171,"R"
122974,"2225 GOLF RD APT 501","HUNTSVILLE","AL",35802,34.6801469390001,-86.581077928,474,"2225 GOLF RD APT 501, HUNTSVILLE, AL, 35802","Match","Non_Exact","2225 GOLF RD SW, HUNTSVILLE, AL, 35802",58198256,"L"
122975,"2225 GREENRIDGE RD APT 508","NORTH CHARLESTON","SC",29406,32.9528001730001,-80.049657741,475,"2225 GREENRIDGE RD APT 508, NORTH CHARLESTON, SC, 29406","Match","Exact","2225 GREENRIDGE RD, N CHARLESTON, SC, 29406",108797554,"L"
122976,"2225 HIGHLAND WOODS DR","DUNEDIN","FL",34698,28.0435892360001,-82.745227493,476,"2225 HIGHLAND WOODS DR, DUNEDIN, FL, 34698","Match","Exact","2225 HIGHLAND WOODS DR, DUNEDIN, FL, 34698",124780355,"R"
122977,"2225 IVY AVENUE","MCALLEN","TX",78501,26.213360016,-98.2423581099999,477,"2225 IVY AVENUE, MCALLEN, TX, 78501","Match","Exact","2225 IVY AVE, MCALLEN, TX, 78501",71501052,"L"
122978,"2225 KAREN TERRACE","FREDERICKSBURG","VA",22405,38.3136691730001,-77.413904851,478,"2225 KAREN TERRACE, FREDERICKSBURG, VA, 22405","Match","Exact","2225 KAREN TER, FREDERICKSBURG, VA, 22405",25563164,"L"
122979,"2225 KERWIN DRIVE","SAINT LOUIS","MO",63136,38.7446850420001,-90.248922192,479,"2225 KERWIN DRIVE, SAINT LOUIS, MO, 63136","Match","Exact","2225 KERWIN DR, SAINT LOUIS, MO, 63136",100149493,"L"
122980,"2225 MANDY LAKES COURT","JACKSONVILLE","FL",32221,30.275123906,-81.861240061,480,"2225 MANDY LAKES COURT, JACKSONVILLE, FL, 32221","Match","Exact","2225 MANDY LAKES CT, JACKSONVILLE, FL, 32221",629266660,"L"
122981,"2225 MANGROVE DRIVE","LEXINGTON","KY",40513,38.001910744,-84.585577864,481,"2225 MANGROVE DRIVE, LEXINGTON, KY, 40513","Match","Exact","2225 MANGROVE DR, LEXINGTON, KY, 40513",31945833,"R"
122982,"2225 MARILIA DR 4104","DALLAS","TX",75236,NA,NA,482,"2225 MARILIA DR 4104, DALLAS, TX, 75236","No_Match",NA,NA,NA,NA
122983,"2225 MCCLELLAN STREET","HOLLYWOOD","FL",33020,26.0415330770001,-80.1522659629999,483,"2225 MCCLELLAN STREET, HOLLYWOOD, FL, 33020","Match","Exact","2225 MCCLELLAN ST, HOLLYWOOD, FL, 33020",114786634,"R"
122984,"2225 MONACO DRIVE","BATON ROUE","LA",70815,30.4696699090001,-91.074704587,484,"2225 MONACO DRIVE, BATON ROUE, LA, 70815","Match","Non_Exact","2225 MONACO DR, BATON ROUGE, LA, 70815",92190326,"L"
122985,"2225 NURSERY RD  UNIT 26 206","CLEARWATER","FL",33764,27.94214623,-82.7431477439999,485,"2225 NURSERY RD  UNIT 26 206, CLEARWATER, FL, 33764","Match","Exact","2225 NURSERY RD, CLEARWATER, FL, 33764",124776435,"R"
122986,"2225 OLD EMMORTON ROAD STE 207","BEL AIR","MD",21015,39.4951290750001,-76.324078129,486,"2225 OLD EMMORTON ROAD STE 207, BEL AIR, MD, 21015","Match","Exact","2225 EMMORTON RD, BEL AIR, MD, 21015",191672881,"L"
122987,"2225 ORIOLE DR","FLORISSANT","MO",63033,38.805270303,-90.3137958309999,487,"2225 ORIOLE DR, FLORISSANT, MO, 63033","Match","Exact","2225 ORIOLE DR, FLORISSANT, MO, 63033",100144323,"L"
122988,"2225 PATRIOT DR","MURFREESBORO","TN",37130,35.88129567,-86.350393781,488,"2225 PATRIOT DR, MURFREESBORO, TN, 37130","Match","Exact","2225 PATRIOT DR, MURFREESBORO, TN, 37130",636962657,"R"
122989,"2225 PENROSE AVENUE","BALTIMORE","MD",21223,39.2911245440001,-76.65207406,489,"2225 PENROSE AVENUE, BALTIMORE, MD, 21223","Match","Exact","2225 PENROSE AVE, BALTIMORE, MD, 21223",206415111,"L"
122990,"2225 PT CHICAGO HWY STE B","CONCORD","CA",94520,NA,NA,490,"2225 PT CHICAGO HWY STE B, CONCORD, CA, 94520","No_Match",NA,NA,NA,NA
122991,"2225 RAMSEY ROAD","MONROEVILLE","PA",15146,40.410124685,-79.750054435,491,"2225 RAMSEY ROAD, MONROEVILLE, PA, 15146","Match","Exact","2225 RAMSEY RD, MONROEVILLE, PA, 15146",51677096,"L"
122992,"2225 RIVER QUEEN DRIVE","VIOLET","LA",70092,29.8799796920001,-89.8921387619999,492,"2225 RIVER QUEEN DRIVE, VIOLET, LA, 70092","Match","Exact","2225 RIVER QUEEN DR, VIOLET, LA, 70092",111188624,"R"
122993,"2225 ROCK CREEK DR","KERRVILLE","TX",78028,30.0164400410001,-99.133718841,493,"2225 ROCK CREEK DR, KERRVILLE, TX, 78028","Match","Exact","2225 ROCK CREEK DR, KERRVILLE, TX, 78028",176896592,"R"
122994,"2225 S BALTIMORE AVE","DECATUR","IL",62521,39.816161299,-88.892232683,494,"2225 S BALTIMORE AVE, DECATUR, IL, 62521","Match","Exact","2225 S BALTIMORE AVE, DECATUR, IL, 62521",20759494,"R"
122995,"2225 S BEVERLY GLEN BLVD","LOS ANGELES","CA",90064,34.049782887,-118.420073196,495,"2225 S BEVERLY GLEN BLVD, LOS ANGELES, CA, 90064","Match","Exact","2225 S BEVERLY GLEN BLVD, LOS ANGELES, CA, 90064",141571414,"R"
122996,"2225 S GARFIELD DR","INDIANAPOLIS","IN",46203,39.7364532230001,-86.1445262519999,496,"2225 S GARFIELD DR, INDIANAPOLIS, IN, 46203","Match","Exact","2225 S GARFIELD DR, INDIANAPOLIS, IN, 46203",107993070,"L"
122997,"2225 S WOOD STREET GF","CHICAGO","IL",60608,NA,NA,497,"2225 S WOOD STREET GF, CHICAGO, IL, 60608","No_Match",NA,NA,NA,NA
122998,"2225 SE BANDERA CT","PORT ORCHARD","WA",98367,47.492883078,-122.621920654,498,"2225 SE BANDERA CT, PORT ORCHARD, WA, 98367","Match","Exact","2225 SE BANDERA CT, PORT ORCHARD, WA, 98367",187665296,"R"
122999,"2225 SOMERSET RD","LONDON","KY",40741,37.1516943890001,-84.1588525559999,499,"2225 SOMERSET RD, LONDON, KY, 40741","Match","Exact","2225 SOMERSET RD, LONDON, KY, 40741",651778119,"R"
123000,"2225 SOUTH 116TH STREET","OMAHA","NE",68144,41.238491176,-96.093962312,500,"2225 SOUTH 116TH STREET, OMAHA, NE, 68144","Match","Exact","2225 S 116TH ST, OMAHA, NE, 68144",116972527,"L"
