"ID","Address","City","State","Zip","lat","long","id","input_address","match_indicator","match_type","matched_address","tiger_line_id","tiger_side"
473501,"3009 BEAVER CREEK DRIVE","FORT WORTH","TX",76177,32.959283268,-97.297503278,1,"3009 BEAVER CREEK DRIVE, FORT WORTH, TX, 76177","Match","Exact","3009 BEAVER CREEK DR, FORT WORTH, TX, 76177",619887346,"R"
473502,"3009 BELLEVUE AVE","LOS ANGELES","CA",90026,34.0776889000001,-118.277572805,2,"3009 BELLEVUE AVE, LOS ANGELES, CA, 90026","Match","Exact","3009 BELLEVUE AVE, LOS ANGELES, CA, 90026",141604836,"R"
473503,"3009 BERGLUND MILE NE","NELSON","MN",56355,45.927966251,-95.289462639,3,"3009 BERGLUND MILE NE, NELSON, MN, 56355","Match","Exact","3009 BERGLUND MILE NE, NELSON, MN, 56355",204651695,"R"
473504,"3009 BERMUDA BAY LANE APT 105","MEBANE","NC",27302,36.072989754,-79.276281177,4,"3009 BERMUDA BAY LANE APT 105, MEBANE, NC, 27302","Match","Exact","3009 BERMUDA BAY LN, MEBANE, NC, 27302",650820439,"L"
473505,"3009 BIRCH DR","LA CROSSE","WI",54601,43.779638886,-91.20200529,5,"3009 BIRCH DR, LA CROSSE, WI, 54601","Match","Exact","3009 BIRCH DR, LA CROSSE, WI, 54601",51013982,"L"
473506,"3009 BRASSFIELD DR","ROCKY MOUNT","NC",27803,35.944929851,-77.858154402,6,"3009 BRASSFIELD DR, ROCKY MOUNT, NC, 27803","Match","Exact","3009 BRASSFIELD DR, ROCKY MOUNT, NC, 27803",90391137,"L"
473507,"3009 BROADWAY","NEW YORK","NY",10027,40.8086594170001,-73.963432224,7,"3009 BROADWAY, NEW YORK, NY, 10027","Match","Exact","3009 BROADWAY, NEW YORK, NY, 10027",59655384,"L"
473508,"3009 CAREY AVE","CHEYENNE","WY",82001,41.1448210130001,-104.824562764,8,"3009 CAREY AVE, CHEYENNE, WY, 82001","Match","Exact","3009 CAREY AVE, CHEYENNE, WY, 82001",160149192,"R"
473509,"3009 CARLENE","BLOOMINGTON","IL",61704,40.4924450410001,-88.9260495889999,9,"3009 CARLENE, BLOOMINGTON, IL, 61704","Match","Non_Exact","3009 CARLENE DR, BLOOMINGTON, IL, 61704",20548900,"L"
473510,"3009 CASA LINDA","MCALLEN","TX",78503,NA,NA,10,"3009 CASA LINDA, MCALLEN, TX, 78503","No_Match",NA,NA,NA,NA
473511,"3009 CHRISSE COURT","ANTIOCH","CA",94509,37.988924309,-121.814928495,11,"3009 CHRISSE COURT, ANTIOCH, CA, 94509","Match","Exact","3009 CHRISSE CT, ANTIOCH, CA, 94509",192068285,"L"
473512,"3009 CLUBWAY UNIT 74","GREENVILLE","NC",27858,NA,NA,12,"3009 CLUBWAY UNIT 74, GREENVILLE, NC, 27858","No_Match",NA,NA,NA,NA
473513,"3009 CREEKVIEW DR","MISSOURI CITY","TX",77459,29.5850437770001,-95.549828874,13,"3009 CREEKVIEW DR, MISSOURI CITY, TX, 77459","Match","Non_Exact","3009 CREEKVIEW CT, MISSOURI CITY, TX, 77459",78278234,"L"
473514,"3009 DEER RUN CT","STATESBORO","GA",30461,32.477725607,-81.603311047,14,"3009 DEER RUN CT, STATESBORO, GA, 30461","Match","Exact","3009 DEER RUN CT, STATESBORO, GA, 30461",6128020,"L"
473515,"3009 DEL VIEW DR APT L","DEL CITY","OK",73115,35.433575659,-97.428955301,15,"3009 DEL VIEW DR APT L, DEL CITY, OK, 73115","Match","Non_Exact","3009 DEL VIEW DR, DEL CITY, OK, 73115",100414102,"R"
473516,"3009 E 4TH ST","AUSTIN","TX",78702,30.2549101920001,-97.709349348,16,"3009 E 4TH ST, AUSTIN, TX, 78702","Match","Exact","3009 E 4TH ST, AUSTIN, TX, 78702",63948929,"R"
473517,"3009 EAST B STREET","BELLEVILLE","IL",62221,38.5338356350001,-89.942482089,17,"3009 EAST B STREET, BELLEVILLE, IL, 62221","Match","Non_Exact","3009 E B STREET RD, BELLEVILLE, IL, 62221",637939053,"L"
473518,"3009 EAST FEDERAL STREET","BALTIMORE","MD",21213,39.3092518770001,-76.5754252959999,18,"3009 EAST FEDERAL STREET, BALTIMORE, MD, 21213","Match","Exact","3009 E FEDERAL ST, BALTIMORE, MD, 21213",206424137,"R"
473519,"3009 EAST PORTLAND AVENUE","TACOMA","WA",98404,47.2365450720001,-122.409897172,19,"3009 EAST PORTLAND AVENUE, TACOMA, WA, 98404","Match","Exact","3009 E PORTLAND AVE, TACOMA, WA, 98404",184626728,"L"
473520,"3009 ESTUARY DR","ROYSE CITY","TX",75189,NA,NA,20,"3009 ESTUARY DR, ROYSE CITY, TX, 75189","No_Match",NA,NA,NA,NA
473521,"3009 FAWN LANE","JACKSON","MI",49202,42.3068850500001,-84.44440155,21,"3009 FAWN LANE, JACKSON, MI, 49202","Match","Non_Exact","3009 FAWN LN, JACKSON, MI, 49201",17625637,"L"
473522,"3009 FM 906E","POWDERLY","TX",75473,33.8446810130001,-95.4608693059999,22,"3009 FM 906E, POWDERLY, TX, 75473","Match","Non_Exact","3009 FM 906 E, POWDERLY, TX, 75473",635755334,"R"
473523,"3009 GAYRIDGE","POMONA","CA",91767,34.1018168250001,-117.75291142,23,"3009 GAYRIDGE, POMONA, CA, 91767","Match","Non_Exact","3009 GAYRIDGE ST, POMONA, CA, 91767",141731678,"L"
473524,"3009 GEDDES AVENUE","ANN ARBOR","MI",48104,42.272930681,-83.7088288959999,24,"3009 GEDDES AVENUE, ANN ARBOR, MI, 48104","Match","Exact","3009 GEDDES AVE, ANN ARBOR, MI, 48104",621207809,"L"
473525,"3009 GLENVILLE AVE","MADERA","CA",93637,36.9713935560001,-120.098988334,25,"3009 GLENVILLE AVE, MADERA, CA, 93637","Match","Exact","3009 GLENVILLE AVE, MADERA, CA, 93637",612100979,"R"
473526,"3009 GRAPE ST","SAN DIEGO","CA",92102,32.7265240570001,-117.129992602,26,"3009 GRAPE ST, SAN DIEGO, CA, 92102","Match","Exact","3009 GRAPE ST, SAN DIEGO, CA, 92102",195346268,"R"
473527,"3009 GREEN GROVE LANE NE","TUSCALOOSA","AL",35404,33.2216783970001,-87.497119975,27,"3009 GREEN GROVE LANE NE, TUSCALOOSA, AL, 35404","Match","Exact","3009 GREEN GROVE LN NE, TUSCALOOSA, AL, 35404",82151448,"R"
473528,"3009 GREEN GROVE LN NE","TUSCALOOSA","AL",35404,33.2216783970001,-87.497119975,28,"3009 GREEN GROVE LN NE, TUSCALOOSA, AL, 35404","Match","Exact","3009 GREEN GROVE LN NE, TUSCALOOSA, AL, 35404",82151448,"R"
473529,"3009 GREY ABBEY COURT","TALLAHASSEE","FL",32309,30.5277998240001,-84.2097421779999,29,"3009 GREY ABBEY COURT, TALLAHASSEE, FL, 32309","Match","Non_Exact","3009 GREYABBEY CT, TALLAHASSEE, FL, 32309",82866643,"L"
473530,"3009 HAWTHORNE DR NE STE 3023","WASHINGTON","DC",20017,38.928556664,-77.00777105,30,"3009 HAWTHORNE DR NE STE 3023, WASHINGTON, DC, 20017","Match","Exact","3009 HAWTHORNE DR NE, WASHINGTON, DC, 20017",635190604,"L"
473531,"3009 HERMINA ST","MADISON","WI",53716,43.101329562,-89.338642968,31,"3009 HERMINA ST, MADISON, WI, 53716","Match","Non_Exact","3009 HERMINA ST, MADISON, WI, 53714",49474194,"R"
473532,"3009 HEWITT AVE APT 424","SILVER SPRING","MD",20906,39.0802339630001,-77.0609901,32,"3009 HEWITT AVE APT 424, SILVER SPRING, MD, 20906","Match","Exact","3009 HEWITT AVE, SILVER SPRING, MD, 20906",62060658,"R"
473533,"3009 HILLCREST LANE","EXPORT","PA",15632,40.4165063900001,-79.6689875339999,33,"3009 HILLCREST LANE, EXPORT, PA, 15632","Match","Non_Exact","3009 HILLCREST DR, EXPORT, PA, 15632",52964335,"L"
473534,"3009 HOOD ROAD SUITE 21","HUNTSVILLE","AL",35805,34.6966941480001,-86.604444991,34,"3009 HOOD ROAD SUITE 21, HUNTSVILLE, AL, 35805","Match","Non_Exact","3009 HOOD RD SW, HUNTSVILLE, AL, 35805",58190275,"L"
473535,"3009 ILLINOIS AVE","KENNER","LA",70065,30.0107342740001,-90.237114909,35,"3009 ILLINOIS AVE, KENNER, LA, 70065","Match","Exact","3009 ILLINOIS AVE, KENNER, LA, 70065",93493816,"L"
473536,"3009 INDIAN RIVER ROAD","CHESAPEAKE","VA",23325,36.82635665,-76.244058665,36,"3009 INDIAN RIVER ROAD, CHESAPEAKE, VA, 23325","Match","Exact","3009 INDIAN RIVER RD, CHESAPEAKE, VA, 23325",121770738,"R"
473537,"3009 IVY DRIVE","MONTROSE","CO",81401,38.4833591620001,-107.835249833,37,"3009 IVY DRIVE, MONTROSE, CO, 81401","Match","Exact","3009 IVY DR, MONTROSE, CO, 81401",619697069,"L"
473538,"3009 KELHAM CT","ARLINGTON","TX",76015,32.696158607,-97.136461907,38,"3009 KELHAM CT, ARLINGTON, TX, 76015","Match","Exact","3009 KELHAM CT, ARLINGTON, TX, 76015",101906900,"R"
473539,"3009 KINGSBURY ROAD","FORT WASHINGTON","MD",20011,NA,NA,39,"3009 KINGSBURY ROAD, FORT WASHINGTON, MD, 20011","No_Match",NA,NA,NA,NA
473540,"3009 KINGSTON CIRCLE B5","GREENVILE","NC",27834,35.594107238,-77.342317797,40,"3009 KINGSTON CIRCLE B5, GREENVILE, NC, 27834","Match","Non_Exact","3009 KINGSTON CIR, GREENVILLE, NC, 27858",80016744,"R"
473541,"3009 LAKE DRIVE","EAST GRAND RAPIDS","MI",49506,42.937867811,-85.595195234,41,"3009 LAKE DRIVE, EAST GRAND RAPIDS, MI, 49506","Match","Non_Exact","3009 LAKE DR SE, EAST GRAND RAPIDS, MI, 49506",12467869,"L"
473542,"3009 LEAF LN","ROYERSFORD","PA",19468,40.210459982,-75.5167675439999,42,"3009 LEAF LN, ROYERSFORD, PA, 19468","Match","Exact","3009 LEAF LN, ROYERSFORD, PA, 19468",616033285,"R"
473543,"3009 LEARLY LANE","ALTUS","OK",73521,34.6690097150001,-99.3242057739999,43,"3009 LEARLY LANE, ALTUS, OK, 73521","Match","Exact","3009 LEARLY LN, ALTUS, OK, 73521",171833068,"L"
473544,"3009 LEE ANN DRIVE","HUEYTOWN","AL",35023,33.4232382980001,-87.0236937069999,44,"3009 LEE ANN DRIVE, HUEYTOWN, AL, 35023","Match","Exact","3009 LEE ANN DR, HUEYTOWN, AL, 35023",640552739,"L"
473545,"3009 LINEVILLE RD","GREEN BAY","WI",54313,44.5906486370001,-88.1005585359999,45,"3009 LINEVILLE RD, GREEN BAY, WI, 54313","Match","Exact","3009 LINEVILLE RD, GREEN BAY, WI, 54313",148114242,"L"
473546,"3009 LINN ROAD","RAWLINS","WY",82301,NA,NA,46,"3009 LINN ROAD, RAWLINS, WY, 82301","No_Match",NA,NA,NA,NA
473547,"3009 LIPIZZAN DRIVE","DENOTN","TX",76210,33.1520981090001,-97.10177995,47,"3009 LIPIZZAN DRIVE, DENOTN, TX, 76210","Match","Non_Exact","3009 LIPIZZAN DR, DENTON, TX, 76210",625664065,"R"
473548,"3009 MALLOW RD","COVINGTON","VA",24426,NA,NA,48,"3009 MALLOW RD, COVINGTON, VA, 24426","No_Match",NA,NA,NA,NA
473549,"3009 MARTA CIR APT 303","KISSIMMEE","FL",34741,28.3380362350001,-81.412715196,49,"3009 MARTA CIR APT 303, KISSIMMEE, FL, 34741","Match","Exact","3009 MARTA CIR, KISSIMMEE, FL, 34741",631828145,"L"
473550,"3009 MARTA CIRCLE SUITE 303","KISSIMMEE","FL",34741,28.3380362350001,-81.412715196,50,"3009 MARTA CIRCLE SUITE 303, KISSIMMEE, FL, 34741","Match","Exact","3009 MARTA CIR, KISSIMMEE, FL, 34741",631828145,"L"
473551,"3009 MARTA CIRCLE UNIT 303","KISSIMMEE","FL",34741,28.3380362350001,-81.412715196,51,"3009 MARTA CIRCLE UNIT 303, KISSIMMEE, FL, 34741","Match","Exact","3009 MARTA CIR, KISSIMMEE, FL, 34741",631828145,"L"
473552,"3009 MEDIA DRIVE","LEANDER","TX",78641,30.550971492,-97.7910575449999,52,"3009 MEDIA DRIVE, LEANDER, TX, 78641","Match","Exact","3009 MEDIA DR, LEANDER, TX, 78641",648536549,"L"
473553,"3009 MIAMI ST","SAINT LOUIS","MO",63118,38.5907200870001,-90.234347027,53,"3009 MIAMI ST, SAINT LOUIS, MO, 63118","Match","Exact","3009 MIAMI ST, SAINT LOUIS, MO, 63118",107602368,"R"
473554,"3009 MILLFAIR ROAD","ERIE","PA",16506,42.063255913,-80.198334559,54,"3009 MILLFAIR ROAD, ERIE, PA, 16506","Match","Exact","3009 MILLFAIR RD, ERIE, PA, 16506",117522415,"L"
473555,"3009 MIRIAM COURT","DECATUR","GA",30032,33.726672405,-84.2674246839999,55,"3009 MIRIAM COURT, DECATUR, GA, 30032","Match","Exact","3009 MIRIAM CT, DECATUR, GA, 30032",23370533,"R"
473556,"3009 MOUNTAIN PARK CIR NW","HUNTSVILLE","AL",35810,34.7651214960001,-86.6022588559999,56,"3009 MOUNTAIN PARK CIR NW, HUNTSVILLE, AL, 35810","Match","Exact","3009 MOUNTAIN PARK CIR NW, HUNTSVILLE, AL, 35810",58115915,"L"
473557,"3009 N  KANSAS AVE","TOPEKA","KS",66617,39.1009216480001,-95.659954221,57,"3009 N  KANSAS AVE, TOPEKA, KS, 66617","Match","Exact","3009 N KANSAS AVE, TOPEKA, KS, 66617",17904494,"L"
473558,"3009 N 59TH STREET","MILWAUKEE","WI",53210,43.073816063,-87.986228517,58,"3009 N 59TH STREET, MILWAUKEE, WI, 53210","Match","Exact","3009 N 59TH ST, MILWAUKEE, WI, 53210",77731756,"R"
473559,"3009 N ANN ARBOR","OKLAHOMA CITY","OK",73127,35.5001537100001,-97.610037624,59,"3009 N ANN ARBOR, OKLAHOMA CITY, OK, 73127","Match","Non_Exact","3009 N ANN ARBOR AVE, OKLAHOMA CITY, OK, 73127",652823472,"L"
473560,"3009 N LAMAR BLVD","AUSTIN","TX",78705,30.299581195,-97.746602907,60,"3009 N LAMAR BLVD, AUSTIN, TX, 78705","Match","Exact","3009 N LAMAR BLVD, AUSTIN, TX, 78705",63942478,"R"
473561,"3009 N LOCUST RD","SPOKANE","WA",99206,47.68443789,-117.277426331,61,"3009 N LOCUST RD, SPOKANE, WA, 99206","Match","Exact","3009 N LOCUST RD, SPOKANE, WA, 99206",189886301,"L"
473562,"3009 NATIVE OAK DRIVE","FLOWER MOUND","TX",75028,33.0269990460001,-97.097726743,62,"3009 NATIVE OAK DRIVE, FLOWER MOUND, TX, 75028","Match","Non_Exact","3009 NATIVE OAK DR, FLOWER MOUND, TX, 75022",103409970,"L"
473563,"3009 NINTH ST LANE  NE","HICKORY","NC",28601,NA,NA,63,"3009 NINTH ST LANE  NE, HICKORY, NC, 28601","No_Match",NA,NA,NA,NA
473564,"3009 NITA STREET","HOUSTON","TX",77051,29.646136535,-95.379678741,64,"3009 NITA STREET, HOUSTON, TX, 77051","Match","Exact","3009 NITA ST, HOUSTON, TX, 77051",96088692,"L"
473565,"3009 NORTH OLA AVE","TAMPA","FL",33603,27.971905259,-82.463522653,65,"3009 NORTH OLA AVE, TAMPA, FL, 33603","Match","Exact","3009 N OLA AVE, TAMPA, FL, 33603",104521612,"R"
473566,"3009 NW GRANT PLACE","CORVALLIS","OR",97330,44.5791727220001,-123.285091706,66,"3009 NW GRANT PLACE, CORVALLIS, OR, 97330","Match","Exact","3009 NW GRANT PL, CORVALLIS, OR, 97330",155848762,"L"
473567,"3009 OAK HAMMOCK DRIVE","PORT ORANGE","FL",32129,29.150347369,-81.006670146,67,"3009 OAK HAMMOCK DRIVE, PORT ORANGE, FL, 32129","Match","Exact","3009 OAK HAMMOCK DR, PORT ORANGE, FL, 32129",94580727,"R"
473568,"3009 OAK MEADOW DRIVE","FLOWER MOUND","TX",75028,33.026753996,-97.0635223149999,68,"3009 OAK MEADOW DRIVE, FLOWER MOUND, TX, 75028","Match","Exact","3009 OAK MEADOW DR, FLOWER MOUND, TX, 75028",103378868,"R"
473569,"3009 OTTO DRIVE","STOCKTON","CA",95209,38.038138572,-121.355186248,69,"3009 OTTO DRIVE, STOCKTON, CA, 95209","Match","Exact","3009 OTTO DR, STOCKTON, CA, 95209",133842290,"L"
473570,"3009 PENNSYLVANIA 106","ST. LOUIS","MO",63118,38.6020118110001,-90.231827653,70,"3009 PENNSYLVANIA 106, ST. LOUIS, MO, 63118","Match","Non_Exact","3009 PENNSYLVANIA AVE, SAINT LOUIS, MO, 63118",107602231,"R"
473571,"3009 PENNY LANE","JOHNS ISLAND","SC",29455,32.754721594,-80.042641668,71,"3009 PENNY LANE, JOHNS ISLAND, SC, 29455","Match","Exact","3009 PENNY LN, JOHNS ISLAND, SC, 29455",617154788,"L"
473572,"3009 PRESTON WOODS TR","LAKE ST LOUIS","MO",63367,38.747256554,-90.794646923,72,"3009 PRESTON WOODS TR, LAKE ST LOUIS, MO, 63367","Match","Exact","3009 PRESTON WOODS TRL, LAKE SAINT LOUIS, MO, 63367",644930522,"L"
473573,"3009 RAINBOW DRIVE SUITE D","DECATUR","GA",30034,33.709736541,-84.267309438,73,"3009 RAINBOW DRIVE SUITE D, DECATUR, GA, 30034","Match","Exact","3009 RAINBOW DR, DECATUR, GA, 30034",23370727,"R"
473574,"3009 RICHMOND BLVD","OAKLAND","CA",94611,37.818796793,-122.260159434,74,"3009 RICHMOND BLVD, OAKLAND, CA, 94611","Match","Exact","3009 RICHMOND BLVD, OAKLAND, CA, 94611",125000315,"L"
473575,"3009 RIDGEMONT CIRCLE","KINGSPORT","TN",37663,36.42140634,-82.530584582,75,"3009 RIDGEMONT CIRCLE, KINGSPORT, TN, 37663","Match","Exact","3009 RIDGEMONT CIR, KINGSPORT, TN, 37663",127944395,"L"
473576,"3009 RIVERMEADE DR NW","ATLANTA","GA",30327,33.8373997790001,-84.456418044,76,"3009 RIVERMEADE DR NW, ATLANTA, GA, 30327","Match","Exact","3009 RIVERMEADE DR NW, ATLANTA, GA, 30327",17416113,"R"
473577,"3009 ROCKY CANYON DR","PEARLAND","TX",77584,29.553851073,-95.352373523,77,"3009 ROCKY CANYON DR, PEARLAND, TX, 77584","Match","Exact","3009 ROCKY CANYON DR, PEARLAND, TX, 77584",641869218,"L"
473578,"3009 S JOHN REDDITT DR SUITE E 164","LUFKIN","TX",75904,31.365162373,-94.7581627229999,78,"3009 S JOHN REDDITT DR SUITE E 164, LUFKIN, TX, 75904","Match","Non_Exact","3009 N JOHN REDDITT DR, LUFKIN, TX, 75904",23839129,"L"
473579,"3009 SAGANASHKEE LANE","NAPERVILLE","IL",60564,41.700898695,-88.206586065,79,"3009 SAGANASHKEE LANE, NAPERVILLE, IL, 60564","Match","Exact","3009 SAGANASHKEE LN, NAPERVILLE, IL, 60564",111627719,"L"
473580,"3009 SAINT CONRAD STREET","TAMPA","FL",33607,27.9639994570001,-82.491980537,80,"3009 SAINT CONRAD STREET, TAMPA, FL, 33607","Match","Non_Exact","3009 W SAINT CONRAD ST, TAMPA, FL, 33607",104516952,"R"
473581,"3009 SALENA STREET","SAINT LOUIS","MO",63118,38.598351542,-90.218614375,81,"3009 SALENA STREET, SAINT LOUIS, MO, 63118","Match","Exact","3009 SALENA ST, SAINT LOUIS, MO, 63118",605127728,"R"
473582,"3009 SAVANNAH WALK LN","SUWANEE","GA",30024,34.0093163170001,-84.0818105,82,"3009 SAVANNAH WALK LN, SUWANEE, GA, 30024","Match","Exact","3009 SAVANNAH WALK LN, SUWANEE, GA, 30024",88953091,"L"
473583,"3009 SCOTT DRIVE","ROWLETT","TX",75088,32.890599077,-96.574548964,83,"3009 SCOTT DRIVE, ROWLETT, TX, 75088","Match","Exact","3009 SCOTT DR, ROWLETT, TX, 75088",102972918,"R"
473584,"3009 SCOTTSDALE DR","KILLEEN","TX",76543,31.09130946,-97.705038388,84,"3009 SCOTTSDALE DR, KILLEEN, TX, 76543","Match","Exact","3009 SCOTTSDALE DR, KILLEEN, TX, 76543",146182583,"R"
473585,"3009 SE 16TH PL","CAPE CORAL","FL",33904,26.5956832210001,-81.940390161,85,"3009 SE 16TH PL, CAPE CORAL, FL, 33904","Match","Exact","3009 SE 16TH PL, CAPE CORAL, FL, 33904",118014913,"L"
473586,"3009 SENTINEL FERRY LANE","CARY","NC",27519,35.8086785400001,-78.9228000849999,86,"3009 SENTINEL FERRY LANE, CARY, NC, 27519","Match","Exact","3009 SENTINEL FERRY LN, CARY, NC, 27519",638349390,"R"
473587,"3009 SHAKERTOWN ROAD","BEAVERCREEK","OH",45434,39.70961921,-84.043159676,87,"3009 SHAKERTOWN ROAD, BEAVERCREEK, OH, 45434","Match","Exact","3009 SHAKERTOWN RD, BEAVERCREEK, OH, 45434",143419731,"L"
473588,"3009 SHANDWICK COURT","HOOVER","AL",35242,33.421174826,-86.660396165,88,"3009 SHANDWICK COURT, HOOVER, AL, 35242","Match","Exact","3009 SHANDWICK CT, HOOVER, AL, 35242",82084050,"R"
473589,"3009 SIMMS LANDING","PELHAM","AL",35124,NA,NA,89,"3009 SIMMS LANDING, PELHAM, AL, 35124","No_Match",NA,NA,NA,NA
473590,"3009 SONSILLA LN","SAN RAMON","CA",94582,37.7587144070001,-121.913083089,90,"3009 SONSILLA LN, SAN RAMON, CA, 94582","Match","Exact","3009 SONSILLA LN, SAN RAMON, CA, 94582",648141993,"R"
473591,"3009 ST ANN ST","BUTTE","MT",59701,45.9918936830001,-112.492486635,91,"3009 ST ANN ST, BUTTE, MT, 59701","Match","Non_Exact","3009 SAINT ANNS ST, BUTTE, MT, 59701",153580750,"R"
473592,"3009 STATE HWY 1661","GRAYSON","KY",41143,38.273877887,-82.973266641,92,"3009 STATE HWY 1661, GRAYSON, KY, 41143","Match","Exact","3009 STATE HWY 1661, GRAYSON, KY, 41143",39586440,"R"
473593,"3009 STEPHENSON PLACE NW","WASHINGTON","DC",20015,38.971379853,-77.0601974419999,93,"3009 STEPHENSON PLACE NW, WASHINGTON, DC, 20015","Match","Exact","3009 STEPHENSON PL NW, WASHINGTON, DC, 20015",76219370,"R"
473594,"3009 STONE FENCE COURT","DURHAM","NC",27704,36.0372040460001,-78.808148576,94,"3009 STONE FENCE COURT, DURHAM, NC, 27704","Match","Exact","3009 STONE FENCE CT, DURHAM, NC, 27704",618109884,"R"
473595,"3009 STONY RIDGE CT","ST. LOUIS","MO",63129,38.4391319750001,-90.325833114,95,"3009 STONY RIDGE CT, ST. LOUIS, MO, 63129","Match","Exact","3009 STONY RIDGE CT, SAINT LOUIS, MO, 63129",100168964,"R"
473596,"3009 SUMMERFIELD MANOR DRIVE","SAINT LOUIS","MO",63129,38.423979307,-90.321897447,96,"3009 SUMMERFIELD MANOR DRIVE, SAINT LOUIS, MO, 63129","Match","Exact","3009 SUMMERFIELD MANOR DR, SAINT LOUIS, MO, 63129",100168802,"L"
473597,"3009 SUMMITHILL PLACE","CHAMPAIGN","IL",61822,40.0780705700001,-88.296179115,97,"3009 SUMMITHILL PLACE, CHAMPAIGN, IL, 61822","Match","Exact","3009 SUMMITHILL PL, CHAMPAIGN, IL, 61822",8848348,"R"
473598,"3009 TIMBER LANE","KIRKSVILLE","MO",63501,40.165029272,-92.5671928849999,98,"3009 TIMBER LANE, KIRKSVILLE, MO, 63501","Match","Exact","3009 TIMBER LN, KIRKSVILLE, MO, 63501",624977279,"L"
473599,"3009 TRIPLE CROWN DR","INDIAN TRAIL","NC",28079,35.087250625,-80.6055973319999,99,"3009 TRIPLE CROWN DR, INDIAN TRAIL, NC, 28079","Match","Exact","3009 TRIPLE CROWN DR, INDIAN TRAIL, NC, 28079",614176664,"L"
473600,"3009 TULIP DR","BELLINGHAM","WA",98226,NA,NA,100,"3009 TULIP DR, BELLINGHAM, WA, 98226","No_Match",NA,NA,NA,NA
473601,"3009 TWELVESTONES ROAD","OWENS CROSS ROADS","AL",35763,34.684348566,-86.446623346,101,"3009 TWELVESTONES ROAD, OWENS CROSS ROADS, AL, 35763","Match","Non_Exact","3009 TWELVESTONES RD SE, OWENS CROSS ROADS, AL, 35763",58215999,"R"
473602,"3009 UPTON RD E","COLUMBUS","OH",43232,39.9162219180001,-82.8576932139999,102,"3009 UPTON RD E, COLUMBUS, OH, 43232","Match","Non_Exact","3009 UPTON RD W, COLUMBUS, OH, 43232",218677014,"R"
473603,"3009 VALENCIA","ANN ARBOR","MI",48108,42.2353625760001,-83.719195637,103,"3009 VALENCIA, ANN ARBOR, MI, 48108","Match","Non_Exact","3009 VALENCIA CIR, ANN ARBOR, MI, 48108",649892582,"L"
473604,"3009 VISTA VALLEY COURT","NASHVILLE","TN",37218,36.227597368,-86.832574203,104,"3009 VISTA VALLEY COURT, NASHVILLE, TN, 37218","Match","Exact","3009 VISTA VALLEY CT, NASHVILLE, TN, 37218",97183963,"R"
473605,"3009 W GIRARD AVE - APT 1","PHILADELPHIA","PA",19130,39.974813307,-75.1853337319999,105,"3009 W GIRARD AVE - APT 1, PHILADELPHIA, PA, 19130","Match","Non_Exact","3009 W GIRARD AVE, PHILADELPHIA, PA, 19130",131404877,"R"
473606,"3009 W GIRARD AVENUE - APT 1","PHILADELPHIA","PA",19130,39.974813307,-75.1853337319999,106,"3009 W GIRARD AVENUE - APT 1, PHILADELPHIA, PA, 19130","Match","Non_Exact","3009 W GIRARD AVE, PHILADELPHIA, PA, 19130",131404877,"R"
473607,"3009 W MONROE RD","SPOKANE","WA",99208,47.8352373160001,-117.4543807,107,"3009 W MONROE RD, SPOKANE, WA, 99208","Match","Exact","3009 W MONROE RD, SPOKANE, WA, 99208",632912275,"L"
473608,"3009 W NEWPORT AVE","CHICAGO","IL",60618,41.9440614850001,-87.703002031,108,"3009 W NEWPORT AVE, CHICAGO, IL, 60618","Match","Exact","3009 W NEWPORT AVE, CHICAGO, IL, 60618",641779557,"R"
473609,"3009 W NORTH A ST","TAMPA","FL",33609,27.9458928190001,-82.491699266,109,"3009 W NORTH A ST, TAMPA, FL, 33609","Match","Exact","3009 W NORTH A ST, TAMPA, FL, 33609",104526477,"R"
473610,"3009 W RUBY ST","PASCO","WA",99301,46.2424221520001,-119.130790352,110,"3009 W RUBY ST, PASCO, WA, 99301","Match","Exact","3009 W RUBY ST, PASCO, WA, 99301",175251868,"R"
473611,"3009 W WASHINGTON BLVD","CHICAGO","IL",60612,41.8828403370001,-87.7016221379999,111,"3009 W WASHINGTON BLVD, CHICAGO, IL, 60612","Match","Exact","3009 W WASHINGTON BLVD, CHICAGO, IL, 60612",111763554,"L"
473612,"3009 WEST RUBY ST","PASCO","WA",99301,46.2424221520001,-119.130789477,112,"3009 WEST RUBY ST, PASCO, WA, 99301","Match","Exact","3009 W RUBY ST, PASCO, WA, 99301",175251868,"R"
473613,"3009 WESTERN WAY","ROCKIN","CA",95765,38.8165170770001,-121.250265636,113,"3009 WESTERN WAY, ROCKIN, CA, 95765","Match","Non_Exact","3009 WESTERN WAY, ROCKLIN, CA, 95765",633183792,"L"
473614,"3009 WHEATLAND TERRACE","FREEPORT","IL",61032,42.3023154890001,-89.669479042,114,"3009 WHEATLAND TERRACE, FREEPORT, IL, 61032","Match","Exact","3009 WHEATLAND TER, FREEPORT, IL, 61032",32704726,"L"
473615,"3009 WINGLEWOOD CIRCLE","LUTZ","FL",33558,28.1668113710001,-82.4882162279999,115,"3009 WINGLEWOOD CIRCLE, LUTZ, FL, 33558","Match","Exact","3009 WINGLEWOOD CIR, LUTZ, FL, 33558",641382834,"L"
473616,"3009 WOODFIELD AVE","ALIQUIPPA","PA",15001,40.614939076,-80.290632527,116,"3009 WOODFIELD AVE, ALIQUIPPA, PA, 15001","Match","Non_Exact","3009 WOODFIELD DR, ALIQUIPPA, PA, 15001",627979214,"L"
473617,"3009-A WEST WILLIAM CANNON DRIVE","AUSTIN","TX",78745,30.2091475070001,-97.820392978,117,"3009-A WEST WILLIAM CANNON DRIVE, AUSTIN, TX, 78745","Match","Exact","3009 W WILLIAM CANNON DR, AUSTIN, TX, 78745",641667994,"L"
473618,"30090 GLENROSE WAY","HARVEST","AL",35749,34.7989658400001,-86.784601665,118,"30090 GLENROSE WAY, HARVEST, AL, 35749","Match","Exact","30090 GLENROSE WAY, HARVEST, AL, 35749",624969431,"L"
473619,"30090 RANCHO CALFORNIA RD 280","TEMECULA","CA",92591,33.508371471,-117.134725486,119,"30090 RANCHO CALFORNIA RD 280, TEMECULA, CA, 92591","Match","Non_Exact","30090 RANCHO CALIFORNIA RD, TEMECULA, CA, 92591",194869838,"L"
473620,"30090 RANCHO CALIFORNIA RD 280","TEMECULA","CA",92591,33.508371471,-117.134725486,120,"30090 RANCHO CALIFORNIA RD 280, TEMECULA, CA, 92591","Match","Exact","30090 RANCHO CALIFORNIA RD, TEMECULA, CA, 92591",194869838,"L"
473621,"30090 S HWY 125","MONKEY ISLAND","OK",74331,36.580906215,-94.8519110139999,121,"30090 S HWY 125, MONKEY ISLAND, OK, 74331","Match","Non_Exact","30090 STATE HWY 125, MONKEY ISLAND, OK, 74331",49663915,"R"
473622,"30091 STATE HWY 94","HERMANN","MO",65041,38.734754588,-91.347042368,122,"30091 STATE HWY 94, HERMANN, MO, 65041","Match","Exact","30091 STATE HWY 94, HERMANN, MO, 65041",90110343,"R"
473623,"30095 CAREY RD","SALEM","OH",44460,40.864286909,-80.931650159,123,"30095 CAREY RD, SALEM, OH, 44460","Match","Exact","30095 CAREY RD, SALEM, OH, 44460",605048135,"L"
473624,"30095 NORTHWESTERN HWY  102","FARMINGTON HILLS","MI",48334,NA,NA,124,"30095 NORTHWESTERN HWY  102, FARMINGTON HILLS, MI, 48334","No_Match",NA,NA,NA,NA
473625,"30095 NORTHWESTERN HWY 300","FARMINGTON HILLS","MI",48334,NA,NA,125,"30095 NORTHWESTERN HWY 300, FARMINGTON HILLS, MI, 48334","No_Match",NA,NA,NA,NA
473626,"30098 BAXTER","CHAPEL HILL","NC",27517,35.8513038630001,-79.0293953249999,126,"30098 BAXTER, CHAPEL HILL, NC, 27517","Match","Exact","30098 BAXTER, CHAPEL HILL, NC, 27517",600316685,"R"
473627,"30099 COUNTRY LANE","HERMISTON","OR",97838,45.864747761,-119.322270056,127,"30099 COUNTRY LANE, HERMISTON, OR, 97838","Match","Exact","30099 COUNTRY LN, HERMISTON, OR, 97838",170427760,"L"
473628,"300A VANCE STREET","CLINTON","NC",28320,34.998770742,-78.323306771,128,"300A VANCE STREET, CLINTON, NC, 28320","Match","Non_Exact","300 VANCE ST, CLINTON, NC, 28328",14240980,"R"
473629,"300A VANCE STREET","CLINTON","NC",28328,34.998770742,-78.323306771,129,"300A VANCE STREET, CLINTON, NC, 28328","Match","Exact","300 VANCE ST, CLINTON, NC, 28328",14240980,"R"
473630,"300A WASHINGTON STREET","NORWELL","MA",2061,42.164060374,-70.86745975,130,"300A WASHINGTON STREET, NORWELL, MA, 2061","Match","Exact","300 WASHINGTON ST, NORWELL, MA, 02061",87455724,"R"
473631,"300B PRINCETON-HIGHTSTOWN RD","EAST WINDSOR","NJ",8520,40.2880236610001,-74.568122976,131,"300B PRINCETON-HIGHTSTOWN RD, EAST WINDSOR, NJ, 8520","Match","Non_Exact","300 PRINCETON HIGHTSTOWN RD, EAST WINDSOR, NJ, 08520",60226524,"L"
473632,"300E JIMMIE LEEDS RD","GALLOWAY","NJ",8205,39.4660308110001,-74.498520349,132,"300E JIMMIE LEEDS RD, GALLOWAY, NJ, 8205","Match","Non_Exact","302 E JIMMIE LEEDS RD, GALLOWAY, NJ, 08205",202538048,"L"
473633,"300E LAFAYETTE STREET","MARION","AL",36756,NA,NA,133,"300E LAFAYETTE STREET, MARION, AL, 36756","Tie",NA,NA,NA,NA
473634,"301  CARVER CIRCLE","EUTAW","AL",35462,32.833425312,-87.878891575,134,"301  CARVER CIRCLE, EUTAW, AL, 35462","Match","Exact","301 CARVER CIR, EUTAW, AL, 35462",9652875,"R"
473635,"301  N NEVADA AVE","COLORADO SPRINGS","CO",80903,38.8381599200001,-104.821351097,135,"301  N NEVADA AVE, COLORADO SPRINGS, CO, 80903","Match","Exact","301 N NEVADA AVE, COLORADO SPRINGS, CO, 80903",105514197,"R"
473636,"301  S JACKSON APT 2","BAY CITY","MI",48708,NA,NA,136,"301  S JACKSON APT 2, BAY CITY, MI, 48708","No_Match",NA,NA,NA,NA
473637,"301 1/2  GOODMAN ST","SUFFOLK","VA",23434,36.729722516,-76.5658655239999,137,"301 1/2  GOODMAN ST, SUFFOLK, VA, 23434","Match","Exact","301 GOODMAN ST, SUFFOLK, VA, 23434",122227559,"L"
473638,"301 1/2 SOUTH MOONEY AVE","HAMMOND","LA",70403,30.498998457,-90.474123466,138,"301 1/2 SOUTH MOONEY AVE, HAMMOND, LA, 70403","Match","Non_Exact","301 MOONEY AVE, HAMMOND, LA, 70403",75754801,"R"
473639,"301 100TH STREET APT1D","BROOKLYN","NY",11209,40.6136113100001,-74.0352089799999,139,"301 100TH STREET APT1D, BROOKLYN, NY, 11209","Match","Exact","301 100TH ST, BROOKLYN, NY, 11209",59087423,"L"
473640,"301 106TH AVE SE","BELLEVUE","WA",98004,47.6073016280001,-122.198769571,140,"301 106TH AVE SE, BELLEVUE, WA, 98004","Match","Exact","301 106TH AVE SE, BELLEVUE, WA, 98004",650646905,"R"
473641,"301 10TH STREET NE","CULLMAN","AL",35055,34.1862475340001,-86.844731845,141,"301 10TH STREET NE, CULLMAN, AL, 35055","Match","Exact","301 10TH ST NE, CULLMAN, AL, 35055",130223019,"L"
473642,"301 11TH AVE","WORTHINGTON","MN",56187,NA,NA,142,"301 11TH AVE, WORTHINGTON, MN, 56187","Tie",NA,NA,NA,NA
473643,"301 12TH AVE APT 501","SEATTLE","WA",98122,47.6043810350001,-122.31678926,143,"301 12TH AVE APT 501, SEATTLE, WA, 98122","Match","Exact","301 12TH AVE, SEATTLE, WA, 98122",186993450,"L"
473644,"301 151ST PL NE","BELLEVUE","WA",98007,47.6113071680001,-122.138224247,144,"301 151ST PL NE, BELLEVUE, WA, 98007","Match","Exact","301 151ST PL NE, BELLEVUE, WA, 98007",186614119,"L"
473645,"301 155TH AVE NE","BELLEVUE","WA",98007,47.6124519100001,-122.133706758,145,"301 155TH AVE NE, BELLEVUE, WA, 98007","Match","Exact","301 155TH AVE NE, BELLEVUE, WA, 98007",186614144,"L"
473646,"301 155TH","BELLEVUE","WA",98007,NA,NA,146,"301 155TH, BELLEVUE, WA, 98007","No_Match",NA,NA,NA,NA
473647,"301 15TH ST","CORBIN","KY",40701,36.9350515350001,-84.096171302,147,"301 15TH ST, CORBIN, KY, 40701","Match","Non_Exact","301 W 15TH ST, CORBIN, KY, 40701",150141147,"R"
473648,"301 16TH AVE S","SEATTLE","WA",98144,47.599938577,-122.311583505,148,"301 16TH AVE S, SEATTLE, WA, 98144","Match","Exact","301 16TH AVE S, SEATTLE, WA, 98144",186592849,"R"
473649,"301 174 STREET","SUNNY ISLES","FL",33160,25.936877892,-80.128782284,149,"301 174 STREET, SUNNY ISLES, FL, 33160","Match","Non_Exact","301 NE 174TH ST, SUNNY ISLES BEACH, FL, 33160",609080414,"R"
473650,"301 1ST AVENUE SOUTH","STATE CENTER","IA",50247,42.014861223,-93.163133144,150,"301 1ST AVENUE SOUTH, STATE CENTER, IA, 50247","Match","Exact","301 1ST AVE S, STATE CENTER, IA, 50247",90924692,"R"
473651,"301 1ST AVENUE","WILMINGTON","DE",19804,39.7181946650001,-75.606376457,151,"301 1ST AVENUE, WILMINGTON, DE, 19804","Match","Exact","301 1ST AVE, WILMINGTON, DE, 19804",187267860,"L"
473652,"301 1ST ST NE","RIO RANCHO","NM",87124,35.263161987,-106.734738444,152,"301 1ST ST NE, RIO RANCHO, NM, 87124","Match","Exact","301 1ST ST NE, RIO RANCHO, NM, 87124",194033567,"R"
473653,"301 1ST ST SE","BOWBELLS","ND",58721,48.801584302,-102.243856841,153,"301 1ST ST SE, BOWBELLS, ND, 58721","Match","Exact","301 1ST ST SE, BOWBELLS, ND, 58721",200028190,"L"
473654,"301 1ST STREET S SUITE 3-80","YELM","WA",98597,46.9453000020001,-122.600741158,154,"301 1ST STREET S SUITE 3-80, YELM, WA, 98597","Match","Non_Exact","301 1ST ST N, YELM, WA, 98597",180964545,"L"
473655,"301 27TH STREET","SACRAMENTO","CA",95816,38.5818122090001,-121.467226777,155,"301 27TH STREET, SACRAMENTO, CA, 95816","Match","Exact","301 27TH ST, SACRAMENTO, CA, 95816",133422104,"L"
473656,"301 28TH AVENUE N APT 113","NASHVILLE","TN",37203,36.1473970480001,-86.814160563,156,"301 28TH AVENUE N APT 113, NASHVILLE, TN, 37203","Match","Exact","301 28TH AVE N, NASHVILLE, TN, 37203",97185254,"L"
473657,"301 28TH AVENUE N","FARGO","ND",58102,46.9125076770001,-96.783125677,157,"301 28TH AVENUE N, FARGO, ND, 58102","Match","Exact","301 28TH AVE N, FARGO, ND, 58102",151445879,"R"
473658,"301 29TH AVE N APT 302","NASHVILLE","TN",37203,36.1470610270001,-86.8150905109999,158,"301 29TH AVE N APT 302, NASHVILLE, TN, 37203","Match","Exact","301 29TH AVE N, NASHVILLE, TN, 37203",97185252,"L"
473659,"301 2ND AVE NE","DAYTON","IA",50530,42.2633683060001,-94.064596546,159,"301 2ND AVE NE, DAYTON, IA, 50530","Match","Exact","301 2ND AVE NE, DAYTON, IA, 50530",66069293,"L"
473660,"301 2ND ST E APT 2","HECTOR","MN",55342,44.7428787790001,-94.713612121,160,"301 2ND ST E APT 2, HECTOR, MN, 55342","Match","Exact","301 2ND ST E, HECTOR, MN, 55342",34057780,"R"
473661,"301 37TH ST","RIVERIA BEACH","FL",33404,26.791936693,-80.05894469,161,"301 37TH ST, RIVERIA BEACH, FL, 33404","Match","Non_Exact","301 W 37TH ST, RIVIERA BEACH, FL, 33404",115276057,"L"
473662,"301 3RD AVE NE","BOWMAN","ND",58623,46.184545728,-103.390154432,162,"301 3RD AVE NE, BOWMAN, ND, 58623","Match","Exact","301 3RD AVE NE, BOWMAN, ND, 58623",646053239,"L"
473663,"301 3RD AVE SW PO BOX 294","DAYTON","IA",50530,42.2586896770001,-94.0723178599999,163,"301 3RD AVE SW PO BOX 294, DAYTON, IA, 50530","Match","Exact","301 3RD AVE SW, DAYTON, IA, 50530",66069361,"R"
473664,"301 3RD AVE","SOUTH SIOUX CITY","NE",68776,42.486450592,-96.416827865,164,"301 3RD AVE, SOUTH SIOUX CITY, NE, 68776","Match","Exact","301 3RD AVE, SOUTH SIOUX CITY, NE, 68776",193815475,"R"
473665,"301 3RD ST","ARMSTRONG","IA",50514,NA,NA,165,"301 3RD ST, ARMSTRONG, IA, 50514","Tie",NA,NA,NA,NA
473666,"301 3RD ST","DELAWARE","IA",52036,42.4744778880001,-91.341388217,166,"301 3RD ST, DELAWARE, IA, 52036","Match","Exact","301 3RD ST, DELAWARE, IA, 52036",16861764,"L"
473667,"301 3RD STREET UNIT 3","BROOKLYN","NY",11215,40.6738792580001,-73.9855058589999,167,"301 3RD STREET UNIT 3, BROOKLYN, NY, 11215","Match","Exact","301 3RD ST, BROOKLYN, NY, 11215",59075679,"L"
473668,"301 3RD STREET","ALBION","IL",62806,38.3831042910001,-88.054337001,168,"301 3RD STREET, ALBION, IL, 62806","Match","Non_Exact","301 N 3RD ST, ALBION, IL, 62806",38123447,"R"
473669,"301 3RD STREET","PIQUA","OH",45356,40.142314663,-84.2344780829999,169,"301 3RD STREET, PIQUA, OH, 45356","Match","Exact","301 3RD ST, PIQUA, OH, 45356",135294974,"R"
473670,"301 4TH AVE SOUTH - SUITE 280N","MINNEAPOLIS","MN",55415,44.9783471320001,-93.263581308,170,"301 4TH AVE SOUTH - SUITE 280N, MINNEAPOLIS, MN, 55415","Match","Exact","301 4TH AVE S, MINNEAPOLIS, MN, 55415",43632471,"L"
473671,"301 4TH ST","GRAFTON","IA",50440,43.331025492,-93.070703441,171,"301 4TH ST, GRAFTON, IA, 50440","Match","Exact","301 4TH ST, GRAFTON, IA, 50440",7498750,"R"
473672,"301 4TH STREET","STEINAUER","NE",68441,40.2084627030001,-96.230677502,172,"301 4TH STREET, STEINAUER, NE, 68441","Match","Exact","301 4TH ST, STEINAUER, NE, 68441",34449768,"R"
473673,"301 4TH STREET","WALKER","MN",56484,NA,NA,173,"301 4TH STREET, WALKER, MN, 56484","No_Match",NA,NA,NA,NA
473674,"301 52ND ST SW","CANTON","OH",44706,40.7370151010001,-81.373445789,174,"301 52ND ST SW, CANTON, OH, 44706","Match","Exact","301 52ND ST SW, CANTON, OH, 44706",623746455,"R"
473675,"301 5TH AVENUE NORTH","MAPLETON","ND",58059,46.8923659440001,-97.049741927,175,"301 5TH AVENUE NORTH, MAPLETON, ND, 58059","Match","Non_Exact","301 5TH AVE, MAPLETON, ND, 58059",151434032,"R"
473676,"301 6TH ST","ALEXANDRIA","PA",16611,40.559898795,-78.103230996,176,"301 6TH ST, ALEXANDRIA, PA, 16611","Match","Exact","301 6TH ST, ALEXANDRIA, PA, 16611",50616890,"R"
473677,"301 6TH ST","DELAWARE","IA",52036,42.474436424,-91.347028127,177,"301 6TH ST, DELAWARE, IA, 52036","Match","Exact","301 6TH ST, DELAWARE, IA, 52036",16861770,"L"
473678,"301 6TH STREET SW","ROSEAU","MN",56751,48.8405436840001,-95.76617082,178,"301 6TH STREET SW, ROSEAU, MN, 56751","Match","Exact","301 6TH ST SW, ROSEAU, MN, 56751",611929759,"R"
473679,"301 79TH STREET","NORTH BERGEN","NJ",7047,40.799805249,-74.003111914,179,"301 79TH STREET, NORTH BERGEN, NJ, 7047","Match","Exact","301 79TH ST, NORTH BERGEN, NJ, 07047",59599729,"L"
473680,"301 7TH AVENUE SPACE 26","LIMON","CO",80828,39.1377123130001,-103.470080323,180,"301 7TH AVENUE SPACE 26, LIMON, CO, 80828","Match","Non_Exact","301 7TH ST, LIMON, CO, 80828",112862338,"R"
473681,"301 7TH ST","HAMPTON","IL",61256,41.557703782,-90.4106236699999,181,"301 7TH ST, HAMPTON, IL, 61256","Match","Exact","301 7TH ST, HAMPTON, IL, 61256",9228153,"L"
473682,"301 8TH AVE","CLAYTON","WI",54004,45.323870948,-92.093777457,182,"301 8TH AVE, CLAYTON, WI, 54004","Match","Exact","301 8TH AVE, CLAYTON, WI, 54004",126294706,"L"
473683,"301 8TH AVENUE","HADDON HEIGHTS","NJ",8035,39.8789458570001,-75.0592582959999,183,"301 8TH AVENUE, HADDON HEIGHTS, NJ, 8035","Match","Exact","301 8TH AVE, HADDON HEIGHTS, NJ, 08035",134351819,"L"
473684,"301 ABERDEEN DRIVE","GREENVILLE","SC",29605,34.8220174370001,-82.399486199,184,"301 ABERDEEN DRIVE, GREENVILLE, SC, 29605","Match","Exact","301 ABERDEEN DR, GREENVILLE, SC, 29605",38357696,"L"
473685,"301 ADAIR ST","ADAIR","IA",50002,41.5033086170001,-94.641248248,185,"301 ADAIR ST, ADAIR, IA, 50002","Match","Exact","301 ADAIR ST, ADAIR, IA, 50002",61676403,"R"
473686,"301 ADELE AVE","ROHNERT PARK","CA",94928,38.3392296110001,-122.707587698,186,"301 ADELE AVE, ROHNERT PARK, CA, 94928","Match","Exact","301 ADELE AVE, ROHNERT PARK, CA, 94928",67508312,"R"
473687,"301 ADRIANA CT","NORTHAMPTON","PA",18067,40.675072701,-75.479518764,187,"301 ADRIANA CT, NORTHAMPTON, PA, 18067","Match","Exact","301 ADRIANA CT, NORTHAMPTON, PA, 18067",136922600,"R"
473688,"301 AIRPORT ROAD","BLOOMSBURG","PA",17815,NA,NA,188,"301 AIRPORT ROAD, BLOOMSBURG, PA, 17815","No_Match",NA,NA,NA,NA
473689,"301 ALBEMARLE DRIVE","TULLAHOMA","TN",37388,35.388994042,-86.195378271,189,"301 ALBEMARLE DRIVE, TULLAHOMA, TN, 37388","Match","Exact","301 ALBEMARLE DR, TULLAHOMA, TN, 37388",647977683,"R"
473690,"301 ALFA RD","NORTH LITTLE ROCK","AK",72117,NA,NA,190,"301 ALFA RD, NORTH LITTLE ROCK, AK, 72117","No_Match",NA,NA,NA,NA
473691,"301 ALMA DR","ALMA","TX",75119,NA,NA,191,"301 ALMA DR, ALMA, TX, 75119","No_Match",NA,NA,NA,NA
473692,"301 ALTON ROAD","JACKSONVILLE","AL",36265,33.777378388,-85.7692866959999,192,"301 ALTON ROAD, JACKSONVILLE, AL, 36265","Match","Exact","301 ALTON RD, JACKSONVILLE, AL, 36265",66570582,"L"
473693,"301 ALVAREZ DR","EL PASO","TX",79932,31.8609032900001,-106.579653109,193,"301 ALVAREZ DR, EL PASO, TX, 79932","Match","Exact","301 ALVAREZ DR, EL PASO, TX, 79932",189334313,"L"
473694,"301 AMHERST DRIVE","TULLAHOMA","TN",37388,35.387033273,-86.2003818329999,194,"301 AMHERST DRIVE, TULLAHOMA, TN, 37388","Match","Exact","301 AMHERST DR, TULLAHOMA, TN, 37388",647977682,"L"
473695,"301 ANDERSON ROAD","MILFORD","NJ",8848,40.6070391970001,-75.136697226,195,"301 ANDERSON ROAD, MILFORD, NJ, 8848","Match","Non_Exact","301 ANDERSEN RD, MILFORD, NJ, 08848",60022612,"R"
473696,"301 ANNABELLE LANE","LAFAYETTE","LA",70508,30.1139324230001,-92.053676412,196,"301 ANNABELLE LANE, LAFAYETTE, LA, 70508","Match","Non_Exact","301 ANNABELLE DR, LAFAYETTE, LA, 70508",642936352,"L"
473697,"301 ANSLEM DRIVE","LAFAYETTE","LA",70506,NA,NA,197,"301 ANSLEM DRIVE, LAFAYETTE, LA, 70506","No_Match",NA,NA,NA,NA
473698,"301 APPLE DRIVE","WISE","VA",24293,36.9654120660001,-82.585541908,198,"301 APPLE DRIVE, WISE, VA, 24293","Match","Non_Exact","301 APPLE DR SE, WISE, VA, 24293",83460297,"R"
473699,"301 APRIL COVE","JACKSON","MS",39212,32.228892892,-90.290582983,199,"301 APRIL COVE, JACKSON, MS, 39212","Match","Exact","301 APRIL COVE, JACKSON, MS, 39212",611224348,"R"
473700,"301 ARBOR CREEK DRIVE","DALLAS","HI",30157,NA,NA,200,"301 ARBOR CREEK DRIVE, DALLAS, HI, 30157","No_Match",NA,NA,NA,NA
473701,"301 ARBOR LAKE BLVD","HERMITAGE","TN",37076,NA,NA,201,"301 ARBOR LAKE BLVD, HERMITAGE, TN, 37076","Tie",NA,NA,NA,NA
473702,"301 ARDMORE STREET","BLACKSBURG","VA",24060,37.2147304150001,-80.397307164,202,"301 ARDMORE STREET, BLACKSBURG, VA, 24060","Match","Exact","301 ARDMORE ST, BLACKSBURG, VA, 24060",636653247,"L"
473703,"301 ARLLINGTON DR","METAIRIE","LA",70001,29.9822030400001,-90.148036475,203,"301 ARLLINGTON DR, METAIRIE, LA, 70001","Match","Non_Exact","301 ARLINGTON DR, METAIRIE, LA, 70001",93503136,"L"
473704,"301 ARROYO SECO DRIVE","HOLLISTER","CA",95023,36.92636716,-121.366509467,204,"301 ARROYO SECO DRIVE, HOLLISTER, CA, 95023","Match","Exact","301 ARROYO SECO DR, HOLLISTER, CA, 95023",645522030,"L"
473705,"301 ASH ST","WINCHENDON","MA",1475,42.6599914280001,-72.016180699,205,"301 ASH ST, WINCHENDON, MA, 1475","Match","Exact","301 ASH ST, WINCHENDON, MA, 01475",40105598,"L"
473706,"301 ASH","RAYMOND","KS",67573,38.2768011750001,-98.412692834,206,"301 ASH, RAYMOND, KS, 67573","Match","Non_Exact","301 ASH ST, RAYMOND, KS, 67573",624266265,"R"
473707,"301 ATHENS ST","WARNER ROBINS","GA",31088,32.5972063950001,-83.6085899189999,207,"301 ATHENS ST, WARNER ROBINS, GA, 31088","Match","Exact","301 ATHENS ST, WARNER ROBINS, GA, 31088",91220583,"L"
473708,"301 AUBURN AVENUE NORTH","EVELETH","MN",55734,47.4639091240001,-92.529538405,208,"301 AUBURN AVENUE NORTH, EVELETH, MN, 55734","Match","Non_Exact","301 AUBURN AVE, EVELETH, MN, 55734",163171299,"L"
473709,"301 AUDUBON DR","MOUNT VERNON","NC",47620,NA,NA,209,"301 AUDUBON DR, MOUNT VERNON, NC, 47620","No_Match",NA,NA,NA,NA
473710,"301 AUTUMN GOLD DR","CHICO","CA",95973,39.755542495,-121.867981108,210,"301 AUTUMN GOLD DR, CHICO, CA, 95973","Match","Exact","301 AUTUMN GOLD DR, CHICO, CA, 95973",68473435,"R"
473711,"301 AUTUMN HILL","MURPHY","TX",75094,33.0330385090001,-96.617045515,211,"301 AUTUMN HILL, MURPHY, TX, 75094","Match","Exact","301 AUTUMN HILL, MURPHY, TX, 75094",210489675,"R"
473712,"301 AVOCADO ST APT 4","COSTA MESA","AZ",92627,NA,NA,212,"301 AVOCADO ST APT 4, COSTA MESA, AZ, 92627","No_Match",NA,NA,NA,NA
473713,"301 AVON AVE","NEWARK","NJ",7108,40.7262497130001,-74.2037503449999,213,"301 AVON AVE, NEWARK, NJ, 7108","Match","Exact","301 AVON AVE, NEWARK, NJ, 07108",63466045,"R"
473714,"301 AVON ROAD","UPPER DARBY","PA",19082,39.9563407480001,-75.266484812,214,"301 AVON ROAD, UPPER DARBY, PA, 19082","Match","Exact","301 AVON RD, UPPER DARBY, PA, 19082",134877703,"R"
473715,"301 AVONDALE  APT 21","HOUSTON","TX",77006,29.745481253,-95.38488725,215,"301 AVONDALE  APT 21, HOUSTON, TX, 77006","Match","Non_Exact","301 AVONDALE ST, HOUSTON, TX, 77006",96064623,"R"
473716,"301 AVONDALE ST APT 4","HOUSTON","TX",77006,29.745481253,-95.38488725,216,"301 AVONDALE ST APT 4, HOUSTON, TX, 77006","Match","Exact","301 AVONDALE ST, HOUSTON, TX, 77006",96064623,"R"
473717,"301 AVONDALE ST SUITE 21","HOUSTON","TX",77006,29.745481253,-95.38488725,217,"301 AVONDALE ST SUITE 21, HOUSTON, TX, 77006","Match","Exact","301 AVONDALE ST, HOUSTON, TX, 77006",96064623,"R"
473718,"301 AVONDALE STREET  NO 21","AUSTIN","TX",77006,29.745481253,-95.38488725,218,"301 AVONDALE STREET  NO 21, AUSTIN, TX, 77006","Match","Non_Exact","301 AVONDALE ST, HOUSTON, TX, 77006",96064623,"R"
473719,"301 AZALEA ST","LAFAYETTE","LA",70506,30.220077475,-92.026984036,219,"301 AZALEA ST, LAFAYETTE, LA, 70506","Match","Exact","301 AZALEA ST, LAFAYETTE, LA, 70506",85639402,"L"
473720,"301 B STREET","SERGEANT BLUFF","IA",51054,42.4025638040001,-96.3642232879999,220,"301 B STREET, SERGEANT BLUFF, IA, 51054","Match","Exact","301 B ST, SERGEANT BLUFF, IA, 51054",93425010,"L"
473721,"301 BAILEY","DUMAS","TX",79029,35.871976492,-101.954116372,221,"301 BAILEY, DUMAS, TX, 79029","Match","Non_Exact","301 BAILEY AVE, DUMAS, TX, 79029",164660608,"L"
473722,"301 BANK ST","MILLTOWN","WI",54858,45.525894728,-92.510828096,222,"301 BANK ST, MILLTOWN, WI, 54858","Match","Exact","301 BANK ST, MILLTOWN, WI, 54858",110835372,"L"
473723,"301 BAREBACK TRL","HARKER HEIGHTS","TX",76548,31.0537112100001,-97.6687804379999,223,"301 BAREBACK TRL, HARKER HEIGHTS, TX, 76548","Match","Exact","301 BAREBACK TRL, HARKER HEIGHTS, TX, 76548",146206785,"L"
473724,"301 BARREN HILL ROAD","CONSHOHOCKEN","PA",19428,40.0761961160001,-75.274472868,224,"301 BARREN HILL ROAD, CONSHOHOCKEN, PA, 19428","Match","Exact","301 BARREN HILL RD, CONSHOHOCKEN, PA, 19428",135086320,"R"
473725,"301 BARTON STREET","LITTLE ROCK","AR",72205,34.748085367,-92.297661886,225,"301 BARTON STREET, LITTLE ROCK, AR, 72205","Match","Non_Exact","301 S BARTON ST, LITTLE ROCK, AR, 72205",83509091,"L"
473726,"301 BAY 10TH ST","BRROKLYN","NY",11228,40.60520691,-74.0147397929999,226,"301 BAY 10TH ST, BRROKLYN, NY, 11228","Match","Non_Exact","301 BAY 10TH ST, BROOKLYN, NY, 11228",59087869,"L"
473727,"301 BAY LAUREL CIRCLE","WARNER ROBBINS","GA",31088,32.573003715,-83.6857956549999,227,"301 BAY LAUREL CIRCLE, WARNER ROBBINS, GA, 31088","Match","Non_Exact","301 BAY LAUREL CIR, WARNER ROBINS, GA, 31088",647588368,"R"
473728,"301 BAYLOR ST","EAST PEORIA","IL",61611,40.628991409,-89.5544588389999,228,"301 BAYLOR ST, EAST PEORIA, IL, 61611","Match","Exact","301 BAYLOR ST, EAST PEORIA, IL, 61611",22501193,"L"
473729,"301 BAYLOR","EAST PEORIA","IL",61571,NA,NA,229,"301 BAYLOR, EAST PEORIA, IL, 61571","No_Match",NA,NA,NA,NA
473730,"301 BAYOU STREET","MOBILE","AL",36603,30.6821547390001,-88.0512611569999,230,"301 BAYOU STREET, MOBILE, AL, 36603","Match","Non_Exact","301 S BAYOU ST, MOBILE, AL, 36603",61868007,"L"
473731,"301 BEACON PARKWAY W STE 120","BIRMINGHAM","AL",35209,33.473291836,-86.822756313,231,"301 BEACON PARKWAY W STE 120, BIRMINGHAM, AL, 35209","Match","Exact","301 BEACON PKWY W, BIRMINGHAM, AL, 35209",81717280,"L"
473732,"301 BEACON PARKWAY WEST","BIRMINGHAM","AL",35209,33.473291836,-86.822756313,232,"301 BEACON PARKWAY WEST, BIRMINGHAM, AL, 35209","Match","Exact","301 BEACON PKWY W, BIRMINGHAM, AL, 35209",81717280,"L"
473733,"301 BEACON PKWAY S 120 POBOX 39023","BIRMINGHAM","AL",35208,NA,NA,233,"301 BEACON PKWAY S 120 POBOX 39023, BIRMINGHAM, AL, 35208","No_Match",NA,NA,NA,NA
473734,"301 BEACON PKWAY S120 POBOX 39023","BIRMINGHAM","AL",35208,NA,NA,234,"301 BEACON PKWAY S120 POBOX 39023, BIRMINGHAM, AL, 35208","No_Match",NA,NA,NA,NA
473735,"301 BEECH AVE","LINWOOD","NJ",8221,39.330801111,-74.5872622539999,235,"301 BEECH AVE, LINWOOD, NJ, 8221","Match","Exact","301 BEECH AVE, LINWOOD, NJ, 08221",202504521,"L"
473736,"301 BEECH STREET  11E","HACKENSACK","NJ",7601,40.8865665610001,-74.055363427,236,"301 BEECH STREET  11E, HACKENSACK, NJ, 7601","Match","Exact","301 BEECH ST, HACKENSACK, NJ, 07601",64385813,"L"
473737,"301 BEECH STREET 4E","HACKENSACK","NJ",7601,40.8865665610001,-74.055363427,237,"301 BEECH STREET 4E, HACKENSACK, NJ, 7601","Match","Exact","301 BEECH ST, HACKENSACK, NJ, 07601",64385813,"L"
473738,"301 BEECH STREET 5K","HACKENSACK","NJ",7601,40.8865665610001,-74.055363427,238,"301 BEECH STREET 5K, HACKENSACK, NJ, 7601","Match","Exact","301 BEECH ST, HACKENSACK, NJ, 07601",64385813,"L"
473739,"301 BELL STREET","LEADWOOD","MO",63653,37.8680821090001,-90.587939537,239,"301 BELL STREET, LEADWOOD, MO, 63653","Match","Exact","301 BELL ST, LEADWOOD, MO, 63653",62379708,"L"
473740,"301 BELLE POINTE CIRCLE","MADISON","MS",39110,32.5457315150001,-90.154582443,240,"301 BELLE POINTE CIRCLE, MADISON, MS, 39110","Match","Exact","301 BELLE POINTE CIR, MADISON, MS, 39110",152486240,"L"
473741,"301 BELLEVUE WAY SE","BELLEVUE","WA",98004,47.6079478520001,-122.201433607,241,"301 BELLEVUE WAY SE, BELLEVUE, WA, 98004","Match","Exact","301 BELLEVUE WAY SE, BELLEVUE, WA, 98004",186965988,"R"
473742,"301 BELLMORE AVE","EAST MEADOW","NY",11554,40.7167416870001,-73.53477084,242,"301 BELLMORE AVE, EAST MEADOW, NY, 11554","Match","Non_Exact","301 BELLMORE RD, EAST MEADOW, NY, 11554",147634025,"L"
473743,"301 BELMONT ROAD","BUTLER","PA",16001,40.8768810820001,-79.8925252769999,243,"301 BELMONT ROAD, BUTLER, PA, 16001","Match","Exact","301 BELMONT RD, BUTLER, PA, 16001",52686274,"R"
473744,"301 BELTWOOD","DE SOTO","TX",75115,32.594021641,-96.827375616,244,"301 BELTWOOD, DE SOTO, TX, 75115","Match","Non_Exact","301 BELTWOOD CT, DESOTO, TX, 75115",102972570,"L"
473745,"301 BENDIX ROAD SUITE 500","VIRGINIA BEACH","VA",23452,NA,NA,245,"301 BENDIX ROAD SUITE 500, VIRGINIA BEACH, VA, 23452","No_Match",NA,NA,NA,NA
473746,"301 BENT TREE EST","SCOTT DEPOT","WV",25560,38.4460685810001,-81.907085127,246,"301 BENT TREE EST, SCOTT DEPOT, WV, 25560","Match","Non_Exact","301 BENT TREE ESTS, SCOTT DEPOT, WV, 25560",130541889,"L"
473747,"301 BERRY ST","OAK HILL","WV",25901,37.9817739760001,-81.135020733,247,"301 BERRY ST, OAK HILL, WV, 25901","Match","Exact","301 BERRY ST, OAK HILL, WV, 25901",75073305,"R"
473748,"301 BETHEL RD B10","ASTON","PA",19104,39.8437197900001,-75.408157471,248,"301 BETHEL RD B10, ASTON, PA, 19104","Match","Non_Exact","301 BETHEL RD, ASTON, PA, 19014",134888891,"R"
473749,"301 BIDWELL STREET","MORO","OR",97039,45.484118902,-120.734421876,249,"301 BIDWELL STREET, MORO, OR, 97039","Match","Exact","301 BIDWELL ST, MORO, OR, 97039",175500808,"L"
473750,"301 BIMINI LANE APT 3A","GREENSBORO","NC",27406,35.9997544720001,-79.79603931,250,"301 BIMINI LANE APT 3A, GREENSBORO, NC, 27406","Match","Exact","301 BIMINI LN, GREENSBORO, NC, 27406",646504048,"L"
473751,"301 BIRCH ST","WARRENSBURG","MO",64093,38.763767525,-93.707049857,251,"301 BIRCH ST, WARRENSBURG, MO, 64093","Match","Exact","301 BIRCH ST, WARRENSBURG, MO, 64093",95352479,"R"
473752,"301 BIRCH STREET","PENCE","WI",54550,NA,NA,252,"301 BIRCH STREET, PENCE, WI, 54550","No_Match",NA,NA,NA,NA
473753,"301 BISHOPS HALL COURT","UPPER MARLBORO","MD",20774,38.8937149170001,-76.7582060999999,253,"301 BISHOPS HALL COURT, UPPER MARLBORO, MD, 20774","Match","Exact","301 BISHOPS HALL CT, UPPER MARLBORO, MD, 20774",646629992,"R"
473754,"301 BIVENS STREET","WINGATE","NC",28174,34.9856721190001,-80.4539202079999,254,"301 BIVENS STREET, WINGATE, NC, 28174","Match","Exact","301 BIVENS ST, WINGATE, NC, 28174",14176465,"L"
473755,"301 BLACKSTONE BLVD","PROVIDENCE","RI",2906,41.8439788630001,-71.38633563,255,"301 BLACKSTONE BLVD, PROVIDENCE, RI, 2906","Match","Exact","301 BLACKSTONE BLVD, PROVIDENCE, RI, 02906",47465096,"R"
473756,"301 BLEECKER ST","UTICA","NY",13501,43.100924128,-75.226435244,256,"301 BLEECKER ST, UTICA, NY, 13501","Match","Exact","301 BLEECKER ST, UTICA, NY, 13501",171566055,"L"
473757,"301 BLUE BAY ROAD","STEVENSVILLE","MD",21666,39.009887561,-76.315188171,257,"301 BLUE BAY ROAD, STEVENSVILLE, MD, 21666","Match","Exact","301 BLUE BAY RD, STEVENSVILLE, MD, 21666",68051584,"L"
473758,"301 BLUFF DRIVE","LOWELL","AR",72745,36.2505339150001,-94.139943395,258,"301 BLUFF DRIVE, LOWELL, AR, 72745","Match","Exact","301 BLUFF DR, LOWELL, AR, 72745",47876528,"L"
473759,"301 BOARDWALK DR UNIT 272292","FORT COLLINS","CO",80527,NA,NA,259,"301 BOARDWALK DR UNIT 272292, FORT COLLINS, CO, 80527","No_Match",NA,NA,NA,NA
473760,"301 BOAZ STREET","NEW IBERIA","LA",70562,NA,NA,260,"301 BOAZ STREET, NEW IBERIA, LA, 70562","No_Match",NA,NA,NA,NA
473761,"301 BOB WHITE LANE","SALEM","IL",62881,38.6383144660001,-88.952916853,261,"301 BOB WHITE LANE, SALEM, IL, 62881","Match","Exact","301 BOB WHITE LN, SALEM, IL, 62881",93058254,"R"
473762,"301 BON AIR DRIVE","WILLIAMSTOWN","NJ",8094,39.670602757,-75.019487338,262,"301 BON AIR DRIVE, WILLIAMSTOWN, NJ, 8094","Match","Exact","301 BON AIR DR, WILLIAMSTOWN, NJ, 08094",614108343,"R"
473763,"301 BOULDER RIDGE DR","DEL RIO","TX",78840,29.4156409880001,-100.91446714,263,"301 BOULDER RIDGE DR, DEL RIO, TX, 78840","Match","Exact","301 BOULDER RIDGE DR, DEL RIO, TX, 78840",627560381,"R"
473764,"301 BOWEN","ELGIN","NE",68636,NA,NA,264,"301 BOWEN, ELGIN, NE, 68636","No_Match",NA,NA,NA,NA
473765,"301 BRADDOCK ROAD","FROSTBURG","MD",21532,39.641141551,-78.941291886,265,"301 BRADDOCK ROAD, FROSTBURG, MD, 21532","Match","Exact","301 BRADDOCK RD, FROSTBURG, MD, 21532",635726042,"R"
473766,"301 BRADLEY STREET A305","CARROLLTON","GA",30117,33.5779003150001,-85.075400494,266,"301 BRADLEY STREET A305, CARROLLTON, GA, 30117","Match","Exact","301 BRADLEY ST, CARROLLTON, GA, 30117",17113782,"L"
473767,"301 BRANDYWINE CIR","SANDY SPRINGS","GA",30350,34.005311443,-84.337738432,267,"301 BRANDYWINE CIR, SANDY SPRINGS, GA, 30350","Match","Exact","301 BRANDYWINE CIR, SANDY SPRINGS, GA, 30350",17352545,"R"
473768,"301 BRANDYWINE DR","OLD HICKORY","TN",37138,36.2381691730001,-86.622072051,268,"301 BRANDYWINE DR, OLD HICKORY, TN, 37138","Match","Exact","301 BRANDYWINE DR, OLD HICKORY, TN, 37138",97198982,"L"
473769,"301 BRANDYWYNE DRIVE","EAST BOSTON","MA",2128,42.387661855,-71.012834697,269,"301 BRANDYWYNE DRIVE, EAST BOSTON, MA, 2128","Match","Exact","301 BRANDYWYNE DR, EAST BOSTON, MA, 02128",85714207,"R"
473770,"301 BREWER CIRCLE","PAGELAND","SC",29728,34.7775251800001,-80.404773022,270,"301 BREWER CIRCLE, PAGELAND, SC, 29728","Match","Exact","301 BREWER CIR, PAGELAND, SC, 29728",14342877,"L"
473771,"301 BREWER ST","THAYER","MO",65791,NA,NA,271,"301 BREWER ST, THAYER, MO, 65791","No_Match",NA,NA,NA,NA
473772,"301 BRIARCLIFF","WATERLOO","IL",62298,38.338756818,-90.1396296349999,272,"301 BRIARCLIFF, WATERLOO, IL, 62298","Match","Non_Exact","301 BRIARCLIFF DR, WATERLOO, IL, 62298",116441832,"R"
473773,"301 BRIARWOOD DRIVE","DOUGLASSVILLE","PA",19518,40.2681261640001,-75.728373963,273,"301 BRIARWOOD DRIVE, DOUGLASSVILLE, PA, 19518","Match","Exact","301 BRIARWOOD DR, DOUGLASSVILLE, PA, 19518",80394861,"L"
473774,"301 BRIDGES FARM ROAD","MOORESVILLE","NC",28115,35.5166597040001,-80.85093097,274,"301 BRIDGES FARM ROAD, MOORESVILLE, NC, 28115","Match","Exact","301 BRIDGES FARM RD, MOORESVILLE, NC, 28115",635027251,"L"
473775,"301 BROAD ST","BEVERLY","NJ",8010,40.0653023,-74.921623245,275,"301 BROAD ST, BEVERLY, NJ, 8010","Match","Exact","301 BROAD ST, BEVERLY, NJ, 08010",134028381,"R"
473776,"301 BROOKWOOD STREET","LANSING","KS",66043,39.2563496920001,-94.905357578,276,"301 BROOKWOOD STREET, LANSING, KS, 66043","Match","Exact","301 BROOKWOOD ST, LANSING, KS, 66043",91411741,"R"
473777,"301 BRYANT STREET APT 104","SAN FRANCISCO","CA",94107,37.7844772060001,-122.391743958,277,"301 BRYANT STREET APT 104, SAN FRANCISCO, CA, 94107","Match","Exact","301 BRYANT ST, SAN FRANCISCO, CA, 94107",645283927,"L"
473778,"301 BUCKHALTER ROAD","SAVANNAH","GA",31405,32.0319867740001,-81.18376712,278,"301 BUCKHALTER ROAD, SAVANNAH, GA, 31405","Match","Exact","301 BUCKHALTER RD, SAVANNAH, GA, 31405",641648525,"R"
473779,"301 BUCKINGHAM BLVD","GALLATIN","TN",37066,36.3950649610001,-86.4978060609999,279,"301 BUCKINGHAM BLVD, GALLATIN, TN, 37066","Match","Exact","301 BUCKINGHAM BLVD, GALLATIN, TN, 37066",29790116,"R"
473780,"301 BUCKINGHAM ROAD","CEDARHURST","NY",11516,40.6261716430001,-73.735114971,280,"301 BUCKINGHAM ROAD, CEDARHURST, NY, 11516","Match","Exact","301 BUCKINGHAM RD, CEDARHURST, NY, 11516",147657298,"R"
473781,"301 BURNHAM PLACE","NEWPORT NEWS","VA",23606,NA,NA,281,"301 BURNHAM PLACE, NEWPORT NEWS, VA, 23606","No_Match",NA,NA,NA,NA
473782,"301 BURNS RD","KNOXVILLE","TN",37914,36.00690496,-83.863850395,282,"301 BURNS RD, KNOXVILLE, TN, 37914","Match","Non_Exact","301 N BURNS RD, KNOXVILLE, TN, 37914",42625698,"L"
473783,"301 BUTTRY RD","GAITHERSBURG","MD",20877,39.1357450630001,-77.2033589489999,283,"301 BUTTRY RD, GAITHERSBURG, MD, 20877","Match","Exact","301 BUTTRY RD, GAITHERSBURG, MD, 20877",62051017,"L"
473784,"301 CALENDORA AVENUE","LOUISVILLE","KY",40212,NA,NA,284,"301 CALENDORA AVENUE, LOUISVILLE, KY, 40212","No_Match",NA,NA,NA,NA
473785,"301 CALLE SONORA","SAN CLEMENTE","CA",92672,33.4329973530001,-117.607153722,285,"301 CALLE SONORA, SAN CLEMENTE, CA, 92672","Match","Non_Exact","301 CLL SONORA, SAN CLEMENTE, CA, 92672",144075871,"L"
473786,"301 CALUMET DR","MADISON","MS",39110,32.4468883270001,-90.089851461,286,"301 CALUMET DR, MADISON, MS, 39110","Match","Exact","301 CALUMET DR, MADISON, MS, 39110",640617982,"R"
473787,"301 CAMBRIDGE RD APR 304","HOLLYWOOD","FL",33024,26.043399628,-80.228947196,287,"301 CAMBRIDGE RD APR 304, HOLLYWOOD, FL, 33024","Match","Exact","301 CAMBRIDGE RD, HOLLYWOOD, FL, 33024",114715335,"L"
473788,"301 CAMBRIDGE RD APT 304","HOLLYWOOD","FL",33024,26.043399628,-80.228947196,288,"301 CAMBRIDGE RD APT 304, HOLLYWOOD, FL, 33024","Match","Exact","301 CAMBRIDGE RD, HOLLYWOOD, FL, 33024",114715335,"L"
473789,"301 CAMILIA DRIVE","PRATTVILLE","AL",36067,32.475413702,-86.4595271809999,289,"301 CAMILIA DRIVE, PRATTVILLE, AL, 36067","Match","Non_Exact","301 CAMELLIA DR, PRATTVILLE, AL, 36067",2832191,"L"
473790,"301 CAMINO REAL RD","LAFAYETTE","LA",70503,30.154503623,-92.086406418,290,"301 CAMINO REAL RD, LAFAYETTE, LA, 70503","Match","Exact","301 CAMINO REAL RD, LAFAYETTE, LA, 70503",85613053,"L"
473791,"301 CAMP CRAFT ROAD SUITE 100","AUSTIN","TX",78746,NA,NA,291,"301 CAMP CRAFT ROAD SUITE 100, AUSTIN, TX, 78746","No_Match",NA,NA,NA,NA
473792,"301 CAMPUS VIEW DRIVE","COLUMBIA","MO",65201,38.9223256230001,-92.3355406059999,292,"301 CAMPUS VIEW DRIVE, COLUMBIA, MO, 65201","Match","Non_Exact","301 CAMPUSVIEW DR, COLUMBIA, MO, 65201",604991770,"R"
473793,"301 CANNERY SQUARE UNIT 201","SUN PRARIE","WI",53590,43.182601676,-89.211064951,293,"301 CANNERY SQUARE UNIT 201, SUN PRARIE, WI, 53590","Match","Exact","301 CANNERY SQ, SUN PRAIRIE, WI, 53590",49523973,"L"
473794,"301 CANVASBACK DR","BUDA","TX",78610,30.1192365210001,-97.867090617,294,"301 CANVASBACK DR, BUDA, TX, 78610","Match","Exact","301 CANVASBACK DR, BUDA, TX, 78610",63819646,"L"
473795,"301 CANYON SPIRIT DR","HENDERSEN","NV",89012,36.0158772290001,-115.067225715,295,"301 CANYON SPIRIT DR, HENDERSEN, NV, 89012","Match","Non_Exact","301 CANYON SPIRIT DR, HENDERSON, NV, 89012",201911304,"R"
473796,"301 CAPELLAN STREET","WAKE FOREST","NC",27587,35.989340806,-78.5385310309999,296,"301 CAPELLAN STREET, WAKE FOREST, NC, 27587","Match","Exact","301 CAPELLAN ST, WAKE FOREST, NC, 27587",624112012,"R"
473797,"301 CAPISTRANE","CARY","NC",27519,35.785482518,-78.874389241,297,"301 CAPISTRANE, CARY, NC, 27519","Match","Non_Exact","301 CAPISTRANE DR, CARY, NC, 27519",208362033,"R"
473798,"301 CAPPELAN STREET","WAKE FOREST","NC",27587,35.989340806,-78.5385310309999,298,"301 CAPPELAN STREET, WAKE FOREST, NC, 27587","Match","Non_Exact","301 CAPELLAN ST, WAKE FOREST, NC, 27587",624112012,"R"
473799,"301 CAPTAINS WAY COURT","GRANITE FALLS","NC",28630,35.789456817,-81.3806008879999,299,"301 CAPTAINS WAY COURT, GRANITE FALLS, NC, 28630","Match","Exact","301 CAPTAINS WAY CT, GRANITE FALLS, NC, 28630",45867955,"L"
473800,"301 CARAVAN CIRCLE","JACKSONVILLE","FL",32216,NA,NA,300,"301 CARAVAN CIRCLE, JACKSONVILLE, FL, 32216","No_Match",NA,NA,NA,NA
473801,"301 CARNEGIE CENTER","PRINCETON","NJ",8543,NA,NA,301,"301 CARNEGIE CENTER, PRINCETON, NJ, 8543","No_Match",NA,NA,NA,NA
473802,"301 CAROLE LANE","MOUNT JULIET","TN",37122,36.109602567,-86.495843764,302,"301 CAROLE LANE, MOUNT JULIET, TN, 37122","Match","Exact","301 CAROLE LN, MOUNT JULIET, TN, 37122",89699055,"L"
473803,"301 CAROLINA WAY","PARIS","KY",40361,38.181815892,-84.2784544739999,303,"301 CAROLINA WAY, PARIS, KY, 40361","Match","Exact","301 CAROLINA WAY, PARIS, KY, 40361",31881194,"R"
473804,"301 CARROLL STREET","NEW BEDFORD","MA",2740,41.6265468550001,-70.9510098919999,304,"301 CARROLL STREET, NEW BEDFORD, MA, 2740","Match","Exact","301 CARROLL ST, NEW BEDFORD, MA, 02740",46751638,"R"
473805,"301 CARVER CIRCLE","EUTAW","AL",35462,32.833425312,-87.878891575,305,"301 CARVER CIRCLE, EUTAW, AL, 35462","Match","Exact","301 CARVER CIR, EUTAW, AL, 35462",9652875,"R"
473806,"301 CASTOR ROAD APT 105","LEXINGTON","OH",44904,40.6749982430001,-82.57104659,306,"301 CASTOR ROAD APT 105, LEXINGTON, OH, 44904","Match","Exact","301 CASTOR RD, LEXINGTON, OH, 44904",207217922,"L"
473807,"301 CATHEDRAL PKY","NEW YORK","NY",10026,NA,NA,307,"301 CATHEDRAL PKY, NEW YORK, NY, 10026","No_Match",NA,NA,NA,NA
473808,"301 CATHERINE CT","LEBANON","PA",17042,40.3205887710001,-76.433133703,308,"301 CATHERINE CT, LEBANON, PA, 17042","Match","Exact","301 CATHERINE CT, LEBANON, PA, 17042",611343846,"R"
473809,"301 CATHY DR","DANVILLE","VA",24540,36.60781122,-79.403709915,309,"301 CATHY DR, DANVILLE, VA, 24540","Match","Exact","301 CATHY DR, DANVILLE, VA, 24540",56588929,"L"
473810,"301 CAYUGA RD  SUITE 200","CHEEKTOWAGA","NY",14225,42.9407228360001,-78.74433917,310,"301 CAYUGA RD  SUITE 200, CHEEKTOWAGA, NY, 14225","Match","Exact","301 CAYUGA RD, CHEEKTOWAGA, NY, 14225",48305727,"R"
473811,"301 CEDAR ST","FRITCH","TX",79036,35.6720262740001,-101.57765801,311,"301 CEDAR ST, FRITCH, TX, 79036","Match","Non_Exact","301 CEDAR, FRITCH, TX, 79036",185354222,"R"
473812,"301 CEDAR STONE COURT","FLORENCE","MS",39073,32.146684228,-90.1449037359999,312,"301 CEDAR STONE COURT, FLORENCE, MS, 39073","Match","Exact","301 CEDAR STONE CT, FLORENCE, MS, 39073",614382768,"L"
473813,"301 CENTER STREET","WESTBURY","NY",11590,40.7598024390001,-73.5784790119999,313,"301 CENTER STREET, WESTBURY, NY, 11590","Match","Exact","301 CENTER ST, WESTBURY, NY, 11590",147624251,"L"
473814,"301 CENTRAL AVENUE EAST","CROSBY","ND",58730,NA,NA,314,"301 CENTRAL AVENUE EAST, CROSBY, ND, 58730","No_Match",NA,NA,NA,NA
473815,"301 CENTRAL AVENUE","HILTON HEAD ISLAND","SC",29926,NA,NA,315,"301 CENTRAL AVENUE, HILTON HEAD ISLAND, SC, 29926","No_Match",NA,NA,NA,NA
473816,"301 CENTRAL ST","AVON","MA",2322,42.119008593,-71.06231702,316,"301 CENTRAL ST, AVON, MA, 2322","Match","Exact","301 CENTRAL ST, AVON, MA, 02322",87306684,"R"
473817,"301 CHANDLER LAKE COURT","FORT WORTH","TX",76103,32.76799756,-97.255877196,317,"301 CHANDLER LAKE COURT, FORT WORTH, TX, 76103","Match","Exact","301 CHANDLER LAKE CT, FORT WORTH, TX, 76103",101896527,"L"
473818,"301 CHAPLIN WOODS DRIVE","CHAPLIN","CT",6235,41.766862163,-72.1378190569999,318,"301 CHAPLIN WOODS DRIVE, CHAPLIN, CT, 6235","Match","Exact","301 CHAPLIN WOODS DR, CHAPLIN, CT, 06235",56454405,"L"
473819,"301 CHAPMAN ST","FRANKLIN","KY",42134,36.7260416830001,-86.5921084139999,319,"301 CHAPMAN ST, FRANKLIN, KY, 42134","Match","Exact","301 CHAPMAN ST, FRANKLIN, KY, 42134",29606531,"L"
473820,"301 CHARTRESE DR","BRANDON","MS",39047,32.418493604,-89.977288339,320,"301 CHARTRESE DR, BRANDON, MS, 39047","Match","Exact","301 CHARTRESE DR, BRANDON, MS, 39047",624719734,"L"
473821,"301 CHASE AVE","CHAPEL HILL","NC",27514,35.8991101170001,-79.055956593,321,"301 CHASE AVE, CHAPEL HILL, NC, 27514","Match","Exact","301 CHASE AVE, CHAPEL HILL, NC, 27514",72379053,"L"
473822,"301 CHEROKEE TRAIL","WAVERLY HALL","GA",31831,32.6480595260001,-84.734831684,322,"301 CHEROKEE TRAIL, WAVERLY HALL, GA, 31831","Match","Exact","301 CHEROKEE TRL, WAVERLY HALL, GA, 31831",648293021,"L"
473823,"301 CHERRY STREET","GREENEVILLE","TN",37745,36.1628800560001,-82.8203472979999,323,"301 CHERRY STREET, GREENEVILLE, TN, 37745","Match","Exact","301 CHERRY ST, GREENEVILLE, TN, 37745",127753885,"L"
473824,"301 CHESHIRE DR APT 107","KNOXVILLE","TN",37919,35.9288861790001,-84.02761004,324,"301 CHESHIRE DR APT 107, KNOXVILLE, TN, 37919","Match","Exact","301 CHESHIRE DR, KNOXVILLE, TN, 37919",645249069,"L"
473825,"301 CHESTNUT ST","PORT ALLEGANY","PA",16743,41.8159787380001,-78.278273831,325,"301 CHESTNUT ST, PORT ALLEGANY, PA, 16743","Match","Exact","301 CHESTNUT ST, PORT ALLEGANY, PA, 16743",122633839,"L"
473826,"301 CHESWICK PL APT H","CARY","NC",27511,35.766612099,-78.7873260269999,326,"301 CHESWICK PL APT H, CARY, NC, 27511","Match","Exact","301 CHESWICK PL, CARY, NC, 27511",72558826,"R"
473827,"301 CHEYENNE DR","WAUKESHA","WI",53188,43.0101789880001,-88.270077041,327,"301 CHEYENNE DR, WAUKESHA, WI, 53188","Match","Non_Exact","301 S CHEYENNE DR, WAUKESHA, WI, 53188",53809985,"L"
473828,"301 CHILI SCOTTSVILLE RD","CHURCHVILLE","NY",14428,43.082873566,-77.7641975879999,328,"301 CHILI SCOTTSVILLE RD, CHURCHVILLE, NY, 14428","Match","Exact","301 CHILI SCOTTSVILLE RD, CHURCHVILLE, NY, 14428",14572881,"R"
473829,"301 CHIMNEY ROCK RD","STATELINE","NV",89449,38.9788728520001,-119.921423702,329,"301 CHIMNEY ROCK RD, STATELINE, NV, 89449","Match","Exact","301 CHIMNEY ROCK RD, STATELINE, NV, 89449",173744170,"R"
473830,"301 CHURCH ST","SOUTH KINGSTOWN","RI",2879,41.448730079,-71.500094831,330,"301 CHURCH ST, SOUTH KINGSTOWN, RI, 2879","Match","Exact","301 CHURCH ST, SOUTH KINGSTOWN, RI, 02879",617541914,"L"
473831,"301 CHURCH ST","TOLEDO","IL",62468,NA,NA,331,"301 CHURCH ST, TOLEDO, IL, 62468","No_Match",NA,NA,NA,NA
473832,"301 CHURCH STREET","VINE GROVE","KY",40175,37.8088391580001,-85.981671547,332,"301 CHURCH STREET, VINE GROVE, KY, 40175","Match","Exact","301 CHURCH ST, VINE GROVE, KY, 40175",34617131,"L"
473833,"301 CLAYTON STREET","BRUSH","CO",80723,40.256433843,-103.623137307,333,"301 CLAYTON STREET, BRUSH, CO, 80723","Match","Exact","301 CLAYTON ST, BRUSH, CO, 80723",190135837,"R"
473834,"301 CLEMATIS ST APT 3000","WEST PALM BEACH","FL",33401,26.713326534,-80.052021569,334,"301 CLEMATIS ST APT 3000, WEST PALM BEACH, FL, 33401","Match","Exact","301 CLEMATIS ST, WEST PALM BEACH, FL, 33401",115278664,"R"
473835,"301 CLEMATIS STREET STE 200","WEST PALM BEACH","FL",33401,26.713326534,-80.052021569,335,"301 CLEMATIS STREET STE 200, WEST PALM BEACH, FL, 33401","Match","Exact","301 CLEMATIS ST, WEST PALM BEACH, FL, 33401",115278664,"R"
473836,"301 CLEMSON DR","TYLER","TX",75703,32.2719498760001,-95.303573855,336,"301 CLEMSON DR, TYLER, TX, 75703","Match","Exact","301 CLEMSON DR, TYLER, TX, 75703",141273024,"R"
473837,"301 CLEVELAND AVE","KANSAS CITY","MO",64103,NA,NA,337,"301 CLEVELAND AVE, KANSAS CITY, MO, 64103","No_Match",NA,NA,NA,NA
473838,"301 CLIFFWOOD AVENUE","PORTAGE","MI",49002,42.167801561,-85.586686903,338,"301 CLIFFWOOD AVENUE, PORTAGE, MI, 49002","Match","Exact","301 CLIFFWOOD AVE, PORTAGE, MI, 49002",618012452,"L"
473839,"301 CLUB CIRCLE 105","BOCA RATON","FL",33487,26.395417604,-80.084367948,339,"301 CLUB CIRCLE 105, BOCA RATON, FL, 33487","Match","Exact","301 CLUB CIR, BOCA RATON, FL, 33487",640988305,"L"
473840,"301 CLUB HOUSE DR","SHAWNEE","OK",74801,35.3295951600001,-96.890622771,340,"301 CLUB HOUSE DR, SHAWNEE, OK, 74801","Match","Exact","301 CLUB HOUSE DR, SHAWNEE, OK, 74801",100598753,"R"
473841,"301 COLCHESTER WAY","KNIGHTDALE","NC",27545,35.7834379010001,-78.529481592,341,"301 COLCHESTER WAY, KNIGHTDALE, NC, 27545","Match","Non_Exact","301 COLCHESTER DR, KNIGHTDALE, NC, 27545",72512649,"L"
473842,"301 COLE AVENUE","BISBEE","AZ",85603,31.417790864,-109.877952349,342,"301 COLE AVENUE, BISBEE, AZ, 85603","Match","Exact","301 COLE AVE, BISBEE, AZ, 85603",120904449,"R"
473843,"301 COLLEGE","GRAND RAPIDS","MI",49503,NA,NA,343,"301 COLLEGE, GRAND RAPIDS, MI, 49503","No_Match",NA,NA,NA,NA
473844,"301 COLLETON RD","RALEIGH","NC",27610,35.7839502690001,-78.61259031,344,"301 COLLETON RD, RALEIGH, NC, 27610","Match","Exact","301 COLLETON RD, RALEIGH, NC, 27610",72509517,"L"
473845,"301 COLLUM LANDING RD","BATESBURG","SC",29006,34.055445779,-81.606173815,345,"301 COLLUM LANDING RD, BATESBURG, SC, 29006","Match","Exact","301 COLLUM LANDING RD, BATESBURG, SC, 29006",65524305,"L"
473846,"301 COMMERCE ST STE 1500","FORT WORTH","TX",76102,32.7554914300001,-97.330724959,346,"301 COMMERCE ST STE 1500, FORT WORTH, TX, 76102","Match","Exact","301 COMMERCE ST, FORT WORTH, TX, 76102",101888525,"L"
473847,"301 COMMERCE STREET STE 3500","FORT WORTH","TX",76102,32.7554914300001,-97.330724959,347,"301 COMMERCE STREET STE 3500, FORT WORTH, TX, 76102","Match","Exact","301 COMMERCE ST, FORT WORTH, TX, 76102",101888525,"L"
473848,"301 COMMERCE STREET SUITE 3500","FT. WORTH","TX",76102,32.7554914300001,-97.330724959,348,"301 COMMERCE STREET SUITE 3500, FT. WORTH, TX, 76102","Match","Exact","301 COMMERCE ST, FORT WORTH, TX, 76102",101888525,"L"
473849,"301 COMMONS PARK SOUTH UNIT 311","STAMFORD","CT",6902,NA,NA,349,"301 COMMONS PARK SOUTH UNIT 311, STAMFORD, CT, 6902","No_Match",NA,NA,NA,NA
473850,"301 COMMUNITY DRIVE","WAUNAKEE","WI",53597,43.1817131780001,-89.4615352009999,350,"301 COMMUNITY DRIVE, WAUNAKEE, WI, 53597","Match","Exact","301 COMMUNITY DR, WAUNAKEE, WI, 53597",641022977,"R"
473851,"301 CONCOURSE BLVD SUITE 100","GLEN ALLEN","VA",23059,37.688106012,-77.590534604,351,"301 CONCOURSE BLVD SUITE 100, GLEN ALLEN, VA, 23059","Match","Exact","301 CONCOURSE BLVD, GLEN ALLEN, VA, 23059",106684719,"R"
473852,"301 CONGRESS AVENUE","AUSTIN","TX",78701,30.2653397120001,-97.7438219909999,352,"301 CONGRESS AVENUE, AUSTIN, TX, 78701","Match","Exact","301 CONGRESS AVE, AUSTIN, TX, 78701",64016834,"R"
473853,"301 CONSTITUTION AVE STE 145","BAYONNE","NJ",7002,40.672587305,-74.0984698189999,353,"301 CONSTITUTION AVE STE 145, BAYONNE, NJ, 7002","Match","Exact","301 CONSTITUTION AVE, BAYONNE, NJ, 07002",637736804,"L"
473854,"301 CONSTITUTION AVENUE","BAYONNE","NJ",7002,40.672587305,-74.0984698189999,354,"301 CONSTITUTION AVENUE, BAYONNE, NJ, 7002","Match","Exact","301 CONSTITUTION AVE, BAYONNE, NJ, 07002",637736804,"L"
473855,"301 CONSTITUTION CIRCLE","NORTH BRUNSWICK","NJ",8902,40.457159505,-74.4671255119999,355,"301 CONSTITUTION CIRCLE, NORTH BRUNSWICK, NJ, 8902","Match","Exact","301 CONSTITUTION CIR, N BRUNSWICK, NJ, 08902",639711256,"R"
473856,"301 CONVERSE CENTER ST APT 126","CONVERSE","TX",78109,29.512904989,-98.310331773,356,"301 CONVERSE CENTER ST APT 126, CONVERSE, TX, 78109","Match","Exact","301 CONVERSE CENTER ST, CONVERSE, TX, 78109",645340097,"L"
473857,"301 COOLIDGE STREET","DUPONT","PA",18641,41.3237191060001,-75.751966512,357,"301 COOLIDGE STREET, DUPONT, PA, 18641","Match","Exact","301 COOLIDGE ST, DUPONT, PA, 18641",80954977,"R"
473858,"301 COPPERMILL CT","OWINGS MILLS","MD",21117,NA,NA,358,"301 COPPERMILL CT, OWINGS MILLS, MD, 21117","No_Match",NA,NA,NA,NA
473859,"301 CORANADO DR STE 1056","DENTON","TX",76209,33.2395349130001,-97.12895946,359,"301 CORANADO DR STE 1056, DENTON, TX, 76209","Match","Non_Exact","301 CORONADO DR, DENTON, TX, 76209",614169853,"L"
473860,"301 CORONADO DR APT 2039","DENTON","TX",76209,33.2395349130001,-97.12895946,360,"301 CORONADO DR APT 2039, DENTON, TX, 76209","Match","Exact","301 CORONADO DR, DENTON, TX, 76209",614169853,"L"
473861,"301 CORONADO DR","DENTON","TX",76209,33.2395349130001,-97.12895946,361,"301 CORONADO DR, DENTON, TX, 76209","Match","Exact","301 CORONADO DR, DENTON, TX, 76209",614169853,"L"
473862,"301 COULCREST ST","THIBODAUX","LA",70301,29.7713805760001,-90.817845685,362,"301 COULCREST ST, THIBODAUX, LA, 70301","Match","Exact","301 COULCREST ST, THIBODAUX, LA, 70301",92053621,"L"
473863,"301 COUNTRY CLUB DRIVE","HENRIETTA","TX",76365,33.811808205,-98.180882931,363,"301 COUNTRY CLUB DRIVE, HENRIETTA, TX, 76365","Match","Exact","301 COUNTRY CLUB DR, HENRIETTA, TX, 76365",169780325,"R"
473864,"301 COUNTRY PLACE LN","LOUISA","KY",41230,NA,NA,364,"301 COUNTRY PLACE LN, LOUISA, KY, 41230","No_Match",NA,NA,NA,NA
473865,"301 COUNTY ROAD 119","FAYETTE","AL",35555,33.8353438890001,-87.7223788479999,365,"301 COUNTY ROAD 119, FAYETTE, AL, 35555","Match","Exact","301 CO RD 119, FAYETTE, AL, 35555",120518112,"L"
473866,"301 COUNTY ROAD 208","WALNUT","MS",38683,34.9466625530001,-88.832811968,366,"301 COUNTY ROAD 208, WALNUT, MS, 38683","Match","Exact","301 CO RD 208, WALNUT, MS, 38683",76571342,"R"
473867,"301 COUNTY ROAD 488","POPLAR BLUFF","MO",63901,36.6791033910001,-90.496623453,367,"301 COUNTY ROAD 488, POPLAR BLUFF, MO, 63901","Match","Exact","301 CO RD 488, POPLAR BLUFF, MO, 63901",47410309,"L"
473868,"301 COURT AVENUE","PARK RAPIDS","MN",56470,NA,NA,368,"301 COURT AVENUE, PARK RAPIDS, MN, 56470","No_Match",NA,NA,NA,NA
473869,"301 COURT ST","STREATOR","IL",61364,41.1149397120001,-88.838256675,369,"301 COURT ST, STREATOR, IL, 61364","Match","Exact","301 COURT ST, STREATOR, IL, 61364",8593816,"L"
473870,"301 COURT STREET","GIBBON","NE",68840,40.7458192290001,-98.845501718,370,"301 COURT STREET, GIBBON, NE, 68840","Match","Exact","301 COURT ST, GIBBON, NE, 68840",137857516,"R"
473871,"301 COVENT GARDEN CT","LAS VEGAS","NV",89145,36.169405366,-115.311431463,371,"301 COVENT GARDEN CT, LAS VEGAS, NV, 89145","Match","Exact","301 COVENT GARDEN CT, LAS VEGAS, NV, 89145",201959037,"R"
473872,"301 COZUMEL","LAGUNA BEACH","CA",92651,33.5936303030001,-117.751980909,372,"301 COZUMEL, LAGUNA BEACH, CA, 92651","Match","Exact","301 COZUMEL, LAGUNA BEACH, CA, 92651",609044615,"L"
473873,"301 CR2239","BAGWELL","TX",75412,33.719222254,-95.096181567,373,"301 CR2239, BAGWELL, TX, 75412","Match","Exact","301 CO RD 2239, BAGWELL, TX, 75412",68963130,"L"
473874,"301 CRAFTSMAN WAY","WILMINGTON","NC",28411,34.2706735200001,-77.812456808,374,"301 CRAFTSMAN WAY, WILMINGTON, NC, 28411","Match","Exact","301 CRAFTSMAN WAY, WILMINGTON, NC, 28411",650623719,"L"
473875,"301 CREEK PARK DRIVE","CARY","NC",27513,35.80029046,-78.845646512,375,"301 CREEK PARK DRIVE, CARY, NC, 27513","Match","Exact","301 CREEK PARK DR, CARY, NC, 27513",72567450,"R"
473876,"301 CREEK ROAD","SELINSGROVE","PA",17870,40.8180228100001,-76.867737028,376,"301 CREEK ROAD, SELINSGROVE, PA, 17870","Match","Exact","301 CREEK RD, SELINSGROVE, PA, 17870",47797812,"R"
473877,"301 CRESTLINE DRIVE","BETTENDORF","IA",52722,41.534817268,-90.529695008,377,"301 CRESTLINE DRIVE, BETTENDORF, IA, 52722","Match","Exact","301 CRESTLINE DR, BETTENDORF, IA, 52722",122727694,"R"
473878,"301 CRESTRUN LOOP","LEESBURG","FL",34748,28.815015762,-81.836190315,378,"301 CRESTRUN LOOP, LEESBURG, FL, 34748","Match","Exact","301 CRESTRUN LOOP, LEESBURG, FL, 34748",633905778,"R"
473879,"301 CRIDDLE STREET APT 404","NASHVILLE","TN",37219,36.170823672,-86.782957804,379,"301 CRIDDLE STREET APT 404, NASHVILLE, TN, 37219","Match","Exact","301 CRIDDLE ST, NASHVILLE, TN, 37219",97212883,"L"
473880,"301 CROCKER AVENUE","DALY CITY","CA",94014,37.704706706,-122.457726659,380,"301 CROCKER AVENUE, DALY CITY, CA, 94014","Match","Exact","301 CROCKER AVE, DALY CITY, CA, 94014",192367948,"L"
473881,"301 CROCKETT STREET  APT 401","SHREVEPORT","LA",71101,32.512493841,-93.7462180489999,381,"301 CROCKETT STREET  APT 401, SHREVEPORT, LA, 71101","Match","Exact","301 CROCKETT ST, SHREVEPORT, LA, 71101",57486515,"L"
473882,"301 CROSBY AVE","KENMORE","NY",14217,42.965614078,-78.85645678,382,"301 CROSBY AVE, KENMORE, NY, 14217","Match","Exact","301 CROSBY AVE, KENMORE, NY, 14217",48288234,"R"
473883,"301 CROSSCREEK COURT","PITTSBURGH","PA",15237,40.5272601120001,-80.038130586,383,"301 CROSSCREEK COURT, PITTSBURGH, PA, 15237","Match","Exact","301 CROSSCREEK CT, PITTSBURGH, PA, 15237",617245455,"L"
473884,"301 CROSSMAN CT","PURCELLVILLE","VA",20132,39.1260627020001,-77.7107304739999,384,"301 CROSSMAN CT, PURCELLVILLE, VA, 20132","Match","Non_Exact","301 CROSMAN CT, PURCELLVILLE, VA, 20132",640630458,"L"
473885,"301 CROTON AVE 504","LANTANA","FL",33462,26.5876224460001,-80.0502335639999,385,"301 CROTON AVE 504, LANTANA, FL, 33462","Match","Exact","301 CROTON AVE, LANTANA, FL, 33462",115295209,"L"
473886,"301 CROWS NEST DR","STOKESDALE","NC",27357,36.297006407,-80.0029717589999,386,"301 CROWS NEST DR, STOKESDALE, NC, 27357","Match","Non_Exact","301 CROWS NEST, STOKESDALE, NC, 27357",648991551,"R"
473887,"301 CRYSTAL DRIVE","GEORGETOWN","PA",15043,40.5780383580001,-80.4968951399999,387,"301 CRYSTAL DRIVE, GEORGETOWN, PA, 15043","Match","Exact","301 CRYSTAL DR, GEORGETOWN, PA, 15043",52573763,"L"
473888,"301 CURTIS ROAD","GLENSIDE","PA",19038,NA,NA,388,"301 CURTIS ROAD, GLENSIDE, PA, 19038","No_Match",NA,NA,NA,NA
473889,"301 D STREET","LA PORTE","IN",46350,41.6046460960001,-86.72289833,389,"301 D STREET, LA PORTE, IN, 46350","Match","Exact","301 D ST, LA PORTE, IN, 46350",15407531,"R"
473890,"301 DAL HALL BOULEVARD","LAKE PLACID","FL",33852,27.2998989820001,-81.363361272,390,"301 DAL HALL BOULEVARD, LAKE PLACID, FL, 33852","Match","Exact","301 DAL HALL BLVD, LAKE PLACID, FL, 33852",4639901,"L"
473891,"301 DALLAS HALL BLVD","LAKE PLACID","FL",33852,NA,NA,391,"301 DALLAS HALL BLVD, LAKE PLACID, FL, 33852","No_Match",NA,NA,NA,NA
473892,"301 DARREL STREET","LAFAYETTE","LA",70501,30.25386824,-92.011041522,392,"301 DARREL STREET, LAFAYETTE, LA, 70501","Match","Exact","301 DARREL ST, LAFAYETTE, LA, 70501",85615170,"R"
473893,"301 DARROW AVENUE","MELBOURNE","FL",32902,28.070960649,-80.6163557899999,393,"301 DARROW AVENUE, MELBOURNE, FL, 32902","Match","Non_Exact","301 DARROW AVE, MELBOURNE, FL, 32901",647535857,"R"
473894,"301 DART LN","FENTON","MO",63026,38.529783556,-90.443735582,394,"301 DART LN, FENTON, MO, 63026","Match","Exact","301 DART LN, FENTON, MO, 63026",100129418,"R"
473895,"301 DE MOTT STREET","MINEOLA","NY",11501,40.739900881,-73.64456434,395,"301 DE MOTT STREET, MINEOLA, NY, 11501","Match","Exact","301 DE MOTT ST, MINEOLA, NY, 11501",147672888,"L"
473896,"301 DE ROSE CT","BEAR","DE",19701,39.588467924,-75.7391400399999,396,"301 DE ROSE CT, BEAR, DE, 19701","Match","Exact","301 DE ROSE CT, BEAR, DE, 19701",624526160,"R"
473897,"301 DEANER DR NW","ROANOKE","VA",24017,37.2855927690001,-80.020447084,397,"301 DEANER DR NW, ROANOKE, VA, 24017","Match","Exact","301 DEANER DR NW, ROANOKE, VA, 24017",62902411,"R"
473898,"301 DEER CROSSING ROAD","ELGIN","SC",29145,34.124942923,-80.8318752869999,398,"301 DEER CROSSING ROAD, ELGIN, SC, 29145","Match","Non_Exact","301 DEER CROSSING RD, ELGIN, SC, 29045",604760910,"L"
473899,"301 DEER RIDGE DRIVE NW","BONDURANT","IA",53005,41.704325436,-93.46848456,399,"301 DEER RIDGE DRIVE NW, BONDURANT, IA, 53005","Match","Non_Exact","301 DEER RIDGE DR NW, BONDURANT, IA, 50035",65857511,"R"
473900,"301 DEERFIELD ROAD","CASTLE HAYNE","NC",28429,34.339181436,-77.885290104,400,"301 DEERFIELD ROAD, CASTLE HAYNE, NC, 28429","Match","Exact","301 DEERFIELD RD, CASTLE HAYNE, NC, 28429",152732290,"L"
473901,"301 DEERGRASS RD","HOCKESSIN","DE",19707,39.779059879,-75.674716054,401,"301 DEERGRASS RD, HOCKESSIN, DE, 19707","Match","Exact","301 DEERGRASS RD, HOCKESSIN, DE, 19707",187252422,"R"
473902,"301 DEMONBREUN     UNIT 207","NASHVILLE","TN",37201,36.1595365630001,-86.774690015,402,"301 DEMONBREUN     UNIT 207, NASHVILLE, TN, 37201","Match","Non_Exact","301 DEMONBREUN ST, NASHVILLE, TN, 37201",97188181,"L"
473903,"301 DEMONBREUN ST UNIT 1605","NASHVILLE","TN",37201,36.1595365630001,-86.774690015,403,"301 DEMONBREUN ST UNIT 1605, NASHVILLE, TN, 37201","Match","Exact","301 DEMONBREUN ST, NASHVILLE, TN, 37201",97188181,"L"
473904,"301 DEPOT ST","CUMBY","TX",75433,33.13339734,-95.839449061,404,"301 DEPOT ST, CUMBY, TX, 75433","Match","Exact","301 DEPOT ST, CUMBY, TX, 75433",42783941,"R"
473905,"301 DESIREE DRIVE","GRAND FORKS","ND",58201,47.8699453,-97.020748539,405,"301 DESIREE DRIVE, GRAND FORKS, ND, 58201","Match","Exact","301 DESIREE DR, GRAND FORKS, ND, 58201",642798243,"R"
473906,"301 DESTINO CIRCLE","SAN JOSE","CA",95133,37.35600608,-121.867464779,406,"301 DESTINO CIRCLE, SAN JOSE, CA, 95133","Match","Exact","301 DESTINO CIR, SAN JOSE, CA, 95133",636195872,"L"
473907,"301 DEVILLEN AVE","ROYAL OAK","MI",48703,42.5155780810001,-83.142128395,407,"301 DEVILLEN AVE, ROYAL OAK, MI, 48703","Match","Non_Exact","301 DEVILLEN AVE, ROYAL OAK, MI, 48073",69744096,"L"
473908,"301 DIEHL HALL 505 ESSEX STREET SE","MINNEAPOLIS","MN",55455,44.9714389710001,-93.2303724069999,408,"301 DIEHL HALL 505 ESSEX STREET SE, MINNEAPOLIS, MN, 55455","Match","Exact","505 ESSEX ST SE, MINNEAPOLIS, MN, 55455",640656287,"R"
473909,"301 DINGLE ROAD","CUMMINGTON","MA",1026,42.441515673,-72.944709339,409,"301 DINGLE ROAD, CUMMINGTON, MA, 1026","Match","Exact","301 DINGLE RD, CUMMINGTON, MA, 01026",39862591,"L"
473910,"301 DOGWOOD BLVD","MARSHALL","AR",72650,35.918835459,-92.649077958,410,"301 DOGWOOD BLVD, MARSHALL, AR, 72650","Match","Non_Exact","301 DOGWOOD ST, MARSHALL, AR, 72650",2204291,"L"
473911,"301 DOLORES DR","MARSHALL","TX",75672,32.608275571,-94.302818509,411,"301 DOLORES DR, MARSHALL, TX, 75672","Match","Exact","301 DOLORES DR, MARSHALL, TX, 75672",141180664,"L"
473912,"301 DORCHESTER DR","MUNDELEIN","IL",60060,NA,NA,412,"301 DORCHESTER DR, MUNDELEIN, IL, 60060","No_Match",NA,NA,NA,NA
473913,"301 DOUTS HILL ROAD","HOLTWOOD","PA",17532,39.8805248470001,-76.323517731,413,"301 DOUTS HILL ROAD, HOLTWOOD, PA, 17532","Match","Exact","301 DOUTS HILL RD, HOLTWOOD, PA, 17532",179668315,"L"
473914,"301 DOWNSBY LANE","WOODSTOCK","GA",30189,34.0821877540001,-84.553839991,414,"301 DOWNSBY LANE, WOODSTOCK, GA, 30189","Match","Exact","301 DOWNSBY LN, WOODSTOCK, GA, 30189",642082546,"L"
473915,"301 DUNLAWTON AVE","PORT ORANGE","FL",32127,29.143174409,-80.989624877,415,"301 DUNLAWTON AVE, PORT ORANGE, FL, 32127","Match","Exact","301 DUNLAWTON AVE, PORT ORANGE, FL, 32127",640807487,"L"
473916,"301 E 103RD STREET SUITE3","NEW YORK","NY",10029,40.7881875950001,-73.9426428519999,416,"301 E 103RD STREET SUITE3, NEW YORK, NY, 10029","Match","Non_Exact","301 E 103RD ST, NEW YORK, NY, 10029",59658176,"L"
473917,"301 E 14TH ST","TILTON","IL",61833,40.101820909,-87.629674496,417,"301 E 14TH ST, TILTON, IL, 61833","Match","Exact","301 E 14TH ST, TILTON, IL, 61833",640006831,"L"
473918,"301 E 23RD STREET","SILVER CITY","NM",88061,32.7882844910001,-108.272331942,418,"301 E 23RD STREET, SILVER CITY, NM, 88061","Match","Exact","301 E 23RD ST, SILVER CITY, NM, 88061",192653933,"R"
473919,"301 E 2ND STREET","WENDELL","NC",27591,35.780118832,-78.36742388,419,"301 E 2ND STREET, WENDELL, NC, 27591","Match","Exact","301 E 2ND ST, WENDELL, NC, 27591",72488221,"R"
473920,"301 E 3RD STREET","TRENT","SD",57065,NA,NA,420,"301 E 3RD STREET, TRENT, SD, 57065","No_Match",NA,NA,NA,NA
473921,"301 E 45TH STREET","VANCOUVER","WA",98663,45.6545005250001,-122.668283778,421,"301 E 45TH STREET, VANCOUVER, WA, 98663","Match","Exact","301 E 45TH ST, VANCOUVER, WA, 98663",158324979,"R"
473922,"301 E 47TH STREET APT 21P","NEW YORK","NY",10463,NA,NA,422,"301 E 47TH STREET APT 21P, NEW YORK, NY, 10463","No_Match",NA,NA,NA,NA
473923,"301 E 49TH STREET APT 2B","NEW YORK","NY",10017,40.754177462,-73.968784259,423,"301 E 49TH STREET APT 2B, NEW YORK, NY, 10017","Match","Non_Exact","301 E 49TH ST, NEW YORK, NY, 10017",59658725,"L"
473924,"301 E 49TH STREET APT 2B","NEW YORK","NY",10276,NA,NA,424,"301 E 49TH STREET APT 2B, NEW YORK, NY, 10276","No_Match",NA,NA,NA,NA
473925,"301 E 51ST STREET","LONG BEACH","CA",90805,33.8485875100001,-118.189659469,425,"301 E 51ST STREET, LONG BEACH, CA, 90805","Match","Exact","301 E 51ST ST, LONG BEACH, CA, 90805",141684437,"L"
473926,"301 E 5TH STREET","BERWICK","PA",18603,41.059175721,-76.2322328289999,426,"301 E 5TH STREET, BERWICK, PA, 18603","Match","Exact","301 E FIFTH ST, BERWICK, PA, 18603",59238003,"L"
473927,"301 E 63RD STREET APT 15K","NEW YORK","NY",10065,40.7630861910001,-73.9624338369999,427,"301 E 63RD STREET APT 15K, NEW YORK, NY, 10065","Match","Non_Exact","301 E 63RD ST, NEW YORK, NY, 10065",611798330,"L"
473928,"301 E 6TH AVE","ROLLA","KS",67954,37.1169617130001,-101.630348261,428,"301 E 6TH AVE, ROLLA, KS, 67954","Match","Exact","301 6TH AVE, ROLLA, KS, 67954",173800072,"R"
473929,"301 E 79TH STREET APARTMENT 14E","NEW YORK","NY",10075,40.773331107,-73.955016642,429,"301 E 79TH STREET APARTMENT 14E, NEW YORK, NY, 10075","Match","Non_Exact","301 E 79TH ST, NEW YORK, NY, 10075",650088583,"L"
473930,"301 E 82ND ST APT 3W","NEW YORK","NY",10028,40.7752182070001,-73.953432012,430,"301 E 82ND ST APT 3W, NEW YORK, NY, 10028","Match","Non_Exact","301 E 82ND ST, NEW YORK, NY, 10028",59658299,"L"
473931,"301 E 9TH AVE","JOHNSON CITY","TN",37601,36.327047286,-82.359043631,431,"301 E 9TH AVE, JOHNSON CITY, TN, 37601","Match","Exact","301 E 9TH AVE, JOHNSON CITY, TN, 37601",127923228,"L"
473932,"301 E 9TH STREET","WILMINGTON","DE",19801,39.743549495,-75.5456415949999,432,"301 E 9TH STREET, WILMINGTON, DE, 19801","Match","Exact","301 E 9TH ST, WILMINGTON, DE, 19801",635725172,"L"
473933,"301 E ADA AVE","WILBURTON","OK",74578,34.9199567910001,-95.305702267,433,"301 E ADA AVE, WILBURTON, OK, 74578","Match","Exact","301 E ADA AVE, WILBURTON, OK, 74578",80578378,"L"
473934,"301 E BITTERSWEET RD","WASHINGTON","IL",61571,NA,NA,434,"301 E BITTERSWEET RD, WASHINGTON, IL, 61571","Tie",NA,NA,NA,NA
473935,"301 E BRINKERHOFF AVE APT 3","PALISADES PARK","NJ",7650,40.842787129,-73.991305449,435,"301 E BRINKERHOFF AVE APT 3, PALISADES PARK, NJ, 7650","Match","Non_Exact","301 E BRINKERHOFF AVE, PALISADES PARK, NJ, 07650",64390926,"L"
473936,"301 E BROAD ST","TEXARKANA","AR",71854,33.4224579830001,-94.0406853279999,436,"301 E BROAD ST, TEXARKANA, AR, 71854","Match","Exact","301 E BROAD ST, TEXARKANA, AR, 71854",57275942,"L"
473937,"301 E BURNSVILLE PARKWAY 205","BURNSVILLE","MN",55337,NA,NA,437,"301 E BURNSVILLE PARKWAY 205, BURNSVILLE, MN, 55337","Tie",NA,NA,NA,NA
473938,"301 E BURNSVILLE PARKWAY UNIT 218","BURNSVILLE","MN",55337,NA,NA,438,"301 E BURNSVILLE PARKWAY UNIT 218, BURNSVILLE, MN, 55337","Tie",NA,NA,NA,NA
473939,"301 E CAMDEN WYOMING AVE","CAMDEN","DE",19934,39.1134846350001,-75.541919712,439,"301 E CAMDEN WYOMING AVE, CAMDEN, DE, 19934","Match","Exact","301 CAMDEN WYOMING AVE, CAMDEN, DE, 19934",68091864,"R"
473940,"301 E CAPITOL AVE","JEFFERSON CITY","MO",65101,38.5760949990001,-92.168546534,440,"301 E CAPITOL AVE, JEFFERSON CITY, MO, 65101","Match","Exact","301 E CAPITOL AVE, JEFFERSON CITY, MO, 65101",34407821,"R"
473941,"301 E CHALMERS","CHAMPAIGN","IL",61820,40.1065565980001,-88.235201855,441,"301 E CHALMERS, CHAMPAIGN, IL, 61820","Match","Non_Exact","301 E CHALMERS ST, CHAMPAIGN, IL, 61820",8812048,"R"
473942,"301 E CHEROKEE AVE","SHABBONA","IL",60550,41.7669463060001,-88.869415816,442,"301 E CHEROKEE AVE, SHABBONA, IL, 60550","Match","Exact","301 E CHEROKEE AVE, SHABBONA, IL, 60550",52270904,"R"
473943,"301 E COLLEGE STR","VALDOSTA","GA",31602,30.8505037300001,-83.2839184549999,443,"301 E COLLEGE STR, VALDOSTA, GA, 31602","Match","Exact","301 E COLLEGE ST, VALDOSTA, GA, 31602",87717413,"R"
473944,"301 E COMMANCHE","SHABBONA","IL",60550,41.7679674250001,-88.8694040679999,444,"301 E COMMANCHE, SHABBONA, IL, 60550","Match","Non_Exact","301 E COMANCHE AVE, SHABBONA, IL, 60550",52261712,"L"
473945,"301 E CONGRESS PKWY 511","Crystal Lake","IL",60039,42.2306850680001,-88.3096274599999,445,"301 E CONGRESS PKWY 511, Crystal Lake, IL, 60039","Match","Non_Exact","301 CONGRESS PKWY, CRYSTAL LAKE, IL, 60014",119852420,"R"
473946,"301 E DARTMOUTH","KANSAS CITY","MO",64113,39.000778783,-94.585345693,446,"301 E DARTMOUTH, KANSAS CITY, MO, 64113","Match","Non_Exact","301 E DARTMOUTH RD, KANSAS CITY, MO, 64113",91454643,"R"
473947,"301 E FOOTHILL BLVD 14","POMONA","CA",91767,34.1071966710001,-117.743825692,447,"301 E FOOTHILL BLVD 14, POMONA, CA, 91767","Match","Non_Exact","301 E FOOTHILL BLVD, POMONA, CA, 91767",141820095,"L"
473948,"301 E FOURTH ST 3300","CINCINNATI","OH",45202,NA,NA,448,"301 E FOURTH ST 3300, CINCINNATI, OH, 45202","Tie",NA,NA,NA,NA
473949,"301 E FREEMONT ST","SPRING VALLEY","MN",55975,43.6823448330001,-92.387908164,449,"301 E FREEMONT ST, SPRING VALLEY, MN, 55975","Match","Non_Exact","301 FREMONT ST, SPRING VALLEY, MN, 55975",27559359,"R"
473950,"301 E GENESEE AVE 5TH FLOOR","SAGINAW","MI",48607,43.4330122630001,-83.937704133,450,"301 E GENESEE AVE 5TH FLOOR, SAGINAW, MI, 48607","Match","Non_Exact","301 E GENESEE AVE, SAGINAW, MI, 48607",80211733,"R"
473951,"301 E HARDY ST PO BOX 932","FREMONT","IN",46737,41.7289891130001,-84.930255245,451,"301 E HARDY ST PO BOX 932, FREMONT, IN, 46737","Match","Exact","301 HARDY ST, FREMONT, IN, 46737",7715027,"R"
473952,"301 E HOPKINS","GRANVILLE","IL",61326,41.2599859310001,-89.224480345,452,"301 E HOPKINS, GRANVILLE, IL, 61326","Match","Non_Exact","301 HOPKINS ST, GRANVILLE, IL, 61326",8891014,"L"
473953,"301 E HURON ST","ANN ARBOR","MI",48104,42.2813513740001,-83.74581755,453,"301 E HURON ST, ANN ARBOR, MI, 48104","Match","Exact","301 E HURON ST, ANN ARBOR, MI, 48104",26014541,"L"
473954,"301 E JEFFERSON ST","DELAWARE","IA",52036,42.473774362,-91.341065209,454,"301 E JEFFERSON ST, DELAWARE, IA, 52036","Match","Exact","301 JEFFERSON ST, DELAWARE, IA, 52036",636214960,"L"
473955,"301 E JOHN STREET SUITE 766","MATTHEWS","NC",28105,NA,NA,455,"301 E JOHN STREET SUITE 766, MATTHEWS, NC, 28105","Tie",NA,NA,NA,NA
473956,"301 E JUAREZ AVE","PHARR","TX",78577,26.1980094050001,-98.180388224,456,"301 E JUAREZ AVE, PHARR, TX, 78577","Match","Exact","301 E JUAREZ AVE, PHARR, TX, 78577",71503954,"L"
473957,"301 E LIME AVE","MONROVIA","CA",91016,34.1481354740001,-117.996484238,457,"301 E LIME AVE, MONROVIA, CA, 91016","Match","Exact","301 E LIME AVE, MONROVIA, CA, 91016",141646627,"L"
473958,"301 E LOCH HAVEN DRIVE","FAYETTEVILLE","NC",28314,35.067603273,-78.981651513,458,"301 E LOCH HAVEN DRIVE, FAYETTEVILLE, NC, 28314","Match","Non_Exact","301 E LOCHHAVEN DR, FAYETTEVILLE, NC, 28314",64195423,"L"
473959,"301 E MAIN ST APT 321","WAUNAKEE","WI",53597,NA,NA,459,"301 E MAIN ST APT 321, WAUNAKEE, WI, 53597","Tie",NA,NA,NA,NA
473960,"301 E MAIN STREET  PO BOX 884","SAN AUGUSTINE","TX",75972,31.5292069430001,-94.108159856,460,"301 E MAIN STREET  PO BOX 884, SAN AUGUSTINE, TX, 75972","Match","Non_Exact","301 E MAIN ST, SAN AUGUSTINE, TX, 75972",72669767,"R"
473961,"301 E MAIN STREET","LAWTON","IA",51030,42.479747328,-96.1808491959999,461,"301 E MAIN STREET, LAWTON, IA, 51030","Match","Exact","301 E MAIN ST, LAWTON, IA, 51030",93416301,"R"
473962,"301 E MAIN STREET","SAN AUGUSTINE","TX",75972,31.5292069430001,-94.108159856,462,"301 E MAIN STREET, SAN AUGUSTINE, TX, 75972","Match","Exact","301 E MAIN ST, SAN AUGUSTINE, TX, 75972",72669767,"R"
473963,"301 E MARKET STREET","INDIANAPOLIS","IN",46208,39.7683911350001,-86.152455413,463,"301 E MARKET STREET, INDIANAPOLIS, IN, 46208","Match","Non_Exact","301 E MARKET ST, INDIANAPOLIS, IN, 46202",108027364,"R"
473964,"301 E MARKLEY DRIVE","CASA GRANDE","AZ",85122,NA,NA,464,"301 E MARKLEY DRIVE, CASA GRANDE, AZ, 85122","No_Match",NA,NA,NA,NA
473965,"301 E MCINTYRE AVE","PITTSBURGH","PA",15214,40.4689628630001,-80.0064119529999,465,"301 E MCINTYRE AVE, PITTSBURGH, PA, 15214","Match","Exact","301 E MCINTYRE AVE, PITTSBURGH, PA, 15214",51701385,"R"
473966,"301 E MCKAMEY ST","PAYSON","AZ",85541,34.23370929,-111.319694985,466,"301 E MCKAMEY ST, PAYSON, AZ, 85541","Match","Exact","301 E MCKAMEY ST, PAYSON, AZ, 85541",635836383,"R"
473967,"301 E MIDDLE ST","WILLIAMSTON","MI",48895,42.687620259,-84.280256907,467,"301 E MIDDLE ST, WILLIAMSTON, MI, 48895","Match","Exact","301 E MIDDLE ST, WILLIAMSTON, MI, 48895",17507321,"L"
473968,"301 E MINNIE ST","RADCLIFFE","IA",50230,42.3166966430001,-93.4314344489999,468,"301 E MINNIE ST, RADCLIFFE, IA, 50230","Match","Exact","301 E MINNIE ST, RADCLIFFE, IA, 50230",77438291,"R"
473969,"301 E MORNING GLORY DR","APPLETON","WI",54913,44.3084739430001,-88.40218583,469,"301 E MORNING GLORY DR, APPLETON, WI, 54913","Match","Exact","301 E MORNING GLORY DR, APPLETON, WI, 54913",74906042,"R"
473970,"301 E MT VERNON ST","SOMERSET","KY",42501,37.0926900440001,-84.60236438,470,"301 E MT VERNON ST, SOMERSET, KY, 42501","Match","Exact","301 E MOUNT VERNON ST, SOMERSET, KY, 42501",39079228,"R"
473971,"301 E MUHAMMAD ALI BLVD","LOUISVILLE","KY",40202,38.2501946300001,-85.74876993,471,"301 E MUHAMMAD ALI BLVD, LOUISVILLE, KY, 40202","Match","Exact","301 E MUHAMMAD ALI BLVD, LOUISVILLE, KY, 40202",96912113,"L"
473972,"301 E OCEAN AVENUE SUITE 3","LANTANA","FL",33462,NA,NA,472,"301 E OCEAN AVENUE SUITE 3, LANTANA, FL, 33462","Tie",NA,NA,NA,NA
473973,"301 E OCEAN BLVD - STE 1400","LONG BEACH","CA",90802,NA,NA,473,"301 E OCEAN BLVD - STE 1400, LONG BEACH, CA, 90802","Tie",NA,NA,NA,NA
473974,"301 E OCEAN BLVD STE 1730","LONG BEACH","CA",90802,NA,NA,474,"301 E OCEAN BLVD STE 1730, LONG BEACH, CA, 90802","Tie",NA,NA,NA,NA
473975,"301 E OSCEOLA STREET","WETUMPKA","AL",36092,32.5445225710001,-86.206280498,475,"301 E OSCEOLA STREET, WETUMPKA, AL, 36092","Match","Exact","301 E OSCEOLA ST, WETUMPKA, AL, 36092",1362471,"R"
473976,"301 E PURDOM","ALVARADO","TX",76009,32.4088743250001,-97.210017319,476,"301 E PURDOM, ALVARADO, TX, 76009","Match","Non_Exact","301 E PURDOM AVE, ALVARADO, TX, 76009",103519769,"R"
473977,"301 E SETH ST","BRANDON","SD",57005,43.5978778940001,-96.588648843,477,"301 E SETH ST, BRANDON, SD, 57005","Match","Exact","301 SETH ST, BRANDON, SD, 57005",34994765,"R"
473978,"301 E SHERMAN DRIVE","AUBREY","TX",76227,33.305353779,-96.984566391,478,"301 E SHERMAN DRIVE, AUBREY, TX, 76227","Match","Exact","301 E SHERMAN DR, AUBREY, TX, 76227",103360835,"R"
473979,"301 E WALLACE BLVD BLDG 224","SHELTON","WA",98584,NA,NA,479,"301 E WALLACE BLVD BLDG 224, SHELTON, WA, 98584","No_Match",NA,NA,NA,NA
473980,"301 E WALNUT AVE","VINELAND","NJ",8360,39.4713872990001,-75.021451199,480,"301 E WALNUT AVE, VINELAND, NJ, 8360","Match","Non_Exact","301 E WALNUT RD, VINELAND, NJ, 08360",174111398,"R"
473981,"301 E WALNUT ST","NEW SHARON","IA",50207,41.4714669730001,-92.64866692,481,"301 E WALNUT ST, NEW SHARON, IA, 50207","Match","Exact","301 E WALNUT ST, NEW SHARON, IA, 50207",89375509,"L"
473982,"301 E WASHINGTON STREET","MINNEOLA","FL",34715,28.5756313420001,-81.744830558,482,"301 E WASHINGTON STREET, MINNEOLA, FL, 34715","Match","Exact","301 E WASHINGTON ST, MINNEOLA, FL, 34715",94117568,"R"
473983,"301 E WAYNE DRIVE","SILVER SPRING","MD",20901,39.0033543800001,-77.0042513719999,483,"301 E WAYNE DRIVE, SILVER SPRING, MD, 20901","Match","Non_Exact","301 E WAYNE AVE, SILVER SPRING, MD, 20901",62069208,"R"
473984,"301 E WEIDMAN STREET","LEBANON","PA",17046,NA,NA,484,"301 E WEIDMAN STREET, LEBANON, PA, 17046","Tie",NA,NA,NA,NA
473985,"301 E WOOD","BLYTHEVILLE","AR",72315,35.9247531300001,-89.889840576,485,"301 E WOOD, BLYTHEVILLE, AR, 72315","Match","Non_Exact","301 EASTWOOD ST, BLYTHEVILLE, AR, 72315",47217692,"L"
473986,"301 E WOODLAWN RD STE 1","CHARLOTTE","NC",28217,NA,NA,486,"301 E WOODLAWN RD STE 1, CHARLOTTE, NC, 28217","Tie",NA,NA,NA,NA
473987,"301 EAGLE DR","PROSPER","TX",75078,NA,NA,487,"301 EAGLE DR, PROSPER, TX, 75078","No_Match",NA,NA,NA,NA
473988,"301 EAGLE DRIVE","PROSPER","TX",75078,NA,NA,488,"301 EAGLE DRIVE, PROSPER, TX, 75078","No_Match",NA,NA,NA,NA
473989,"301 EAST 1050 NORTH","BOUNTIFUL","UT",84010,40.899821027,-111.87437483,489,"301 EAST 1050 NORTH, BOUNTIFUL, UT, 84010","Match","Exact","301 E 1050 N, BOUNTIFUL, UT, 84010",229353076,"L"
473990,"301 EAST 22ND STREET APT 3J","NEW YORK","NY",10010,40.7371460260001,-73.981187517,490,"301 EAST 22ND STREET APT 3J, NEW YORK, NY, 10010","Match","Exact","301 E 22ND ST, NEW YORK, NY, 10010",59654557,"L"
473991,"301 EAST 280TH STREET","EUCLID","OH",44132,41.6236216780001,-81.489573824,491,"301 EAST 280TH STREET, EUCLID, OH, 44132","Match","Exact","301 E 280TH ST, EUCLID, OH, 44132",639396523,"L"
473992,"301 EAST 47TH ST APT 9P","NEW YORK","NY",10017,40.7529273540001,-73.969706561,492,"301 EAST 47TH ST APT 9P, NEW YORK, NY, 10017","Match","Exact","301 E 47TH ST, NEW YORK, NY, 10017",647119420,"L"
473993,"301 EAST 48TH STREET 11K","NEW YORK","NY",10017,40.753556001,-73.969247463,493,"301 EAST 48TH STREET 11K, NEW YORK, NY, 10017","Match","Exact","301 E 48TH ST, NEW YORK, NY, 10017",647119419,"L"
473994,"301 EAST 48TH STREET","LOVELAND","CO",80538,40.4433882960001,-105.074107023,494,"301 EAST 48TH STREET, LOVELAND, CO, 80538","Match","Exact","301 E 48TH ST, LOVELAND, CO, 80538",188539471,"L"
473995,"301 EAST 4TH STREET SUITE 3300","CINCINNATI","OH",45202,39.1006842510001,-84.507694387,495,"301 EAST 4TH STREET SUITE 3300, CINCINNATI, OH, 45202","Match","Exact","301 E 4TH ST, CINCINNATI, OH, 45202",103936771,"R"
473996,"301 EAST 50TH STREET","GARDEN CITY","ID",83714,43.6437964690001,-116.265246326,496,"301 EAST 50TH STREET, GARDEN CITY, ID, 83714","Match","Exact","301 E 50TH ST, GARDEN CITY, ID, 83714",117885075,"L"
473997,"301 EAST 52ND ST STE 5C","NEW YORK","NY",10022,40.756049041,-73.967388907,497,"301 EAST 52ND ST STE 5C, NEW YORK, NY, 10022","Match","Exact","301 E 52ND ST, NEW YORK, NY, 10022",651705945,"L"
473998,"301 EAST 55TH STREET","LONG BEACH","CA",90712,33.855963038,-118.189719701,498,"301 EAST 55TH STREET, LONG BEACH, CA, 90712","Match","Non_Exact","301 E 55TH ST, LONG BEACH, CA, 90805",141684226,"L"
473999,"301 EAST 79TH STREET APT 15J","NEW YORK","NY",10028,40.773331107,-73.955016642,499,"301 EAST 79TH STREET APT 15J, NEW YORK, NY, 10028","Match","Non_Exact","301 E 79TH ST, NEW YORK, NY, 10075",650088583,"L"
474000,"301 EAST 91 STREET APT 2E","NEW YORK","NY",10128,40.780987071,-73.9492231999999,500,"301 EAST 91 STREET APT 2E, NEW YORK, NY, 10128","Match","Exact","301 E 91ST ST, NEW YORK, NY, 10128",59657961,"L"
