"ID","Address","City","State","Zip","lat","long","id","input_address","match_indicator","match_type","matched_address","tiger_line_id","tiger_side"
341501,"2121 MERIDIAN PARK BLVD","CONCORD","CA",94524,37.977558747,-122.057714226,1,"2121 MERIDIAN PARK BLVD, CONCORD, CA, 94524","Match","Non_Exact","2121 MERIDIAN PARK BLVD, CONCORD, CA, 94520",192053520,"L"
341502,"2121 MID LANE APT 357","HOUSTON","TX",77027,NA,NA,2,"2121 MID LANE APT 357, HOUSTON, TX, 77027","No_Match",NA,NA,NA,NA
341503,"2121 MOUNTAIN RAIL DRIVE","NORTH LAS VEGAS","NV",89084,36.278075874,-115.172428095,3,"2121 MOUNTAIN RAIL DRIVE, NORTH LAS VEGAS, NV, 89084","Match","Exact","2121 MOUNTAIN RAIL DR, N LAS VEGAS, NV, 89084",612989374,"L"
341504,"2121 N  WILLIAMSBURG DR","PALATINE","IL",60074,NA,NA,4,"2121 N  WILLIAMSBURG DR, PALATINE, IL, 60074","Tie",NA,NA,NA,NA
341505,"2121 N 14TH ST","MILWAUKEE","WI",53205,43.0583455400001,-87.930122001,5,"2121 N 14TH ST, MILWAUKEE, WI, 53205","Match","Exact","2121 N 14TH ST, MILWAUKEE, WI, 53205",77741025,"L"
341506,"2121 N BAYSHORE DR APT 1116","MIAMI","FL",33137,25.7972992850001,-80.1870385029999,6,"2121 N BAYSHORE DR APT 1116, MIAMI, FL, 33137","Match","Non_Exact","2121 N BAYSHORE DR, MIAMI, FL, 33137",116320133,"R"
341507,"2121 N BAYSHORE DR APT 1212","MIAMI","FL",33137,25.7972992850001,-80.1870385029999,7,"2121 N BAYSHORE DR APT 1212, MIAMI, FL, 33137","Match","Non_Exact","2121 N BAYSHORE DR, MIAMI, FL, 33137",116320133,"R"
341508,"2121 N BRONSON AV","LOS ANGELES","CA",90068,34.108774284,-118.318016868,8,"2121 N BRONSON AV, LOS ANGELES, CA, 90068","Match","Exact","2121 N BRONSON AVE, LOS ANGELES, CA, 90068",141597034,"L"
341509,"2121 N CENTER 176","MESA","AZ",85201,NA,NA,9,"2121 N CENTER 176, MESA, AZ, 85201","No_Match",NA,NA,NA,NA
341510,"2121 N DWIGHT","PAMPA","TX",79065,35.559038478,-100.978147539,10,"2121 N DWIGHT, PAMPA, TX, 79065","Match","Non_Exact","2121 N DWIGHT ST, PAMPA, TX, 79065",182343411,"L"
341511,"2121 N JOSEY LANE SUITE 108","CARROLLTON","TX",75006,32.9722143000001,-96.889999223,11,"2121 N JOSEY LANE SUITE 108, CARROLLTON, TX, 75006","Match","Non_Exact","2121 N JOSEY LN, CARROLLTON, TX, 75006",103210998,"L"
341512,"2121 N LOBDELL BLVD APT 316","BATON ROUGE","LA",70806,30.467793371,-91.120323758,12,"2121 N LOBDELL BLVD APT 316, BATON ROUGE, LA, 70806","Match","Non_Exact","2121 LOBDELL AVE, BATON ROUGE, LA, 70806",651020868,"L"
341513,"2121 N MATTHEW CT","FARMERSVILLE","CA",93223,36.3158782080001,-119.212216343,13,"2121 N MATTHEW CT, FARMERSVILLE, CA, 93223","Match","Non_Exact","2121 MATHEW CT, FARMERSVILLE, CA, 93223",202824252,"L"
341514,"2121 N SHEFFIELD  UNIT 1W","CHICAGO","IL",60614,NA,NA,14,"2121 N SHEFFIELD  UNIT 1W, CHICAGO, IL, 60614","No_Match",NA,NA,NA,NA
341515,"2121 N WESTMORELAND ST APT 330","ARLINGTON","VA",22213,38.886100648,-77.162131111,15,"2121 N WESTMORELAND ST APT 330, ARLINGTON, VA, 22213","Match","Non_Exact","2121 N WESTMORELAND ST, ARLINGTON, VA, 22213",76466494,"R"
341516,"2121 NATOMAS CROSSING 200-178","SACRAMENTO","CA",95834,38.640016055,-121.509100487,16,"2121 NATOMAS CROSSING 200-178, SACRAMENTO, CA, 95834","Match","Non_Exact","2121 NATOMAS CROSSING DR, SACRAMENTO, CA, 95834",133409270,"R"
341517,"2121 NATOMAS CROSSING DR  200-300","SACRAMENTO","CA",95834,38.640016055,-121.509100487,17,"2121 NATOMAS CROSSING DR  200-300, SACRAMENTO, CA, 95834","Match","Exact","2121 NATOMAS CROSSING DR, SACRAMENTO, CA, 95834",133409270,"R"
341518,"2121 NATOMAS CROSSING DR STE200-262","SACRAMENTO","CA",95834,38.640016055,-121.509100487,18,"2121 NATOMAS CROSSING DR STE200-262, SACRAMENTO, CA, 95834","Match","Exact","2121 NATOMAS CROSSING DR, SACRAMENTO, CA, 95834",133409270,"R"
341519,"2121 NATOMAS CROSSINGS DR APT200","SACRAMENTO","CA",95834,38.640016055,-121.509100487,19,"2121 NATOMAS CROSSINGS DR APT200, SACRAMENTO, CA, 95834","Match","Non_Exact","2121 NATOMAS CROSSING DR, SACRAMENTO, CA, 95834",133409270,"R"
341520,"2121 NE 161ST PLACE","VANCOUVER","WA",98684,45.6379483050001,-122.50684235,20,"2121 NE 161ST PLACE, VANCOUVER, WA, 98684","Match","Exact","2121 NE 161ST PL, VANCOUVER, WA, 98684",158348158,"R"
341521,"2121 NE 20TH AVE","PORTLAND","OR",97212,45.537685454,-122.645320301,21,"2121 NE 20TH AVE, PORTLAND, OR, 97212","Match","Exact","2121 NE 20TH AVE, PORTLAND, OR, 97212",157506605,"L"
341522,"2121 NE 7TH","MOORE","OK",73160,35.3446393670001,-97.458364859,22,"2121 NE 7TH, MOORE, OK, 73160","Match","Non_Exact","2121 NE 7TH ST, MOORE, OK, 73160",99956774,"R"
341523,"2121 NE 81ST AVE","VANCOUVER","WA",98664,45.6381806700001,-122.590983287,23,"2121 NE 81ST AVE, VANCOUVER, WA, 98664","Match","Exact","2121 NE 81ST AVE, VANCOUVER, WA, 98664",158371304,"L"
341524,"2121 NE HALSEY STREET","PORTLAND","OR",97232,45.533594405,-122.644373164,24,"2121 NE HALSEY STREET, PORTLAND, OR, 97232","Match","Exact","2121 NE HALSEY ST, PORTLAND, OR, 97232",157506752,"L"
341525,"2121 NEWLYN DR","DEXTER","MI",48130,42.3213646990001,-83.90559173,25,"2121 NEWLYN DR, DEXTER, MI, 48130","Match","Non_Exact","2121 NEWLYN RD, DEXTER, MI, 48130",26032476,"R"
341526,"2121 NICOLLET AVE S SUITE 204","MINNAPOLIS","MN",55404,44.961637765,-93.277810346,26,"2121 NICOLLET AVE S SUITE 204, MINNAPOLIS, MN, 55404","Match","Non_Exact","2121 NICOLLET AVE, MINNEAPOLIS, MN, 55404",43632264,"L"
341527,"2121 NORTH 27TH STREET","LINCOLN","NE",68503,40.8337352510001,-96.6822527149999,27,"2121 NORTH 27TH STREET, LINCOLN, NE, 68503","Match","Exact","2121 N 27TH ST, LINCOLN, NE, 68503",636292690,"L"
341528,"2121 NORTH 32ND STREET","MILWAUKEE","WI",53208,43.0582156470001,-87.953970439,28,"2121 NORTH 32ND STREET, MILWAUKEE, WI, 53208","Match","Exact","2121 N 32ND ST, MILWAUKEE, WI, 53208",77738149,"L"
341529,"2121 NORTH FIFE STREET","TACOMA","WA",98406,47.2676900960001,-122.470392576,29,"2121 NORTH FIFE STREET, TACOMA, WA, 98406","Match","Exact","2121 N FIFE ST, TACOMA, WA, 98406",184645972,"R"
341530,"2121 NORTH FREDRIC STREET","BURBANK","CA",91504,34.1942067210001,-118.339043179,30,"2121 NORTH FREDRIC STREET, BURBANK, CA, 91504","Match","Non_Exact","2121 N FREDERIC ST, BURBANK, CA, 91504",142725582,"L"
341531,"2121 NORTH JOSEY LANE SUITE 102","CARROLLTON","TX",75006,32.972092414,-96.889999223,31,"2121 NORTH JOSEY LANE SUITE 102, CARROLLTON, TX, 75006","Match","Exact","2121 N JOSEY LN, CARROLLTON, TX, 75006",103210998,"L"
341532,"2121 NORTH LOBDELL BLVD APT 207","BATON ROUGE","LA",70806,NA,NA,32,"2121 NORTH LOBDELL BLVD APT 207, BATON ROUGE, LA, 70806","No_Match",NA,NA,NA,NA
341533,"2121 NORTH WALNUT","GUTHRIE","OK",73044,35.8974054020001,-97.416429878,33,"2121 NORTH WALNUT, GUTHRIE, OK, 73044","Match","Non_Exact","2121 N WALNUT ST, GUTHRIE, OK, 73044",652782343,"L"
341534,"2121 NW 69TH TERR","MIAMI","FL",33147,25.8375363330001,-80.231383582,34,"2121 NW 69TH TERR, MIAMI, FL, 33147","Match","Exact","2121 NW 69TH TER, MIAMI, FL, 33147",116001568,"R"
341535,"2121 NW SAVIER APT 1210","PORTLAND","OR",97210,NA,NA,35,"2121 NW SAVIER APT 1210, PORTLAND, OR, 97210","No_Match",NA,NA,NA,NA
341536,"2121 OAK KNOLL DRIVE","BATON ROUGE","LA",70815,30.468126467,-91.05441702,36,"2121 OAK KNOLL DRIVE, BATON ROUGE, LA, 70815","Match","Exact","2121 OAK KNOLL DR, BATON ROUGE, LA, 70815",92190750,"L"
341537,"2121 OAKDALE CIRCLE","CORALVILLE","IA",52241,41.7090214780001,-91.5939095419999,37,"2121 OAKDALE CIRCLE, CORALVILLE, IA, 52241","Match","Exact","2121 OAKDALE CIR, CORALVILLE, IA, 52241",619109798,"R"
341538,"2121 ODOM RD","CILNTON","NC",28328,35.0917348620001,-78.429463954,38,"2121 ODOM RD, CILNTON, NC, 28328","Match","Non_Exact","2121 ODOM RD, CLINTON, NC, 28328",636191661,"R"
341539,"2121 ODOM RD","CLINTON","NC",28328,35.0917348620001,-78.429463954,39,"2121 ODOM RD, CLINTON, NC, 28328","Match","Exact","2121 ODOM RD, CLINTON, NC, 28328",636191661,"R"
341540,"2121 OLD GREENBRIER ROAD","CHESAPEAKE","VA",23320,36.794707676,-76.234506214,40,"2121 OLD GREENBRIER ROAD, CHESAPEAKE, VA, 23320","Match","Exact","2121 OLD GREENBRIER RD, CHESAPEAKE, VA, 23320",121790399,"R"
341541,"2121 PALOMAR AIRPORT ROAD SUITE 300","CARLSBAD","CA",92011,33.1258145350001,-117.2747675,41,"2121 PALOMAR AIRPORT ROAD SUITE 300, CARLSBAD, CA, 92011","Match","Exact","2121 PALOMAR AIRPORT RD, CARLSBAD, CA, 92011",195750935,"R"
341542,"2121 PARK STREET","MISSOULA","MT",59801,46.8513178250001,-114.002612937,42,"2121 PARK STREET, MISSOULA, MT, 59801","Match","Exact","2121 PARK ST, MISSOULA, MT, 59801",205239126,"R"
341543,"2121 PARKDALE AVE","TOLEDO","OH",43607,41.6619486750001,-83.587464241,43,"2121 PARKDALE AVE, TOLEDO, OH, 43607","Match","Exact","2121 PARKDALE AVE, TOLEDO, OH, 43607",652708502,"L"
341544,"2121 PARKDALE AVENUE","TOLEDO","OH",43607,41.6619486750001,-83.587464241,44,"2121 PARKDALE AVENUE, TOLEDO, OH, 43607","Match","Exact","2121 PARKDALE AVE, TOLEDO, OH, 43607",652708502,"L"
341545,"2121 PARTRIDGE PLACE","SUFFOLK","VA",23433,36.8981653720001,-76.493259573,45,"2121 PARTRIDGE PLACE, SUFFOLK, VA, 23433","Match","Exact","2121 PARTRIDGE PL, SUFFOLK, VA, 23433",641113915,"R"
341546,"2121 PARTRIDGE","SUFFOLK","VA",23433,36.8981653720001,-76.493259573,46,"2121 PARTRIDGE, SUFFOLK, VA, 23433","Match","Non_Exact","2121 PARTRIDGE PL, SUFFOLK, VA, 23433",641113915,"R"
341547,"2121 PAULDING AVENUE APT 3","BRONX","NY",10462,40.854308449,-73.8599040619999,47,"2121 PAULDING AVENUE APT 3, BRONX, NY, 10462","Match","Exact","2121 PAULDING AVE, BRONX, NY, 10462",652207772,"L"
341548,"2121 PEACOCK DRIVE","LEXINGTON","NC",27292,35.7368845290001,-80.283237678,48,"2121 PEACOCK DRIVE, LEXINGTON, NC, 27292","Match","Exact","2121 PEACOCK DR, LEXINGTON, NC, 27292",20210145,"R"
341549,"2121 PEPPERIDGE COURT","AUGUSTA","GA",30906,33.3843227790001,-82.028659933,49,"2121 PEPPERIDGE COURT, AUGUSTA, GA, 30906","Match","Exact","2121 PEPPERIDGE CT, AUGUSTA, GA, 30906",55647124,"R"
341550,"2121 PIERCE STREET","SAN FRANCISCO","CA",94115,37.7896432490001,-122.437367986,50,"2121 PIERCE STREET, SAN FRANCISCO, CA, 94115","Match","Exact","2121 PIERCE ST, SAN FRANCISCO, CA, 94115",642879883,"L"
341551,"2121 PITNEY ROAD","PARKVILLE","MD",21085,39.3871074260001,-76.550386568,51,"2121 PITNEY ROAD, PARKVILLE, MD, 21085","Match","Non_Exact","2121 PITNEY RD, PARKVILLE, MD, 21234",191518706,"R"
341552,"2121 PONCE DE LEON BLVD SUITE 1050","CORAL GABLES","FL",33134,25.7533253990001,-80.258755057,52,"2121 PONCE DE LEON BLVD SUITE 1050, CORAL GABLES, FL, 33134","Match","Exact","2121 PONCE DE LEON BLVD, CORAL GABLES, FL, 33134",116013010,"L"
341553,"2121 PONCE DE LEON BLVD SUITE 1100","CORAL GABLES","FL",33134,25.7533253990001,-80.258755057,53,"2121 PONCE DE LEON BLVD SUITE 1100, CORAL GABLES, FL, 33134","Match","Exact","2121 PONCE DE LEON BLVD, CORAL GABLES, FL, 33134",116013010,"L"
341554,"2121 PRICE ST","SAVANNAH","GA",31401,32.0551855900001,-81.0949359809999,54,"2121 PRICE ST, SAVANNAH, GA, 31401","Match","Exact","2121 PRICE ST, SAVANNAH, GA, 31401",6176215,"R"
341555,"2121 RED OAK DR","GREEN BAY","WI",54304,44.5159282600001,-88.085766445,55,"2121 RED OAK DR, GREEN BAY, WI, 54304","Match","Exact","2121 RED OAK DR, GREEN BAY, WI, 54304",148096960,"L"
341556,"2121 RIDGE ROAD","MCKESPORT","PA",15135,40.2954368210001,-79.820298088,56,"2121 RIDGE ROAD, MCKESPORT, PA, 15135","Match","Non_Exact","2121 RIDGE RD, MCKEESPORT, PA, 15135",51679642,"L"
341557,"2121 RIDGEFIELD DRIVE","PORT BYRON","IL",61275,41.6182116140001,-90.315387823,57,"2121 RIDGEFIELD DRIVE, PORT BYRON, IL, 61275","Match","Exact","2121 RIDGEFIELD DR, PORT BYRON, IL, 61275",628822102,"L"
341558,"2121 RIVER REACH DR   APT 467","NAPLES","FL",34104,26.1642538130001,-81.7783262459999,58,"2121 RIVER REACH DR   APT 467, NAPLES, FL, 34104","Match","Exact","2121 RIVER REACH DR, NAPLES, FL, 34104",619836439,"R"
341559,"2121 ROSEMARY CT","PETALUMA","CA",94954,38.250505532,-122.600112491,59,"2121 ROSEMARY CT, PETALUMA, CA, 94954","Match","Exact","2121 ROSEMARY CT, PETALUMA, CA, 94954",624909169,"L"
341560,"2121 RUBY RD","IRVING","TX",75060,32.785914125,-96.972568644,60,"2121 RUBY RD, IRVING, TX, 75060","Match","Exact","2121 RUBY RD, IRVING, TX, 75060",102892874,"R"
341561,"2121 S 12TH AVE","MAYWOOD","IL",60153,41.865681276,-87.8469439849999,61,"2121 S 12TH AVE, MAYWOOD, IL, 60153","Match","Exact","2121 S 12TH AVE, MAYWOOD, IL, 60153",605267639,"L"
341562,"2121 S 14TH ST","SHEBOYGAN","WI",53081,43.731763147,-87.723476257,62,"2121 S 14TH ST, SHEBOYGAN, WI, 53081","Match","Exact","2121 S 14TH ST, SHEBOYGAN, WI, 53081",79497439,"L"
341563,"2121 S 34TH ST","OMAHA","NE",68105,41.239622652,-95.963014788,63,"2121 S 34TH ST, OMAHA, NE, 68105","Match","Exact","2121 S 34TH ST, OMAHA, NE, 68105",116985070,"L"
341564,"2121 S 4075 W","OGDEN","UT",84404,NA,NA,64,"2121 S 4075 W, OGDEN, UT, 84404","No_Match",NA,NA,NA,NA
341565,"2121 S CEDAR HILLS DR","MOUNT VERNON","WA",98274,48.4053598020001,-122.311054695,65,"2121 S CEDAR HILLS DR, MOUNT VERNON, WA, 98274","Match","Exact","2121 S CEDAR HILLS DR, MOUNT VERNON, WA, 98274",183676492,"L"
341566,"2121 S HIAWASSEE RD","ORLANDO","FL",32835,28.519015575,-81.478321153,66,"2121 S HIAWASSEE RD, ORLANDO, FL, 32835","Match","Exact","2121 S HIAWASSEE RD, ORLANDO, FL, 32835",626958425,"L"
341567,"2121 S SILVERTHORNE AVE APT 302","SIOUX FALLS","SD",57110,43.5265938200001,-96.64815988,67,"2121 S SILVERTHORNE AVE APT 302, SIOUX FALLS, SD, 57110","Match","Non_Exact","2121 S SILVERTHORNE AVE, SIOUX FALLS, SD, 57110",618471612,"R"
341568,"2121 S STERLING AVE","INDEPENDENCE","MO",64052,39.082121726,-94.446116317,68,"2121 S STERLING AVE, INDEPENDENCE, MO, 64052","Match","Exact","2121 S STERLING AVE, INDEPENDENCE, MO, 64052",91461865,"L"
341569,"2121 S TIMBERLINE AVE","TUCSON","AZ",85710,32.1973379250001,-110.827562754,69,"2121 S TIMBERLINE AVE, TUCSON, AZ, 85710","Match","Exact","2121 S TIMBERLINE AVE, TUCSON, AZ, 85710",121184194,"L"
341570,"2121 S VICTORIA AVE","LOS ANGELES","CA",90016,34.037521014,-118.33372864,70,"2121 S VICTORIA AVE, LOS ANGELES, CA, 90016","Match","Exact","2121 S VICTORIA AVE, LOS ANGELES, CA, 90016",141602000,"R"
341571,"2121 S WOLF RD APT 421","HILLSIDE","IL",60162,41.849671485,-87.901439693,71,"2121 S WOLF RD APT 421, HILLSIDE, IL, 60162","Match","Non_Exact","2121 S WOLF RD, HILLSIDE, IL, 60162",111876341,"L"
341572,"2121 S YORKTOWN AVE APT 802","TULSA","OK",74114,36.1328040340001,-95.9620731319999,72,"2121 S YORKTOWN AVE APT 802, TULSA, OK, 74114","Match","Non_Exact","2121 S YORKTOWN AVE, TULSA, OK, 74114",635316517,"L"
341573,"2121 SAINT ANN COMMON","NORTH HUNTINGDON","PA",15642,NA,NA,73,"2121 SAINT ANN COMMON, NORTH HUNTINGDON, PA, 15642","No_Match",NA,NA,NA,NA
341574,"2121 SAINT NICK DRIVE","NEW ORLEANS","LA",70131,29.9325399530001,-90.01002421,74,"2121 SAINT NICK DRIVE, NEW ORLEANS, LA, 70131","Match","Exact","2121 SAINT NICK DR, NEW ORLEANS, LA, 70131",191719928,"R"
341575,"2121 SALLEE DRIVE","LEXINGTON","KY",40517,38.006842584,-84.567576975,75,"2121 SALLEE DRIVE, LEXINGTON, KY, 40517","Match","Non_Exact","2121 SALLEE DR, LEXINGTON, KY, 40513",31932749,"L"
341576,"2121 SANDPIPER DR","BLANCHARD","OK",74010,35.117670263,-97.698845497,76,"2121 SANDPIPER DR, BLANCHARD, OK, 74010","Match","Non_Exact","2121 SANDPIPER DR, BLANCHARD, OK, 73010",648514688,"R"
341577,"2121 SARAZEN DRIVE","DUNEDIN","FL",34698,28.042062399,-82.764186578,77,"2121 SARAZEN DRIVE, DUNEDIN, FL, 34698","Match","Exact","2121 SARAZEN DR, DUNEDIN, FL, 34698",124665986,"R"
341578,"2121 SCOTLAND STREET","VIRGINIA BEACH","VA",23456,36.7695835700001,-76.119698655,78,"2121 SCOTLAND STREET, VIRGINIA BEACH, VA, 23456","Match","Non_Exact","2121 SCOTLAND RD, VA BCH, VA, 23456",122307738,"L"
341579,"2121 SE 54TH AVE","PORTLAND","OR",97215,45.507820183,-122.607094525,79,"2121 SE 54TH AVE, PORTLAND, OR, 97215","Match","Exact","2121 SE 54TH AVE, PORTLAND, OR, 97215",157514749,"R"
341580,"2121 SE BELMONT ST APT 430","PORTLAND","OR",97214,45.516461631,-122.644274432,80,"2121 SE BELMONT ST APT 430, PORTLAND, OR, 97214","Match","Non_Exact","2121 SE BELMONT ST, PORTLAND, OR, 97214",157509237,"L"
341581,"2121 SE BELMONT ST SUITE 309","PORTLAND","OR",97214,45.516461631,-122.644274432,81,"2121 SE BELMONT ST SUITE 309, PORTLAND, OR, 97214","Match","Non_Exact","2121 SE BELMONT ST, PORTLAND, OR, 97214",157509237,"L"
341582,"2121 SE BISBEE STREET","PORT ST LUCIE","FL",34952,27.277493024,-80.303358982,82,"2121 SE BISBEE STREET, PORT ST LUCIE, FL, 34952","Match","Exact","2121 SE BISBEE ST, PORT ST LUCIE, FL, 34952",120154614,"L"
341583,"2121 SE GLEN RIDGE DR","PORT ST LUCIE","FL",34952,27.2828485790001,-80.286954809,83,"2121 SE GLEN RIDGE DR, PORT ST LUCIE, FL, 34952","Match","Exact","2121 SE GLEN RIDGE DR, PORT ST LUCIE, FL, 34952",633919992,"R"
341584,"2121 SHAMROCK LANE","LYNN HAVEN","FL",32444,30.2368025000001,-85.618851195,84,"2121 SHAMROCK LANE, LYNN HAVEN, FL, 32444","Match","Exact","2121 SHAMROCK LN, LYNN HAVEN, FL, 32444",7025714,"R"
341585,"2121 SHERIDAN RD","EVANSTON","TN",60201,NA,NA,85,"2121 SHERIDAN RD, EVANSTON, TN, 60201","No_Match",NA,NA,NA,NA
341586,"2121 SHERIDAN ROAD","EVANSTON","IL",60201,42.0558206330001,-87.6771629309999,86,"2121 SHERIDAN ROAD, EVANSTON, IL, 60201","Match","Exact","2121 SHERIDAN RD, EVANSTON, IL, 60201",605003944,"R"
341587,"2121 SHORT STREET","NEW ORLEANS","LA",70118,29.9531129310001,-90.1218262039999,87,"2121 SHORT STREET, NEW ORLEANS, LA, 70118","Match","Exact","2121 SHORT ST, NEW ORLEANS, LA, 70118",191701018,"R"
341588,"2121 SO BLACKHAWK ST STE120","AURORA","CO",80014,39.677746948,-104.823981345,88,"2121 SO BLACKHAWK ST STE120, AURORA, CO, 80014","Match","Non_Exact","2121 S BLACKHAWK ST, AURORA, CO, 80014",177355270,"R"
341589,"2121 SOUTH 9TH STREET APT 205","MINNEAPOLIS","MN",55404,44.9640070090001,-93.242099148,89,"2121 SOUTH 9TH STREET APT 205, MINNEAPOLIS, MN, 55404","Match","Exact","2121 S 9TH ST, MINNEAPOLIS, MN, 55404",43836136,"R"
341590,"2121 SOUTH 9TH STREET APT 314","MINNEAPOLIS","MN",55404,44.9640070090001,-93.242099148,90,"2121 SOUTH 9TH STREET APT 314, MINNEAPOLIS, MN, 55404","Match","Exact","2121 S 9TH ST, MINNEAPOLIS, MN, 55404",43836136,"R"
341591,"2121 SOUTH GREEN RD SUITE 213","SOUTH EUCLID","OH",44121,41.501780651,-81.519433737,91,"2121 SOUTH GREEN RD SUITE 213, SOUTH EUCLID, OH, 44121","Match","Exact","2121 S GREEN RD, SOUTH EUCLID, OH, 44121",61125814,"L"
341592,"2121 SOUTH GREEN ROAD","SOUTH EUCLID","OH",44121,41.501780651,-81.519433737,92,"2121 SOUTH GREEN ROAD, SOUTH EUCLID, OH, 44121","Match","Exact","2121 S GREEN RD, SOUTH EUCLID, OH, 44121",61125814,"L"
341593,"2121 SOUTH GREENWOOD DR","JOHNSON CITY","TN",37604,36.2963531180001,-82.3817932969999,93,"2121 SOUTH GREENWOOD DR, JOHNSON CITY, TN, 37604","Match","Exact","2121 S GREENWOOD DR, JOHNSON CITY, TN, 37604",127922696,"R"
341594,"2121 SOUTH SAN JOSE","TUCSON","AZ",85713,32.1976108640001,-111.001112676,94,"2121 SOUTH SAN JOSE, TUCSON, AZ, 85713","Match","Non_Exact","2121 S SAN JOSE DR, TUCSON, AZ, 85713",121171652,"L"
341595,"2121 SPANISH TRAIL","IRVING","TX",75060,32.7867219620001,-96.971942518,95,"2121 SPANISH TRAIL, IRVING, TX, 75060","Match","Exact","2121 SPANISH TRL, IRVING, TX, 75060",103004973,"R"
341596,"2121 SPRINGHILL FURNACE ROAD","SMITHFIELD","PA",15478,39.750577654,-79.795318703,96,"2121 SPRINGHILL FURNACE ROAD, SMITHFIELD, PA, 15478","Match","Exact","2121 SPRINGHILL FURNACE RD, SMITHFIELD, PA, 15478",613532472,"L"
341597,"2121 STABLER RD","AKRON","OH",44313,41.1210268500001,-81.585852678,97,"2121 STABLER RD, AKRON, OH, 44313","Match","Exact","2121 STABLER RD, AKRON, OH, 44313",61337431,"R"
341598,"2121 STANLEY HILLS DRIVE","LOS ANGELES","CA",90046,34.109343897,-118.377255465,98,"2121 STANLEY HILLS DRIVE, LOS ANGELES, CA, 90046","Match","Exact","2121 STANLEY HILLS DR, LOS ANGELES, CA, 90046",141566454,"L"
341599,"2121 STUART AVENUE","RICHMOND","VA",23220,37.554232094,-77.464906539,99,"2121 STUART AVENUE, RICHMOND, VA, 23220","Match","Exact","2121 STUART AVE, RICHMOND, VA, 23220",201536122,"L"
341600,"2121 SW 3RD AVE SUITE 300","MIAMI","FL",33129,25.758136882,-80.204178427,100,"2121 SW 3RD AVE SUITE 300, MIAMI, FL, 33129","Match","Non_Exact","2121 SW 3RD AVE, MIAMI, FL, 33129",116018595,"L"
341601,"2121 SW 4 ST  APT 1","MIAMI","FL",33135,NA,NA,101,"2121 SW 4 ST  APT 1, MIAMI, FL, 33135","Tie",NA,NA,NA,NA
341602,"2121 SW 4 ST  APT1","MIAMI","FL",33135,NA,NA,102,"2121 SW 4 ST  APT1, MIAMI, FL, 33135","Tie",NA,NA,NA,NA
341603,"2121 SW 4 ST","MIAMI","FL",33135,25.76907149,-80.227351071,103,"2121 SW 4 ST, MIAMI, FL, 33135","Match","Exact","2121 SW 4 ST, MIAMI, FL, 33135",116016387,"R"
341604,"2121 SW UMATILLA","REDMOND","OR",97701,NA,NA,104,"2121 SW UMATILLA, REDMOND, OR, 97701","No_Match",NA,NA,NA,NA
341605,"2121 SWEET WATER CT","GREEN BAY","WI",54313,44.505284159,-88.0931442959999,105,"2121 SWEET WATER CT, GREEN BAY, WI, 54313","Match","Exact","2121 SWEET WATER CT, GREEN BAY, WI, 54313",148115257,"R"
341606,"2121 TANNEHILL DR","HOUSTON","TX",77008,29.798852842,-95.435989239,106,"2121 TANNEHILL DR, HOUSTON, TX, 77008","Match","Exact","2121 TANNEHILL DR, HOUSTON, TX, 77008",96636306,"L"
341607,"2121 TANNEHILL DRIVE APT 2153","HOUSTON","TX",77070,29.798852842,-95.435989239,107,"2121 TANNEHILL DRIVE APT 2153, HOUSTON, TX, 77070","Match","Non_Exact","2121 TANNEHILL DR, HOUSTON, TX, 77008",96636306,"L"
341608,"2121 TANNEHILL DRIVE","HOUSTON","TX",77008,29.798852842,-95.435989239,108,"2121 TANNEHILL DRIVE, HOUSTON, TX, 77008","Match","Exact","2121 TANNEHILL DR, HOUSTON, TX, 77008",96636306,"L"
341609,"2121 THACKERAY LANE","VIRGINIA BEACH","VA",23454,36.766248062,-76.0034705799999,109,"2121 THACKERAY LANE, VIRGINIA BEACH, VA, 23454","Match","Exact","2121 THACKERAY LN, VIRGINIA BCH, VA, 23454",122277604,"R"
341610,"2121 THIERVY DR","JACKSONVILLE","FL",32210,30.279707644,-81.782279267,110,"2121 THIERVY DR, JACKSONVILLE, FL, 32210","Match","Exact","2121 THIERVY DR, JACKSONVILLE, FL, 32210",83909120,"L"
341611,"2121 TROUTDALE DRIVE","DECATUR","GA",30032,33.7265699710001,-84.244716758,111,"2121 TROUTDALE DRIVE, DECATUR, GA, 30032","Match","Exact","2121 TROUTDALE DR, DECATUR, GA, 30032",23370888,"R"
341612,"2121 UNIT 2 MARION STREET","DENVER","CO",80205,NA,NA,112,"2121 UNIT 2 MARION STREET, DENVER, CO, 80205","No_Match",NA,NA,NA,NA
341613,"2121 VALDERAS DR 12","GLENDALE","CA",91208,34.201580725,-118.222617989,113,"2121 VALDERAS DR 12, GLENDALE, CA, 91208","Match","Exact","2121 VALDERAS DR, GLENDALE, CA, 91208",142724740,"L"
341614,"2121 VALE ROAD 54","SAN PABLO","CA",94806,37.9543765270001,-122.337096618,114,"2121 VALE ROAD 54, SAN PABLO, CA, 94806","Match","Exact","2121 VALE RD, SAN PABLO, CA, 94806",607789155,"L"
341615,"2121 VAN LENNEN","CHEYENNE","WY",82001,41.1394720700001,-104.812696238,115,"2121 VAN LENNEN, CHEYENNE, WY, 82001","Match","Non_Exact","2121 VAN LENNEN AVE, CHEYENNE, WY, 82001",160149414,"R"
341616,"2121 VILLAGES LAKE DR APT 121","CHARLOTTE","NC",28212,35.161567151,-80.744682482,116,"2121 VILLAGES LAKE DR APT 121, CHARLOTTE, NC, 28212","Match","Non_Exact","2121 VILLAGE LAKE DR, CHARLOTTE, NC, 28212",70493408,"L"
341617,"2121 VINTAGE OAKS DR","LOGANVILLE","GA",30052,33.817809067,-83.9489847849999,117,"2121 VINTAGE OAKS DR, LOGANVILLE, GA, 30052","Match","Exact","2121 VINTAGE OAKS DR, LOGANVILLE, GA, 30052",88964439,"L"
341618,"2121 W 14TH STREET","THE DALLES","OR",97058,45.6074550810001,-121.214511334,118,"2121 W 14TH STREET, THE DALLES, OR, 97058","Match","Exact","2121 W 14TH ST, THE DALLES, OR, 97058",640633360,"R"
341619,"2121 W 39th St Apt 83","Kearney","NE",68845,40.7139129170001,-99.109251467,119,"2121 W 39th St Apt 83, Kearney, NE, 68845","Match","Non_Exact","2121 W 39TH ST, KEARNEY, NE, 68845",137864519,"L"
341620,"2121 W AIRPORT FRWY SUITE 101","IRVING","TX",75062,32.837344005,-96.971520621,120,"2121 W AIRPORT FRWY SUITE 101, IRVING, TX, 75062","Match","Non_Exact","2121 W AIRPORT FWY, IRVING, TX, 75062",103201498,"R"
341621,"2121 W BELMONT AVENUE","CHICAGO","IL",60618,41.9395303490001,-87.681394455,121,"2121 W BELMONT AVENUE, CHICAGO, IL, 60618","Match","Exact","2121 W BELMONT AVE, CHICAGO, IL, 60618",111761036,"L"
341622,"2121 W ERIE AVENUE","PHILAELPHIA","PA",19131,40.0107587740001,-75.162962775,122,"2121 W ERIE AVENUE, PHILAELPHIA, PA, 19131","Match","Non_Exact","2121 ERIE AVE, PHILADELPHIA, PA, 19140",642023418,"R"
341623,"2121 W HUNTINGTON DR","BEVERLY HILLS","FL",34465,28.9311559880001,-82.470052413,123,"2121 W HUNTINGTON DR, BEVERLY HILLS, FL, 34465","Match","Exact","2121 W HUNTINGTON DR, BEVERLY HILLS, FL, 34465",86192130,"L"
341624,"2121 W IMPERIAL HWY STE E472","LA HABRA","CA",90631,NA,NA,124,"2121 W IMPERIAL HWY STE E472, LA HABRA, CA, 90631","No_Match",NA,NA,NA,NA
341625,"2121 W MAIN ST 2045","MESA","CA",85201,NA,NA,125,"2121 W MAIN ST 2045, MESA, CA, 85201","No_Match",NA,NA,NA,NA
341626,"2121 W MAIN ST UNIT 3071","MESA","AZ",85201,33.4148400670001,-111.877304555,126,"2121 W MAIN ST UNIT 3071, MESA, AZ, 85201","Match","Non_Exact","2121 W MAIN ST, MESA, AZ, 85201",128232907,"L"
341627,"2121 W MAPLE ST","WICHITA","KS",67213,37.680450314,-97.3670133699999,127,"2121 W MAPLE ST, WICHITA, KS, 67213","Match","Exact","2121 W MAPLE ST, WICHITA, KS, 67213",115643763,"L"
341628,"2121 W SPRING CREEK PARKWAY STE 218","PLANO","TX",75023,33.0585911810001,-96.736812645,128,"2121 W SPRING CREEK PARKWAY STE 218, PLANO, TX, 75023","Match","Non_Exact","2121 W SPRING CREEK PKWY, PLANO, TX, 75023",210508379,"L"
341629,"2121 W SPRING CREEK PKY 201","PLANO","TX",75023,33.0585911810001,-96.736812645,129,"2121 W SPRING CREEK PKY 201, PLANO, TX, 75023","Match","Non_Exact","2121 W SPRING CREEK PKWY, PLANO, TX, 75023",210508379,"L"
341630,"2121 W STATE STREET","BOISE","ID",83702,43.626799664,-116.215848483,130,"2121 W STATE STREET, BOISE, ID, 83702","Match","Exact","2121 W STATE ST, BOISE, ID, 83702",117915537,"L"
341631,"2121 W WASHINGTON BLVD APT A","CHICAGO","IL",60612,41.8830944000001,-87.679750381,131,"2121 W WASHINGTON BLVD APT A, CHICAGO, IL, 60612","Match","Non_Exact","2121 W WASHINGTON BLVD, CHICAGO, IL, 60612",111765015,"L"
341632,"2121 W WHITE OAKS DRIVE","SPRINGFIELD","IL",62704,39.7753270220001,-89.708790573,132,"2121 W WHITE OAKS DRIVE, SPRINGFIELD, IL, 62704","Match","Exact","2121 W WHITE OAKS DR, SPRINGFIELD, IL, 62704",97350231,"L"
341633,"2121 WAINWRIGHT COURT - UNIT 2C","FREDERICK","MD",21702,39.4441405850001,-77.438232103,133,"2121 WAINWRIGHT COURT - UNIT 2C, FREDERICK, MD, 21702","Match","Exact","2121 WAINWRIGHT CT, FREDERICK, MD, 21702",60723981,"R"
341634,"2121 WALLACE DR","CODY","WY",82414,44.5116429890001,-109.100404182,134,"2121 WALLACE DR, CODY, WY, 82414","Match","Non_Exact","2121 WALLACE ST, CODY, WY, 82414",635858443,"L"
341635,"2121 WATERFORD DRIVE","LANCASTER","PA",17601,40.083987015,-76.252126007,135,"2121 WATERFORD DRIVE, LANCASTER, PA, 17601","Match","Exact","2121 WATERFORD DR, LANCASTER, PA, 17601",179686860,"L"
341636,"2121 WATSON AVE","SAINT PAUL","MN",55116,44.924332533,-93.190378405,136,"2121 WATSON AVE, SAINT PAUL, MN, 55116","Match","Non_Exact","2121 W WATSON AVE, SAINT PAUL, MN, 55116",97639539,"R"
341637,"2121 WEDGEWOOD ROAD","HUNTSVILLE","AL",35816,34.7510058940001,-86.63969602,137,"2121 WEDGEWOOD ROAD, HUNTSVILLE, AL, 35816","Match","Non_Exact","2121 WEDGEWOOD RD NW, HUNTSVILLE, AL, 35816",58113364,"L"
341638,"2121 WEST 80TH 1/2 STREET","BLOOMINGTON","MN",55431,NA,NA,138,"2121 WEST 80TH 1/2 STREET, BLOOMINGTON, MN, 55431","No_Match",NA,NA,NA,NA
341639,"2121 WEST AVENUE","HOLDREGE","NE",68949,40.453118196,-99.3707469839999,139,"2121 WEST AVENUE, HOLDREGE, NE, 68949","Match","Exact","2121 WEST AVE, HOLDREGE, NE, 68949",137759490,"L"
341640,"2121 WEST CASTLE DANGER ROAD","TWO HARBORS","MN",55616,47.126784763,-91.5744897879999,140,"2121 WEST CASTLE DANGER ROAD, TWO HARBORS, MN, 55616","Match","Exact","2121 W CASTLE DANGER RD, TWO HARBORS, MN, 55616",194225373,"L"
341641,"2121 WEST FLETCHER","CHICAGO","ID",60618,NA,NA,141,"2121 WEST FLETCHER, CHICAGO, ID, 60618","No_Match",NA,NA,NA,NA
341642,"2121 WESTBURY COURT APARTMENT 6C","BROOKLYN","NY",11225,40.6567056150001,-73.960578278,142,"2121 WESTBURY COURT APARTMENT 6C, BROOKLYN, NY, 11225","Match","Exact","2121 WESTBURY CT, BROOKLYN, NY, 11225",59096140,"L"
341643,"2121 WESTBURY COURT","BROOKLYN","NY",11226,40.6567056150001,-73.960578278,143,"2121 WESTBURY COURT, BROOKLYN, NY, 11226","Match","Non_Exact","2121 WESTBURY CT, BROOKLYN, NY, 11225",59096140,"L"
341644,"2121 WHARTON ST","PHILADELPIHA","PA",19146,39.9356713510001,-75.1794294059999,144,"2121 WHARTON ST, PHILADELPIHA, PA, 19146","Match","Non_Exact","2121 WHARTON ST, PHILADELPHIA, PA, 19146",131410816,"R"
341645,"2121 WILDWOOD PLACE","MOBILE","AL",36609,30.6458553470001,-88.1728453539999,145,"2121 WILDWOOD PLACE, MOBILE, AL, 36609","Match","Exact","2121 WILDWOOD PL, MOBILE, AL, 36609",648319236,"L"
341646,"2121 WINDSOR GARDEN LANE APT C533","BALTIMORE","MD",21207,39.309772138,-76.700515834,146,"2121 WINDSOR GARDEN LANE APT C533, BALTIMORE, MD, 21207","Match","Non_Exact","2121 WINDSOR GARDENS LN, BALTIMORE, MD, 21207",206412580,"R"
341647,"2121 WINDY HILL RD APT 1604","MARIETTA","GA",30060,33.9018530860001,-84.489299307,147,"2121 WINDY HILL RD APT 1604, MARIETTA, GA, 30060","Match","Exact","2121 WINDY HILL RD, MARIETTA, GA, 30060",649418810,"L"
341648,"2121 WINDY HILL ROAD APT 421","MARIETTA","GA",30060,33.9018530860001,-84.489299307,148,"2121 WINDY HILL ROAD APT 421, MARIETTA, GA, 30060","Match","Exact","2121 WINDY HILL RD, MARIETTA, GA, 30060",649418810,"L"
341649,"2121 WINDY HILL ROAD","MARIETTA","GA",30006,33.9018530860001,-84.489299307,149,"2121 WINDY HILL ROAD, MARIETTA, GA, 30006","Match","Non_Exact","2121 WINDY HILL RD, MARIETTA, GA, 30060",649418810,"L"
341650,"2121 WINDY HILL ROAD","MARIETTA","GA",30060,33.9018530860001,-84.489299307,150,"2121 WINDY HILL ROAD, MARIETTA, GA, 30060","Match","Exact","2121 WINDY HILL RD, MARIETTA, GA, 30060",649418810,"L"
341651,"2121 WINTHROP ROAD","LINCOLN","NE",68502,40.791448012,-96.675549922,151,"2121 WINTHROP ROAD, LINCOLN, NE, 68502","Match","Exact","2121 WINTHROP RD, LINCOLN, NE, 68502",28255918,"R"
341652,"2121 WOLF ROAD  APT 123","HILLSIDE","IL",60162,41.849684429,-87.901440324,152,"2121 WOLF ROAD  APT 123, HILLSIDE, IL, 60162","Match","Non_Exact","2121 S WOLF RD, HILLSIDE, IL, 60162",111876341,"L"
341653,"2121 WOODBOURNE AVE","LOUISVILLE","KY",40205,38.2252340060001,-85.688979065,153,"2121 WOODBOURNE AVE, LOUISVILLE, KY, 40205","Match","Exact","2121 WOODBOURNE AVE, LOUISVILLE, KY, 40205",96853000,"L"
341654,"2121 WOODLAND SHORES RD","CHARLESTON","SC",29412,32.7484115870001,-79.9937214189999,154,"2121 WOODLAND SHORES RD, CHARLESTON, SC, 29412","Match","Exact","2121 WOODLAND SHORES RD, CHARLESTON, SC, 29412",645438798,"L"
341655,"2121 WOODSIDE ROAD","ANN ARBOR","MI",48104,42.264903772,-83.7208362969999,155,"2121 WOODSIDE ROAD, ANN ARBOR, MI, 48104","Match","Exact","2121 WOODSIDE RD, ANN ARBOR, MI, 48104",26015654,"L"
341656,"2121 YEARLING DR","FORT COLLINS","CO",80525,40.5590368310001,-105.034579088,156,"2121 YEARLING DR, FORT COLLINS, CO, 80525","Match","Exact","2121 YEARLING DR, FORT COLLINS, CO, 80525",617919112,"R"
341657,"2121-1/2  MISSION AVE","SAN DIEGO","CA",92116,32.759416403,-117.142501031,157,"2121-1/2  MISSION AVE, SAN DIEGO, CA, 92116","Match","Exact","2121 MISSION AVE, SAN DIEGO, CA, 92116",612867185,"R"
341658,"21210 E ARROW HWY TRLR 121","COVINA","CA",91724,34.106597999,-117.842942591,158,"21210 E ARROW HWY TRLR 121, COVINA, CA, 91724","Match","Non_Exact","21210 E ARROW HWY, COVINA, CA, 91724",640110398,"R"
341659,"21210 N 62ND AVE","GLENDALE","AZ",85308,33.678757451,-112.194911202,159,"21210 N 62ND AVE, GLENDALE, AZ, 85308","Match","Exact","21210 N 62ND AVE, GLENDALE, AZ, 85308",128385982,"R"
341660,"21210 PAPOOSE CT","CROSBY","TX",77532,29.985031259,-95.111907237,160,"21210 PAPOOSE CT, CROSBY, TX, 77532","Match","Exact","21210 PAPOOSE CT, CROSBY, TX, 77532",96418236,"L"
341661,"21210 TANCAH LN","HOUSTON","TX",77073,30.017368289,-95.387408911,161,"21210 TANCAH LN, HOUSTON, TX, 77073","Match","Exact","21210 TANCAH LN, HOUSTON, TX, 77073",96226301,"R"
341662,"21210 WALTON RIDGE RD","BRISTOL","VA",24202,36.641737306,-82.129673703,162,"21210 WALTON RIDGE RD, BRISTOL, VA, 24202","Match","Exact","21210 WALTON RIDGE RD, BRISTOL, VA, 24202",230643601,"L"
341663,"21211 BRITTANY DRIVE","FRANKFORT","IL",60423,41.504417819,-87.797879038,163,"21211 BRITTANY DRIVE, FRANKFORT, IL, 60423","Match","Exact","21211 BRITTANY DR, FRANKFORT, IL, 60423",111620642,"L"
341664,"21211 EL SUELO BUENO","SAN ANTONIO","TX",78258,29.638176507,-98.492043736,164,"21211 EL SUELO BUENO, SAN ANTONIO, TX, 78258","Match","Exact","21211 EL SUELO BUENO, SAN ANTONIO, TX, 78258",101575553,"R"
341665,"21211 LIBBY RD","MAPLE HEIGHTS","OH",44137,41.41696281,-81.530963758,165,"21211 LIBBY RD, MAPLE HEIGHTS, OH, 44137","Match","Exact","21211 LIBBY RD, MAPLE HEIGHTS, OH, 44137",61130217,"L"
341666,"21211 MAYBROOK MANOR LANE","RICHMOND","TX",77407,29.6907621820001,-95.750505807,166,"21211 MAYBROOK MANOR LANE, RICHMOND, TX, 77407","Match","Exact","21211 MAYBROOK MANOR LN, RICHMOND, TX, 77407",631115990,"R"
341667,"21211 PARK ROCK LANE","KATY","TX",77450,29.7706780620001,-95.740846469,167,"21211 PARK ROCK LANE, KATY, TX, 77450","Match","Exact","21211 PARK ROCK LN, KATY, TX, 77450",96016410,"R"
341668,"21211 SIERRA VISTA","LAKE FOREST","CA",92630,33.655019184,-117.689395259,168,"21211 SIERRA VISTA, LAKE FOREST, CA, 92630","Match","Non_Exact","21211 SERRA VIS, LAKE FOREST, CA, 92630",616890703,"R"
341669,"21211 SKINNER RIDGE ROAD","RICHMOND","TX",77406,29.6508494820001,-95.752541466,169,"21211 SKINNER RIDGE ROAD, RICHMOND, TX, 77406","Match","Non_Exact","21211 SKINNER RIDGE LN, RICHMOND, TX, 77406",78344762,"R"
341670,"212114TH STREET ROAD","GREELEY","CO",80631,NA,NA,170,"212114TH STREET ROAD, GREELEY, CO, 80631","No_Match",NA,NA,NA,NA
341671,"21212 CUPAR LAND","HUNTINGTON BEACH","CA",92646,33.654321947,-117.983576883,171,"21212 CUPAR LAND, HUNTINGTON BEACH, CA, 92646","Match","Non_Exact","21212 CUPAR LN, HUNTINGTON BEACH, CA, 92646",144021131,"L"
341672,"21212 FIGUEROA ST","CARSON","CA",90745,33.8396271,-118.285968322,172,"21212 FIGUEROA ST, CARSON, CA, 90745","Match","Non_Exact","21212 S FIGUEROA ST, CARSON, CA, 90745",142852703,"L"
341673,"21212 FOXTAIL LN S","ROGERA","MN",55374,45.1772449530001,-93.5497333019999,173,"21212 FOXTAIL LN S, ROGERA, MN, 55374","Match","Non_Exact","21212 FOXTAIL LN, ROGERS, MN, 55374",647744308,"R"
341674,"21212 HARLAN ROAD","LAKEVILLE","IN",46536,41.5481593420001,-86.2757947119999,174,"21212 HARLAN ROAD, LAKEVILLE, IN, 46536","Match","Exact","21212 HARLAN RD, LAKEVILLE, IN, 46536",8058899,"L"
341675,"21212 LIMESTONE","BEND","OR",97703,44.1729198880001,-121.262621412,175,"21212 LIMESTONE, BEND, OR, 97703","Match","Non_Exact","21212 LIMESTONE AVE, BEND, OR, 97703",152550693,"R"
341676,"21212 VALLEYVIEW DRIVE","WALNUT","CA",91789,34.020169422,-117.841724307,176,"21212 VALLEYVIEW DRIVE, WALNUT, CA, 91789","Match","Exact","21212 VALLEYVIEW DR, WALNUT, CA, 91789",142240383,"R"
341677,"21213 6TH AVENUE S","DES MOINES","WA",98198,47.4122118240001,-122.327340914,177,"21213 6TH AVENUE S, DES MOINES, WA, 98198","Match","Exact","21213 6TH AVE S, DES MOINES, WA, 98198",186679844,"R"
341678,"21213 B HAWTHORNE BOULEVARD - 5507","TORRANCE","CA",90503,33.8367377500001,-118.353561635,178,"21213 B HAWTHORNE BOULEVARD - 5507, TORRANCE, CA, 90503","Match","Exact","21213 HAWTHORNE BLVD, TORRANCE, CA, 90503",241196916,"L"
341679,"21213 HAWTHORNE BL SUITE 5217","TORRANCE","CA",90503,33.8367383550001,-118.353561741,179,"21213 HAWTHORNE BL SUITE 5217, TORRANCE, CA, 90503","Match","Exact","21213 HAWTHORNE BLVD, TORRANCE, CA, 90503",241196916,"L"
341680,"21213 SCHOFIELD DR","GRETNA","NE",68028,41.1501635290001,-96.246846423,180,"21213 SCHOFIELD DR, GRETNA, NE, 68028","Match","Exact","21213 SCHOFIELD DR, GRETNA, NE, 68028",624441139,"L"
341681,"21213 SE 42ND PL","ISSAQUAH","WA",98029,47.5699213680001,-122.056868245,181,"21213 SE 42ND PL, ISSAQUAH, WA, 98029","Match","Exact","21213 SE 42ND PL, ISSAQUAH, WA, 98029",187072044,"R"
341682,"21213 SENECA CROSSING DRIVE","GERMANTOWN","MD",20876,39.204086153,-77.240870854,182,"21213 SENECA CROSSING DRIVE, GERMANTOWN, MD, 20876","Match","Exact","21213 SENECA CROSSING DR, GERMANTOWN, MD, 20876",62110673,"R"
341683,"21213 SR 37 N","NOBLESVILLE","IN",46060,40.0964322520001,-85.966950515,183,"21213 SR 37 N, NOBLESVILLE, IN, 46060","Match","Non_Exact","21213 STATE RD 37 N, NOBLESVILLE, IN, 46060",29287276,"L"
341684,"21213-B HAWTHORNE BLVD 1018","TORRANCE","CA",90503,33.8367383550001,-118.353561741,184,"21213-B HAWTHORNE BLVD 1018, TORRANCE, CA, 90503","Match","Exact","21213 HAWTHORNE BLVD, TORRANCE, CA, 90503",241196916,"L"
341685,"21214 114TH LANE SE","KENT","WA",98125,NA,NA,185,"21214 114TH LANE SE, KENT, WA, 98125","No_Match",NA,NA,NA,NA
341686,"21214 PARK BROOK DR","KATY","TX",77450,29.7642377940001,-95.7369265149999,186,"21214 PARK BROOK DR, KATY, TX, 77450","Match","Exact","21214 PARK BROOK DR, KATY, TX, 77450",96154680,"L"
341687,"21214 STATE HWY 149","UNIONVILLE","MO",63565,40.424022532,-92.77640494,187,"21214 STATE HWY 149, UNIONVILLE, MO, 63565","Match","Exact","21214 STATE HWY 149, UNIONVILLE, MO, 63565",54689116,"R"
341688,"21214 W CORONADO RD","BUCKEYE","AZ",85396,33.4666754310001,-112.515980158,188,"21214 W CORONADO RD, BUCKEYE, AZ, 85396","Match","Exact","21214 W CORONADO RD, BUCKEYE, AZ, 85396",645746979,"R"
341689,"21214 W MCFARLANE RD","MEDICAL LAKE","WA",99022,47.6285770000001,-117.700844446,189,"21214 W MCFARLANE RD, MEDICAL LAKE, WA, 99022","Match","Exact","21214 W MCFARLANE RD, MEDICAL LAKE, WA, 99022",189855978,"R"
341690,"21215 WEST HIGHWAY 51","SAND SPRINGS","OK",74063,NA,NA,190,"21215 WEST HIGHWAY 51, SAND SPRINGS, OK, 74063","No_Match",NA,NA,NA,NA
341691,"21216 GEORGETOWN ROAD","FRANKFURT","IL",60423,41.502887748,-87.7921843569999,191,"21216 GEORGETOWN ROAD, FRANKFURT, IL, 60423","Match","Non_Exact","21216 GEORGETOWN RD, FRANKFORT, IL, 60423",111616492,"L"
341692,"21216 GERUNDIAL ST","WALNUT","CA",91789,33.999851612,-117.841761717,192,"21216 GERUNDIAL ST, WALNUT, CA, 91789","Match","Non_Exact","21216 GERNDAL ST, WALNUT, CA, 91789",141819983,"R"
341693,"21216 MCFADDEN SQ UNIT 105","POTOMAC FALLS","VA",20165,39.0293949900001,-77.395487626,193,"21216 MCFADDEN SQ UNIT 105, POTOMAC FALLS, VA, 20165","Match","Exact","21216 MCFADDEN SQ, POTOMAC FALLS, VA, 20165",630015105,"L"
341694,"21216 OLEAN BOULEVARD STE 6","PORT CHARLOTTE","FL",33952,26.986938706,-82.100006976,194,"21216 OLEAN BOULEVARD STE 6, PORT CHARLOTTE, FL, 33952","Match","Exact","21216 OLEAN BLVD, PORT CHARLOTTE, FL, 33952",4305031,"L"
341695,"21216 ROCK HALL AVE","ROCK HALL","MD",21661,39.138751733,-76.2374953779999,195,"21216 ROCK HALL AVE, ROCK HALL, MD, 21661","Match","Exact","21216 ROCK HALL AVE, ROCK HALL, MD, 21661",68337144,"R"
341696,"21216 SE 25TH ST","SAMMAMISH","WA",98075,47.586955523,-122.056298211,196,"21216 SE 25TH ST, SAMMAMISH, WA, 98075","Match","Exact","21216 SE 25TH ST, SAMMAMISH, WA, 98075",640963246,"L"
341697,"21216 SILKTREE CIR","PLAINFIELD","IL",60544,41.642233676,-88.132961431,197,"21216 SILKTREE CIR, PLAINFIELD, IL, 60544","Match","Exact","21216 SILKTREE CIR, PLAINFIELD, IL, 60544",111591384,"R"
341698,"21217 9TH AVE SE","BOTHELL","WA",98021,47.805255297,-122.220921365,198,"21217 9TH AVE SE, BOTHELL, WA, 98021","Match","Exact","21217 9TH AVE SE, BOTHELL, WA, 98021",624265171,"R"
341699,"21217 EIGHT MILE ROAD","SOUTHFIELD","MI",48076,NA,NA,199,"21217 EIGHT MILE ROAD, SOUTHFIELD, MI, 48076","No_Match",NA,NA,NA,NA
341700,"21217 HIGHLAND RD","VC HIGHLANDS","NV",89521,39.360396742,-119.658888771,200,"21217 HIGHLAND RD, VC HIGHLANDS, NV, 89521","Match","Exact","21217 HIGHLAND RD, VC HIGHLANDS, NV, 89521",201124661,"R"
341701,"21217 HILL STREET","LEBANON","PA",17046,NA,NA,201,"21217 HILL STREET, LEBANON, PA, 17046","No_Match",NA,NA,NA,NA
341702,"21218 DELAWARE CO LINE ROAD","MARYSVILLE","OH",43040,NA,NA,202,"21218 DELAWARE CO LINE ROAD, MARYSVILLE, OH, 43040","No_Match",NA,NA,NA,NA
341703,"21218 KINGSLAND BLVD","KATY","TX",77450,29.775946048,-95.739605965,203,"21218 KINGSLAND BLVD, KATY, TX, 77450","Match","Exact","21218 KINGSLAND BLVD, KATY, TX, 77450",645210751,"R"
341704,"21218 SAINT ANDREWS BLVD - 720","BOCA RATON","FL",33433,26.3608953190001,-80.1374722039999,204,"21218 SAINT ANDREWS BLVD - 720, BOCA RATON, FL, 33433","Match","Exact","21218 ST ANDREWS BLVD, BOCA RATON, FL, 33433",635819050,"L"
341705,"21218 ST ANDREWS BLVD 637","BOCA RATON","FL",33433,NA,NA,205,"21218 ST ANDREWS BLVD 637, BOCA RATON, FL, 33433","No_Match",NA,NA,NA,NA
341706,"21219 COVERDLAE RD","BRIDGEVILLE","DE",19933,38.6894464370001,-75.551078551,206,"21219 COVERDLAE RD, BRIDGEVILLE, DE, 19933","Match","Non_Exact","21219 COVERDALE RD, BRIDGEVILLE, DE, 19933",106084818,"R"
341707,"21219 GRANITE TRAIL LN","RICHMOND","TX",77407,29.6939470300001,-95.750330132,207,"21219 GRANITE TRAIL LN, RICHMOND, TX, 77407","Match","Exact","21219 GRANITE TRAIL LN, RICHMOND, TX, 77407",628065387,"R"
341708,"21219 LAGO CIRCLE H","BOCA RATON","FL",33433,26.3582681520001,-80.176091984,208,"21219 LAGO CIRCLE H, BOCA RATON, FL, 33433","Match","Exact","21219 LAGO CIR, BOCA RATON, FL, 33433",644016199,"L"
341709,"21219 LAKESHORE BLVD","EUCLID","OH",44123,41.6060943350001,-81.532481441,209,"21219 LAKESHORE BLVD, EUCLID, OH, 44123","Match","Exact","21219 LAKESHORE BLVD, EUCLID, OH, 44123",61108293,"L"
341710,"21219 NW 14TH COURT","MIAMI","FL",33169,NA,NA,210,"21219 NW 14TH COURT, MIAMI, FL, 33169","No_Match",NA,NA,NA,NA
341711,"21219 OLD RANCH RD","HOUSTON","TX",77073,30.029046178,-95.399029249,211,"21219 OLD RANCH RD, HOUSTON, TX, 77073","Match","Exact","21219 OLD RANCH RD, HOUSTON, TX, 77073",96042372,"L"
341712,"21219 TURNER ROAD","EASTON","KS",66020,39.3463797040001,-95.07384107,212,"21219 TURNER ROAD, EASTON, KS, 66020","Match","Exact","21219 TURNER RD, EASTON, KS, 66020",91416729,"R"
341713,"2121B FRANKLIN TURNPIKE","DANVILLE","VA",24540,36.650823744,-79.4069676139999,213,"2121B FRANKLIN TURNPIKE, DANVILLE, VA, 24540","Match","Exact","2121 FRANKLIN TPKE, DANVILLE, VA, 24540",56620997,"L"
341714,"2122 2ND ST NW","WASHINGTON","DC",20001,38.9192437200001,-77.0147600349999,214,"2122 2ND ST NW, WASHINGTON, DC, 20001","Match","Exact","2122 2ND ST NW, WASHINGTON, DC, 20001",76224569,"L"
341715,"2122 3/4 6TH AVE","LOS ANGELES","CA",90018,34.0376916660001,-118.323622033,215,"2122 3/4 6TH AVE, LOS ANGELES, CA, 90018","Match","Exact","2122 6TH AVE, LOS ANGELES, CA, 90018",141605566,"L"
341716,"2122 41ST AVE N","ST.PETERSBURG","FL",33714,27.809298433,-82.6615801469999,216,"2122 41ST AVE N, ST.PETERSBURG, FL, 33714","Match","Exact","2122 41ST AVE N, SAINT PETERSBURG, FL, 33714",124702717,"L"
341717,"2122 9TH STREET","GREEN BAY","WI",54304,44.518902967,-88.08458171,217,"2122 9TH STREET, GREEN BAY, WI, 54304","Match","Exact","2122 9TH ST, GREEN BAY, WI, 54304",148096765,"R"
341718,"2122 ALAMOS AVE","CLOVIS","CA",93611,36.8062253780001,-119.67520809,218,"2122 ALAMOS AVE, CLOVIS, CA, 93611","Match","Exact","2122 ALAMOS AVE, CLOVIS, CA, 93611",197585696,"L"
341719,"2122 ASHLAND AVE","EVANSTON","IL",60201,42.05661265,-87.6941768839999,219,"2122 ASHLAND AVE, EVANSTON, IL, 60201","Match","Exact","2122 ASHLAND AVE, EVANSTON, IL, 60201",111743181,"L"
341720,"2122 BEECH ST APT 201","VALPARAISO","IN",46383,41.4741293500001,-87.034878883,220,"2122 BEECH ST APT 201, VALPARAISO, IN, 46383","Match","Exact","2122 BEECH ST, VALPARAISO, IN, 46383",119921612,"R"
341721,"2122 BENJAMIN PARK","MISSOURI CITY","TX",77489,29.5932060970001,-95.536213758,221,"2122 BENJAMIN PARK, MISSOURI CITY, TX, 77489","Match","Exact","2122 BENJAMIN PARK, MISSOURI CITY, TX, 77489",648707808,"R"
341722,"2122 BIG BOULDER DRIVE","NORTH LAS VEGAS","NV",89032,36.242626758,-115.172642517,222,"2122 BIG BOULDER DRIVE, NORTH LAS VEGAS, NV, 89032","Match","Non_Exact","2122 BIG BOULDER DR, N LAS VEGAS, NV, 89031",201909061,"R"
341723,"2122 BILLS DRIVE","JACKSONVILLE","FL",32210,30.278900509,-81.7486489459999,223,"2122 BILLS DRIVE, JACKSONVILLE, FL, 32210","Match","Exact","2122 BILLS DR, JACKSONVILLE, FL, 32210",83910608,"R"
341724,"2122 BIRCH CIRCLE","BELLINGHAM","WA",98229,48.7578791770001,-122.426970063,224,"2122 BIRCH CIRCLE, BELLINGHAM, WA, 98229","Match","Exact","2122 BIRCH CIR, BELLINGHAM, WA, 98229",183793632,"L"
341725,"2122 BITTERROOT DR","BILLINGS","MT",59105,45.837371525,-108.445472256,225,"2122 BITTERROOT DR, BILLINGS, MT, 59105","Match","Exact","2122 BITTERROOT DR, BILLINGS, MT, 59105",181504883,"R"
341726,"2122 BIXLER CIRCLE","DECATUR","GA",30032,33.7261662170001,-84.2940508739999,226,"2122 BIXLER CIRCLE, DECATUR, GA, 30032","Match","Exact","2122 BIXLER CIR, DECATUR, GA, 30032",23368372,"L"
341727,"2122 BOLTON STREET","BALTIMORE","MD",21217,39.312016128,-76.629992553,227,"2122 BOLTON STREET, BALTIMORE, MD, 21217","Match","Exact","2122 BOLTON ST, BALTIMORE, MD, 21217",206416800,"L"
341728,"2122 BONNY CASTLE APT 1","LOUISVILLE","KY",40205,38.2324331730001,-85.7017432659999,228,"2122 BONNY CASTLE APT 1, LOUISVILLE, KY, 40205","Match","Non_Exact","2122 BONNYCASTLE AVE, LOUISVILLE, KY, 40205",618508225,"R"
341729,"2122 CALIFORNIA STREET","WASHINGTON","DC",20008,38.916430237,-77.047816008,229,"2122 CALIFORNIA STREET, WASHINGTON, DC, 20008","Match","Non_Exact","2122 CALIFORNIA ST NW, WASHINGTON, DC, 20008",652614247,"L"
341730,"2122 CAMELLIA CT","NAPERVILLE","IL",60565,41.7281679210001,-88.113902028,230,"2122 CAMELLIA CT, NAPERVILLE, IL, 60565","Match","Exact","2122 CAMELLIA CT, NAPERVILLE, IL, 60565",112568265,"L"
341731,"2122 CEDARDALE AVENUE","BATON ROUGE","LA",70808,30.421098473,-91.1578907959999,231,"2122 CEDARDALE AVENUE, BATON ROUGE, LA, 70808","Match","Exact","2122 CEDARDALE AVE, BATON ROUGE, LA, 70808",92184595,"R"
341732,"2122 CENTURY PK LANE","LOS ANGELES","CA",90067,34.0561418940001,-118.411109652,232,"2122 CENTURY PK LANE, LOS ANGELES, CA, 90067","Match","Exact","2122 CENTURY PARK LN, LOS ANGELES, CA, 90067",141794901,"L"
341733,"2122 CHRISTINE ST","PAPILLION","NE",68133,41.159419314,-96.006681836,233,"2122 CHRISTINE ST, PAPILLION, NE, 68133","Match","Exact","2122 CHRISTINE ST, PAPILLION, NE, 68133",28480315,"L"
341734,"2122 CUMBERLAND ST","ROCKFORD","IL",61103,42.2949235560001,-89.0683454059999,234,"2122 CUMBERLAND ST, ROCKFORD, IL, 61103","Match","Exact","2122 CUMBERLAND ST, ROCKFORD, IL, 61103",49256145,"L"
341735,"2122 DALLEY RD SW","ALBUQUERQUE","NM",87105,NA,NA,235,"2122 DALLEY RD SW, ALBUQUERQUE, NM, 87105","No_Match",NA,NA,NA,NA
341736,"2122 DAY STREET","GREENLEAF","WI",54126,44.3136262100001,-88.062403215,236,"2122 DAY STREET, GREENLEAF, WI, 54126","Match","Exact","2122 DAY ST, GREENLEAF, WI, 54126",148090163,"L"
341737,"2122 DECENTE COURT","CAMERON PARK","CA",95682,38.659755816,-121.011500634,237,"2122 DECENTE COURT, CAMERON PARK, CA, 95682","Match","Exact","2122 DECENTE CT, CAMERON PARK, CA, 95682",133063485,"L"
341738,"2122 DOROTHY AVE","PANAMA CITY BEACH","FL",32408,30.1810414220001,-85.783753138,238,"2122 DOROTHY AVE, PANAMA CITY BEACH, FL, 32408","Match","Exact","2122 DOROTHY AVE, PANAMA CITY BEACH, FL, 32408",7020942,"R"
341739,"2122 DRAYTON MCKNIGHT ROAD","PINEWOOD","SC",29125,33.6570117320001,-80.477556137,239,"2122 DRAYTON MCKNIGHT ROAD, PINEWOOD, SC, 29125","Match","Exact","2122 DRAYTON MCKNIGHT RD, PINEWOOD, SC, 29125",71430913,"R"
341740,"2122 E 500 NORTH RD","WELLINGTON","IL",60973,40.5599237970001,-87.7242101149999,240,"2122 E 500 NORTH RD, WELLINGTON, IL, 60973","Match","Exact","2122 E 500 NORTH RD, WELLINGTON, IL, 60973",90759194,"L"
341741,"2122 E CAMEO VISTA","WEST COVINA","CA",91791,34.0505425760001,-117.900912115,241,"2122 E CAMEO VISTA, WEST COVINA, CA, 91791","Match","Non_Exact","2122 E CAMEO VISTA DR, WEST COVINA, CA, 91791",141715882,"R"
341742,"2122 E HAYDEN VIEW DRIVE","COEUR DALENE","ID",83815,47.7482690260001,-116.759028605,242,"2122 E HAYDEN VIEW DRIVE, COEUR DALENE, ID, 83815","Match","Non_Exact","2122 E HAYDEN VIEW DR, COEUR D ALENE, ID, 83815",652674656,"R"
341743,"2122 E LINCOLN AVE","ANAHEIM","CA",92806,33.839743748,-117.887841434,243,"2122 E LINCOLN AVE, ANAHEIM, CA, 92806","Match","Exact","2122 E LINCOLN AVE, ANAHEIM, CA, 92806",651239267,"R"
341744,"2122 E SAM HOUSTON PKWY NO 1315","PASADENA","TX",77503,29.681096236,-95.155922167,244,"2122 E SAM HOUSTON PKWY NO 1315, PASADENA, TX, 77503","Match","Non_Exact","2122 SAM HOUSTON PKWY, PASADENA, TX, 77503",642475462,"R"
341745,"2122 E SOONER RD","TUTTLE","OK",73089,35.232801427,-97.737967112,245,"2122 E SOONER RD, TUTTLE, OK, 73089","Match","Exact","2122 E SOONER RD, TUTTLE, OK, 73089",648683520,"R"
341746,"2122 EAST 25TH STREET","JOPLIN","MO",64804,37.063203586,-94.492713758,246,"2122 EAST 25TH STREET, JOPLIN, MO, 64804","Match","Exact","2122 E 25TH ST, JOPLIN, MO, 64804",636178289,"L"
341747,"2122 EAST D STREET","MOSCOW","ID",83843,46.7374730230001,-116.974477162,247,"2122 EAST D STREET, MOSCOW, ID, 83843","Match","Exact","2122 E D ST, MOSCOW, ID, 83843",193857562,"L"
341748,"2122 EAST MINTON DRIVE","TEMPE","AZ",85282,33.382125161,-111.895386972,248,"2122 EAST MINTON DRIVE, TEMPE, AZ, 85282","Match","Exact","2122 E MINTON DR, TEMPE, AZ, 85282",128239342,"L"
341749,"2122 EDWIN AVENUE","DURHAM","NC",27705,36.0258163330001,-78.9270173049999,249,"2122 EDWIN AVENUE, DURHAM, NC, 27705","Match","Exact","2122 EDWIN AVE, DURHAM, NC, 27705",71738222,"R"
341750,"2122 ELLEJOY RD","WALLAND","TN",37886,35.8062948090001,-83.802235105,250,"2122 ELLEJOY RD, WALLAND, TN, 37886","Match","Exact","2122 ELLEJOY RD, WALLAND, TN, 37886",89848342,"L"
341751,"2122 FARMER AVENUE","MEMPHIS","TN",38114,35.104896803,-89.9914950849999,251,"2122 FARMER AVENUE, MEMPHIS, TN, 38114","Match","Exact","2122 FARMER AVE, MEMPHIS, TN, 38114",72917342,"L"
341752,"2122 FIFTH AVENUE SE","CEDAR RAPIDS","IA",52402,41.9825817920001,-91.637620521,252,"2122 FIFTH AVENUE SE, CEDAR RAPIDS, IA, 52402","Match","Non_Exact","2122 5TH AVE SE, CEDAR RAPIDS, IA, 52403",17027283,"L"
341753,"2122 GABLE LN","QUAKERTOWN","PA",18951,40.435105664,-75.437213094,253,"2122 GABLE LN, QUAKERTOWN, PA, 18951","Match","Exact","2122 GABLE LN, QUAKERTOWN, PA, 18951",624036852,"L"
341754,"2122 GRAND CANAL","IRVINE","CA",92620,33.691067968,-117.760017209,254,"2122 GRAND CANAL, IRVINE, CA, 92620","Match","Exact","2122 GRAND CANAL, IRVINE, CA, 92620",641647493,"R"
341755,"2122 GRANDVIEW AVE","MONROEVILLE","PA",15146,40.4045253570001,-79.765661976,255,"2122 GRANDVIEW AVE, MONROEVILLE, PA, 15146","Match","Exact","2122 GRANDVIEW AVE, MONROEVILLE, PA, 15146",51677031,"L"
341756,"2122 HAYCOCK ROAD","FALLS CHURCH","VA",22043,38.903929889,-77.169193497,256,"2122 HAYCOCK ROAD, FALLS CHURCH, VA, 22043","Match","Exact","2122 HAYCOCK RD, FALLS CHURCH, VA, 22043",75979259,"R"
341757,"2122 HIDDEN GLEN DR SE2","MARIETTA","GA",30067,33.920135106,-84.499088638,257,"2122 HIDDEN GLEN DR SE2, MARIETTA, GA, 30067","Match","Exact","2122 HIDDEN GLEN DR, MARIETTA, GA, 30067",17253636,"R"
341758,"2122 HOLLYWOOD BLVD","HOLLYWOOD","FL",33020,26.0112517960001,-80.149734522,258,"2122 HOLLYWOOD BLVD, HOLLYWOOD, FL, 33020","Match","Exact","2122 HOLLYWOOD BLVD, HOLLYWOOD, FL, 33020",637759503,"R"
341759,"2122 JESSICA WAY","LITHONIA","GA",30058,33.7265893970001,-84.146904991,259,"2122 JESSICA WAY, LITHONIA, GA, 30058","Match","Exact","2122 JESSICA WAY, LITHONIA, GA, 30058",23383063,"R"
341760,"2122 JULIET AVE","ST PAUL","MN",55105,44.9297769120001,-93.1901488999999,260,"2122 JULIET AVE, ST PAUL, MN, 55105","Match","Non_Exact","2122 W JULIET AVE, SAINT PAUL, MN, 55105",97639415,"L"
341761,"2122 KALENDA DRIVE UNIT 6C","HONOLULU","HI",96819,NA,NA,261,"2122 KALENDA DRIVE UNIT 6C, HONOLULU, HI, 96819","No_Match",NA,NA,NA,NA
341762,"2122 KATHLEEN CIR","MONTGOMERY","IL",60538,41.7217676980001,-88.388092813,262,"2122 KATHLEEN CIR, MONTGOMERY, IL, 60538","Match","Exact","2122 KATHLEEN CIR, MONTGOMERY, IL, 60538",611666765,"R"
341763,"2122 KILPS AVENUE","WAUKESHA","WI",53188,43.011341402,-88.263655211,263,"2122 KILPS AVENUE, WAUKESHA, WI, 53188","Match","Non_Exact","2122 KILPS DR, WAUKESHA, WI, 53188",53811277,"L"
341764,"2122 KIMBERWICKE CIRCLE","OVIEDO","FL",32765,28.6136899850001,-81.239519452,264,"2122 KIMBERWICKE CIRCLE, OVIEDO, FL, 32765","Match","Exact","2122 KIMBERWICKE CIR, OVIEDO, FL, 32765",93802412,"R"
341765,"2122 LA MESA COURT","SPRING VALLEY","CA",91977,32.728227131,-116.987459011,265,"2122 LA MESA COURT, SPRING VALLEY, CA, 91977","Match","Exact","2122 LA MESA CT, SPRING VALLEY, CA, 91977",195362679,"L"
341766,"2122 LINDEN STREET","OGDENSBURG","NY",13669,44.6934498100001,-75.4607950019999,266,"2122 LINDEN STREET, OGDENSBURG, NY, 13669","Match","Exact","2122 LINDEN ST, OGDENSBURG, NY, 13669",642866447,"L"
341767,"2122 MACARTHUR ROAD APT B","WAUKESHA","WI",53188,42.9983909800001,-88.2625621239999,267,"2122 MACARTHUR ROAD APT B, WAUKESHA, WI, 53188","Match","Non_Exact","2122 MAC ARTHUR RD, WAUKESHA, WI, 53188",53820157,"R"
341768,"2122 MADEWOOD DR","MISSOURI CITY","TX",77459,29.5908135,-95.580383264,268,"2122 MADEWOOD DR, MISSOURI CITY, TX, 77459","Match","Exact","2122 MADEWOOD DR, MISSOURI CITY, TX, 77459",78293259,"R"
341769,"2122 MARTIN LUTHER KING JR AVE","LAKELAND","FL",33805,28.071887614,-81.961479926,269,"2122 MARTIN LUTHER KING JR AVE, LAKELAND, FL, 33805","Match","Exact","2122 MARTIN L KING JR AVE, LAKELAND, FL, 33805",104858796,"L"
341770,"2122 MASSACHSETTS AVE NW 415","WASHINGTON","DC",20008,38.910784811,-77.046743572,270,"2122 MASSACHSETTS AVE NW 415, WASHINGTON, DC, 20008","Match","Non_Exact","2122 MASSACHUSETTS AVE NW, WASHINGTON, DC, 20008",76225273,"L"
341771,"2122 MASSACHUSETTS AVE NW APT 323","WASHINGTON","DC",20007,38.910784811,-77.046743572,271,"2122 MASSACHUSETTS AVE NW APT 323, WASHINGTON, DC, 20007","Match","Non_Exact","2122 MASSACHUSETTS AVE NW, WASHINGTON, DC, 20008",76225273,"L"
341772,"2122 MASSACHUSETTS AVE NW APT 702","WASHINGTON","DC",20008,38.910784811,-77.046743572,272,"2122 MASSACHUSETTS AVE NW APT 702, WASHINGTON, DC, 20008","Match","Exact","2122 MASSACHUSETTS AVE NW, WASHINGTON, DC, 20008",76225273,"L"
341773,"2122 MATRIN LUTHER KNG JR AVE","LAKELAND","FL",33805,NA,NA,273,"2122 MATRIN LUTHER KNG JR AVE, LAKELAND, FL, 33805","No_Match",NA,NA,NA,NA
341774,"2122 MELVIN STREET","PHLIADELPHIA","PA",19131,39.9858026800001,-75.2397176389999,274,"2122 MELVIN STREET, PHLIADELPHIA, PA, 19131","Match","Non_Exact","2122 MELVIN ST, PHILADELPHIA, PA, 19131",131397204,"L"
341775,"2122 N 112TH ST APT A","SEATTLE","WA",98133,47.709567484,-122.333083882,275,"2122 N 112TH ST APT A, SEATTLE, WA, 98133","Match","Non_Exact","2122 N 112TH ST, SEATTLE, WA, 98133",186646278,"L"
341776,"2122 N 69TH ST","WAUWATOSA","WI",53213,43.0574375370001,-87.9986174489999,276,"2122 N 69TH ST, WAUWATOSA, WI, 53213","Match","Exact","2122 N 69TH ST, WAUWATOSA, WI, 53213",77732754,"R"
341777,"2122 N CRAYCROFT SUITE 112","TUCSON","AZ",85712,NA,NA,277,"2122 N CRAYCROFT SUITE 112, TUCSON, AZ, 85712","No_Match",NA,NA,NA,NA
341778,"2122 N CRESCENT BLVD","YARDLEY","PA",19067,40.228560589,-74.8250391609999,278,"2122 N CRESCENT BLVD, YARDLEY, PA, 19067","Match","Exact","2122 N CRESCENT BLVD, YARDLEY, PA, 19067",134721043,"R"
341779,"2122 N JACKSON STREET","TULLAHOMA","TN",37388,35.391996384,-86.239901848,279,"2122 N JACKSON STREET, TULLAHOMA, TN, 37388","Match","Exact","2122 N JACKSON ST, TULLAHOMA, TN, 37388",58241896,"R"
341780,"2122 N NEW JERSEY ST","INDIANAPOLIS","IN",46202,39.796252494,-86.150975285,280,"2122 N NEW JERSEY ST, INDIANAPOLIS, IN, 46202","Match","Exact","2122 N NEW JERSEY ST, INDIANAPOLIS, IN, 46202",107989725,"L"
341781,"2122 NASHUA DRV","STAFFORD","TX",77477,29.606465723,-95.538595935,281,"2122 NASHUA DRV, STAFFORD, TX, 77477","Match","Exact","2122 NASHUA DR, STAFFORD, TX, 77477",78269948,"L"
341782,"2122 NAUTIQUE BLVD","CORNELIUS","NC",28031,NA,NA,282,"2122 NAUTIQUE BLVD, CORNELIUS, NC, 28031","No_Match",NA,NA,NA,NA
341783,"2122 NORTH PARK LANE","LAKE CHARLES","LA",70611,30.338283732,-93.27489001,283,"2122 NORTH PARK LANE, LAKE CHARLES, LA, 70611","Match","Exact","2122 N PARK LN, LAKE CHARLES, LA, 70611",88467419,"R"
341784,"2122 OAK BEND LN","GARLAND","TX",75040,32.933876728,-96.601777138,284,"2122 OAK BEND LN, GARLAND, TX, 75040","Match","Exact","2122 OAK BEND LN, GARLAND, TX, 75040",102977484,"L"
341785,"2122 OAK GROVE ROAD  SUITE F-1","HATTIESBURG","MS",39402,31.3184127000001,-89.3620602139999,285,"2122 OAK GROVE ROAD  SUITE F-1, HATTIESBURG, MS, 39402","Match","Exact","2122 OAK GROVE RD, HATTIESBURG, MS, 39402",622029022,"L"
341786,"2122 OAKLAND AVE","MINNEAPOLIS","MN",55404,44.96162459,-93.266427358,286,"2122 OAKLAND AVE, MINNEAPOLIS, MN, 55404","Match","Non_Exact","2122 OAKLAND AVE S, MINNEAPOLIS, MN, 55404",43632685,"R"
341787,"2122 OSO BAY PRESERVE DR","CORPUS CHRISTI","TX",78414,NA,NA,287,"2122 OSO BAY PRESERVE DR, CORPUS CHRISTI, TX, 78414","No_Match",NA,NA,NA,NA
341788,"2122 OVERHULSE RD NW","OLYMPIA","WA",98502,47.06448937,-122.97071729,288,"2122 OVERHULSE RD NW, OLYMPIA, WA, 98502","Match","Exact","2122 OVERHULSE RD NW, OLYMPIA, WA, 98502",627289559,"R"
341789,"2122 PARKRIDGE AVE","BRENTWOOD","MO",63114,38.6224669630001,-90.356855583,289,"2122 PARKRIDGE AVE, BRENTWOOD, MO, 63114","Match","Non_Exact","2122 PARKRIDGE AVE, BRENTWOOD, MO, 63144",100134953,"L"
341790,"2122 PEPPERS FERRY ROAD","PULASKI","VA",24301,37.069127978,-80.747075233,290,"2122 PEPPERS FERRY ROAD, PULASKI, VA, 24301","Match","Exact","2122 PEPPERS FERRY RD, PULASKI, VA, 24301",47024062,"R"
341791,"2122 PERKIN PALM AVENUE","BATON ROUGE","LA",70808,NA,NA,291,"2122 PERKIN PALM AVENUE, BATON ROUGE, LA, 70808","No_Match",NA,NA,NA,NA
341792,"2122 RAINCREEK TRAIL","HUNTSVILLE","AL",35811,34.761523165,-86.5526548079999,292,"2122 RAINCREEK TRAIL, HUNTSVILLE, AL, 35811","Match","Non_Exact","2122 RAINCREEK TRL NE, HUNTSVILLE, AL, 35811",58136776,"R"
341793,"2122 RIPLEY STREET","PHILADELPHIA","PA",19152,40.059828958,-75.054302596,293,"2122 RIPLEY STREET, PHILADELPHIA, PA, 19152","Match","Exact","2122 RIPLEY ST, PHILADELPHIA, PA, 19152",131431750,"R"
341794,"2122 S 3RD AVENUE","MAWOOD","IL",60153,41.8658745750001,-87.835924316,294,"2122 S 3RD AVENUE, MAWOOD, IL, 60153","Match","Non_Exact","2122 S 3RD AVE, MAYWOOD, IL, 60153",618899805,"R"
341795,"2122 S 3RD AVENUE","MAYWOOD","IL",60153,41.865869016,-87.8359240949999,295,"2122 S 3RD AVENUE, MAYWOOD, IL, 60153","Match","Exact","2122 S 3RD AVE, MAYWOOD, IL, 60153",618899805,"R"
341796,"2122 S 6TH AVENUE","MAYWOOD","IL",60153,41.8656860310001,-87.839600275,296,"2122 S 6TH AVENUE, MAYWOOD, IL, 60153","Match","Exact","2122 S 6TH AVE, MAYWOOD, IL, 60153",111791325,"R"
341797,"2122 S NORWOOD AVENUE","INDEPENDENCE","MO",64052,39.0825107110001,-94.440876958,297,"2122 S NORWOOD AVENUE, INDEPENDENCE, MO, 64052","Match","Exact","2122 S NORWOOD AVE, INDEPENDENCE, MO, 64052",91461931,"R"
341798,"2122 S SABRINA","MESA","AZ",85209,33.376173227,-111.607251849,298,"2122 S SABRINA, MESA, AZ, 85209","Match","Exact","2122 S SABRINA, MESA, AZ, 85209",243963969,"L"
341799,"2122 S STREET APARTMENT 7","SACRAMENTO","CA",95816,38.566229166,-121.482144815,299,"2122 S STREET APARTMENT 7, SACRAMENTO, CA, 95816","Match","Exact","2122 S ST, SACRAMENTO, CA, 95816",133420029,"R"
341800,"2122 SANTA CLARA AVENUE 107","ALAMEDA","CA",94501,37.7680787510001,-122.248319095,300,"2122 SANTA CLARA AVENUE 107, ALAMEDA, CA, 94501","Match","Exact","2122 SANTA CLARA AVE, ALAMEDA, CA, 94501",125005349,"R"
341801,"2122 SCHILLING","MISSOULA","MT",59801,46.851293985,-114.032050758,301,"2122 SCHILLING, MISSOULA, MT, 59801","Match","Non_Exact","2122 SCHILLING ST, MISSOULA, MT, 59801",205296666,"L"
341802,"2122 SE 105TH AVE","PORTLAND","OR",97216,45.5071422290001,-122.554585868,302,"2122 SE 105TH AVE, PORTLAND, OR, 97216","Match","Exact","2122 SE 105TH AVE, PORTLAND, OR, 97216",652710412,"L"
341803,"2122 SE STONECROP ST","PORT SAINT LUCIE","FL",34952,27.278198542,-80.332894879,303,"2122 SE STONECROP ST, PORT SAINT LUCIE, FL, 34952","Match","Non_Exact","2122 SE STONECROP ST, PORT SAINT LUCIE, FL, 34984",120153153,"R"
341804,"2122 SE STONECROP ST","PORT SAINT LUCIE","FL",34984,27.278198542,-80.332894879,304,"2122 SE STONECROP ST, PORT SAINT LUCIE, FL, 34984","Match","Exact","2122 SE STONECROP ST, PORT ST LUCIE, FL, 34984",120153153,"R"
341805,"2122 SELLERS AVENUE","ORANGEBURG","SC",29115,NA,NA,305,"2122 SELLERS AVENUE, ORANGEBURG, SC, 29115","No_Match",NA,NA,NA,NA
341806,"2122 SINTON AVE","CINCINNATI","OH",45206,39.119078695,-84.4932412859999,306,"2122 SINTON AVE, CINCINNATI, OH, 45206","Match","Exact","2122 SINTON AVE, CINCINNATI, OH, 45206",103956992,"R"
341807,"2122 South M Street","Fort Smith","AR",72901,NA,NA,307,"2122 South M Street, Fort Smith, AR, 72901","No_Match",NA,NA,NA,NA
341808,"2122 SPENCER CT","SOUTH BELOIT","IL",61080,42.474581363,-89.055603487,308,"2122 SPENCER CT, SOUTH BELOIT, IL, 61080","Match","Exact","2122 SPENCER CT, SOUTH BELOIT, IL, 61080",49283024,"L"
341809,"2122 STILLWATER PLACE","WILMINGTON","NC",28405,34.2430709600001,-77.801658538,309,"2122 STILLWATER PLACE, WILMINGTON, NC, 28405","Match","Exact","2122 STILLWATER PL, WILMINGTON, NC, 28405",636545964,"L"
341810,"2122 SUGAR MAPLE LANE","FURLONG","PA",18925,40.2786720650001,-75.08933039,310,"2122 SUGAR MAPLE LANE, FURLONG, PA, 18925","Match","Exact","2122 SUGAR MAPLE LN, FURLONG, PA, 18925",634157389,"R"
341811,"2122 SUNNYLAND BLVD","SPRINGFIELD","OH",45506,39.90199842,-83.831012565,311,"2122 SUNNYLAND BLVD, SPRINGFIELD, OH, 45506","Match","Exact","2122 SUNNYLAND BLVD, SPRINGFIELD, OH, 45506",640166758,"R"
341812,"2122 TANGERINE ST","PALMDALE","CA",93551,34.5654368560001,-118.16643176,312,"2122 TANGERINE ST, PALMDALE, CA, 93551","Match","Exact","2122 TANGERINE ST, PALMDALE, CA, 93551",625746769,"R"
341813,"2122 THAXTON PLACE SE","ATLANTA","GA",30315,33.696224327,-84.376641722,313,"2122 THAXTON PLACE SE, ATLANTA, GA, 30315","Match","Exact","2122 THAXTON PL SE, ATLANTA, GA, 30315",17358562,"L"
341814,"2122 VALENTINE AVE APT 4C","BRONX","NY",10457,40.853497315,-73.8995614,314,"2122 VALENTINE AVE APT 4C, BRONX, NY, 10457","Match","Exact","2122 VALENTINE AVE, BRONX, NY, 10457",80301093,"R"
341815,"2122 VALLEY RD SW","ALBUQUERQUE","NM",87105,35.0409005290001,-106.690178531,315,"2122 VALLEY RD SW, ALBUQUERQUE, NM, 87105","Match","Exact","2122 VALLEY RD SW, ALBUQUERQUE, NM, 87105",645056097,"L"
341816,"2122 VAN HISE AVE","MADISON","WI",53726,43.0695652650001,-89.422804679,316,"2122 VAN HISE AVE, MADISON, WI, 53726","Match","Exact","2122 VAN HISE AVE, MADISON, WI, 53726",49468994,"R"
341817,"2122 VZ COUNTY ROAD 4915","BEN WHEELER","TX",75754,NA,NA,317,"2122 VZ COUNTY ROAD 4915, BEN WHEELER, TX, 75754","No_Match",NA,NA,NA,NA
341818,"2122 W LEMOYNE","CHICAGO","IL",60622,41.908202702,-87.680766886,318,"2122 W LEMOYNE, CHICAGO, IL, 60622","Match","Non_Exact","2122 W LE MOYNE ST, CHICAGO, IL, 60622",605068488,"R"
341819,"2122 W ONTARIO STREET","PHILADELPHIA","PA",19140,40.0062028290001,-75.164064288,319,"2122 W ONTARIO STREET, PHILADELPHIA, PA, 19140","Match","Exact","2122 W ONTARIO ST, PHILADELPHIA, PA, 19140",131402444,"L"
341820,"2122 W PIERSON","PHOENIX","AZ",85015,33.507750055,-112.104745989,320,"2122 W PIERSON, PHOENIX, AZ, 85015","Match","Non_Exact","2122 W PIERSON ST, PHOENIX, AZ, 85015",128205102,"R"
341821,"2122 W WILLARD ST R-12","LONG BEACH","CA",90810,33.7943958600001,-118.220745567,321,"2122 W WILLARD ST R-12, LONG BEACH, CA, 90810","Match","Non_Exact","2122 W WILLARD ST, LONG BEACH, CA, 90810",142691056,"L"
341822,"2122 WALNUT WAY","DEXTER","MI",48130,42.3145385560001,-83.955331101,322,"2122 WALNUT WAY, DEXTER, MI, 48130","Match","Exact","2122 WALNUT WAY, DEXTER, MI, 48130",619001824,"L"
341823,"2122 WELLS DR SE","SMYRNA","GA",30080,33.900648737,-84.529588695,323,"2122 WELLS DR SE, SMYRNA, GA, 30080","Match","Non_Exact","2122 WELLS DR, SMYRNA, GA, 30080",17178705,"R"
341824,"2122 WEST 78TH ST","LOS ANGELES","CA",90047,33.969081153,-118.316143587,324,"2122 WEST 78TH ST, LOS ANGELES, CA, 90047","Match","Exact","2122 W 78TH ST, LOS ANGELES, CA, 90047",642867063,"L"
341825,"2122 WEST ONTARIO STREET","PHILA","PA",19140,40.0062020230001,-75.1640580019999,325,"2122 WEST ONTARIO STREET, PHILA, PA, 19140","Match","Exact","2122 W ONTARIO ST, PHILA, PA, 19140",131402444,"L"
341826,"2122 WESTFIELD CIR","WEST JORDAN","UT",84084,40.6104166220001,-111.947429904,326,"2122 WESTFIELD CIR, WEST JORDAN, UT, 84084","Match","Exact","2122 WESTFIELD CIR, WEST JORDAN, UT, 84084",176076228,"R"
341827,"2122 WHARTON ST","PHILIDELPHIA","PA",19143,39.935663979,-75.179458955,327,"2122 WHARTON ST, PHILIDELPHIA, PA, 19143","Match","Non_Exact","2122 WHARTON ST, PHILADELPHIA, PA, 19146",131410816,"L"
341828,"2122 WHISPERING PINES DRIVE","SEBRING","FL",33872,27.4766674480001,-81.487277439,328,"2122 WHISPERING PINES DRIVE, SEBRING, FL, 33872","Match","Exact","2122 WHISPERING PINES DR, SEBRING, FL, 33872",647624893,"R"
341829,"2122 WHITNEY WAY","MADISON","WI",53711,43.03035651,-89.476790675,329,"2122 WHITNEY WAY, MADISON, WI, 53711","Match","Non_Exact","2122 S WHITNEY WAY, MADISON, WI, 53711",49467935,"R"
341830,"2122 WINDERMERE CIRCLE","PENSACOLA","FL",32503,30.4432196560001,-87.180113643,330,"2122 WINDERMERE CIRCLE, PENSACOLA, FL, 32503","Match","Exact","2122 WINDERMERE CIR, PENSACOLA, FL, 32503",93223424,"R"
341831,"2122 WOODFIELD","MEMPHIS","TN",38135,NA,NA,331,"2122 WOODFIELD, MEMPHIS, TN, 38135","No_Match",NA,NA,NA,NA
341832,"2122 WOODGATE STREET","YOUNGSTOWN","OH",44515,41.0779985,-80.7946676619999,332,"2122 WOODGATE STREET, YOUNGSTOWN, OH, 44515","Match","Exact","2122 WOODGATE ST, YOUNGSTOWN, OH, 44515",64609348,"R"
341833,"21220 MAURICE STREET","NUEVO","CA",92567,33.8102750740001,-117.109515071,333,"21220 MAURICE STREET, NUEVO, CA, 92567","Match","Exact","21220 MAURICE ST, NUEVO, CA, 92567",194881575,"L"
341834,"21220 QUAIL SPRINGS RD","TEHACHAPI","CA",93561,35.149616773,-118.507717529,334,"21220 QUAIL SPRINGS RD, TEHACHAPI, CA, 93561","Match","Exact","21220 QUAIL SPRINGS RD, TEHACHAPI, CA, 93561",108981743,"L"
341835,"21220 RANCH LANE","HUSON","MT",59846,47.0773669330001,-114.449394885,335,"21220 RANCH LANE, HUSON, MT, 59846","Match","Non_Exact","21220 RANCH CT, HUSON, MT, 59846",205279661,"L"
341836,"21220 STATE ROUTE 51 / 52","GENOA","OH",43430,41.52031285,-83.343053482,336,"21220 STATE ROUTE 51 / 52, GENOA, OH, 43430","Match","Exact","21220 STATE RTE 51, GENOA, OH, 43430",44075802,"R"
341837,"21220 WELLINGTON ST","WOODHAVEN","MI",48183,42.153493031,-83.223468629,337,"21220 WELLINGTON ST, WOODHAVEN, MI, 48183","Match","Exact","21220 WELLINGTON ST, WOODHAVEN, MI, 48183",95456874,"R"
341838,"21221 127TH PL SE","KENT","WA",98031,47.4116487370001,-122.171194951,338,"21221 127TH PL SE, KENT, WA, 98031","Match","Exact","21221 127TH PL SE, KENT, WA, 98031",186679104,"L"
341839,"21221 174TH AVE SE","RENTON","WA",98058,47.411337008,-122.109426718,339,"21221 174TH AVE SE, RENTON, WA, 98058","Match","Exact","21221 174TH AVE SE, RENTON, WA, 98058",187053530,"L"
341840,"21221 47TH AVE SE","BOTHELL","WA",98021,47.805179896,-122.169899907,340,"21221 47TH AVE SE, BOTHELL, WA, 98021","Match","Exact","21221 47TH AVE SE, BOTHELL, WA, 98021",187763016,"R"
341841,"21221 DELEVAN WAY","GERMANTOWN","MD",20876,39.2048349240001,-77.264924562,341,"21221 DELEVAN WAY, GERMANTOWN, MD, 20876","Match","Exact","21221 DELEVAN WAY, GERMANTOWN, MD, 20876",62101514,"R"
341842,"21221 GEORGETOWN ROAD","FRANKFORT","IL",60423,NA,NA,342,"21221 GEORGETOWN ROAD, FRANKFORT, IL, 60423","No_Match",NA,NA,NA,NA
341843,"21221 LAKE TALIA BLVD","LAND O LAKES","FL",34638,28.230251449,-82.465044803,343,"21221 LAKE TALIA BLVD, LAND O LAKES, FL, 34638","Match","Exact","21221 LAKE TALIA BLVD, LAND O LAKES, FL, 34638",618492597,"R"
341844,"21221 NW 27TH COURT","MIAMI","FL",33056,25.969327521,-80.24734102,344,"21221 NW 27TH COURT, MIAMI, FL, 33056","Match","Non_Exact","21221 NW 27TH CT, MIAMI GARDENS, FL, 33056",116026144,"R"
341845,"21221 S WESTERN AVE","TORRANCE","CA",90501,33.8361699180001,-118.309115544,345,"21221 S WESTERN AVE, TORRANCE, CA, 90501","Match","Exact","21221 S WESTERN AVE, TORRANCE, CA, 90501",632754418,"R"
341846,"21221 WEST 96TH TERRACE","LENEXA","KS",66220,38.954020976,-94.8315565839999,346,"21221 WEST 96TH TERRACE, LENEXA, KS, 66220","Match","Exact","21221 W 96TH TER, LENEXA, KS, 66220",632507768,"R"
341847,"21222 DUNCAN COURT","PLAINFIELD","IL",60544,41.6284301840001,-88.133376679,347,"21222 DUNCAN COURT, PLAINFIELD, IL, 60544","Match","Exact","21222 DUNCAN CT, PLAINFIELD, IL, 60544",111591584,"R"
341848,"21222 DUNCAN CT","PLAINFIELD","IL",60544,41.6284301840001,-88.133376679,348,"21222 DUNCAN CT, PLAINFIELD, IL, 60544","Match","Exact","21222 DUNCAN CT, PLAINFIELD, IL, 60544",111591584,"R"
341849,"21222 FERN CIRCLE","HUNTINGTON BEACH","CA",92646,33.654874179,-117.964035155,349,"21222 FERN CIRCLE, HUNTINGTON BEACH, CA, 92646","Match","Exact","21222 FERN CIR, HUNTINGTON BEACH, CA, 92646",144011782,"L"
341850,"21222 HEARTWOOD OAK TR","CYPRESS","TX",77433,30.002877143,-95.749877874,350,"21222 HEARTWOOD OAK TR, CYPRESS, TX, 77433","Match","Exact","21222 HEARTWOOD OAK TRL, CYPRESS, TX, 77433",628043791,"R"
341851,"21222 HWY 26","J","LA",70546,30.33908768,-92.670626531,351,"21222 HWY 26, J, LA, 70546","Match","Non_Exact","21222 HWY 26, JENNINGS, LA, 70546",88211743,"R"
341852,"21222 HWY 51","QULIN","MO",63961,36.51343862,-90.2663863229999,352,"21222 HWY 51, QULIN, MO, 63961","Match","Non_Exact","21222 STATE HWY 51, QULIN, MO, 63961",47393555,"R"
341853,"21222 OLD N CHURCH ROAD","FRANKFORT","IL",60423,41.5033692700001,-87.794665346,353,"21222 OLD N CHURCH ROAD, FRANKFORT, IL, 60423","Match","Exact","21222 OLD N CHURCH RD, FRANKFORT, IL, 60423",111586295,"L"
341854,"21222 PIONEER BOULEVARD UNIT 15","LAKEWOOD","CA",90715,33.8371169340001,-118.081875464,354,"21222 PIONEER BOULEVARD UNIT 15, LAKEWOOD, CA, 90715","Match","Non_Exact","21222 N PIONEER BLVD, LAKEWOOD, CA, 90715",647645258,"L"
341855,"21222 S KEETONVILLE RD","CLAREMORE","OK",74019,36.27843463,-95.710246677,355,"21222 S KEETONVILLE RD, CLAREMORE, OK, 74019","Match","Exact","21222 S KEETONVILLE RD, CLAREMORE, OK, 74019",20704923,"R"
341856,"21222 WILDCROFT DR","KATY","TX",77449,29.851964185,-95.722984067,356,"21222 WILDCROFT DR, KATY, TX, 77449","Match","Exact","21222 WILDCROFT DR, KATY, TX, 77449",96291219,"L"
341857,"21223 163RD STREET","BASEHOR","KS",66007,39.1583775760001,-94.9568315719999,357,"21223 163RD STREET, BASEHOR, KS, 66007","Match","Exact","21223 163RD ST, BASEHOR, KS, 66007",637385121,"R"
341858,"21223 40TH PL S","SEATAC","WA",98198,47.411521002,-122.284396483,358,"21223 40TH PL S, SEATAC, WA, 98198","Match","Exact","21223 40TH PL S, SEATAC, WA, 98198",627288115,"R"
341859,"21223 MENNONITE ROAD","GULFPORT","MS",39503,30.5000740580001,-89.196212552,359,"21223 MENNONITE ROAD, GULFPORT, MS, 39503","Match","Exact","21223 MENNONITE RD, GULFPORT, MS, 39503",111412087,"R"
341860,"21223 N 31ST AVE","PHOENIX","AZ",85027,33.679571556,-112.125836693,360,"21223 N 31ST AVE, PHOENIX, AZ, 85027","Match","Exact","21223 N 31ST AVE, PHOENIX, AZ, 85027",128420223,"L"
341861,"21224 VIDAL COURT","APPLE VALLEY","CA",92308,34.4878255420001,-117.199808812,361,"21224 VIDAL COURT, APPLE VALLEY, CA, 92308","Match","Exact","21224 VIDAL CT, APPLE VALLEY, CA, 92308",614825988,"R"
341862,"21225 BASSETT AVE","PORT CHARLOTTE","FL",33952,27.010955778,-82.099837844,362,"21225 BASSETT AVE, PORT CHARLOTTE, FL, 33952","Match","Exact","21225 BASSETT AVE, PORT CHARLOTTE, FL, 33952",4287935,"L"
341863,"21225 CHEYENNE TRAIL","OAK CREEK","CO",80467,40.2367280820001,-106.825290292,363,"21225 CHEYENNE TRAIL, OAK CREEK, CO, 80467","Match","Exact","21225 CHEYENNE TRL, OAK CREEK, CO, 80467",624385614,"L"
341864,"21225 LADY FERN PL","ASHBURN","VA",20148,39.0294643070001,-77.537037675,364,"21225 LADY FERN PL, ASHBURN, VA, 20148","Match","Exact","21225 LADY FERN PL, ASHBURN, VA, 20148",641100599,"L"
341865,"21225 NE 9TH COURT 1","MIAMI","FL",33179,25.966458674,-80.1828513519999,365,"21225 NE 9TH COURT 1, MIAMI, FL, 33179","Match","Non_Exact","21225 NE 9TH CT, MIAMI, FL, 33179",116029110,"L"
341866,"21225 ROSCOE BLVD APT 54","CANOGA PARK","CA",91304,34.219851197,-118.594115273,366,"21225 ROSCOE BLVD APT 54, CANOGA PARK, CA, 91304","Match","Exact","21225 ROSCOE BLVD, CANOGA PARK, CA, 91304",142046830,"R"
341867,"21225 SOUTH MOONLIGHT ROAD","GARDNER","KS",66030,38.7431123040001,-94.908592213,367,"21225 SOUTH MOONLIGHT ROAD, GARDNER, KS, 66030","Match","Exact","21225 S MOONLIGHT RD, GARDNER, KS, 66030",653558654,"R"
341868,"21226 50TH DR SE","WOODINVILLE","WA",98072,47.80420216,-122.16550485,368,"21226 50TH DR SE, WOODINVILLE, WA, 98072","Match","Exact","21226 50TH DR SE, WOODINVILLE, WA, 98072",187808584,"L"
341869,"21226 BRADFORD HILLS LN","KATY","TX",77450,NA,NA,369,"21226 BRADFORD HILLS LN, KATY, TX, 77450","No_Match",NA,NA,NA,NA
341870,"21226 CIMARRON PARKWAY","KATY","TX",77450,29.771753792,-95.739893939,370,"21226 CIMARRON PARKWAY, KATY, TX, 77450","Match","Exact","21226 CIMARRON PKWY, KATY, TX, 77450",96566480,"L"
341871,"21226 LAKE VIENNA DR","LAND O LAKES","FL",34638,28.2063788080001,-82.465911778,371,"21226 LAKE VIENNA DR, LAND O LAKES, FL, 34638","Match","Exact","21226 LAKE VIENNA DR, LAND O LAKES, FL, 34638",624565022,"R"
341872,"21227 E DANE PRAIRIE RD","FERGUS FALLS","MN",56537,46.2707999300001,-95.897826876,372,"21227 E DANE PRAIRIE RD, FERGUS FALLS, MN, 56537","Match","Exact","21227 E DANE PRAIRIE RD, FERGUS FALLS, MN, 56537",168294816,"L"
341873,"21227 FIGUEROA STREET APT 215","CARSON","CA",90745,33.8369717240001,-118.285990405,373,"21227 FIGUEROA STREET APT 215, CARSON, CA, 90745","Match","Non_Exact","21227 S FIGUEROA ST, CARSON, CA, 90745",142852703,"R"
341874,"21228 SENECA CROSSING DR","GERMANTOWN","MD",20876,39.2056342160001,-77.238560505,374,"21228 SENECA CROSSING DR, GERMANTOWN, MD, 20876","Match","Exact","21228 SENECA CROSSING DR, GERMANTOWN, MD, 20876",62110674,"L"
341875,"21228 WHITNEY AVE","MATTESON","IL",60443,41.502443639,-87.7660916949999,375,"21228 WHITNEY AVE, MATTESON, IL, 60443","Match","Exact","21228 WHITNEY AVE, MATTESON, IL, 60443",623687401,"L"
341876,"21229 GLACIER RD","MARYVILLE","MO",64468,40.414942265,-94.948041962,376,"21229 GLACIER RD, MARYVILLE, MO, 64468","Match","Exact","21229 GLACIER RD, MARYVILLE, MO, 64468",38558025,"L"
341877,"21229 GLASSMOYER CT","ASHBURN","VA",20148,39.029540829,-77.533095652,377,"21229 GLASSMOYER CT, ASHBURN, VA, 20148","Match","Exact","21229 GLASSMOYER CT, ASHBURN, VA, 20148",642444932,"R"
341878,"21229 ROSETTA PLACE","ASHBURN","VA",20147,39.02876336,-77.471809524,378,"21229 ROSETTA PLACE, ASHBURN, VA, 20147","Match","Exact","21229 ROSETTA PL, ASHBURN, VA, 20147",62336864,"L"
341879,"21229 TAYLOR COURT","MATTESON","IL",60443,41.502200552,-87.7675433799999,379,"21229 TAYLOR COURT, MATTESON, IL, 60443","Match","Exact","21229 TAYLOR CT, MATTESON, IL, 60443",112225197,"R"
341880,"2122SAVANNAH CIRCLE","O'FALLON","MO",63368,NA,NA,380,"2122SAVANNAH CIRCLE, O'FALLON, MO, 63368","No_Match",NA,NA,NA,NA
341881,"2123 1/2 BRON STREET","BERKELEY","CA",94702,NA,NA,381,"2123 1/2 BRON STREET, BERKELEY, CA, 94702","Tie",NA,NA,NA,NA
341882,"2123 127TH AVE NW","WATFORD CITY","ND",58854,47.7206173340001,-103.304668059,382,"2123 127TH AVE NW, WATFORD CITY, ND, 58854","Match","Exact","2123 127TH AVE NW, WATFORD CITY, ND, 58854",167666704,"R"
341883,"2123 147TH CT EAST","SARASOTA","FL",34212,27.47843679,-82.3928235339999,383,"2123 147TH CT EAST, SARASOTA, FL, 34212","Match","Non_Exact","2123 147TH CT E, BRADENTON, FL, 34212",625295930,"L"
341884,"2123 15TH AVE","FOREST GROVE","OR",97116,45.513194028,-123.10983032,384,"2123 15TH AVE, FOREST GROVE, OR, 97116","Match","Exact","2123 15TH AVE, FOREST GROVE, OR, 97116",158176167,"L"
341885,"2123 250TH PL SE","SAMMAMISH","WA",98075,47.590716387,-122.005770926,385,"2123 250TH PL SE, SAMMAMISH, WA, 98075","Match","Exact","2123 250TH PL SE, SAMMAMISH, WA, 98075",632205933,"R"
341886,"2123 25TH STREET","LUBBOCK","TX",79410,33.5719714730001,-101.861426011,386,"2123 25TH STREET, LUBBOCK, TX, 79410","Match","Non_Exact","2123 25TH ST, LUBBOCK, TX, 79411",185253659,"L"
341887,"2123 8TH AVENUE S","NASHVILLE","TN",37204,36.131451602,-86.778867565,387,"2123 8TH AVENUE S, NASHVILLE, TN, 37204","Match","Exact","2123 8TH AVE S, NASHVILLE, TN, 37204",97191718,"R"
341888,"2123 ALBERMARLE TERRACE","BROOKLYN","NY",11226,NA,NA,388,"2123 ALBERMARLE TERRACE, BROOKLYN, NY, 11226","No_Match",NA,NA,NA,NA
341889,"2123 ALBERMARLE","BROOKLYN","NY",11226,NA,NA,389,"2123 ALBERMARLE, BROOKLYN, NY, 11226","No_Match",NA,NA,NA,NA
341890,"2123 APPLE TREE LANE","SILVER SPRING","MD",20905,39.092912337,-76.9651482209999,390,"2123 APPLE TREE LANE, SILVER SPRING, MD, 20905","Match","Exact","2123 APPLE TREE LN, SILVER SPRING, MD, 20905",62078580,"R"
341891,"2123 ARROWWOOD RD W","CAMDEN","SC",29020,34.2740623020001,-80.56999767,391,"2123 ARROWWOOD RD W, CAMDEN, SC, 29020","Match","Exact","2123 ARROWWOOD RD W, CAMDEN, SC, 29020",78470263,"R"
341892,"2123 BARDSTOWN ROAD","LOUISVILLE","KY",40205,38.2250320740001,-85.6948775879999,392,"2123 BARDSTOWN ROAD, LOUISVILLE, KY, 40205","Match","Exact","2123 BARDSTOWN RD, LOUISVILLE, KY, 40205",96852932,"L"
341893,"2123 BATHGATE AVENUE","BRONX","NY",10457,40.851449937,-73.894581041,393,"2123 BATHGATE AVENUE, BRONX, NY, 10457","Match","Exact","2123 BATHGATE AVE, BRONX, NY, 10457",80301135,"L"
341894,"2123 BAYBERRY ST","VIRGINIA BEACH","VA",23451,36.9088922280001,-76.0603720989999,394,"2123 BAYBERRY ST, VIRGINIA BEACH, VA, 23451","Match","Exact","2123 BAYBERRY ST, VA BCH, VA, 23451",122260835,"L"
341895,"2123 BOSTON ROAD","BRONX","NY",10460,40.843000326,-73.877944255,395,"2123 BOSTON ROAD, BRONX, NY, 10460","Match","Exact","2123 BOSTON RD, BRONX, NY, 10460",80311757,"L"
341896,"2123 CANVAS NETTIE ROAD","SUMMERSVILLE","WV",26651,38.2692435820001,-80.807734685,396,"2123 CANVAS NETTIE ROAD, SUMMERSVILLE, WV, 26651","Match","Exact","2123 CANVAS NETTIE RD, SUMMERSVILLE, WV, 26651",50054108,"R"
341897,"2123 CARLTON ROAD","CARROLLTON","TX",75007,33.0026869230001,-96.874204897,397,"2123 CARLTON ROAD, CARROLLTON, TX, 75007","Match","Exact","2123 CARLTON RD, CARROLLTON, TX, 75007",103352312,"L"
341898,"2123 CHELSEA TERRACE","BALTIMORE","MD",21216,39.3113737640001,-76.680663642,398,"2123 CHELSEA TERRACE, BALTIMORE, MD, 21216","Match","Exact","2123 CHELSEA TER, BALTIMORE, MD, 21216",206413148,"R"
341899,"2123 COURTRIGHT ROAD","COLUMBUS","OH",43232,39.929061403,-82.89837854,399,"2123 COURTRIGHT ROAD, COLUMBUS, OH, 43232","Match","Exact","2123 COURTRIGHT RD, COLUMBUS, OH, 43232",218645190,"R"
341900,"2123 DREWMAN PL","CLOVER","SC",29710,35.10464281,-81.162566445,400,"2123 DREWMAN PL, CLOVER, SC, 29710","Match","Exact","2123 DREWMAN PL, CLOVER, SC, 29710",19815534,"L"
341901,"2123 DUPREE STREET","FORT MYERS","FL",33916,26.6376066550001,-81.8359486109999,401,"2123 DUPREE STREET, FORT MYERS, FL, 33916","Match","Exact","2123 DUPREE ST, FORT MYERS, FL, 33916",118055002,"L"
341902,"2123 E  HOUGHTON LAKE DRIVE","HOUGHTON LAKE","MI",48629,44.327593644,-84.643488839,402,"2123 E  HOUGHTON LAKE DRIVE, HOUGHTON LAKE, MI, 48629","Match","Exact","2123 E HOUGHTON LAKE DR, HOUGHTON LAKE, MI, 48629",635652951,"L"
341903,"2123 E 18TH ST","TULSA","OK",74104,36.1360321390001,-95.9615105509999,403,"2123 E 18TH ST, TULSA, OK, 74104","Match","Exact","2123 E 18TH ST, TULSA, OK, 74104",166442779,"L"
341904,"2123 E GLORIA DR","DELTONA","FL",32725,28.9229716840001,-81.2595185439999,404,"2123 E GLORIA DR, DELTONA, FL, 32725","Match","Exact","2123 E GLORIA DR, DELTONA, FL, 32725",94518836,"L"
341905,"2123 EAST AVENUE APT D","ROCHESTER","NY",14610,NA,NA,405,"2123 EAST AVENUE APT D, ROCHESTER, NY, 14610","No_Match",NA,NA,NA,NA
341906,"2123 EAST PALMCROFT DRIVE","TEMPE","AZ",85282,33.4054877250001,-111.895611932,406,"2123 EAST PALMCROFT DRIVE, TEMPE, AZ, 85282","Match","Exact","2123 E PALMCROFT DR, TEMPE, AZ, 85282",128232940,"R"
341907,"2123 FAIR AVE","COLUMBUS","OH",43209,39.9627122000001,-82.9435867349999,407,"2123 FAIR AVE, COLUMBUS, OH, 43209","Match","Exact","2123 FAIR AVE, COLUMBUS, OH, 43209",135590535,"R"
341908,"2123 FAIRFIELD BEACH ROAD","FAIRFIELD","CT",6824,41.120030323,-73.2604613349999,408,"2123 FAIRFIELD BEACH ROAD, FAIRFIELD, CT, 6824","Match","Exact","2123 FAIRFIELD BEACH RD, FAIRFIELD, CT, 06824",637213406,"L"
341909,"2123 FOREST AVE","TEXARKANA","AR",71854,33.4090352590001,-94.021376144,409,"2123 FOREST AVE, TEXARKANA, AR, 71854","Match","Non_Exact","2123 FOREST ST, TEXARKANA, AR, 71854",57276837,"L"
341910,"2123 FOREST OAKS DR","HOUSTON","TX",77017,29.677804661,-95.243615125,410,"2123 FOREST OAKS DR, HOUSTON, TX, 77017","Match","Non_Exact","2123 FOREST OAKS BLVD, HOUSTON, TX, 77017",96093623,"L"
341911,"2123 FORSTALL ST","NEW ORLEANS","LA",70117,29.972912948,-90.0178478239999,411,"2123 FORSTALL ST, NEW ORLEANS, LA, 70117","Match","Exact","2123 FORSTALL ST, NEW ORLEANS, LA, 70117",191718088,"R"
341912,"2123 FOXTAIL VIEW CT","WEST PALM BEACH","FL",33411,NA,NA,412,"2123 FOXTAIL VIEW CT, WEST PALM BEACH, FL, 33411","No_Match",NA,NA,NA,NA
341913,"2123 GOLDEN GATE DRIVE","PLUMAS LAKE","CA",95961,39.014817194,-121.548929069,413,"2123 GOLDEN GATE DRIVE, PLUMAS LAKE, CA, 95961","Match","Exact","2123 GOLDEN GATE, PLUMAS LAKE, CA, 95961",651622258,"R"
341914,"2123 GOLF COURSE DRIVE","RESTON","VA",20191,38.942804305,-77.352746215,414,"2123 GOLF COURSE DRIVE, RESTON, VA, 20191","Match","Exact","2123 GOLF COURSE DR, RESTON, VA, 20191",76023770,"R"
341915,"2123 GREEN MOUNTAIN DR","EAST STROUDSBURG","PA",18301,41.017025608,-75.130460662,415,"2123 GREEN MOUNTAIN DR, EAST STROUDSBURG, PA, 18301","Match","Exact","2123 GREEN MOUNTAIN DR, E STROUDSBURG, PA, 18301",136760080,"L"
341916,"2123 GREENHEATH DR","ST LOUIS","MO",63033,38.8121105650001,-90.313269439,416,"2123 GREENHEATH DR, ST LOUIS, MO, 63033","Match","Non_Exact","2123 GREENHEATH DR, FLORISSANT, MO, 63033",100143629,"L"
341917,"2123 GREENWOOD DRIVE SE","CEDAR RAPIDS","IA",52403,41.977924279,-91.63844712,417,"2123 GREENWOOD DRIVE SE, CEDAR RAPIDS, IA, 52403","Match","Exact","2123 GREENWOOD DR SE, CEDAR RAPIDS, IA, 52403",17027294,"R"
341918,"2123 HAWTHORNE","SPRING HILL","FL",33609,NA,NA,418,"2123 HAWTHORNE, SPRING HILL, FL, 33609","No_Match",NA,NA,NA,NA
341919,"2123 HENRY STREET","PALM BAY","FL",32905,28.0533267430001,-80.5977081889999,419,"2123 HENRY STREET, PALM BAY, FL, 32905","Match","Non_Exact","2123 HENRY ST NE, PALM BAY, FL, 32905",93909848,"R"
341920,"2123 HIGHWAY 50","DEERFIELD","KS",67838,NA,NA,420,"2123 HIGHWAY 50, DEERFIELD, KS, 67838","No_Match",NA,NA,NA,NA
341921,"2123 HILLSIDE OAK LN","HOUSTON","TX",77062,29.5818847940001,-95.123156281,421,"2123 HILLSIDE OAK LN, HOUSTON, TX, 77062","Match","Exact","2123 HILLSIDE OAK LN, HOUSTON, TX, 77062",96545728,"L"
341922,"2123 HOLLY BERRY LANE","CHESAPEAKE","VA",23325,36.79266195,-76.252383145,422,"2123 HOLLY BERRY LANE, CHESAPEAKE, VA, 23325","Match","Exact","2123 HOLLY BERRY LN, CHESAPEAKE, VA, 23325",121785495,"L"
341923,"2123 HWY 50 E","PUEBLO","CO",81006,NA,NA,423,"2123 HWY 50 E, PUEBLO, CO, 81006","No_Match",NA,NA,NA,NA
341924,"2123 JAMARA LANE","HOUSTON","TX",77077,29.742453746,-95.6133465299999,424,"2123 JAMARA LANE, HOUSTON, TX, 77077","Match","Exact","2123 JAMARA LN, HOUSTON, TX, 77077",96021462,"R"
341925,"2123 KERR RD","LUCAS","OH",44843,40.7192570280001,-82.4356982309999,425,"2123 KERR RD, LUCAS, OH, 44843","Match","Exact","2123 KERR RD, LUCAS, OH, 44843",12836500,"L"
341926,"2123 KOTTAYAM DR","MISSOURI CITY","TX",77489,29.594457414,-95.5382537849999,426,"2123 KOTTAYAM DR, MISSOURI CITY, TX, 77489","Match","Exact","2123 KOTTAYAM DR, MISSOURI CITY, TX, 77489",641140264,"L"
341927,"2123 LAKETON ROAD","PITTSBURGH","PA",15221,40.4516392150001,-79.861499383,427,"2123 LAKETON ROAD, PITTSBURGH, PA, 15221","Match","Exact","2123 LAKETON RD, PITTSBURGH, PA, 15221",51666687,"L"
341928,"2123 LANDSMERE DR","MABLETON","GA",30126,33.822450109,-84.491324403,428,"2123 LANDSMERE DR, MABLETON, GA, 30126","Match","Exact","2123 LANDSMERE DR, MABLETON, GA, 30126",637415186,"L"
341929,"2123 LAWN CREST DR","MISSOURI CITY","TX",77489,29.596749925,-95.50674148,429,"2123 LAWN CREST DR, MISSOURI CITY, TX, 77489","Match","Exact","2123 LAWN CREST DR, MISSOURI CITY, TX, 77489",636831928,"R"
341930,"2123 LEBANON DR","MCKEESPORT","PA",15135,40.2933216700001,-79.819635879,430,"2123 LEBANON DR, MCKEESPORT, PA, 15135","Match","Exact","2123 LEBANON DR, MCKEESPORT, PA, 15135",51814305,"L"
341931,"2123 LECLAIRE ST","DAVENPORT","IA",52803,41.541371736,-90.5684910579999,431,"2123 LECLAIRE ST, DAVENPORT, IA, 52803","Match","Exact","2123 LECLAIRE ST, DAVENPORT, IA, 52803",122708471,"R"
341932,"2123 LENOX DRIVE","TUSCALOOSA","AL",35405,33.118675538,-87.562052185,432,"2123 LENOX DRIVE, TUSCALOOSA, AL, 35405","Match","Non_Exact","2123 LENOX LN, TUSCALOOSA, AL, 35405",82225298,"R"
341933,"2123 LINTON BLVD APT 1","DELRAY BEACH","FL",33445,26.43941713,-80.0936935559999,433,"2123 LINTON BLVD APT 1, DELRAY BEACH, FL, 33445","Match","Exact","2123 LINTON BLVD, DELRAY BEACH, FL, 33445",115481194,"L"
341934,"2123 LONDONDERRY DRIVE","MURFREESBORO","TN",37129,35.896070073,-86.4278961809999,434,"2123 LONDONDERRY DRIVE, MURFREESBORO, TN, 37129","Match","Exact","2123 LONDONDERRY DR, MURFREESBORO, TN, 37129",59011493,"R"
341935,"2123 MONTGALL AVE","KANSAS CITY","MO",64127,39.0863343560001,-94.550868495,435,"2123 MONTGALL AVE, KANSAS CITY, MO, 64127","Match","Exact","2123 MONTGALL AVE, KANSAS CITY, MO, 64127",91449928,"L"
341936,"2123 MORGAN CIRCLE N","MANDAN","ND",58554,46.885693346,-100.906234769,436,"2123 MORGAN CIRCLE N, MANDAN, ND, 58554","Match","Exact","2123 MORGAN CIR N, MANDAN, ND, 58554",624823227,"L"
341937,"2123 MORTON LEAGUE ROAD","RICHMOND","TX",77406,29.6221285660001,-95.737852967,437,"2123 MORTON LEAGUE ROAD, RICHMOND, TX, 77406","Match","Exact","2123 MORTON LEAGUE RD, RICHMOND, TX, 77406",78264585,"L"
341938,"2123 MOUNTAIN MIST","SAN ANTONIO","TX",78258,29.6653513380001,-98.455116108,438,"2123 MOUNTAIN MIST, SAN ANTONIO, TX, 78258","Match","Exact","2123 MOUNTAIN MIST, SAN ANTONIO, TX, 78258",619989569,"L"
341939,"2123 N CAMAC ST","PHILADELPHIA","PA",19122,39.984729449,-75.1535189809999,439,"2123 N CAMAC ST, PHILADELPHIA, PA, 19122","Match","Exact","2123 N CAMAC ST, PHILADELPHIA, PA, 19122",639163778,"R"
341940,"2123 N12TH STREET","TOLEDO","OH",43620,NA,NA,440,"2123 N12TH STREET, TOLEDO, OH, 43620","No_Match",NA,NA,NA,NA
341941,"2123 NASHUA","STAFFORD","TX",77477,29.606458236,-95.538586723,441,"2123 NASHUA, STAFFORD, TX, 77477","Match","Non_Exact","2123 NASHUA DR, STAFFORD, TX, 77477",78269948,"R"
341942,"2123 NE 122ND","MIAMI","FL",33181,NA,NA,442,"2123 NE 122ND, MIAMI, FL, 33181","Tie",NA,NA,NA,NA
341943,"2123 NORTH 500 WEST","COLUMBUS","IN",47201,39.214761176,-86.0063168089999,443,"2123 NORTH 500 WEST, COLUMBUS, IN, 47201","Match","Exact","2123 N 500 W, COLUMBUS, IN, 47201",625178673,"R"
341944,"2123 OLD SPARTANBURG ROAD SUITE 301","GREER","SC",29650,NA,NA,444,"2123 OLD SPARTANBURG ROAD SUITE 301, GREER, SC, 29650","No_Match",NA,NA,NA,NA
341945,"2123 OLD SPARTANBURG ROAD","GREER","SC",29650,NA,NA,445,"2123 OLD SPARTANBURG ROAD, GREER, SC, 29650","No_Match",NA,NA,NA,NA
341946,"2123 PINE RIDGE CT","KELLER","TX",76248,NA,NA,446,"2123 PINE RIDGE CT, KELLER, TX, 76248","No_Match",NA,NA,NA,NA
341947,"2123 PINEBROOK CIRCLE","CHARLOTTE","NC",28208,35.256158821,-80.9243286929999,447,"2123 PINEBROOK CIRCLE, CHARLOTTE, NC, 28208","Match","Exact","2123 PINEBROOK CIR, CHARLOTTE, NC, 28208",70474978,"L"
341948,"2123 PLUNKETT CT","HOLLYWOOD","FL",33020,26.001167718,-80.149442775,448,"2123 PLUNKETT CT, HOLLYWOOD, FL, 33020","Match","Exact","2123 PLUNKETT CT, HOLLYWOOD, FL, 33020",114732559,"R"
341949,"2123 QUAIL VALLEY EAST DRIVE","MISSOURI CITY","TX",77459,29.574928555,-95.533990554,449,"2123 QUAIL VALLEY EAST DRIVE, MISSOURI CITY, TX, 77459","Match","Exact","2123 QUAIL VALLEY EAST DR, MISSOURI CITY, TX, 77459",78271022,"R"
341950,"2123 QUITE LN","WILMINGTON","NC",28409,34.1986042250001,-77.858813659,450,"2123 QUITE LN, WILMINGTON, NC, 28409","Match","Non_Exact","2123 QUIET LN, WILMINGTON, NC, 28409",152736220,"R"
341951,"2123 RIVERLAWN DRIVE","KINGWOOD","TX",77339,30.0535817030001,-95.218477886,451,"2123 RIVERLAWN DRIVE, KINGWOOD, TX, 77339","Match","Exact","2123 RIVERLAWN DR, KINGWOOD, TX, 77339",96048593,"L"
341952,"2123 RODNEY DR APT 205","LOS ANGELES","CA",90027,34.1105520510001,-118.289342171,452,"2123 RODNEY DR APT 205, LOS ANGELES, CA, 90027","Match","Exact","2123 RODNEY DR, LOS ANGELES, CA, 90027",141597545,"L"
341953,"2123 ROTHBURY COURT","TURLOCK","CA",95382,37.512306913,-120.819518539,453,"2123 ROTHBURY COURT, TURLOCK, CA, 95382","Match","Exact","2123 ROTHBURY CT, TURLOCK, CA, 95382",102624993,"L"
341954,"2123 RUHLAND AVE","REDONDO BEACH","CA",90278,33.875669927,-118.374276625,454,"2123 RUHLAND AVE, REDONDO BEACH, CA, 90278","Match","Exact","2123 RUHLAND AVE, REDONDO BEACH, CA, 90278",141662802,"L"
341955,"2123 RUTH STREET APT 203","SPRINGFIELD","TN",37172,36.4898812810001,-86.878109982,455,"2123 RUTH STREET APT 203, SPRINGFIELD, TN, 37172","Match","Exact","2123 RUTH ST, SPRINGFIELD, TN, 37172",97444784,"L"
341956,"2123 S 11TH AVE","BOZEMAN","MT",59715,45.6579073770001,-111.052090961,456,"2123 S 11TH AVE, BOZEMAN, MT, 59715","Match","Exact","2123 S 11TH AVE, BOZEMAN, MT, 59715",649017555,"L"
341957,"2123 S ARLINGTON HEIGHTS ROAD","ARLINGTON HEIGHTS","IL",60005,42.0489488430001,-87.982103969,457,"2123 S ARLINGTON HEIGHTS ROAD, ARLINGTON HEIGHTS, IL, 60005","Match","Exact","2123 ARLINGTON HEIGHTS RD, ARLINGTON HEIGHTS, IL, 60005",641670299,"R"
341958,"2123 SAN MATEO NE","ALBUQUERQUE","NM",87110,35.100586719,-106.586417637,458,"2123 SAN MATEO NE, ALBUQUERQUE, NM, 87110","Match","Non_Exact","2123 SAN MATEO BLVD NE, ALBUQUERQUE, NM, 87110",206777553,"L"
341959,"2123 SAND ISLAND COURT","NAPERVILLE","IL",60565,41.683984104,-88.188062142,459,"2123 SAND ISLAND COURT, NAPERVILLE, IL, 60565","Match","Non_Exact","2123 SAND ISLAND CT, NAPERVILLE, IL, 60564",111585544,"L"
341960,"2123 SHERMAN AVENUE","WEST PEORIA","IL",61604,40.6914066800001,-89.6263307199999,460,"2123 SHERMAN AVENUE, WEST PEORIA, IL, 61604","Match","Non_Exact","2123 W SHERMAN AVE, WEST PEORIA, IL, 61604",8721943,"R"
341961,"2123 SILVER MOON TRAIL","CROSBY","TX",77532,29.968828854,-95.122729481,461,"2123 SILVER MOON TRAIL, CROSBY, TX, 77532","Match","Exact","2123 SILVER MOON TRL, CROSBY, TX, 77532",96424216,"L"
341962,"2123 SILVER MOON TRL","CROSBY","TX",77532,29.968828854,-95.122729481,462,"2123 SILVER MOON TRL, CROSBY, TX, 77532","Match","Exact","2123 SILVER MOON TRL, CROSBY, TX, 77532",96424216,"L"
341963,"2123 SOUTH 254TH STREET","DES MOINES","WA",98198,47.3741582120001,-122.305682633,463,"2123 SOUTH 254TH STREET, DES MOINES, WA, 98198","Match","Exact","2123 S 254TH ST, DES MOINES, WA, 98198",186649224,"R"
341964,"2123 STONYBROOK ROAD","LOUISVILLE","TN",37777,35.835139487,-83.9865548449999,464,"2123 STONYBROOK ROAD, LOUISVILLE, TN, 37777","Match","Exact","2123 STONYBROOK RD, LOUISVILLE, TN, 37777",89846888,"R"
341965,"2123 STRATFORD CT","HIGHLANDS RANCH","CO",80126,39.535581774,-104.964362772,465,"2123 STRATFORD CT, HIGHLANDS RANCH, CO, 80126","Match","Non_Exact","2123 E STRATFORD CT, HIGHLANDS RANCH, CO, 80126",130818375,"R"
341966,"2123 TUDOR LN","LAKELAND","FL",33810,28.117743003,-81.992163652,466,"2123 TUDOR LN, LAKELAND, FL, 33810","Match","Exact","2123 TUDOR LN, LAKELAND, FL, 33810",104846360,"L"
341967,"2123 US-50","DEERFIELD","KS",67383,NA,NA,467,"2123 US-50, DEERFIELD, KS, 67383","No_Match",NA,NA,NA,NA
341968,"2123 VIEW CREST GLEN","ESCONDIDO","CA",92026,33.166591028,-117.130027555,468,"2123 VIEW CREST GLEN, ESCONDIDO, CA, 92026","Match","Exact","2123 VIEW CREST GLEN, ESCONDIDO, CA, 92026",195430319,"R"
341969,"2123 W 21ST PL","CHICAGO","IL",60608,41.8530457700001,-87.678983332,469,"2123 W 21ST PL, CHICAGO, IL, 60608","Match","Exact","2123 W 21ST PL, CHICAGO, IL, 60608",111802272,"L"
341970,"2123 W COLONEL GLENN","LITTLE ROCK","AR",72210,34.7346333140001,-92.605190772,470,"2123 W COLONEL GLENN, LITTLE ROCK, AR, 72210","Match","Non_Exact","2123 W COLONEL GLENN RD, LITTLE ROCK, AR, 72210",611516862,"L"
341971,"2123 W SHERMAN AVE","PEORIA","IL",61604,40.691406736,-89.6263504029999,471,"2123 W SHERMAN AVE, PEORIA, IL, 61604","Match","Exact","2123 W SHERMAN AVE, PEORIA, IL, 61604",8721943,"R"
341972,"2123 WELDON STREET","SAVANNAH","GA",31415,32.0920826870001,-81.1225962029999,472,"2123 WELDON STREET, SAVANNAH, GA, 31415","Match","Exact","2123 WELDON ST, SAVANNAH, GA, 31415",6170020,"L"
341973,"2123 WILLOW OAK CT","MORAINE","OH",45439,39.6895931820001,-84.212044226,473,"2123 WILLOW OAK CT, MORAINE, OH, 45439","Match","Exact","2123 WILLOW OAK CT, MORAINE, OH, 45439",627087376,"R"
341974,"2123 WILLOW","P","CA",94954,NA,NA,474,"2123 WILLOW, P, CA, 94954","No_Match",NA,NA,NA,NA
341975,"2123 WILSON AVE","PITTSBURGH","PA",15214,40.4639739190001,-80.0123981689999,475,"2123 WILSON AVE, PITTSBURGH, PA, 15214","Match","Exact","2123 WILSON AVE, PITTSBURGH, PA, 15214",51625827,"L"
341976,"2123 WOODGLEN DRIVE  APT 2D","SHEBOYGAN","WI",53081,43.731533337,-87.7404793319999,476,"2123 WOODGLEN DRIVE  APT 2D, SHEBOYGAN, WI, 53081","Match","Exact","2123 WOODGLEN DR, SHEBOYGAN, WI, 53081",79496402,"R"
341977,"2123 YAGER CREEK DR","CHARLOTTE","NC",28273,35.1418537210001,-80.9276133769999,477,"2123 YAGER CREEK DR, CHARLOTTE, NC, 28273","Match","Exact","2123 YAGER CREEK DR, CHARLOTTE, NC, 28273",70531230,"R"
341978,"2123 YOUNGS LANE","MOBILE","AL",36693,30.646149403,-88.155635726,478,"2123 YOUNGS LANE, MOBILE, AL, 36693","Match","Exact","2123 YOUNGS LN, MOBILE, AL, 36693",647815843,"L"
341979,"21230 E GLEN HAVEN CIR","NORTHVILLE","MI",48167,NA,NA,479,"21230 E GLEN HAVEN CIR, NORTHVILLE, MI, 48167","Tie",NA,NA,NA,NA
341980,"21230 FALLS RIDGE ROAD","BOCA RATON","FL",33428,26.3605816510001,-80.2361019859999,480,"21230 FALLS RIDGE ROAD, BOCA RATON, FL, 33428","Match","Non_Exact","21230 FALLS RIDGE WAY, BOCA RATON, FL, 33428",115574756,"L"
341981,"21230 HOMESTEAD RD","CUPERTINO","CA",95014,37.33753663,-122.04689842,481,"21230 HOMESTEAD RD, CUPERTINO, CA, 95014","Match","Non_Exact","21230 W HOMESTEAD RD, CUPERTINO, CA, 95014",618172607,"L"
341982,"21230 HOMESTEAD ROAD SUITE 45","CUPERTINO","CA",95014,37.33753663,-122.04689842,482,"21230 HOMESTEAD ROAD SUITE 45, CUPERTINO, CA, 95014","Match","Non_Exact","21230 W HOMESTEAD RD, CUPERTINO, CA, 95014",618172607,"L"
341983,"21230 HOMESTEAD ROAD SUITE 45","CUPTERTINO","CA",95014,37.33753663,-122.04689842,483,"21230 HOMESTEAD ROAD SUITE 45, CUPTERTINO, CA, 95014","Match","Non_Exact","21230 W HOMESTEAD RD, CUPERTINO, CA, 95014",618172607,"L"
341984,"21230 HOMESTEAD ROAD","CUPERTINO","CA",95014,37.33753663,-122.04689842,484,"21230 HOMESTEAD ROAD, CUPERTINO, CA, 95014","Match","Non_Exact","21230 W HOMESTEAD RD, CUPERTINO, CA, 95014",618172607,"L"
341985,"21230 LOS PALMOS","SOUTHFIELD","MI",48076,42.49848845,-83.2551452869999,485,"21230 LOS PALMOS, SOUTHFIELD, MI, 48076","Match","Non_Exact","21230 LOS PALMOS ST, SOUTHFIELD, MI, 48076",69730546,"R"
341986,"21230 RIO ORO DRIVE","CORNELIUS","NC",28031,35.4966528410001,-80.8877704669999,486,"21230 RIO ORO DRIVE, CORNELIUS, NC, 28031","Match","Exact","21230 RIO ORO DR, CORNELIUS, NC, 28031",70467534,"L"
341987,"21230 SW 15TH AVENUE","NEWBERRY","FL",32669,29.6398951310001,-82.567856385,487,"21230 SW 15TH AVENUE, NEWBERRY, FL, 32669","Match","Exact","21230 SW 15TH AVE, NEWBERRY, FL, 32669",6827262,"L"
341988,"21231 TOWNWOOD DRIVE","CORNELIUS","NC",28031,35.4762053160001,-80.8608420899999,488,"21231 TOWNWOOD DRIVE, CORNELIUS, NC, 28031","Match","Exact","21231 TOWNWOOD DR, CORNELIUS, NC, 28031",70540045,"R"
341989,"21232 92ND PL W","EDMONDS","WA",98020,47.806031423,-122.357301716,489,"21232 92ND PL W, EDMONDS, WA, 98020","Match","Exact","21232 92ND PL W, EDMONDS, WA, 98020",187773903,"L"
341990,"21232 CRESTVIEW DRIVE","SONORA","CA",95370,38.0073738,-120.271969444,490,"21232 CRESTVIEW DRIVE, SONORA, CA, 95370","Match","Exact","21232 CRESTVIEW DR, SONORA, CA, 95370",651544457,"R"
341991,"21232 E HOLTS EAST RD","GENOA","OH",43430,NA,NA,491,"21232 E HOLTS EAST RD, GENOA, OH, 43430","No_Match",NA,NA,NA,NA
341992,"21232 GEORGETOWN RD","LAWRENCEBURG","IN",47025,39.1799467810001,-84.859426323,492,"21232 GEORGETOWN RD, LAWRENCEBURG, IN, 47025","Match","Exact","21232 GEORGETOWN RD, LAWRENCEBURG, IN, 47025",651708898,"R"
341993,"21232 GEORGIA AVENUE","BROKEKVILLE,","MD",20833,39.204337476,-77.063689368,493,"21232 GEORGIA AVENUE, BROKEKVILLE,, MD, 20833","Match","Non_Exact","21232 GEORGIA AVE, BROOKEVILLE, MD, 20833",653272507,"R"
341994,"21232 LADY FERN PLACE","ASHBURN","VA",20148,39.0290659290001,-77.5368992589999,494,"21232 LADY FERN PLACE, ASHBURN, VA, 20148","Match","Exact","21232 LADY FERN PL, ASHBURN, VA, 20148",641100596,"R"
341995,"21232 MOUNT MORIAH RD","HIGGINSVILLE","MO",64037,39.051162585,-93.730112461,495,"21232 MOUNT MORIAH RD, HIGGINSVILLE, MO, 64037","Match","Exact","21232 MOUNT MORIAH RD, HIGGINSVILLE, MO, 64037",648933905,"R"
341996,"21232 NE 31ST PLACE","AVENTURA","FL",33180,25.972272393,-80.1374908029999,496,"21232 NE 31ST PLACE, AVENTURA, FL, 33180","Match","Exact","21232 NE 31ST PL, AVENTURA, FL, 33180",116260689,"L"
341997,"21232 S RICHARD CT","OREGON CITY","OR",97045,45.2998010430001,-122.434730817,497,"21232 S RICHARD CT, OREGON CITY, OR, 97045","Match","Exact","21232 S RICHARD CT, OREGON CITY, OR, 97045",157933893,"L"
341998,"21233 GLASSMOYER CT","ASHBURN","VA",20148,39.0294627050001,-77.533061685,498,"21233 GLASSMOYER CT, ASHBURN, VA, 20148","Match","Exact","21233 GLASSMOYER CT, ASHBURN, VA, 20148",642444932,"R"
341999,"21233 LITHIUM ST NW","NOWTHEN","MN",55303,45.3553864790001,-93.414038986,499,"21233 LITHIUM ST NW, NOWTHEN, MN, 55303","Match","Exact","21233 LITHIUM ST NW, NOWTHEN, MN, 55303",97522492,"R"
342000,"21233 OLD NORTH CHURCH ROAD","FRANKFORT","IL",60423,41.503263401,-87.794649579,500,"21233 OLD NORTH CHURCH ROAD, FRANKFORT, IL, 60423","Match","Exact","21233 OLD N CHURCH RD, FRANKFORT, IL, 60423",111586295,"R"
