"ID","Address","City","State","Zip","lat","long","id","input_address","match_indicator","match_type","matched_address","tiger_line_id","tiger_side"
957501,"C/O 2711 CENTERVILLE RD PMB 394","WILMINGTON","DE",19808,39.7534044670001,-75.624618008,1,"C/O 2711 CENTERVILLE RD PMB 394, WILMINGTON, DE, 19808","Match","Exact","2711 CENTERVILLE RD, WILMINGTON, DE, 19808",606250513,"L"
957502,"C/O 2711 CENTERVILLE RD PMB394","WILMINGTON","DE",19808,39.7534044670001,-75.624618008,2,"C/O 2711 CENTERVILLE RD PMB394, WILMINGTON, DE, 19808","Match","Exact","2711 CENTERVILLE RD, WILMINGTON, DE, 19808",606250513,"L"
957503,"C/O 272 GARDINER RD","WISCASSET","ME",4578,44.0234945060001,-69.669956714,3,"C/O 272 GARDINER RD, WISCASSET, ME, 4578","Match","Exact","272 GARDINER RD, WISCASSET, ME, 04578",75297925,"L"
957504,"C/O 272 HIGHWAY 34","OLD BRIDGE","NJ",7747,NA,NA,4,"C/O 272 HIGHWAY 34, OLD BRIDGE, NJ, 7747","No_Match",NA,NA,NA,NA
957505,"C/O 27846 MADLYN DRIVE","ROCK FALLS","IL",61071,41.731585803,-89.729046898,5,"C/O 27846 MADLYN DRIVE, ROCK FALLS, IL, 61071","Match","Exact","27846 MADLYN DR, ROCK FALLS, IL, 61071",48972112,"R"
957506,"C/O 2800 EUCLID AVE SUITE 524","CLEVELAND","OH",44115,41.5023997870001,-81.6677778439999,6,"C/O 2800 EUCLID AVE SUITE 524, CLEVELAND, OH, 44115","Match","Exact","2800 EUCLID AVE, CLEVELAND, OH, 44115",638280822,"L"
957507,"C/O 285 S ANITA DR STE 118","ORANGE","CA",92868,33.785701682,-117.881188497,7,"C/O 285 S ANITA DR STE 118, ORANGE, CA, 92868","Match","Non_Exact","285 S ANITA DR, ORANGE, CA, 92868",144040907,"L"
957508,"C/O 29935 NE TOLT HILL ROAD","CARNATION","WA",98014,47.6293322220001,-121.952010247,8,"C/O 29935 NE TOLT HILL ROAD, CARNATION, WA, 98014","Match","Exact","29935 NE TOLT HILL RD, CARNATION, WA, 98014",187002008,"R"
957509,"C/O 300 E 39TH ST SUITE 20C","NEW YORK","NY",10016,40.7478883520001,-73.973526764,9,"C/O 300 E 39TH ST SUITE 20C, NEW YORK, NY, 10016","Match","Non_Exact","300 E 39TH ST, NEW YORK, NY, 10016",59654503,"R"
957510,"C/O 300 SOUTH SAINT PAUL STREET 823","DALLAS","TX",75201,32.779890827,-96.795225283,10,"C/O 300 SOUTH SAINT PAUL STREET 823, DALLAS, TX, 75201","Match","Exact","300 S ST PAUL ST, DALLAS, TX, 75201",102910254,"L"
957511,"C/O 301 OLD DUPONT ROAD","WILMINGTON","DE",19804,NA,NA,11,"C/O 301 OLD DUPONT ROAD, WILMINGTON, DE, 19804","Tie",NA,NA,NA,NA
957512,"C/O 304 WARNER ST FIRST FLOOR","CINCINNATI","OH",45219,39.1249610580001,-84.5233730269999,12,"C/O 304 WARNER ST FIRST FLOOR, CINCINNATI, OH, 45219","Match","Exact","304 WARNER ST, CINCINNATI, OH, 45219",103924797,"R"
957513,"C/O 316 E UNION ST","EDWARDVILLE","IL",62025,38.8201554440001,-89.959181739,13,"C/O 316 E UNION ST, EDWARDVILLE, IL, 62025","Match","Non_Exact","316 E UNION ST, EDWARDSVILLE, IL, 62025",107689845,"R"
957514,"C/O 3207 MARTHA ST","HONOLULU","HI",96815,21.2779371390001,-157.813215413,14,"C/O 3207 MARTHA ST, HONOLULU, HI, 96815","Match","Exact","3207 MARTHA ST, HONOLULU, HI, 96815",203242290,"R"
957515,"C/O 325 W MAIN STREET","BARTOW","FL",33830,27.896437586,-81.841298805,15,"C/O 325 W MAIN STREET, BARTOW, FL, 33830","Match","Non_Exact","325 E MAIN ST, BARTOW, FL, 33830",104820794,"R"
957516,"C/O 3253 RAVENSWOOD WAY","SAN JOSE","CA",94148,37.3279963420001,-121.780258124,16,"C/O 3253 RAVENSWOOD WAY, SAN JOSE, CA, 94148","Match","Non_Exact","3253 RAVENSWOOD WAY, SAN JOSE, CA, 95148",122917343,"L"
957517,"C/O 3253 RAVENSWOOD WAY","SAN JOSE","CA",95148,37.3279963420001,-121.780258124,17,"C/O 3253 RAVENSWOOD WAY, SAN JOSE, CA, 95148","Match","Exact","3253 RAVENSWOOD WAY, SAN JOSE, CA, 95148",122917343,"L"
957518,"C/O 327 S MARKET ST","TROY","OH",45373,40.036367737,-84.205721759,18,"C/O 327 S MARKET ST, TROY, OH, 45373","Match","Exact","327 S MARKET ST, TROY, OH, 45373",135298404,"L"
957519,"C/O 3304 LESTER ROAD","PHILADELPHIA","PA",19154,40.100549427,-74.967534246,19,"C/O 3304 LESTER ROAD, PHILADELPHIA, PA, 19154","Match","Exact","3304 LESTER RD, PHILADELPHIA, PA, 19154",131433782,"R"
957520,"C/O 34 NEWHALL ST","LOWELL","MA",1852,42.6329627580001,-71.30464929,20,"C/O 34 NEWHALL ST, LOWELL, MA, 1852","Match","Exact","34 NEWHALL ST, LOWELL, MA, 01852",86879037,"L"
957521,"C/O 3402 ALTAMONT ROAD SOUTH","BIRMINGHAM","AL",NA,33.504469494,-86.775327658,21,"C/O 3402 ALTAMONT ROAD SOUTH, BIRMINGHAM, AL, ","Match","Exact","3402 ALTAMONT RD S, BIRMINGHAM, AL, 35205",636445687,"L"
957522,"C/O 34176 CHARLES TOWN PIKE","PURCELLVILLE","VA",20132,39.2604178230001,-77.761680215,22,"C/O 34176 CHARLES TOWN PIKE, PURCELLVILLE, VA, 20132","Match","Exact","34176 CHARLES TOWN PIKE, PURCELLVILLE, VA, 20132",62317555,"R"
957523,"C/O 3422 AVENUE I","BROOKLYN","NY",11210,40.6295712520001,-73.943155318,23,"C/O 3422 AVENUE I, BROOKLYN, NY, 11210","Match","Exact","3422 AVE I, BROOKLYN, NY, 11210",59082030,"R"
957524,"C/O 3425 VIERA BLVD","VIERA","FL",32940,NA,NA,24,"C/O 3425 VIERA BLVD, VIERA, FL, 32940","No_Match",NA,NA,NA,NA
957525,"C/O 3441 85TH STREET APT 3G","JACKSON HEIGHTS","NY",11372,NA,NA,25,"C/O 3441 85TH STREET APT 3G, JACKSON HEIGHTS, NY, 11372","No_Match",NA,NA,NA,NA
957526,"C/O 36 CAROLINE AVENUE","SETAUKET","NY",11733,40.949144006,-73.1131423429999,26,"C/O 36 CAROLINE AVENUE, SETAUKET, NY, 11733","Match","Exact","36 CAROLINE AVE, SETAUKET, NY, 11733",114250902,"R"
957527,"C/O 3644 CLAY ST","DENVER","CO",80211,39.7673935620001,-105.020513233,27,"C/O 3644 CLAY ST, DENVER, CO, 80211","Match","Exact","3644 CLAY ST, DENVER, CO, 80211",177301182,"R"
957528,"C/O 39 CONCORDIA DRIVE","SAVANNAH","GA",31419,31.975185127,-81.261885894,28,"C/O 39 CONCORDIA DRIVE, SAVANNAH, GA, 31419","Match","Exact","39 CONCORDIA DR, SAVANNAH, GA, 31419",641808710,"L"
957529,"C/O 3906 47TH STREET","SUNNYSIDE","NY",11104,NA,NA,29,"C/O 3906 47TH STREET, SUNNYSIDE, NY, 11104","No_Match",NA,NA,NA,NA
957530,"C/O 4 WEST RED OAK LANE","WHITE PLAINS","NY",10604,41.0163560570001,-73.723784978,30,"C/O 4 WEST RED OAK LANE, WHITE PLAINS, NY, 10604","Match","Exact","4 W RED OAK LN, WHITE PLAINS, NY, 10604",139812647,"R"
957531,"C/O 40 N MAIN ST STE 2700","DAYTON","OH",45423,39.7601453290001,-84.19196535,31,"C/O 40 N MAIN ST STE 2700, DAYTON, OH, 45423","Match","Non_Exact","40 MAIN ST, DAYTON, OH, 45402",143571351,"R"
957532,"C/O 401 EAST BURLEIGH ST","MILWAUKEE","WI",53212,43.074743975,-87.90637336,32,"C/O 401 EAST BURLEIGH ST, MILWAUKEE, WI, 53212","Match","Exact","401 E BURLEIGH ST, MILWAUKEE, WI, 53212",77743363,"R"
957533,"C/O 409 W LOULA ST","OLATHE","KS",66061,38.88056235,-94.823245995,33,"C/O 409 W LOULA ST, OLATHE, KS, 66061","Match","Exact","409 W LOULA ST, OLATHE, KS, 66061",91282337,"L"
957534,"C/O 41 COCHITUATE ROAD","WAYLAND","MA",1778,42.3627298640001,-71.3599844299999,34,"C/O 41 COCHITUATE ROAD, WAYLAND, MA, 1778","Match","Exact","41 COCHITUATE RD, WAYLAND, MA, 01778",640149200,"R"
957535,"C/O 4140 WEST PEUTZ ROAD","FRANKLIN","WI",53132,42.88745106,-87.972068188,35,"C/O 4140 WEST PEUTZ ROAD, FRANKLIN, WI, 53132","Match","Non_Exact","4140 W PUETZ RD, FRANKLIN, WI, 53132",77766040,"R"
957536,"C/O 420 RIVERSIDE DRIVE","NEW YORK","NY",10025,40.80764516,-73.966931995,36,"C/O 420 RIVERSIDE DRIVE, NEW YORK, NY, 10025","Match","Exact","420 RIVERSIDE DR, NEW YORK, NY, 10025",59655334,"R"
957537,"C/O 424 SOUTH 48TH","LINCOLN","NE",68510,40.8095012850001,-96.653695736,37,"C/O 424 SOUTH 48TH, LINCOLN, NE, 68510","Match","Non_Exact","424 S 48TH ST, LINCOLN, NE, 68510",28258492,"L"
957538,"C/O 4463 GROVE LAKE STR","LOGANVILLE","GA",30052,33.8226136010001,-83.938170191,38,"C/O 4463 GROVE LAKE STR, LOGANVILLE, GA, 30052","Match","Exact","4463 GROVE LAKE ST, LOGANVILLE, GA, 30052",627510151,"L"
957539,"C/O 45 TUDOR CITY PL SUITE 1818","NEW YORK","NY",10017,40.7491269600001,-73.970364589,39,"C/O 45 TUDOR CITY PL SUITE 1818, NEW YORK, NY, 10017","Match","Exact","45 TUDOR CITY PL, NEW YORK, NY, 10017",59654658,"R"
957540,"C/O 454 HAPPY RD","CLINTON","AR",72031,35.4649157110001,-92.5001687549999,40,"C/O 454 HAPPY RD, CLINTON, AR, 72031","Match","Exact","454 HAPPY RD, CLINTON, AR, 72031",641123343,"R"
957541,"C/O 4611 CLARENDON AVE","HARRISBURG","PA",17109,40.288640962,-76.811956493,41,"C/O 4611 CLARENDON AVE, HARRISBURG, PA, 17109","Match","Non_Exact","4611 CLARENDON ST, HARRISBURG, PA, 17109",70822273,"R"
957542,"C/O 4680 KALANIANAOLE HIGHWAY","HONOLULU","HI",96821,NA,NA,42,"C/O 4680 KALANIANAOLE HIGHWAY, HONOLULU, HI, 96821","No_Match",NA,NA,NA,NA
957543,"C/O 4700 RIDGE AVENUE","PHILADELPHIA","PA",19129,NA,NA,43,"C/O 4700 RIDGE AVENUE, PHILADELPHIA, PA, 19129","No_Match",NA,NA,NA,NA
957544,"C/O 4717 CLAUDE CT","DENVER","CO",80216,39.7823471250001,-104.960277539,44,"C/O 4717 CLAUDE CT, DENVER, CO, 80216","Match","Exact","4717 CLAUDE CT, DENVER, CO, 80216",177303288,"L"
957545,"C/O 4939 W RAY ROAD 4 334","CHANDLER","AZ",85226,33.319995325,-111.927470276,45,"C/O 4939 W RAY ROAD 4 334, CHANDLER, AZ, 85226","Match","Non_Exact","4939 W RAY RD, CHANDLER, AZ, 85226",243919575,"L"
957546,"C/O 5 CENTERPOINTE DR STE 240","LAKE OSWEGO","OR",97035,45.4230184080001,-122.740038339,46,"C/O 5 CENTERPOINTE DR STE 240, LAKE OSWEGO, OR, 97035","Match","Exact","5 CENTERPOINTE DR, LAKE OSWEGO, OR, 97035",157943890,"L"
957547,"C/O 5 HIALEAH DRIVE","ALBANY","NY",12205,42.7153508110001,-73.826566116,47,"C/O 5 HIALEAH DRIVE, ALBANY, NY, 12205","Match","Exact","5 HIALEAH DR, ALBANY, NY, 12205",18360055,"R"
957548,"C/O 5 NESHAMINY INTERPLEX STE 205","TREVOSE","PA",19053,NA,NA,48,"C/O 5 NESHAMINY INTERPLEX STE 205, TREVOSE, PA, 19053","No_Match",NA,NA,NA,NA
957549,"C/O 5 WESTBROOK RD","BLOOMFIELD","CT",6002,41.8081443200001,-72.7297947869999,49,"C/O 5 WESTBROOK RD, BLOOMFIELD, CT, 6002","Match","Exact","5 WESTBROOK RD, BLOOMFIELD, CT, 06002",3485839,"R"
957550,"C/O 500 MAIN ST","SPRINGFIELD","OR",97477,44.0461848370001,-123.019458885,50,"C/O 500 MAIN ST, SPRINGFIELD, OR, 97477","Match","Exact","500 MAIN ST, SPRINGFIELD, OR, 97477",178172858,"L"
957551,"C/O 502 PARK AVENUE","NEW YORK","NY",10022,40.7629694300001,-73.969769996,51,"C/O 502 PARK AVENUE, NEW YORK, NY, 10022","Match","Exact","502 PARK AVE, NEW YORK, NY, 10022",59657437,"L"
957552,"C/O 509 22ND AVE","BOZEMAN","MT",59718,NA,NA,52,"C/O 509 22ND AVE, BOZEMAN, MT, 59718","Tie",NA,NA,NA,NA
957553,"C/O 515 RUSSELL AVENUE","WAKEENEY","KS",67672,39.0254881320001,-99.883632521,53,"C/O 515 RUSSELL AVENUE, WAKEENEY, KS, 67672","Match","Exact","515 RUSSELL AVE, WAKEENEY, KS, 67672",150102275,"L"
957554,"C/O 5227 WYOMING RD","BETHESDA","MD",20186,38.9582148280001,-77.128869831,54,"C/O 5227 WYOMING RD, BETHESDA, MD, 20186","Match","Non_Exact","5227 WYOMING RD, BETHESDA, MD, 20816",645495982,"R"
957555,"C/O 5227 WYOMING RD","BETHESDA","MD",20816,38.9582148280001,-77.128869831,55,"C/O 5227 WYOMING RD, BETHESDA, MD, 20816","Match","Exact","5227 WYOMING RD, BETHESDA, MD, 20816",645495982,"R"
957556,"C/O 5404 BROWNSFORD ROAD","SCOTTSVILLE","KY",42164,36.767470089,-86.0878755849999,56,"C/O 5404 BROWNSFORD ROAD, SCOTTSVILLE, KY, 42164","Match","Exact","5404 BROWNSFORD RD, SCOTTSVILLE, KY, 42164",29391551,"R"
957557,"C/O 5425 N 81ST PLACE","SCOTTSDALE","AZ",85250,33.515534427,-111.905336985,57,"C/O 5425 N 81ST PLACE, SCOTTSDALE, AZ, 85250","Match","Exact","5425 N 81ST PL, SCOTTSDALE, AZ, 85250",128229339,"R"
957558,"C/O 5509 TREMPEALEAU TRAIL","MADISON","WI",53705,43.0662182570001,-89.475610183,58,"C/O 5509 TREMPEALEAU TRAIL, MADISON, WI, 53705","Match","Exact","5509 TREMPEALEAU TRL, MADISON, WI, 53705",49467037,"L"
957559,"C/O 555 EDGECOMBE AVENUE-SUITE 8B","NEW YORK","NY",10032,40.8334165860001,-73.939002532,59,"C/O 555 EDGECOMBE AVENUE-SUITE 8B, NEW YORK, NY, 10032","Match","Non_Exact","555 EDGECOMBE AVE, NEW YORK, NY, 10032",59655841,"L"
957560,"C/O 555 EDGECOMBE AVENUE","NEW YORK","NY",10032,40.8334165860001,-73.939002532,60,"C/O 555 EDGECOMBE AVENUE, NEW YORK, NY, 10032","Match","Exact","555 EDGECOMBE AVE, NEW YORK, NY, 10032",59655841,"L"
957561,"C/O 571 BOSTON MILLS RD STE 500","HUDSON","OH",44236,41.251836186,-81.484045822,61,"C/O 571 BOSTON MILLS RD STE 500, HUDSON, OH, 44236","Match","Exact","571 BOSTON MILLS RD, HUDSON, OH, 44236",648153326,"L"
957562,"C/O 59 N UNION ST","LAMBERTVILLE",NA,NA,40.3678587110001,-74.945559928,62,"C/O 59 N UNION ST, LAMBERTVILLE, , ","Match","Exact","59 N UNION ST, LAMBERTVILLE, NJ, 08530",647615436,"R"
957563,"C/O 59 N UNION ST","LAMBERTVILLE","NJ",8530,40.3678587110001,-74.945559928,63,"C/O 59 N UNION ST, LAMBERTVILLE, NJ, 8530","Match","Exact","59 N UNION ST, LAMBERTVILLE, NJ, 08530",647615436,"R"
957564,"C/O 590 W 13TH AVENUE","EUGENE","OR",97401,44.045510591,-123.101134474,64,"C/O 590 W 13TH AVENUE, EUGENE, OR, 97401","Match","Exact","590 W 13TH AVE, EUGENE, OR, 97401",633304771,"L"
957565,"C/O 60 BOSTON AVE","SOMERVILLE","MA",2144,42.3964923550001,-71.11011114,65,"C/O 60 BOSTON AVE, SOMERVILLE, MA, 2144","Match","Exact","60 BOSTON AVE, SOMERVILLE, MA, 02144",86859063,"L"
957566,"C/O 6026 IDAHO STREET","OAKLAND","CA",94608,37.8437458980001,-122.280649403,66,"C/O 6026 IDAHO STREET, OAKLAND, CA, 94608","Match","Exact","6026 IDAHO ST, OAKLAND, CA, 94608",124994502,"R"
957567,"C/O 605 SPRING STREET","SAUSALITO","CA",94965,37.860955329,-122.495680019,67,"C/O 605 SPRING STREET, SAUSALITO, CA, 94965","Match","Exact","605 SPRING ST, SAUSALITO, CA, 94965",192770111,"L"
957568,"C/O 61 MALCOLM X BLVD","BROOKLYN","NY",11221,40.691814353,-73.930814916,68,"C/O 61 MALCOLM X BLVD, BROOKLYN, NY, 11221","Match","Exact","61 MALCOLM X BLVD, BROOKLYN, NY, 11221",59082586,"L"
957569,"C/O 61 ROCK SPRING RD APT 37","STAMFORD","CT",6906,41.066750475,-73.530565505,69,"C/O 61 ROCK SPRING RD APT 37, STAMFORD, CT, 6906","Match","Exact","61 ROCK SPRING RD, STAMFORD, CT, 06906",3243321,"R"
957570,"C/O 6107 DESMOND STREET","CINCINNATI","OH",45227,39.162393819,-84.390349237,70,"C/O 6107 DESMOND STREET, CINCINNATI, OH, 45227","Match","Exact","6107 DESMOND ST, CINCINNATI, OH, 45227",103933818,"R"
957571,"C/O 612 WAYCROSS RD","CINCINNATI","OH",45240,39.2713664570001,-84.500409125,71,"C/O 612 WAYCROSS RD, CINCINNATI, OH, 45240","Match","Exact","612 WAYCROSS RD, CINCINNATI, OH, 45240",103943719,"R"
957572,"C/O 616 CLEARWATER PK RD SUITE 305","WEST PALM BEACH","FL",33401,26.7087141650001,-80.06340147,72,"C/O 616 CLEARWATER PK RD SUITE 305, WEST PALM BEACH, FL, 33401","Match","Exact","616 CLEARWATER PARK RD, WEST PALM BEACH, FL, 33401",115348295,"L"
957573,"C/O 63 W LACROSSE AVE","LANSDOWNE","PA",19050,39.939436657,-75.275419746,73,"C/O 63 W LACROSSE AVE, LANSDOWNE, PA, 19050","Match","Non_Exact","63 W LA CROSSE AVE, LANSDOWNE, PA, 19050",134877904,"R"
957574,"C/O 6305 WEST CHESTNUT","YAKIMA","WA",98908,46.596453631,-120.592371222,74,"C/O 6305 WEST CHESTNUT, YAKIMA, WA, 98908","Match","Non_Exact","6305 W CHESTNUT AVE, YAKIMA, WA, 98908",184932859,"R"
957575,"C/O 6306 NORTH OAKS BLVD","NORTH BRUNSWICK","NJ",8902,40.461569958,-74.478250514,75,"C/O 6306 NORTH OAKS BLVD, NORTH BRUNSWICK, NJ, 8902","Match","Exact","6306 N OAKS BLVD, N BRUNSWICK, NJ, 08902",60368929,"R"
957576,"C/O 639 EAST HUNTINGTON DRIVE","HIGHLANDS RANCH","CO",80126,39.535695451,-104.980777343,76,"C/O 639 EAST HUNTINGTON DRIVE, HIGHLANDS RANCH, CO, 80126","Match","Exact","639 E HUNTINGTON DR, HIGHLANDS RANCH, CO, 80126",130851651,"L"
957577,"C/O 639 EAST HUNTINGTON DRIVE","HIGHLANDS RANCH","CO",80216,39.535695451,-104.980777343,77,"C/O 639 EAST HUNTINGTON DRIVE, HIGHLANDS RANCH, CO, 80216","Match","Non_Exact","639 E HUNTINGTON DR, HIGHLANDS RANCH, CO, 80126",130851651,"L"
957578,"C/O 6431 SE 63RD AVENUE","PORTLAND","OR",97206,45.4763970490001,-122.598375706,78,"C/O 6431 SE 63RD AVENUE, PORTLAND, OR, 97206","Match","Exact","6431 SE 63RD AVE, PORTLAND, OR, 97206",157517101,"R"
957579,"C/O 67 PLATT STREET","ANSONIA","CT",6401,41.3335053710001,-73.073663857,79,"C/O 67 PLATT STREET, ANSONIA, CT, 6401","Match","Exact","67 PLATT ST, ANSONIA, CT, 06401",3734834,"R"
957580,"C/O 6714 TWIN LEAF DRIVE","SPRING","TX",77379,30.028425848,-95.5164761569999,80,"C/O 6714 TWIN LEAF DRIVE, SPRING, TX, 77379","Match","Exact","6714 TWIN LEAF DR, SPRING, TX, 77379",96007418,"L"
957581,"C/O 6765 CHARME ROAD","BON SECOUR","AL",36511,30.3227558400001,-87.729774877,81,"C/O 6765 CHARME ROAD, BON SECOUR, AL, 36511","Match","Exact","6765 CHARME RD, BON SECOUR, AL, 36511",131668923,"L"
957582,"C/O 6833 HANNEGAN ROAD UNIT A","EVERSON","WA",98247,48.8897380080001,-122.442491866,82,"C/O 6833 HANNEGAN ROAD UNIT A, EVERSON, WA, 98247","Match","Exact","6833 HANNEGAN RD, EVERSON, WA, 98247",652714351,"L"
957583,"C/O 689 DISCOVERY DR 400","HUNTSVILLE","AL",35806,34.731358705,-86.6758989429999,83,"C/O 689 DISCOVERY DR 400, HUNTSVILLE, AL, 35806","Match","Non_Exact","689 DISCOVERY DR NW, HUNTSVILLE, AL, 35806",58215489,"R"
957584,"C/O 700 WEST 192ND ST STE 806","NEW YORK","NY",10040,40.857858633,-73.932120035,84,"C/O 700 WEST 192ND ST STE 806, NEW YORK, NY, 10040","Match","Exact","700 W 192ND ST, NEW YORK, NY, 10040",59654984,"L"
957585,"C/O 701 FIFTH AVE - 4400","SEATTLE","WA",98104,47.604464798,-122.329900816,85,"C/O 701 FIFTH AVE - 4400, SEATTLE, WA, 98104","Match","Exact","701 5TH AVE, SEATTLE, WA, 98104",650017138,"L"
957586,"C/O 7018 TILDEN LANE","ROCKVILLE","MD",20852,39.044407289,-77.146402904,86,"C/O 7018 TILDEN LANE, ROCKVILLE, MD, 20852","Match","Exact","7018 TILDEN LN, ROCKVILLE, MD, 20852",62055884,"L"
957587,"C/O 705 EAST BAY STREET","EAST TAWAS","MI",48730,44.2807822090001,-83.4828604369999,87,"C/O 705 EAST BAY STREET, EAST TAWAS, MI, 48730","Match","Exact","705 E BAY ST, EAST TAWAS, MI, 48730",161308113,"R"
957588,"C/O 708 TILDEN LANE","ROCKVILLE","MD",20852,NA,NA,88,"C/O 708 TILDEN LANE, ROCKVILLE, MD, 20852","No_Match",NA,NA,NA,NA
957589,"C/O 723 EAST FORT KING STREET","OCALA","FL",34471,29.185489401,-82.130756258,89,"C/O 723 EAST FORT KING STREET, OCALA, FL, 34471","Match","Exact","723 E FORT KING ST, OCALA, FL, 34471",116725713,"L"
957590,"C/O 73 LOMB MEMORIAL DRIVE","ROCHESTER","NY",14623,43.0916822140001,-77.674687567,90,"C/O 73 LOMB MEMORIAL DRIVE, ROCHESTER, NY, 14623","Match","Exact","73 LOMB MEMORIAL DR, ROCHESTER, NY, 14623",14560320,"R"
957591,"C/O 7715 MONTGOMERY AVENUE","ELKINS PARK","PA",19027,40.0666227790001,-75.125784611,91,"C/O 7715 MONTGOMERY AVENUE, ELKINS PARK, PA, 19027","Match","Exact","7715 MONTGOMERY AVE, ELKINS PARK, PA, 19027",135094360,"R"
957592,"C/O 7715 MONTGOMERY AVENUE","ELLKINS PARK","PA",19027,40.0666227790001,-75.125784611,92,"C/O 7715 MONTGOMERY AVENUE, ELLKINS PARK, PA, 19027","Match","Non_Exact","7715 MONTGOMERY AVE, ELKINS PARK, PA, 19027",135094360,"R"
957593,"C/O 775 TERNI LANE","SANTA BARBARA","CA",93105,34.427464716,-119.7479044,93,"C/O 775 TERNI LANE, SANTA BARBARA, CA, 93105","Match","Exact","775 TERNI LN, SANTA BARBARA, CA, 93105",108659475,"L"
957594,"C/O 78 MARBROOK LANE","FINCHVILLE","KY",40022,38.1567921660001,-85.3060412889999,94,"C/O 78 MARBROOK LANE, FINCHVILLE, KY, 40022","Match","Exact","78 MARBROOK LN, FINCHVILLE, KY, 40022",97093829,"L"
957595,"C/O 8 TWIN LAKES DRIVE","MANALAPAN","NJ",7726,40.2344612100001,-74.336434668,95,"C/O 8 TWIN LAKES DRIVE, MANALAPAN, NJ, 7726","Match","Exact","8 TWIN LAKES DR, MANALAPAN, NJ, 07726",90493107,"L"
957596,"C/O 8001 HANSOM DR","OAKLAND","CA",94605,37.7738005410001,-122.137062065,96,"C/O 8001 HANSOM DR, OAKLAND, CA, 94605","Match","Exact","8001 HANSOM DR, OAKLAND, CA, 94605",125011626,"R"
957597,"C/O 804 OAK STREET","SOUTH BEND","IN",46616,41.680155169,-86.261455645,97,"C/O 804 OAK STREET, SOUTH BEND, IN, 46616","Match","Exact","804 OAK ST, SOUTH BEND, IN, 46616",8087774,"L"
957598,"C/O 824 STAINT STEPHENS GREEN","OAK BROOK","IL",60523,NA,NA,98,"C/O 824 STAINT STEPHENS GREEN, OAK BROOK, IL, 60523","No_Match",NA,NA,NA,NA
957599,"C/O 8290 CHADBURN CROSSING","MONTGOMERY","AL",36116,32.332800408,-86.174575075,99,"C/O 8290 CHADBURN CROSSING, MONTGOMERY, AL, 36116","Match","Exact","8290 CHADBURN CROSSING, MONTGOMERY, AL, 36116",1551494,"R"
957600,"C/O 833 SHADES CREST ROAD","HOOVER","AL",35226,NA,NA,100,"C/O 833 SHADES CREST ROAD, HOOVER, AL, 35226","No_Match",NA,NA,NA,NA
957601,"C/O 840 ECHO PARK AVENUE","LOS ANGELES","CA",90026,34.0731609330001,-118.259596864,101,"C/O 840 ECHO PARK AVENUE, LOS ANGELES, CA, 90026","Match","Exact","840 ECHO PARK AVE, LOS ANGELES, CA, 90026",141616285,"R"
957602,"C/O 841 MERION SQUARE ROAD","GLADWYNE","PA",19035,40.031023836,-75.281563884,102,"C/O 841 MERION SQUARE ROAD, GLADWYNE, PA, 19035","Match","Exact","841 MERION SQUARE RD, GLADWYNE, PA, 19035",135105854,"R"
957603,"C/O 8500 ARTURO DR","DALLAS","TX",75228,32.8128374890001,-96.706135871,103,"C/O 8500 ARTURO DR, DALLAS, TX, 75228","Match","Exact","8500 ARTURO DR, DALLAS, TX, 75228",103262466,"R"
957604,"C/O 9001 NE 40TH PLACE","YARROW POINT","WA",98004,47.6460280760001,-122.219622049,104,"C/O 9001 NE 40TH PLACE, YARROW POINT, WA, 98004","Match","Exact","9001 NE 40TH PL, YARROW POINT, WA, 98004",186602440,"R"
957605,"C/O 905 SHOSHONE ST N","TWIN FALLS","ID",83301,42.5613781870001,-114.462627242,105,"C/O 905 SHOSHONE ST N, TWIN FALLS, ID, 83301","Match","Exact","905 SHOSHONE ST N, TWIN FALLS, ID, 83301",118761769,"L"
957606,"C/O 91-1018D HOOMAKA STREET","EWA BEACH","HI",96706,21.3389774250001,-158.018148072,106,"C/O 91-1018D HOOMAKA STREET, EWA BEACH, HI, 96706","Match","Exact","91-1018 HOOMAKA ST, EWA BEACH, HI, 96706",203334367,"L"
957607,"C/O 9203 DEWBERRY LN","COLLEGE PARK","MD",20740,39.0077014550001,-76.9519488079999,107,"C/O 9203 DEWBERRY LN, COLLEGE PARK, MD, 20740","Match","Exact","9203 DEWBERRY LN, COLLEGE PARK, MD, 20740",76324639,"R"
957608,"C/O 9225 KATY FWY STE 200","HOUSTON","TX",77024,NA,NA,108,"C/O 9225 KATY FWY STE 200, HOUSTON, TX, 77024","No_Match",NA,NA,NA,NA
957609,"C/O 9505 W 32ND AVE","WHEAT RIDGE","CO",80033,39.762050118,-105.103602098,109,"C/O 9505 W 32ND AVE, WHEAT RIDGE, CO, 80033","Match","Exact","9505 W 32ND AVE, WHEAT RIDGE, CO, 80033",177289420,"R"
957610,"C/O 9731 WASHOUGAL RIVER RD","WASHOUGAL","WA",98671,45.608635104,-122.233792813,110,"C/O 9731 WASHOUGAL RIVER RD, WASHOUGAL, WA, 98671","Match","Exact","9731 WASHOUGAL RIVER RD, WASHOUGAL, WA, 98671",158453952,"R"
957611,"C/O 974 NORTH STREET","MEADVILLE","PA",16335,41.6360386600001,-80.129483135,111,"C/O 974 NORTH STREET, MEADVILLE, PA, 16335","Match","Exact","974 NORTH ST, MEADVILLE, PA, 16335",98571381,"L"
957612,"C/O 9771 GOOD LUCK ROAD APT 8","LANHAM","MD",20706,38.9843125350001,-76.840913154,112,"C/O 9771 GOOD LUCK ROAD APT 8, LANHAM, MD, 20706","Match","Exact","9771 GOOD LUCK RD, LANHAM, MD, 20706",76310259,"R"
957613,"C/O A HUNT 126 E 6TH ST","ME","PA",19063,39.9232414730001,-75.386147581,113,"C/O A HUNT 126 E 6TH ST, ME, PA, 19063","Match","Non_Exact","126 E 6TH ST, MEDIA, PA, 19063",134870563,"R"
957614,"C/O A HUNT 126 E 6TH ST","MEDIA","PA",19063,39.9232414730001,-75.386147581,114,"C/O A HUNT 126 E 6TH ST, MEDIA, PA, 19063","Match","Exact","126 E 6TH ST, MEDIA, PA, 19063",134870563,"R"
957615,"C/O A JANTAN   235 SCOTLAND RD","EDINBORO","PA",16444,NA,NA,115,"C/O A JANTAN   235 SCOTLAND RD, EDINBORO, PA, 16444","No_Match",NA,NA,NA,NA
957616,"C/O ADAMS - 243 E 59TH ST APT 5B","NEW YORK","NY",10022,NA,NA,116,"C/O ADAMS - 243 E 59TH ST APT 5B, NEW YORK, NY, 10022","No_Match",NA,NA,NA,NA
957617,"C/O ALAN MELBY 1223 ASPEN AVENUE","PROVO","UT",84604,40.2495547870001,-111.637789273,117,"C/O ALAN MELBY 1223 ASPEN AVENUE, PROVO, UT, 84604","Match","Exact","1223 ASPEN AVE, PROVO, UT, 84604",134246797,"L"
957618,"C/O ANGELO STATE-ASU 10906","SAN ANGEL","TX",76909,NA,NA,118,"C/O ANGELO STATE-ASU 10906, SAN ANGEL, TX, 76909","No_Match",NA,NA,NA,NA
957619,"C/O AUB 3 DAG HAMMARSKJOLD PLAZA","NEW YORK","NY",10017,NA,NA,119,"C/O AUB 3 DAG HAMMARSKJOLD PLAZA, NEW YORK, NY, 10017","No_Match",NA,NA,NA,NA
957620,"C/O AUB DAG HAMMARSKJOLD PLAZA","NEW YORK","NY",10017,NA,NA,120,"C/O AUB DAG HAMMARSKJOLD PLAZA, NEW YORK, NY, 10017","No_Match",NA,NA,NA,NA
957621,"C/O BANK OF AMERICA 700 LOUISIANA","HOUSTON","TX",77002,29.760389268,-95.366056537,121,"C/O BANK OF AMERICA 700 LOUISIANA, HOUSTON, TX, 77002","Match","Non_Exact","700 LOUISIANA ST, HOUSTON, TX, 77002",96067449,"R"
957622,"C/O BBBS 400 E 1ST ST SUITE 310","CASPER","WY",82601,NA,NA,122,"C/O BBBS 400 E 1ST ST SUITE 310, CASPER, WY, 82601","No_Match",NA,NA,NA,NA
957623,"C/O BLANCHE M JACKSON","APPOMATTOX","VA",24522,NA,NA,123,"C/O BLANCHE M JACKSON, APPOMATTOX, VA, 24522","No_Match",NA,NA,NA,NA
957624,"C/O BREVNEWS AT 4720 FAIRPORT  WAY","SAN DIEGO","CA",92130,32.925838798,-117.218594235,124,"C/O BREVNEWS AT 4720 FAIRPORT  WAY, SAN DIEGO, CA, 92130","Match","Exact","4720 FAIRPORT WAY, SAN DIEGO, CA, 92130",619612456,"R"
957625,"C/O BREVNEWS AT 4720 FAIRPORT WAY","SAN DIEGO","CA",92130,32.925838798,-117.218594235,125,"C/O BREVNEWS AT 4720 FAIRPORT WAY, SAN DIEGO, CA, 92130","Match","Exact","4720 FAIRPORT WAY, SAN DIEGO, CA, 92130",619612456,"R"
957626,"C/O BROOKDALE AT 8700 UNIVERSITY PK","PENSACOLA","FL",32514,30.522355234,-87.2207676629999,126,"C/O BROOKDALE AT 8700 UNIVERSITY PK, PENSACOLA, FL, 32514","Match","Non_Exact","8700 UNIVERSITY PKWY, PENSACOLA, FL, 32514",628438368,"R"
957627,"C/O BSK 22 CORPORATE WOODS BLVD","ALBANY","CA",12211,NA,NA,127,"C/O BSK 22 CORPORATE WOODS BLVD, ALBANY, CA, 12211","No_Match",NA,NA,NA,NA
957628,"C/O BST 1 BAY STREET","SAG HARBOR","NY",11963,NA,NA,128,"C/O BST 1 BAY STREET, SAG HARBOR, NY, 11963","No_Match",NA,NA,NA,NA
957629,"C/O BT CO ONE PENN PLAZA STE 5335","NEW YORK","NY",10119,NA,NA,129,"C/O BT CO ONE PENN PLAZA STE 5335, NEW YORK, NY, 10119","No_Match",NA,NA,NA,NA
957630,"C/O CAMP ANNE 228 FOUR CORNERS ROAD","ANCRAMDALE","NY",12503,42.0751544440001,-73.6006898959999,130,"C/O CAMP ANNE 228 FOUR CORNERS ROAD, ANCRAMDALE, NY, 12503","Match","Exact","228 FOUR CORNERS RD, ANCRAMDALE, NY, 12503",41493104,"R"
957631,"C/O CB2 - 350 JAY ST - 8TH FLOOR","BROOKLYN","NY",11201,40.6935208560001,-73.987227339,131,"C/O CB2 - 350 JAY ST - 8TH FLOOR, BROOKLYN, NY, 11201","Match","Exact","350 JAY ST, BROOKLYN, NY, 11201",59098938,"R"
957632,"C/O CBS 524 W 57TH STREET","NEW YORK","NY",10019,40.769180723,-73.9887198329999,132,"C/O CBS 524 W 57TH STREET, NEW YORK, NY, 10019","Match","Non_Exact","524 W 57TH ST, NEW YORK, NY, 10019",59662222,"L"
957633,"C/O CCC / 1651 LEXINGTON AVE BOX 8F","ASTORIA","OR",97013,46.1832736310001,-123.824053274,133,"C/O CCC / 1651 LEXINGTON AVE BOX 8F, ASTORIA, OR, 97013","Match","Non_Exact","1651 LEXINGTON AVE, ASTORIA, OR, 97103",159221723,"R"
957634,"C/O CHILDRENS HOSPITAL 13123 E 16TH","AURORA","CO",80454,NA,NA,134,"C/O CHILDRENS HOSPITAL 13123 E 16TH, AURORA, CO, 80454","No_Match",NA,NA,NA,NA
957635,"C/O CHSAA 14855 2 2ND AVE","AURORA","CO",80111,NA,NA,135,"C/O CHSAA 14855 2 2ND AVE, AURORA, CO, 80111","No_Match",NA,NA,NA,NA
957636,"C/O CHUA 1460 BROADWAY 11FL","NEW YORK","NY",10036,NA,NA,136,"C/O CHUA 1460 BROADWAY 11FL, NEW YORK, NY, 10036","No_Match",NA,NA,NA,NA
957637,"C/O COCOOP - PO BOX 2004","FLAGSTAFF","AZ",86003,NA,NA,137,"C/O COCOOP - PO BOX 2004, FLAGSTAFF, AZ, 86003","No_Match",NA,NA,NA,NA
957638,"C/O CPB 4211 WAIALAE AVENUE 7070","HONOLULU","HI",96821,NA,NA,138,"C/O CPB 4211 WAIALAE AVENUE 7070, HONOLULU, HI, 96821","No_Match",NA,NA,NA,NA
957639,"C/O DALBY WENDLAND  PO BOX 1150","GLENWOOD SPRINGS","CO",81602,NA,NA,139,"C/O DALBY WENDLAND  PO BOX 1150, GLENWOOD SPRINGS, CO, 81602","No_Match",NA,NA,NA,NA
957640,"C/O DALBY WENDLAND PO BOX 1150","GLENWOOD SPRINGS","CO",81602,NA,NA,140,"C/O DALBY WENDLAND PO BOX 1150, GLENWOOD SPRINGS, CO, 81602","No_Match",NA,NA,NA,NA
957641,"C/O DAVID L ROACH 2645 SHERIDAN DR","TONAWANDA","NY",14150,42.980739231,-78.8371892759999,141,"C/O DAVID L ROACH 2645 SHERIDAN DR, TONAWANDA, NY, 14150","Match","Exact","2645 SHERIDAN DR, TONAWANDA, NY, 14150",48294956,"R"
957642,"C/O DAVID LAWS 2500 MAIN STREET","LAWRENCEVILLE","NJ",8648,NA,NA,142,"C/O DAVID LAWS 2500 MAIN STREET, LAWRENCEVILLE, NJ, 8648","No_Match",NA,NA,NA,NA
957643,"C/O DEWITT LLP 2 E MIFFLIN STREET","MADISON","WI",53703,43.075544585,-89.38513144,143,"C/O DEWITT LLP 2 E MIFFLIN STREET, MADISON, WI, 53703","Match","Exact","2 E MIFFLIN ST, MADISON, WI, 53703",49472317,"L"
957644,"C/O DNF - 980 MADISON AVENUE 2ND FL","NEW YORK","NY",10075,NA,NA,144,"C/O DNF - 980 MADISON AVENUE 2ND FL, NEW YORK, NY, 10075","No_Match",NA,NA,NA,NA
957645,"C/O DOMINION ADMIN PO BOX 652","TENAFLY","NJ",7670,NA,NA,145,"C/O DOMINION ADMIN PO BOX 652, TENAFLY, NJ, 7670","No_Match",NA,NA,NA,NA
957646,"C/O E SAMUELSON -- 2304 300TH ST NW","STAN","WA",98292,48.268410869,-122.262100733,146,"C/O E SAMUELSON -- 2304 300TH ST NW, STAN, WA, 98292","Match","Non_Exact","2304 300TH ST NW, STANWOOD, WA, 98292",187821667,"R"
957647,"C/O E SAMUELSON -- 2304 300TH ST NW","STANWOOD","WA",98292,48.268410869,-122.262100733,147,"C/O E SAMUELSON -- 2304 300TH ST NW, STANWOOD, WA, 98292","Match","Exact","2304 300TH ST NW, STANWOOD, WA, 98292",187821667,"R"
957648,"C/O EAFI 200 S WASHINGTON BLVD","SARASOTA","FL",34236,27.3350631660001,-82.530981023,148,"C/O EAFI 200 S WASHINGTON BLVD, SARASOTA, FL, 34236","Match","Exact","200 S WASHINGTON BLVD, SARASOTA, FL, 34236",16350949,"R"
957649,"C/O EBBERT UMC 532 C STREET","SPRINGFIELD","OR",97477,44.0488178640001,-123.019406303,149,"C/O EBBERT UMC 532 C STREET, SPRINGFIELD, OR, 97477","Match","Exact","532 C ST, SPRINGFIELD, OR, 97477",178172844,"L"
957650,"C/O EMILY VITRANO 419 S 1 ST APT4","DEKALB","IL",60115,NA,NA,150,"C/O EMILY VITRANO 419 S 1 ST APT4, DEKALB, IL, 60115","No_Match",NA,NA,NA,NA
957651,"C/O ESUSU 215 WEST 125TH ST RM 410","NEW YORK","NY",10027,NA,NA,151,"C/O ESUSU 215 WEST 125TH ST RM 410, NEW YORK, NY, 10027","No_Match",NA,NA,NA,NA
957652,"C/O ETHIOPIAN ADVENTIST COLLEGE","OROMIA",NA,NA,NA,NA,152,"C/O ETHIOPIAN ADVENTIST COLLEGE, OROMIA, , ","No_Match",NA,NA,NA,NA
957653,"C/O FARRS HILL INC 14 HULL STREET","RANDOLPH","VT",5060,43.915620909,-72.6540903109999,153,"C/O FARRS HILL INC 14 HULL STREET, RANDOLPH, VT, 5060","Match","Exact","14 HULL ST, RANDOLPH, VT, 05060",181158106,"R"
957654,"C/O FAUQUIER TIMES 39 CULPEPER ST","WARRENTON","VA",20186,38.7125492800001,-77.795856966,154,"C/O FAUQUIER TIMES 39 CULPEPER ST, WARRENTON, VA, 20186","Match","Exact","39 CULPEPER ST, WARRENTON, VA, 20186",146258471,"R"
957655,"C/O FCIA - 2265 GEORGIA PINE CT","LAS VEGAS","NV",89134,36.201762353,-115.297254223,155,"C/O FCIA - 2265 GEORGIA PINE CT, LAS VEGAS, NV, 89134","Match","Exact","2265 GEORGIA PINE CT, LAS VEGAS, NV, 89134",201903776,"L"
957656,"C/O FOP LODGE 89 PO BOX 510","LOTHIAN","MD",20711,NA,NA,156,"C/O FOP LODGE 89 PO BOX 510, LOTHIAN, MD, 20711","No_Match",NA,NA,NA,NA
957657,"C/O FOUNDATION 352 LINDEN ROAD","CHURCHVILLE","PA",18966,40.1971073820001,-75.0190714399999,157,"C/O FOUNDATION 352 LINDEN ROAD, CHURCHVILLE, PA, 18966","Match","Exact","352 LINDEN RD, CHURCHVILLE, PA, 18966",134773258,"L"
957658,"C/O FSFBC 1222 DAFFODIL LN","WANTAGH","NY",11793,40.692176934,-73.513427537,158,"C/O FSFBC 1222 DAFFODIL LN, WANTAGH, NY, 11793","Match","Exact","1222 DAFFODIL LN, WANTAGH, NY, 11793",147646869,"R"
957659,"C/O GALE P ELSTON PC","BROOKLYN","NY",11201,NA,NA,159,"C/O GALE P ELSTON PC, BROOKLYN, NY, 11201","No_Match",NA,NA,NA,NA
957660,"C/O GENERAL DELIVERY","PORT ALSWORTH","AK",99653,NA,NA,160,"C/O GENERAL DELIVERY, PORT ALSWORTH, AK, 99653","No_Match",NA,NA,NA,NA
957661,"C/O GIBSON DUNN 333 S GRAND AVE","LOS ANGELES","CA",90071,34.052991349,-118.251274737,161,"C/O GIBSON DUNN 333 S GRAND AVE, LOS ANGELES, CA, 90071","Match","Exact","333 S GRAND AVE, LOS ANGELES, CA, 90071",241132966,"R"
957662,"C/O H BLAIR 1040 E MAXWELL LN","BLOOMINGTON","IN",47401,39.157812386,-86.521562664,162,"C/O H BLAIR 1040 E MAXWELL LN, BLOOMINGTON, IN, 47401","Match","Exact","1040 E MAXWELL LN, BLOOMINGTON, IN, 47401",42323894,"R"
957663,"C/O HFTC INC 5675 LA SEYNE PLACE","SAN JOSE","CA",95138,37.2703163200001,-121.766683437,163,"C/O HFTC INC 5675 LA SEYNE PLACE, SAN JOSE, CA, 95138","Match","Exact","5675 LA SEYNE PL, SAN JOSE, CA, 95138",123010367,"R"
957664,"C/O HOPE - 2923 TELEGRAPH RD","ST. LOUIS","MO",63125,38.504105511,-90.2968390619999,164,"C/O HOPE - 2923 TELEGRAPH RD, ST. LOUIS, MO, 63125","Match","Exact","2923 TELEGRAPH RD, SAINT LOUIS, MO, 63125",100154958,"R"
957665,"C/O HOPEDRIVEN 5088 ORCHARD DR","ROANOKE","VA",24019,NA,NA,165,"C/O HOPEDRIVEN 5088 ORCHARD DR, ROANOKE, VA, 24019","No_Match",NA,NA,NA,NA
957666,"C/O HOYLE-310 E 44TH ST APT C","NEW YORK","NY",10017,NA,NA,166,"C/O HOYLE-310 E 44TH ST APT C, NEW YORK, NY, 10017","No_Match",NA,NA,NA,NA
957667,"C/O ICF 901 EAST BYRD ST STE 910","RICHMOND","VA",23219,NA,NA,167,"C/O ICF 901 EAST BYRD ST STE 910, RICHMOND, VA, 23219","No_Match",NA,NA,NA,NA
957668,"C/O ICRAV 1021 STORRS RD","STORRS MANSFIELD","CT",6268,41.7901725680001,-72.228511547,168,"C/O ICRAV 1021 STORRS RD, STORRS MANSFIELD, CT, 6268","Match","Exact","1021 STORRS RD, STORRS MANSFIELD, CT, 06268",610944199,"L"
957669,"C/O J CAESAR 427 CHAPLIN ST SE","WASHINGTON","DC",20019,38.884771103,-76.942302416,169,"C/O J CAESAR 427 CHAPLIN ST SE, WASHINGTON, DC, 20019","Match","Exact","427 CHAPLIN ST SE, WASHINGTON, DC, 20019",76233669,"R"
957670,"C/O JENNIFER SIEGEL 244 AMHERST AVE","KENSINGTON","CA",94708,37.907402459,-122.278685407,170,"C/O JENNIFER SIEGEL 244 AMHERST AVE, KENSINGTON, CA, 94708","Match","Exact","244 AMHERST AVE, KENSINGTON, CA, 94708",192044397,"R"
957671,"C/O JEREMY COHEN 5A WIGWAM DRIVE","WORCESTER","MA",1605,NA,NA,171,"C/O JEREMY COHEN 5A WIGWAM DRIVE, WORCESTER, MA, 1605","No_Match",NA,NA,NA,NA
957672,"C/O JONES DAY 250 VESEY STREET","NEW YORK","NY",10281,NA,NA,172,"C/O JONES DAY 250 VESEY STREET, NEW YORK, NY, 10281","No_Match",NA,NA,NA,NA
957673,"C/O KAREEM ROE 75 EAST 55TH ST C1","NEW YORK","NY",10022,NA,NA,173,"C/O KAREEM ROE 75 EAST 55TH ST C1, NEW YORK, NY, 10022","No_Match",NA,NA,NA,NA
957674,"C/O KERENA VEGAS PO BOX 4521","KANEOHE","HI",96744,NA,NA,174,"C/O KERENA VEGAS PO BOX 4521, KANEOHE, HI, 96744","No_Match",NA,NA,NA,NA
957675,"C/O KIDS FIRST TOO - 885 ST RT 28","MILFORD","OH",45150,39.1884560250001,-84.2594018029999,175,"C/O KIDS FIRST TOO - 885 ST RT 28, MILFORD, OH, 45150","Match","Non_Exact","885 STATE RTE 28, MILFORD, OH, 45150",118463622,"L"
957676,"C/O KONSTANTIN KOENIG 199 WEST 8TH","SOUTH BOSTON","MA",2127,42.3336202200001,-71.052082648,176,"C/O KONSTANTIN KOENIG 199 WEST 8TH, SOUTH BOSTON, MA, 2127","Match","Non_Exact","199 W 8TH ST, SOUTH BOSTON, MA, 02127",85712349,"R"
957677,"C/O KONSTANTIN KOENIG","SOUTH BOSTON","MA",2127,NA,NA,177,"C/O KONSTANTIN KOENIG, SOUTH BOSTON, MA, 2127","No_Match",NA,NA,NA,NA
957678,"C/O KSU EXT - 1418 S MAIN SUITE 2","OTTAWA","KS",66067,NA,NA,178,"C/O KSU EXT - 1418 S MAIN SUITE 2, OTTAWA, KS, 66067","No_Match",NA,NA,NA,NA
957679,"C/O LANDRY- 6 CHENELL DR- STE 280","CONCORD","NH",3301,NA,NA,179,"C/O LANDRY- 6 CHENELL DR- STE 280, CONCORD, NH, 3301","No_Match",NA,NA,NA,NA
957680,"C/O LOCKE LORD 111 S WACKER DR","CHICAGO","IL",60606,41.880524275,-87.636721598,180,"C/O LOCKE LORD 111 S WACKER DR, CHICAGO, IL, 60606","Match","Exact","111 S WACKER DR, CHICAGO, IL, 60606",111769507,"L"
957681,"C/O M SACK 425 MARKET ST 3200","SAN FRANCISCO","CA",94105,NA,NA,181,"C/O M SACK 425 MARKET ST 3200, SAN FRANCISCO, CA, 94105","No_Match",NA,NA,NA,NA
957682,"C/O MANATT-11355 W OLYMPIC BLVD","LOS ANGELES","CA",90064,NA,NA,182,"C/O MANATT-11355 W OLYMPIC BLVD, LOS ANGELES, CA, 90064","No_Match",NA,NA,NA,NA
957683,"C/O MARITIME ENERGY PO BOX 485","ROCKLAND","ME",4841,NA,NA,183,"C/O MARITIME ENERGY PO BOX 485, ROCKLAND, ME, 4841","No_Match",NA,NA,NA,NA
957684,"C/O MBC LEGAL 7 N PINCKNEY STE 235","MADISON","WI",53703,NA,NA,184,"C/O MBC LEGAL 7 N PINCKNEY STE 235, MADISON, WI, 53703","No_Match",NA,NA,NA,NA
957685,"C/O MCDERMOTT 340 MADISON AVE","NEW YORK","NY",10173,40.7535337570001,-73.978751734,185,"C/O MCDERMOTT 340 MADISON AVE, NEW YORK, NY, 10173","Match","Exact","340 MADISON AVE, NEW YORK, NY, 10173",59658650,"L"
957686,"C/O MERCY OF PEACE - 4500 GOSEY HIL","FRANKLIN","TN",37064,35.821161417,-86.7795095279999,186,"C/O MERCY OF PEACE - 4500 GOSEY HIL, FRANKLIN, TN, 37064","Match","Non_Exact","4500 GOSEY HILL RD, FRANKLIN, TN, 37064",73129576,"R"
957687,"C/O MERIT PO BOX 626","SALEM","OR",97308,NA,NA,187,"C/O MERIT PO BOX 626, SALEM, OR, 97308","No_Match",NA,NA,NA,NA
957688,"C/O MHX DESIGN 501 FIFTH AVENUE","NEW YORK","NY",10017,40.752865037,-73.9813252819999,188,"C/O MHX DESIGN 501 FIFTH AVENUE, NEW YORK, NY, 10017","Match","Exact","501 5TH AVE, NEW YORK, NY, 10017",59658631,"R"
957689,"C/O MIDDLEBURG BANK 530 BLACKWELL R","WARRENTON","VA",20186,38.7261630200001,-77.79067499,189,"C/O MIDDLEBURG BANK 530 BLACKWELL R, WARRENTON, VA, 20186","Match","Exact","530 BLACKWELL RD, WARRENTON, VA, 20186",146294001,"L"
957690,"C/O MILLER CPA 10645 N TATUM BLVD","PHOENIX","AZ",85028,33.5864395150001,-111.977880592,190,"C/O MILLER CPA 10645 N TATUM BLVD, PHOENIX, AZ, 85028","Match","Exact","10645 N TATUM BLVD, PHOENIX, AZ, 85028",128187045,"R"
957691,"C/O MOUND COTTON - ONE NEW YORK PLZ","NEW YORK","NY",10004,NA,NA,191,"C/O MOUND COTTON - ONE NEW YORK PLZ, NEW YORK, NY, 10004","No_Match",NA,NA,NA,NA
957692,"C/O MR ALIYERE PO BOX 273 MITUNDU","LILONGWE, MALAWI",NA,NA,NA,NA,192,"C/O MR ALIYERE PO BOX 273 MITUNDU, LILONGWE, MALAWI, , ","No_Match",NA,NA,NA,NA
957693,"C/O MRBC 1325 4TH AVE SUITE 910","SEATTLE","WA",98101,NA,NA,193,"C/O MRBC 1325 4TH AVE SUITE 910, SEATTLE, WA, 98101","No_Match",NA,NA,NA,NA
957694,"C/O MS577 208 N 5TH STREET","BROOKLYN","NY",11211,40.715424446,-73.956824061,194,"C/O MS577 208 N 5TH STREET, BROOKLYN, NY, 11211","Match","Exact","208 N 5TH ST, BROOKLYN, NY, 11211",59076609,"R"
957695,"C/O MS577 208 N 5TH STREET","BROOKYN","NY",11211,40.715424446,-73.956824061,195,"C/O MS577 208 N 5TH STREET, BROOKYN, NY, 11211","Match","Non_Exact","208 N 5TH ST, BROOKLYN, NY, 11211",59076609,"R"
957696,"C/O MSTERN 209 LINDEN LANE","SAN RAFAEL","CA",94901,37.9835772390001,-122.517522226,196,"C/O MSTERN 209 LINDEN LANE, SAN RAFAEL, CA, 94901","Match","Exact","209 LINDEN LN, SAN RAFAEL, CA, 94901",605766692,"L"
957697,"C/O MSU 1 NORMAL AVENUE","MONTCLAIR","NJ",7043,NA,NA,197,"C/O MSU 1 NORMAL AVENUE, MONTCLAIR, NJ, 7043","No_Match",NA,NA,NA,NA
957698,"C/O NEST SEEKERS-271 NORTH CANON DR","BEVERLY HILLS","CA",90210,NA,NA,198,"C/O NEST SEEKERS-271 NORTH CANON DR, BEVERLY HILLS, CA, 90210","No_Match",NA,NA,NA,NA
957699,"C/O NEXTERA LAW/SCS 4200 W FLAGLER","MIAMI","FL",33134,25.7716730430001,-80.2638422919999,199,"C/O NEXTERA LAW/SCS 4200 W FLAGLER, MIAMI, FL, 33134","Match","Non_Exact","4200 W FLAGLER ST, MIAMI, FL, 33134",116010390,"L"
957700,"C/O NFC 2877 AUDOBON TERRACE NW","WASHINGTON","DC",20008,38.946176404,-77.057207319,200,"C/O NFC 2877 AUDOBON TERRACE NW, WASHINGTON, DC, 20008","Match","Non_Exact","2877 AUDUBON TER NW, WASHINGTON, DC, 20008",76235272,"R"
957701,"C/O OSI INC   P O BOX 76","LEHIGH ACRES","FL",33970,NA,NA,201,"C/O OSI INC   P O BOX 76, LEHIGH ACRES, FL, 33970","No_Match",NA,NA,NA,NA
957702,"C/O OSI INC  P O BOX 76","LEHIGH ACRES","FL",33970,NA,NA,202,"C/O OSI INC  P O BOX 76, LEHIGH ACRES, FL, 33970","No_Match",NA,NA,NA,NA
957703,"C/O P LEMANYA 67 JEFFERSON AVENUE","ROOSEVELT","NY",11575,40.672220027,-73.5780300119999,203,"C/O P LEMANYA 67 JEFFERSON AVENUE, ROOSEVELT, NY, 11575","Match","Exact","67 JEFFERSON AVE, ROOSEVELT, NY, 11575",147631501,"L"
957704,"C/O P O BOX 230745","LAS VEGAS","NV",89105,NA,NA,204,"C/O P O BOX 230745, LAS VEGAS, NV, 89105","No_Match",NA,NA,NA,NA
957705,"C/O P O BOX 860013","PLANO","TX",75086,NA,NA,205,"C/O P O BOX 860013, PLANO, TX, 75086","No_Match",NA,NA,NA,NA
957706,"C/O PAH 7720 S BROADWAY STE 480","LITTLETON","CO",80122,NA,NA,206,"C/O PAH 7720 S BROADWAY STE 480, LITTLETON, CO, 80122","No_Match",NA,NA,NA,NA
957707,"C/O PALOUSE STREET SUITE 201-7","WENATCHEE","WA",98801,NA,NA,207,"C/O PALOUSE STREET SUITE 201-7, WENATCHEE, WA, 98801","No_Match",NA,NA,NA,NA
957708,"C/O PARK CITY HIGH SCHOOL","PARK CITY","UT",84060,NA,NA,208,"C/O PARK CITY HIGH SCHOOL, PARK CITY, UT, 84060","No_Match",NA,NA,NA,NA
957709,"C/O PAULA MULA PO BOX 3475","KINGSTON","NY",12402,NA,NA,209,"C/O PAULA MULA PO BOX 3475, KINGSTON, NY, 12402","No_Match",NA,NA,NA,NA
957710,"C/O PB/JCLS 200 EAST 8TH AVENUE","PINE BLUFF","AR",71601,34.2216465320001,-92.0019027069999,210,"C/O PB/JCLS 200 EAST 8TH AVENUE, PINE BLUFF, AR, 71601","Match","Exact","200 E 8TH AVE, PINE BLUFF, AR, 71601",2551844,"R"
957711,"C/O PEREZ 53 EAST 97TH ST STE 1A","NEW YORK","NY",10029,NA,NA,211,"C/O PEREZ 53 EAST 97TH ST STE 1A, NEW YORK, NY, 10029","No_Match",NA,NA,NA,NA
957712,"C/O PILLSBURY WINTHROP SHAW PITTMAN","PALO ALTO","CA",94304,NA,NA,212,"C/O PILLSBURY WINTHROP SHAW PITTMAN, PALO ALTO, CA, 94304","No_Match",NA,NA,NA,NA
957713,"C/O PJLC 2100 ARCH STREET 7TH FLOOR","PHILADELPHIA","PA",19103,NA,NA,213,"C/O PJLC 2100 ARCH STREET 7TH FLOOR, PHILADELPHIA, PA, 19103","No_Match",NA,NA,NA,NA
957714,"C/O PO BOX 12624","DENVER","CO",80212,NA,NA,214,"C/O PO BOX 12624, DENVER, CO, 80212","No_Match",NA,NA,NA,NA
957715,"C/O PO BOX 1534","BUFFALO","NY",14215,NA,NA,215,"C/O PO BOX 1534, BUFFALO, NY, 14215","No_Match",NA,NA,NA,NA
957716,"C/O PO BOX 20613 PARK WEST","NEW YORK","NY",10025,NA,NA,216,"C/O PO BOX 20613 PARK WEST, NEW YORK, NY, 10025","No_Match",NA,NA,NA,NA
957717,"C/O PO BOX 404","GRASS VALLEY","CA",95945,NA,NA,217,"C/O PO BOX 404, GRASS VALLEY, CA, 95945","No_Match",NA,NA,NA,NA
957718,"C/O PO BOX 60","STEINHATCHEE","FL",32359,NA,NA,218,"C/O PO BOX 60, STEINHATCHEE, FL, 32359","No_Match",NA,NA,NA,NA
957719,"C/O PO BOX 7","STAATSBURG","NY",12580,NA,NA,219,"C/O PO BOX 7, STAATSBURG, NY, 12580","No_Match",NA,NA,NA,NA
957720,"C/O PO BOX 700","MANITOWOC","WI",54221,NA,NA,220,"C/O PO BOX 700, MANITOWOC, WI, 54221","No_Match",NA,NA,NA,NA
957721,"C/O PO BOX 704","ANAHOLA","HI",96703,NA,NA,221,"C/O PO BOX 704, ANAHOLA, HI, 96703","No_Match",NA,NA,NA,NA
957722,"C/O PO BOX 93","ORIENT","NY",11957,NA,NA,222,"C/O PO BOX 93, ORIENT, NY, 11957","No_Match",NA,NA,NA,NA
957723,"C/O PSI 30539 PINETREE RD SUITE 232","PEPPER PIKE","OH",44124,NA,NA,223,"C/O PSI 30539 PINETREE RD SUITE 232, PEPPER PIKE, OH, 44124","No_Match",NA,NA,NA,NA
957724,"C/O PTO - 340 SOKOKIS TRAIL","WATERBORO","ME",4030,NA,NA,224,"C/O PTO - 340 SOKOKIS TRAIL, WATERBORO, ME, 4030","No_Match",NA,NA,NA,NA
957725,"C/O RBCC 1512 NW 195TH ST","SHORELINE","WA",98177,NA,NA,225,"C/O RBCC 1512 NW 195TH ST, SHORELINE, WA, 98177","No_Match",NA,NA,NA,NA
957726,"C/O RMHA PERFORMING ARTS 62 OAKLAND","READING","MA",1867,42.5329381970001,-71.108871929,226,"C/O RMHA PERFORMING ARTS 62 OAKLAND, READING, MA, 1867","Match","Non_Exact","62 OAKLAND RD, READING, MA, 01867",87115110,"R"
957727,"C/O RMHS PERFORMING ARTS 62 OAKLAND","READING","MA",1867,42.5329381970001,-71.108871929,227,"C/O RMHS PERFORMING ARTS 62 OAKLAND, READING, MA, 1867","Match","Non_Exact","62 OAKLAND RD, READING, MA, 01867",87115110,"R"
957728,"C/O RMHSPERFORMING ARTS 62 OAKLAND","READFING","MA",1867,42.5329381970001,-71.108871929,228,"C/O RMHSPERFORMING ARTS 62 OAKLAND, READFING, MA, 1867","Match","Non_Exact","62 OAKLAND RD, READING, MA, 01867",87115110,"R"
957729,"C/O ROBINSON COLE 666 THIRD AVE","NEW YORK","NY",10017,NA,NA,229,"C/O ROBINSON COLE 666 THIRD AVE, NEW YORK, NY, 10017","No_Match",NA,NA,NA,NA
957730,"C/O RONALD 8718 OAK LEDGE DR","SAN ANTONIO","TX",78217,29.5208852480001,-98.4442643899999,230,"C/O RONALD 8718 OAK LEDGE DR, SAN ANTONIO, TX, 78217","Match","Exact","8718 OAK LEDGE DR, SAN ANTONIO, TX, 78217",101499094,"R"
957731,"C/O ROSENBERG 2 W 45TH ST  STE 1208","NEW YORK","NY",10036,NA,NA,231,"C/O ROSENBERG 2 W 45TH ST  STE 1208, NEW YORK, NY, 10036","No_Match",NA,NA,NA,NA
957732,"C/O RR3 BOX 668-A","REDLANDS","CA",92373,NA,NA,232,"C/O RR3 BOX 668-A, REDLANDS, CA, 92373","No_Match",NA,NA,NA,NA
957733,"C/O RRBB 265 DAVIDSON AVE","SOMERSET","NJ",8873,40.534216175,-74.526884278,233,"C/O RRBB 265 DAVIDSON AVE, SOMERSET, NJ, 8873","Match","Exact","265 DAVIDSON AVE, SOMERSET, NJ, 08873",59978694,"R"
957734,"C/O S IRWIN  757 N PARK BLVD","GLEN ELLYN","IL",60137,41.8870522650001,-88.0616886779999,234,"C/O S IRWIN  757 N PARK BLVD, GLEN ELLYN, IL, 60137","Match","Exact","757 N PARK BLVD, GLEN ELLYN, IL, 60137",112523090,"R"
957735,"C/O S IRWIN 757 N PARK BLVD","GLEN ELLYN","IL",60137,41.8870522650001,-88.0616886779999,235,"C/O S IRWIN 757 N PARK BLVD, GLEN ELLYN, IL, 60137","Match","Exact","757 N PARK BLVD, GLEN ELLYN, IL, 60137",112523090,"R"
957736,"C/O S MCCLURE 613 WILLOW AVE","HOBOKEN","NJ",7030,40.7443408140001,-74.032581191,236,"C/O S MCCLURE 613 WILLOW AVE, HOBOKEN, NJ, 7030","Match","Exact","613 WILLOW AVE, HOBOKEN, NJ, 07030",639963521,"R"
957737,"C/O S ROM-JENSEN 270 MADISON AVE","NEW YORK","NY",10016,40.7511083320001,-73.980533016,237,"C/O S ROM-JENSEN 270 MADISON AVE, NEW YORK, NY, 10016","Match","Exact","270 MADISON AVE, NEW YORK, NY, 10016",59658659,"L"
957738,"C/O SEGAL 141 THORNDIKE AVE","LAKEWOOD","NJ",8701,40.088476385,-74.240091153,238,"C/O SEGAL 141 THORNDIKE AVE, LAKEWOOD, NJ, 8701","Match","Non_Exact","141 THORNDIKE, LAKEWOOD, NJ, 08701",641806277,"R"
957739,"C/O SELIGMAN 230 W 38TH ST 14FL","NEW YORK","NY",10018,NA,NA,239,"C/O SELIGMAN 230 W 38TH ST 14FL, NEW YORK, NY, 10018","No_Match",NA,NA,NA,NA
957740,"C/O SENN VISCIANO SUITE 4300 1700 L","DENVER","CO",80203,NA,NA,240,"C/O SENN VISCIANO SUITE 4300 1700 L, DENVER, CO, 80203","No_Match",NA,NA,NA,NA
957741,"C/O SEW SWAG 33583 MULHOLLAND HWY","MALIBU","CA",90265,34.088694172,-118.88145249,241,"C/O SEW SWAG 33583 MULHOLLAND HWY, MALIBU, CA, 90265","Match","Exact","33583 MULHOLLAND HWY, MALIBU, CA, 90265",142804124,"L"
957742,"C/O SHAREE BAILEY 9709 TRINITY PL","CHARLOTTE","NC",28216,35.3293219240001,-80.858519434,242,"C/O SHAREE BAILEY 9709 TRINITY PL, CHARLOTTE, NC, 28216","Match","Non_Exact","9709 TRINITY RD, CHARLOTTE, NC, 28216",70471384,"L"
957743,"C/O SHC 918 E 2ND ST","CASPER","WY",82601,42.848764913,-106.313725844,243,"C/O SHC 918 E 2ND ST, CASPER, WY, 82601","Match","Exact","918 E 2ND ST, CASPER, WY, 82601",149023920,"L"
957744,"C/O SHIRLEY BELCHER 123 PALM ST","HARTFORD","CT",6112,41.797831724,-72.7018029339999,244,"C/O SHIRLEY BELCHER 123 PALM ST, HARTFORD, CT, 6112","Match","Exact","123 PALM ST, HARTFORD, CT, 06112",3488796,"L"
957745,"C/O SIGNATURE BANK 565 FIFTH AVENUE","NEW YORK","NY",10017,40.756081394,-73.9789796219999,245,"C/O SIGNATURE BANK 565 FIFTH AVENUE, NEW YORK, NY, 10017","Match","Exact","565 5TH AVE, NEW YORK, NY, 10017",59657170,"R"
957746,"C/O SITE ONE 10805 METRIC","AUSTIN","TX",78758,30.387695115,-97.7108324769999,246,"C/O SITE ONE 10805 METRIC, AUSTIN, TX, 78758","Match","Non_Exact","10805 METRIC BLVD, AUSTIN, TX, 78758",641675657,"R"
957747,"C/O SMCCLURE 613 WILLOW AVE","HOBOKEN","NJ",7030,40.7441232300001,-74.032651586,247,"C/O SMCCLURE 613 WILLOW AVE, HOBOKEN, NJ, 7030","Match","Exact","613 WILLOW AVE, HOBOKEN, NJ, 07030",639963521,"R"
957748,"C/O SOBEL AND CO LLC 293 EISENHOWER","LIVINGSTON","NJ",7039,40.798225797,-74.341456955,248,"C/O SOBEL AND CO LLC 293 EISENHOWER, LIVINGSTON, NJ, 7039","Match","Non_Exact","293 EISENHOWER PKWY, LIVINGSTON, NJ, 07039",638994465,"L"
957749,"C/O SPANSION 915 DEGUIGNE DR MS 32","SUNNYVALE","CA",94085,NA,NA,249,"C/O SPANSION 915 DEGUIGNE DR MS 32, SUNNYVALE, CA, 94085","No_Match",NA,NA,NA,NA
957750,"C/O SPIELMAN ET AL 1745 BROADWAY","NEW YORK","NY",10019,NA,NA,250,"C/O SPIELMAN ET AL 1745 BROADWAY, NEW YORK, NY, 10019","No_Match",NA,NA,NA,NA
957751,"C/O ST LUKES UMC 3471 WESTHEIMER R","HOUSTON","TX",77027,NA,NA,251,"C/O ST LUKES UMC 3471 WESTHEIMER R, HOUSTON, TX, 77027","No_Match",NA,NA,NA,NA
957752,"C/O ST MARYS REC 450 ST ANNS AV","BRONX","NY",10454,40.81170329,-73.914434704,252,"C/O ST MARYS REC 450 ST ANNS AV, BRONX, NY, 10454","Match","Exact","450 SAINT ANNS AVE, BRONX, NY, 10454",80300808,"R"
957753,"C/O ST MARYS REC 450 ST ANNS AVE","BRONX","NY",10454,40.81170329,-73.914434704,253,"C/O ST MARYS REC 450 ST ANNS AVE, BRONX, NY, 10454","Match","Exact","450 SAINT ANNS AVE, BRONX, NY, 10454",80300808,"R"
957754,"C/O STAND UP FOR 7 INC 184 THOMPSON","NEW YORK","NY",10012,40.7273760740001,-74.0005471759999,254,"C/O STAND UP FOR 7 INC 184 THOMPSON, NEW YORK, NY, 10012","Match","Non_Exact","184 THOMPSON ST, NEW YORK, NY, 10012",59660268,"R"
957755,"C/O STOCKTON FIRE 425 N EL DORADO S","STOCKTON","CA",95202,NA,NA,255,"C/O STOCKTON FIRE 425 N EL DORADO S, STOCKTON, CA, 95202","No_Match",NA,NA,NA,NA
957756,"C/O STOCKTON FIRE 425 N ELDORADO ST","STOCKTON","CA",95202,NA,NA,256,"C/O STOCKTON FIRE 425 N ELDORADO ST, STOCKTON, CA, 95202","No_Match",NA,NA,NA,NA
957757,"C/O STONEMARK 2815 TOWNSGATE ROAD","WESTLAKE VILLAGE","CA",91361,34.15253346,-118.823031327,257,"C/O STONEMARK 2815 TOWNSGATE ROAD, WESTLAKE VILLAGE, CA, 91361","Match","Exact","2815 TOWNSGATE RD, WESTLAKE VILLAGE, CA, 91361",109977775,"L"
957758,"C/O SULLCROM 125 BROAD ST","NEW YORK","NY",10004,40.7028665810001,-74.011469216,258,"C/O SULLCROM 125 BROAD ST, NEW YORK, NY, 10004","Match","Exact","125 BROAD ST, NEW YORK, NY, 10004",59660685,"L"
957759,"C/O SUNRISE CHURCH 878 TAYLOR ROAD","PORT ORANGE","FL",33830,29.106874525,-81.021837003,259,"C/O SUNRISE CHURCH 878 TAYLOR ROAD, PORT ORANGE, FL, 33830","Match","Non_Exact","878 TAYLOR RD, PORT ORANGE, FL, 32127",94528309,"L"
957760,"C/O SUSIE RALLS 600 RIVER LOOP 1","EUGENE","OR",97404,44.1117802570001,-123.12535992,260,"C/O SUSIE RALLS 600 RIVER LOOP 1, EUGENE, OR, 97404","Match","Exact","600 RIVER LOOP 1, EUGENE, OR, 97404",624829569,"R"
957761,"C/O SYK 111 SW 5TH AVE STE 3800","PORTLAND","OR",97204,NA,NA,261,"C/O SYK 111 SW 5TH AVE STE 3800, PORTLAND, OR, 97204","No_Match",NA,NA,NA,NA
957762,"C/O TANTON 780 THIRD AVE 9TH FL","NEW YORK","NY",10017,NA,NA,262,"C/O TANTON 780 THIRD AVE 9TH FL, NEW YORK, NY, 10017","No_Match",NA,NA,NA,NA
957763,"C/O TFB 10 COURTHOUSE SQ","WARRENTON","VA",20186,NA,NA,263,"C/O TFB 10 COURTHOUSE SQ, WARRENTON, VA, 20186","No_Match",NA,NA,NA,NA
957764,"C/O THOMAS MCDONNELL 129 ORTON ROAD","WEST CALDWELL","NJ",7006,40.8311649120001,-74.303340106,264,"C/O THOMAS MCDONNELL 129 ORTON ROAD, WEST CALDWELL, NJ, 7006","Match","Exact","129 ORTON RD, W CALDWELL, NJ, 07006",63495109,"R"
957765,"C/O THUNDERRIDGE 1991 W WILDCAT","HIGHLANDS RANCH","CO",80129,NA,NA,265,"C/O THUNDERRIDGE 1991 W WILDCAT, HIGHLANDS RANCH, CO, 80129","No_Match",NA,NA,NA,NA
957766,"C/O U COLORADO LAW 404 UCB","BOULDER","CO",80309,NA,NA,266,"C/O U COLORADO LAW 404 UCB, BOULDER, CO, 80309","No_Match",NA,NA,NA,NA
957767,"C/O UBMD EMS 462 GRIDER STREET","BUFFALO","NY",14215,42.925306032,-78.8291441,267,"C/O UBMD EMS 462 GRIDER STREET, BUFFALO, NY, 14215","Match","Exact","462 GRIDER ST, BUFFALO, NY, 14215",48296590,"L"
957768,"C/O UCCS 1420 AUSTIN BLUFFS PKWY","COLORADO SPRINGS","CO",80918,38.891217279,-104.800135647,268,"C/O UCCS 1420 AUSTIN BLUFFS PKWY, COLORADO SPRINGS, CO, 80918","Match","Exact","1420 AUSTIN BLUFFS PKWY, COLORADO SPRINGS, CO, 80918",105515215,"L"
957769,"C/O UCI 305 MPAA BLDG","IRVINE","CA",92697,NA,NA,269,"C/O UCI 305 MPAA BLDG, IRVINE, CA, 92697","No_Match",NA,NA,NA,NA
957770,"C/O UWNU 2955 HARRISON BLVD STE 201","OGDEN","UT",84403,NA,NA,270,"C/O UWNU 2955 HARRISON BLVD STE 201, OGDEN, UT, 84403","No_Match",NA,NA,NA,NA
957771,"C/O VENABLE LLP 600 MASS AVE NW","WASHINGTON","DC",20001,38.901512063,-77.020044957,271,"C/O VENABLE LLP 600 MASS AVE NW, WASHINGTON, DC, 20001","Match","Exact","600 MASSACHUSETTS AVE NW, WASHINGTON, DC, 20001",640479306,"L"
957772,"C/O W  MILLER 107 MORTON STREET","NEW YORK","NY",10014,40.7311715050001,-74.009034814,272,"C/O W  MILLER 107 MORTON STREET, NEW YORK, NY, 10014","Match","Exact","107 MORTON ST, NEW YORK, NY, 10014",59659379,"R"
957773,"C/O WBAM 500 W PUTNAM AVE","GREENWICH","CT",6830,41.0190165870001,-73.644673111,273,"C/O WBAM 500 W PUTNAM AVE, GREENWICH, CT, 6830","Match","Exact","500 W PUTNAM AVE, GREENWICH, CT, 06830",3256578,"L"
957774,"C/O WEWORK 51 MELCHER STREET","SOUTH BOSTON","MA",2210,42.349661774,-71.050365383,274,"C/O WEWORK 51 MELCHER STREET, SOUTH BOSTON, MA, 2210","Match","Non_Exact","51 MELCHER ST, BOSTON, MA, 02210",85710945,"R"
957775,"C/O WHSVB BOOSTERS PO BOX 2943","WOODINVILLE","WA",98072,NA,NA,275,"C/O WHSVB BOOSTERS PO BOX 2943, WOODINVILLE, WA, 98072","No_Match",NA,NA,NA,NA
957776,"C/O WSRC-4315 WEDDINGTON-MATTHEWS R","WEDDINGTON","NC",28104,NA,NA,276,"C/O WSRC-4315 WEDDINGTON-MATTHEWS R, WEDDINGTON, NC, 28104","No_Match",NA,NA,NA,NA
957777,"C/O","WISCASSET","ME",4578,NA,NA,277,"C/O, WISCASSET, ME, 4578","No_Match",NA,NA,NA,NA
957778,"C/O1901 CHRISTIAN STREET","PHILADELPHIA","PA",19146,NA,NA,278,"C/O1901 CHRISTIAN STREET, PHILADELPHIA, PA, 19146","No_Match",NA,NA,NA,NA
957779,"C/O5404 BROWNFORD ROAD","SCOTTSVILLE","KY",42164,NA,NA,279,"C/O5404 BROWNFORD ROAD, SCOTTSVILLE, KY, 42164","No_Match",NA,NA,NA,NA
957780,"C/OJOSE CASTILLOJR 8230 SW 144THST","PALMETTO BAY","FL",33158,NA,NA,280,"C/OJOSE CASTILLOJR 8230 SW 144THST, PALMETTO BAY, FL, 33158","No_Match",NA,NA,NA,NA
957781,"C/OKALFAYAN ORPHANAGE 1029 E 2ND S","BROOKLYN","NY",11230,NA,NA,281,"C/OKALFAYAN ORPHANAGE 1029 E 2ND S, BROOKLYN, NY, 11230","No_Match",NA,NA,NA,NA
957782,"C/OKALFAYAN ORPHANAGE 1029 E 2ND ST","BROOKLYN","NY",11230,40.625925228,-73.9750319079999,282,"C/OKALFAYAN ORPHANAGE 1029 E 2ND ST, BROOKLYN, NY, 11230","Match","Exact","1029 E 2ND ST, BROOKLYN, NY, 11230",59097917,"L"
957783,"C/ONIRMALAFARMSTEAD 690 NEWPALTZ RD","HIGHLAND","NY",12528,NA,NA,283,"C/ONIRMALAFARMSTEAD 690 NEWPALTZ RD, HIGHLAND, NY, 12528","No_Match",NA,NA,NA,NA
957784,"C03-006B","LA CROSSE","WI",54601,NA,NA,284,"C03-006B, LA CROSSE, WI, 54601","No_Match",NA,NA,NA,NA
957785,"C10 HILLSIDE COURT","HIGHLANDS","NJ",7732,40.394873052,-73.9853317929999,285,"C10 HILLSIDE COURT, HIGHLANDS, NJ, 7732","Match","Exact","C10 HILLSIDE CT, HIGHLANDS, NJ, 07732",90513208,"R"
957786,"C2 VILLAGE DRIVE","LEXINGTON","KY",40504,NA,NA,286,"C2 VILLAGE DRIVE, LEXINGTON, KY, 40504","No_Match",NA,NA,NA,NA
957787,"C2-201 INDU ARANYA PALLAVI APTS","HYDERABAD",NA,NA,NA,NA,287,"C2-201 INDU ARANYA PALLAVI APTS, HYDERABAD, , ","No_Match",NA,NA,NA,NA
957788,"C27 CALLE 3 URB SANTA ISIDRA 3","FAJARDO","PR",738,NA,NA,288,"C27 CALLE 3 URB SANTA ISIDRA 3, FAJARDO, PR, 738","No_Match",NA,NA,NA,NA
957789,"C28 VALLE ESCONDIDO","GUAYNABO","PR",970,NA,NA,289,"C28 VALLE ESCONDIDO, GUAYNABO, PR, 970","No_Match",NA,NA,NA,NA
957790,"C3 FRANKLIN SQUARE","RANDOLF","MA",2368,42.1876747370001,-71.06799447,290,"C3 FRANKLIN SQUARE, RANDOLF, MA, 2368","Match","Non_Exact","C3 FRANKLIN SQ, RANDOLPH, MA, 02368",87308579,"L"
957791,"C3518 BEVIS AVE","CINCINNATTI","OH",45207,NA,NA,291,"C3518 BEVIS AVE, CINCINNATTI, OH, 45207","No_Match",NA,NA,NA,NA
957792,"C3800 HEARTLAND HILLS RD","STRATFORD","WI",54484,NA,NA,292,"C3800 HEARTLAND HILLS RD, STRATFORD, WI, 54484","No_Match",NA,NA,NA,NA
957793,"C5 NORTE 8147 PBLO LA LIBERTAD","PUEBLA PUE MX",NA,NA,NA,NA,293,"C5 NORTE 8147 PBLO LA LIBERTAD, PUEBLA PUE MX, , ","No_Match",NA,NA,NA,NA
957794,"C575 W MADISON ST APT 2002","CHICAGO","IL",60661,NA,NA,294,"C575 W MADISON ST APT 2002, CHICAGO, IL, 60661","No_Match",NA,NA,NA,NA
957795,"C695 RD 17B","HOLGATE","OH",43527,41.2041068710001,-84.222389103,295,"C695 RD 17B, HOLGATE, OH, 43527","Match","Non_Exact","C695 CO RD 17B, HOLGATE, OH, 43527",33799790,"L"
957796,"CA-1","SAN LUIS OBISPO","CA",93405,NA,NA,296,"CA-1, SAN LUIS OBISPO, CA, 93405","No_Match",NA,NA,NA,NA
957797,"CA","FRESNO","CA",93710,NA,NA,297,"CA, FRESNO, CA, 93710","No_Match",NA,NA,NA,NA
957798,"CA","GRANADA HILLS","CA",91344,NA,NA,298,"CA, GRANADA HILLS, CA, 91344","No_Match",NA,NA,NA,NA
957799,"CA","SAN JOSE","CA",95113,NA,NA,299,"CA, SAN JOSE, CA, 95113","No_Match",NA,NA,NA,NA
957800,"CAA 802 FSS/FSDP 1516 STEWART ST","JBSA LACKLAND","TX",78236,NA,NA,300,"CAA 802 FSS/FSDP 1516 STEWART ST, JBSA LACKLAND, TX, 78236","No_Match",NA,NA,NA,NA
957801,"CADMAN PLAZA PO BOX 021616","BROOKLYN","NY",11202,NA,NA,301,"CADMAN PLAZA PO BOX 021616, BROOKLYN, NY, 11202","No_Match",NA,NA,NA,NA
957802,"CADY HILL ROAD","BOONVILLE","NY",13309,NA,NA,302,"CADY HILL ROAD, BOONVILLE, NY, 13309","No_Match",NA,NA,NA,NA
957803,"CAFETO 717 HIGHLAND PARK","SAN JUAN","PR",924,NA,NA,303,"CAFETO 717 HIGHLAND PARK, SAN JUAN, PR, 924","No_Match",NA,NA,NA,NA
957804,"CALDERON DE LA BARCA W3-46","CULEBRA","PR",775,NA,NA,304,"CALDERON DE LA BARCA W3-46, CULEBRA, PR, 775","No_Match",NA,NA,NA,NA
957805,"CALIFORNIA AVENUE","PITTSBURGH","PA",15212,NA,NA,305,"CALIFORNIA AVENUE, PITTSBURGH, PA, 15212","No_Match",NA,NA,NA,NA
957806,"CALIZA 232 ALTURAS DE COAMO","COAMO","PR",769,NA,NA,306,"CALIZA 232 ALTURAS DE COAMO, COAMO, PR, 769","No_Match",NA,NA,NA,NA
957807,"CALLAO","PERU",NA,NA,NA,NA,307,"CALLAO, PERU, , ","No_Match",NA,NA,NA,NA
957808,"CALLE 1 URB ALTURAS DE PENUELAS","PENUELAS","PR",624,NA,NA,308,"CALLE 1 URB ALTURAS DE PENUELAS, PENUELAS, PR, 624","No_Match",NA,NA,NA,NA
957809,"CALLE 10 CASA 675 SAN ISIDRO","CANOVANAS","PR",729,NA,NA,309,"CALLE 10 CASA 675 SAN ISIDRO, CANOVANAS, PR, 729","No_Match",NA,NA,NA,NA
957810,"CALLE 10 CASA 675 SAN ISIDRO","CANOVANAS,","PR",729,NA,NA,310,"CALLE 10 CASA 675 SAN ISIDRO, CANOVANAS,, PR, 729","No_Match",NA,NA,NA,NA
957811,"CALLE 11 BOX 32 BARRIO TIBURON","BARCELONETA","PR",617,NA,NA,311,"CALLE 11 BOX 32 BARRIO TIBURON, BARCELONETA, PR, 617","No_Match",NA,NA,NA,NA
957812,"CALLE 12 G-18 VIILA NUEVA","CAGUAS","PR",725,NA,NA,312,"CALLE 12 G-18 VIILA NUEVA, CAGUAS, PR, 725","No_Match",NA,NA,NA,NA
957813,"CALLE 12 H-8 VILLA NUEVA","CAGUAS","PR",725,NA,NA,313,"CALLE 12 H-8 VILLA NUEVA, CAGUAS, PR, 725","No_Match",NA,NA,NA,NA
957814,"CALLE 120 11B-11 APTO 507","BOGOTO",NA,NA,NA,NA,314,"CALLE 120 11B-11 APTO 507, BOGOTO, , ","No_Match",NA,NA,NA,NA
957815,"CALLE 13 PARCELA 113 BARRIO SAN JOS","TOA BAJA","PR",951,NA,NA,315,"CALLE 13 PARCELA 113 BARRIO SAN JOS, TOA BAJA, PR, 951","No_Match",NA,NA,NA,NA
957816,"CALLE 137 CE4 JARDINES COUNTRY CLUB","CAROLINA","PR",983,NA,NA,316,"CALLE 137 CE4 JARDINES COUNTRY CLUB, CAROLINA, PR, 983","No_Match",NA,NA,NA,NA
957817,"CALLE 137 CE4 JARDINES DE COUNTRY C","CAROLINA","PR",983,NA,NA,317,"CALLE 137 CE4 JARDINES DE COUNTRY C, CAROLINA, PR, 983","No_Match",NA,NA,NA,NA
957818,"CALLE 137","CAROLINA","PR",983,NA,NA,318,"CALLE 137, CAROLINA, PR, 983","No_Match",NA,NA,NA,NA
957819,"CALLE 16 NE 1109 PUERTO NUEVO","SAN JUAN","PR",920,NA,NA,319,"CALLE 16 NE 1109 PUERTO NUEVO, SAN JUAN, PR, 920","No_Match",NA,NA,NA,NA
957820,"CALLE 16 X5 QUINTAS DE VILLAMAR","DORADO","PR",646,NA,NA,320,"CALLE 16 X5 QUINTAS DE VILLAMAR, DORADO, PR, 646","No_Match",NA,NA,NA,NA
957821,"CALLE 19 NUM 00-1","SABANA GRANDE","PR",637,NA,NA,321,"CALLE 19 NUM 00-1, SABANA GRANDE, PR, 637","No_Match",NA,NA,NA,NA
957822,"CALLE 2 E24 RIVERSIDE PARK","BAYAMON","PR",961,NA,NA,322,"CALLE 2 E24 RIVERSIDE PARK, BAYAMON, PR, 961","No_Match",NA,NA,NA,NA
957823,"CALLE 21 CASA T180 BELLA VISTA","BAYAMON","PR",957,NA,NA,323,"CALLE 21 CASA T180 BELLA VISTA, BAYAMON, PR, 957","No_Match",NA,NA,NA,NA
957824,"CALLE 23 Y-12 URB LAS VEGAS","CATANO","PR",962,NA,NA,324,"CALLE 23 Y-12 URB LAS VEGAS, CATANO, PR, 962","No_Match",NA,NA,NA,NA
957825,"CALLE 242 JE18","CAROLINA","PR",982,NA,NA,325,"CALLE 242 JE18, CAROLINA, PR, 982","No_Match",NA,NA,NA,NA
957826,"CALLE 24W25 URB CIUDAD UNIVERSITARI","TRUJILLO ALTO","PR",976,NA,NA,326,"CALLE 24W25 URB CIUDAD UNIVERSITARI, TRUJILLO ALTO, PR, 976","No_Match",NA,NA,NA,NA
957827,"CALLE 25 V17 URB VISTA AZUL","ARECIBO","PR",612,NA,NA,327,"CALLE 25 V17 URB VISTA AZUL, ARECIBO, PR, 612","No_Match",NA,NA,NA,NA
957828,"CALLE 2G-22 TERRAZAS DE CUPEY","TRUJILLO ALTO","PR",976,NA,NA,328,"CALLE 2G-22 TERRAZAS DE CUPEY, TRUJILLO ALTO, PR, 976","No_Match",NA,NA,NA,NA
957829,"CALLE 3  73 PARCELAS W FUERTES","DORADO","PR",962,NA,NA,329,"CALLE 3  73 PARCELAS W FUERTES, DORADO, PR, 962","No_Match",NA,NA,NA,NA
957830,"CALLE 3 P73 BO PALMAS","CATANO","PR",962,NA,NA,330,"CALLE 3 P73 BO PALMAS, CATANO, PR, 962","No_Match",NA,NA,NA,NA
957831,"CALLE 3 P73","CATANO","PR",962,NA,NA,331,"CALLE 3 P73, CATANO, PR, 962","No_Match",NA,NA,NA,NA
957832,"CALLE 308 1145","CABO ROJO","PR",623,NA,NA,332,"CALLE 308 1145, CABO ROJO, PR, 623","No_Match",NA,NA,NA,NA
957833,"CALLE 4 259 SAINT JUST","TRUJILLO ALTO","PR",976,NA,NA,333,"CALLE 4 259 SAINT JUST, TRUJILLO ALTO, PR, 976","No_Match",NA,NA,NA,NA
957834,"CALLE 4 400 ESTANCIAS DEL BOSQUE","TRUJILLO ALTO","PR",976,NA,NA,334,"CALLE 4 400 ESTANCIAS DEL BOSQUE, TRUJILLO ALTO, PR, 976","No_Match",NA,NA,NA,NA
957835,"CALLE 4 D-25 URB VERSALLES","BAYAMON","PR",959,NA,NA,335,"CALLE 4 D-25 URB VERSALLES, BAYAMON, PR, 959","No_Match",NA,NA,NA,NA
957836,"CALLE 4 NUM 21 PUERTO REAL","CABO ROJO","PR",623,NA,NA,336,"CALLE 4 NUM 21 PUERTO REAL, CABO ROJO, PR, 623","No_Match",NA,NA,NA,NA
957837,"CALLE 4 SO 1563 CAPARRA TERRACE","SAN JUAN","PR",921,NA,NA,337,"CALLE 4 SO 1563 CAPARRA TERRACE, SAN JUAN, PR, 921","No_Match",NA,NA,NA,NA
957838,"CALLE 4 SO 1587 CAPARRA TERRACE","SAN JUAN","PR",921,NA,NA,338,"CALLE 4 SO 1587 CAPARRA TERRACE, SAN JUAN, PR, 921","No_Match",NA,NA,NA,NA
957839,"CALLE 4/ CASA 26/ PUERTO REAL","CABO ROJO","PR",623,NA,NA,339,"CALLE 4/ CASA 26/ PUERTO REAL, CABO ROJO, PR, 623","No_Match",NA,NA,NA,NA
957840,"CALLE 40 H-19 EXT PARQUE ECUESTRE","CAROLINA","PR",987,NA,NA,340,"CALLE 40 H-19 EXT PARQUE ECUESTRE, CAROLINA, PR, 987","No_Match",NA,NA,NA,NA
957841,"CALLE 6 232B SAINT JUST","SAINT JUST","PR",978,NA,NA,341,"CALLE 6 232B SAINT JUST, SAINT JUST, PR, 978","No_Match",NA,NA,NA,NA
957842,"CALLE 61 36 65 AP 902","ITAGUI, COLOMBIA","AZ",0,NA,NA,342,"CALLE 61 36 65 AP 902, ITAGUI, COLOMBIA, AZ, 0","No_Match",NA,NA,NA,NA
957843,"CALLE 7 Q-13 VILLA DEL REY","CAGUAS","PR",727,NA,NA,343,"CALLE 7 Q-13 VILLA DEL REY, CAGUAS, PR, 727","No_Match",NA,NA,NA,NA
957844,"CALLE 78 NO 9-57","BOGOTA COLOMBIA",NA,NA,NA,NA,344,"CALLE 78 NO 9-57, BOGOTA COLOMBIA, , ","No_Match",NA,NA,NA,NA
957845,"CALLE 8 1321 PUERTO NUEVO NW","SAN JUAN","PR",920,NA,NA,345,"CALLE 8 1321 PUERTO NUEVO NW, SAN JUAN, PR, 920","No_Match",NA,NA,NA,NA
957846,"CALLE 8 BLQ 18 44 IRB STA ROSA","BAYAMON","PR",959,18.384666096,-66.1520956799999,346,"CALLE 8 BLQ 18 44 IRB STA ROSA, BAYAMON, PR, 959","Match","Non_Exact","8 CLL 18, BAYAMON, PR, 00959",206029009,"L"
957847,"CALLE 8 H24 URB REPARTO MARQUEZ","ARECIBP","PR",612,NA,NA,347,"CALLE 8 H24 URB REPARTO MARQUEZ, ARECIBP, PR, 612","No_Match",NA,NA,NA,NA
957848,"CALLE 8 PARCELA 294 LA CENTRAL","CANOVANAS","PR",729,NA,NA,348,"CALLE 8 PARCELA 294 LA CENTRAL, CANOVANAS, PR, 729","No_Match",NA,NA,NA,NA
957849,"CALLE 80 NUMERO 7 49 APT 202","BOGOTA, CO",NA,NA,NA,NA,349,"CALLE 80 NUMERO 7 49 APT 202, BOGOTA, CO, , ","No_Match",NA,NA,NA,NA
957850,"CALLE 81A NO 8-52 APT 301","BOGOTA",NA,NA,40.8674970490001,-74.029973441,350,"CALLE 81A NO 8-52 APT 301, BOGOTA, , ","Match","Non_Exact","81 NORTH AVE, BOGOTA, NJ, 07603",641371716,"L"
957851,"CALLE 92 NO 19B-60 APT 401","BOGOTA",NA,NA,NA,NA,351,"CALLE 92 NO 19B-60 APT 401, BOGOTA, , ","No_Match",NA,NA,NA,NA
957852,"CALLE ABERDEEN 2025 COLLEGEVILLE","GUAYNABO","PR",969,NA,NA,352,"CALLE ABERDEEN 2025 COLLEGEVILLE, GUAYNABO, PR, 969","No_Match",NA,NA,NA,NA
957853,"CALLE ACACIA 1184 URB HIGHLAND PARK","SAN JUAN","PR",926,NA,NA,353,"CALLE ACACIA 1184 URB HIGHLAND PARK, SAN JUAN, PR, 926","No_Match",NA,NA,NA,NA
957854,"CALLE ALBANIA","SAN JUAN","PR",920,NA,NA,354,"CALLE ALBANIA, SAN JUAN, PR, 920","No_Match",NA,NA,NA,NA
957855,"CALLE ANTONIO ROIG 13","HUMACAO","PR",791,NA,NA,355,"CALLE ANTONIO ROIG 13, HUMACAO, PR, 791","No_Match",NA,NA,NA,NA
957856,"CALLE B M1 URB ALTO APOLO","GUAYNABO","PR",969,NA,NA,356,"CALLE B M1 URB ALTO APOLO, GUAYNABO, PR, 969","No_Match",NA,NA,NA,NA
957857,"CALLE BETHEL 281 HIGUILLAR","DORADO","PR",646,NA,NA,357,"CALLE BETHEL 281 HIGUILLAR, DORADO, PR, 646","No_Match",NA,NA,NA,NA
957858,"CALLE BONANZA 72 EZPERANZA","CAGUAS","PR",725,NA,NA,358,"CALLE BONANZA 72 EZPERANZA, CAGUAS, PR, 725","No_Match",NA,NA,NA,NA
957859,"CALLE CAMELIA 8178","LOIZA","PR",772,NA,NA,359,"CALLE CAMELIA 8178, LOIZA, PR, 772","No_Match",NA,NA,NA,NA
957860,"CALLE CANDINA 2 UNIT 803","CONDADO","PR",907,NA,NA,360,"CALLE CANDINA 2 UNIT 803, CONDADO, PR, 907","No_Match",NA,NA,NA,NA
957861,"CALLE CARRION COURT 16 APT 43","SAN JUAN","PR",911,NA,NA,361,"CALLE CARRION COURT 16 APT 43, SAN JUAN, PR, 911","No_Match",NA,NA,NA,NA
957862,"CALLE CENTRAL 659 APT 6","SAN JUAN","PR",907,NA,NA,362,"CALLE CENTRAL 659 APT 6, SAN JUAN, PR, 907","No_Match",NA,NA,NA,NA
957863,"CALLE CLAVEL 19 BO DUQUE","NAGUABO","PR",718,NA,NA,363,"CALLE CLAVEL 19 BO DUQUE, NAGUABO, PR, 718","No_Match",NA,NA,NA,NA
957864,"CALLE COLON 1719","SAN JUAN","PR",911,NA,NA,364,"CALLE COLON 1719, SAN JUAN, PR, 911","No_Match",NA,NA,NA,NA
957865,"CALLE CONCEPCION VERA 343","MOCA","PR",676,NA,NA,365,"CALLE CONCEPCION VERA 343, MOCA, PR, 676","No_Match",NA,NA,NA,NA
957866,"CALLE D A-7 EL VERDE SUR","CAGUAS","PR",725,NA,NA,366,"CALLE D A-7 EL VERDE SUR, CAGUAS, PR, 725","No_Match",NA,NA,NA,NA
957867,"CALLE DE LOS ALGARROBOS 29 SABANERA","GURABO","PR",778,NA,NA,367,"CALLE DE LOS ALGARROBOS 29 SABANERA, GURABO, PR, 778","No_Match",NA,NA,NA,NA
957868,"CALLE DELICIAS 185 APT 2B","SAN JUAN","PR",907,NA,NA,368,"CALLE DELICIAS 185 APT 2B, SAN JUAN, PR, 907","No_Match",NA,NA,NA,NA
957869,"CALLE DILDO E15 ALTURA STA MARIA","GUAYNABO","PR",969,NA,NA,369,"CALLE DILDO E15 ALTURA STA MARIA, GUAYNABO, PR, 969","No_Match",NA,NA,NA,NA
957870,"CALLE DOMENECH 111","ISABELA","PR",662,NA,NA,370,"CALLE DOMENECH 111, ISABELA, PR, 662","No_Match",NA,NA,NA,NA
957871,"CALLE DR COLL Y TOSTE BB 17","TOA BAJA","PR",950,NA,NA,371,"CALLE DR COLL Y TOSTE BB 17, TOA BAJA, PR, 950","No_Match",NA,NA,NA,NA
957872,"CALLE DR IRMA IRIS PAGAN J9","BRIZAS DE LUQUILLO","PR",773,NA,NA,372,"CALLE DR IRMA IRIS PAGAN J9, BRIZAS DE LUQUILLO, PR, 773","No_Match",NA,NA,NA,NA
957873,"CALLE DR LASSISSE 159 BO PARIS","MAYAGUEZ","PR",680,NA,NA,373,"CALLE DR LASSISSE 159 BO PARIS, MAYAGUEZ, PR, 680","No_Match",NA,NA,NA,NA
957874,"CALLE E2 EB10 URB BRISAS DEL MAR","LUQUILLO","PR",773,NA,NA,374,"CALLE E2 EB10 URB BRISAS DEL MAR, LUQUILLO, PR, 773","No_Match",NA,NA,NA,NA
957875,"CALLE E2 EE25 BRISAS DEL MAR","LUQUILLO","PR",773,NA,NA,375,"CALLE E2 EE25 BRISAS DEL MAR, LUQUILLO, PR, 773","No_Match",NA,NA,NA,NA
957876,"CALLE E6 URB BRISAS DE MAR CHIQUITA","MANATI","PR",674,NA,NA,376,"CALLE E6 URB BRISAS DE MAR CHIQUITA, MANATI, PR, 674","No_Match",NA,NA,NA,NA
957877,"CALLE ENEA 749 URB VENUS GARDENS","SAN JUAN","PR",926,NA,NA,377,"CALLE ENEA 749 URB VENUS GARDENS, SAN JUAN, PR, 926","No_Match",NA,NA,NA,NA
957878,"CALLE EUGENE 31 VICTOR BRAEGGER","GUAYANBO","PR",966,NA,NA,378,"CALLE EUGENE 31 VICTOR BRAEGGER, GUAYANBO, PR, 966","No_Match",NA,NA,NA,NA
957879,"CALLE GAUTIER BENITEZ 9 ALTOS","ARECIBO","PR",612,NA,NA,379,"CALLE GAUTIER BENITEZ 9 ALTOS, ARECIBO, PR, 612","No_Match",NA,NA,NA,NA
957880,"CALLE HARVARD 780 UNIV GARDENS","SAN JUAN","PR",927,NA,NA,380,"CALLE HARVARD 780 UNIV GARDENS, SAN JUAN, PR, 927","No_Match",NA,NA,NA,NA
957881,"CALLE HIGUERETA 38 CIUDAD JARDIN","GUARBO","PR",778,NA,NA,381,"CALLE HIGUERETA 38 CIUDAD JARDIN, GUARBO, PR, 778","No_Match",NA,NA,NA,NA
957882,"CALLE HOARE 602","SAN JUAN","PR",907,NA,NA,382,"CALLE HOARE 602, SAN JUAN, PR, 907","No_Match",NA,NA,NA,NA
957883,"CALLE J 63 ENSENADA","GUANICA","PR",647,NA,NA,383,"CALLE J 63 ENSENADA, GUANICA, PR, 647","No_Match",NA,NA,NA,NA
957884,"CALLE JAZMIN D13 TERRAZAS GUAYNABO","GUAYNABO","PR",969,NA,NA,384,"CALLE JAZMIN D13 TERRAZAS GUAYNABO, GUAYNABO, PR, 969","No_Match",NA,NA,NA,NA
957885,"CALLE JUAN RULLAN 70 BARRIO PUEBLO","MAYAGUEZ","PR",680,NA,NA,385,"CALLE JUAN RULLAN 70 BARRIO PUEBLO, MAYAGUEZ, PR, 680","No_Match",NA,NA,NA,NA
957886,"CALLE L RESIDENCIAL KATHERINE II AP","SANTIAGO","AA",0,NA,NA,386,"CALLE L RESIDENCIAL KATHERINE II AP, SANTIAGO, AA, 0","No_Match",NA,NA,NA,NA
957887,"CALLE LA ROSA 1021 TRAS TALLERES","SAN JUAN","PR",907,NA,NA,387,"CALLE LA ROSA 1021 TRAS TALLERES, SAN JUAN, PR, 907","No_Match",NA,NA,NA,NA
957888,"CALLE LA ROSA 1070","SAN JUAN","PR",907,NA,NA,388,"CALLE LA ROSA 1070, SAN JUAN, PR, 907","No_Match",NA,NA,NA,NA
957889,"CALLE LA ROSA 960","SAN JUAN","PR",907,NA,NA,389,"CALLE LA ROSA 960, SAN JUAN, PR, 907","No_Match",NA,NA,NA,NA
957890,"CALLE LA SANTA F-7 COLINAS METROPOL","GUAYNABO","PR",969,NA,NA,390,"CALLE LA SANTA F-7 COLINAS METROPOL, GUAYNABO, PR, 969","No_Match",NA,NA,NA,NA
957891,"CALLE LAUREL F26 VILLA TURABO","CAGUAS","PR",725,NA,NA,391,"CALLE LAUREL F26 VILLA TURABO, CAGUAS, PR, 725","No_Match",NA,NA,NA,NA
957892,"CALLE LUIS F DESSUS 15","JUANA DIAZ","PR",795,NA,NA,392,"CALLE LUIS F DESSUS 15, JUANA DIAZ, PR, 795","No_Match",NA,NA,NA,NA
957893,"CALLE MANILA 1012 URB SANTA RITA","SAN JUAN","PR",926,NA,NA,393,"CALLE MANILA 1012 URB SANTA RITA, SAN JUAN, PR, 926","No_Match",NA,NA,NA,NA
957894,"CALLE NELSON L MILLS A4 VISTAS DE L","LUQUILLO","PR",773,NA,NA,394,"CALLE NELSON L MILLS A4 VISTAS DE L, LUQUILLO, PR, 773","No_Match",NA,NA,NA,NA
957895,"CALLE NOGAL B-1 APT 7","GUAYNABO","PR",968,NA,NA,395,"CALLE NOGAL B-1 APT 7, GUAYNABO, PR, 968","No_Match",NA,NA,NA,NA
957896,"CALLE ODRIOSOLA 190","LIMA, PERU",NA,NA,NA,NA,396,"CALLE ODRIOSOLA 190, LIMA, PERU, , ","No_Match",NA,NA,NA,NA
957897,"CALLE OPALO F13 URB LA PLATA","CAYEY","PR",736,NA,NA,397,"CALLE OPALO F13 URB LA PLATA, CAYEY, PR, 736","No_Match",NA,NA,NA,NA
957898,"CALLE PAJUIL BO MANGO","JUNCOS","PR",777,NA,NA,398,"CALLE PAJUIL BO MANGO, JUNCOS, PR, 777","No_Match",NA,NA,NA,NA
957899,"CALLE PARIS 243 PMB 1005","SAN JUAN","PR",907,NA,NA,399,"CALLE PARIS 243 PMB 1005, SAN JUAN, PR, 907","No_Match",NA,NA,NA,NA
957900,"CALLE PASEO DE MALIBU 95","NOGALES",NA,NA,NA,NA,400,"CALLE PASEO DE MALIBU 95, NOGALES, , ","No_Match",NA,NA,NA,NA
957901,"CALLE PILAR 62","RIO PIEDRAS","PR",935,NA,NA,401,"CALLE PILAR 62, RIO PIEDRAS, PR, 935","No_Match",NA,NA,NA,NA
957902,"CALLE PONCE 98","SAN JUAN","PR",917,NA,NA,402,"CALLE PONCE 98, SAN JUAN, PR, 917","No_Match",NA,NA,NA,NA
957903,"CALLE PRINCESA DIANA 52","GUAYNABO","PR",969,NA,NA,403,"CALLE PRINCESA DIANA 52, GUAYNABO, PR, 969","No_Match",NA,NA,NA,NA
957904,"CALLE PRINCIPAL 36 CALVACHE","RINCON","PR",677,NA,NA,404,"CALLE PRINCIPAL 36 CALVACHE, RINCON, PR, 677","No_Match",NA,NA,NA,NA
957905,"CALLE PRINCIPAL 8 BO SAINT JUST","TRUJILLO ALTO","PR",976,NA,NA,405,"CALLE PRINCIPAL 8 BO SAINT JUST, TRUJILLO ALTO, PR, 976","No_Match",NA,NA,NA,NA
957906,"CALLE RIO INGENIO AH-8","BAYAMON","PR",961,NA,NA,406,"CALLE RIO INGENIO AH-8, BAYAMON, PR, 961","No_Match",NA,NA,NA,NA
957907,"CALLE ROBLE 18 URB COLINAS DE JUNCO","JUNCOS","PR",777,NA,NA,407,"CALLE ROBLE 18 URB COLINAS DE JUNCO, JUNCOS, PR, 777","No_Match",NA,NA,NA,NA
957908,"CALLE ROBLES  51","RIO PIEDRAS","PR",925,NA,NA,408,"CALLE ROBLES  51, RIO PIEDRAS, PR, 925","No_Match",NA,NA,NA,NA
957909,"CALLE ROMA 381 DPTO 401","LIMA-PERU",NA,NA,NA,NA,409,"CALLE ROMA 381 DPTO 401, LIMA-PERU, , ","No_Match",NA,NA,NA,NA
957910,"CALLE ROSALEDA A25","SAN JUAN","PR",926,NA,NA,410,"CALLE ROSALEDA A25, SAN JUAN, PR, 926","No_Match",NA,NA,NA,NA
957911,"CALLE ROSARIO 256 APT 304","SAN JUAN","PR",912,NA,NA,411,"CALLE ROSARIO 256 APT 304, SAN JUAN, PR, 912","No_Match",NA,NA,NA,NA
957912,"CALLE RUIZSENOR 30","MOCA","PR",676,NA,NA,412,"CALLE RUIZSENOR 30, MOCA, PR, 676","No_Match",NA,NA,NA,NA
957913,"CALLE SAN FRANCIASCO 260 LC3","SAN JUAN","PR",901,NA,NA,413,"CALLE SAN FRANCIASCO 260 LC3, SAN JUAN, PR, 901","No_Match",NA,NA,NA,NA
957914,"CALLE SAN FRANCISCO 360","SAN JUAN","PR",901,NA,NA,414,"CALLE SAN FRANCISCO 360, SAN JUAN, PR, 901","No_Match",NA,NA,NA,NA
957915,"CALLE SATURNINO RODRIGUEZ 5","YABUCOA","PR",767,NA,NA,415,"CALLE SATURNINO RODRIGUEZ 5, YABUCOA, PR, 767","No_Match",NA,NA,NA,NA
957916,"CALLE SEG DELGADO G25 CAROLINA ALTA","CAROLINA","PR",987,NA,NA,416,"CALLE SEG DELGADO G25 CAROLINA ALTA, CAROLINA, PR, 987","No_Match",NA,NA,NA,NA
957917,"CALLE SORBONA 205A UNIV GARDENS","SAN JUAN","PR",927,NA,NA,417,"CALLE SORBONA 205A UNIV GARDENS, SAN JUAN, PR, 927","No_Match",NA,NA,NA,NA
957918,"CALLE TAFT 670 URB LAS CUMBRES","SAN JUAN","PR",926,NA,NA,418,"CALLE TAFT 670 URB LAS CUMBRES, SAN JUAN, PR, 926","No_Match",NA,NA,NA,NA
957919,"CALLE TEODORO AGUILAR 469 URB LOS M","SAN JUAN","PR",923,NA,NA,419,"CALLE TEODORO AGUILAR 469 URB LOS M, SAN JUAN, PR, 923","No_Match",NA,NA,NA,NA
957920,"CALLE TERRANOVA 69017","ISABELA","PR",662,NA,NA,420,"CALLE TERRANOVA 69017, ISABELA, PR, 662","No_Match",NA,NA,NA,NA
957921,"CALLE TOCOPILLA NO 1773","COCHABAMBA","FM",0,NA,NA,421,"CALLE TOCOPILLA NO 1773, COCHABAMBA, FM, 0","No_Match",NA,NA,NA,NA
957922,"CALLE TRINITARIA 95 EXT SANTA MARIA","SAN JUAN","PR",927,NA,NA,422,"CALLE TRINITARIA 95 EXT SANTA MARIA, SAN JUAN, PR, 927","No_Match",NA,NA,NA,NA
957923,"CALLE UTRERA Q3 URB VILLA ANDALUCIA","SAN JUAN","PR",926,NA,NA,423,"CALLE UTRERA Q3 URB VILLA ANDALUCIA, SAN JUAN, PR, 926","No_Match",NA,NA,NA,NA
957924,"CALLE VEJAR","RANCHO CUCAMUNGA","CA",91730,NA,NA,424,"CALLE VEJAR, RANCHO CUCAMUNGA, CA, 91730","No_Match",NA,NA,NA,NA
957925,"CALLE VICTORIA 11","HUMACAO","PR",791,NA,NA,425,"CALLE VICTORIA 11, HUMACAO, PR, 791","No_Match",NA,NA,NA,NA
957926,"CALLE VIGIA Y6 COLINAS METROPOLITAN","GUAYNABO","PR",965,NA,NA,426,"CALLE VIGIA Y6 COLINAS METROPOLITAN, GUAYNABO, PR, 965","No_Match",NA,NA,NA,NA
957927,"CALLE VILLABLANCA 6","MANATI","PR",674,NA,NA,427,"CALLE VILLABLANCA 6, MANATI, PR, 674","No_Match",NA,NA,NA,NA
957928,"CALLE VISTAMAR 25353","ISABELA","PR",662,NA,NA,428,"CALLE VISTAMAR 25353, ISABELA, PR, 662","No_Match",NA,NA,NA,NA
957929,"CALLEJON DE HUIHUITITLA 74 BC DE SF","COYOACAN DF MEXICO",NA,NA,NA,NA,429,"CALLEJON DE HUIHUITITLA 74 BC DE SF, COYOACAN DF MEXICO, , ","No_Match",NA,NA,NA,NA
957930,"CALLLE UNION 661","SAN JUAN","PR",907,NA,NA,430,"CALLLE UNION 661, SAN JUAN, PR, 907","No_Match",NA,NA,NA,NA
957931,"CALVIN COLLEGE","GRAND RAPIDS","MI",49546,NA,NA,431,"CALVIN COLLEGE, GRAND RAPIDS, MI, 49546","No_Match",NA,NA,NA,NA
957932,"CALZ CHETUMAL 360","SAN FELIPE",NA,NA,NA,NA,432,"CALZ CHETUMAL 360, SAN FELIPE, , ","No_Match",NA,NA,NA,NA
957933,"CAM 224B SWOSU 100 W CAMPUS DRIVE","WEATHERFORD","OK",73096,35.534824902,-98.707866687,433,"CAM 224B SWOSU 100 W CAMPUS DRIVE, WEATHERFORD, OK, 73096","Match","Exact","100 W CAMPUS DR, WEATHERFORD, OK, 73096",150574382,"L"
957934,"CAMBRIDGE LANE","NICHOLASVILLE","KY",40356,NA,NA,434,"CAMBRIDGE LANE, NICHOLASVILLE, KY, 40356","No_Match",NA,NA,NA,NA
957935,"CAMBRIDGE PARK CALLE BEACON B13","SAN JUAN","PR",926,NA,NA,435,"CAMBRIDGE PARK CALLE BEACON B13, SAN JUAN, PR, 926","No_Match",NA,NA,NA,NA
957936,"CAMBRIDGE","DAYTON","OH",45406,NA,NA,436,"CAMBRIDGE, DAYTON, OH, 45406","No_Match",NA,NA,NA,NA
957937,"CAMDEN RD","LINCOLNVILLE","ME",4849,NA,NA,437,"CAMDEN RD, LINCOLNVILLE, ME, 4849","No_Match",NA,NA,NA,NA
957938,"CAMELLIA WAY","DALLAS","IL",30132,NA,NA,438,"CAMELLIA WAY, DALLAS, IL, 30132","No_Match",NA,NA,NA,NA
957939,"CAMERON","GREENFIELD","OH",45123,NA,NA,439,"CAMERON, GREENFIELD, OH, 45123","No_Match",NA,NA,NA,NA
957940,"CAMEROON","YAOUNDE",NA,NA,NA,NA,440,"CAMEROON, YAOUNDE, , ","No_Match",NA,NA,NA,NA
957941,"CAMINO DE LA REINA 624 APT 5203","TRUJILLO ALTO","PR",976,NA,NA,441,"CAMINO DE LA REINA 624 APT 5203, TRUJILLO ALTO, PR, 976","No_Match",NA,NA,NA,NA
957942,"CAMINO DEL MONTE 15 PEDREGAL","GUAYNABO","PR",971,NA,NA,442,"CAMINO DEL MONTE 15 PEDREGAL, GUAYNABO, PR, 971","No_Match",NA,NA,NA,NA
957943,"CAMINO DEL SUR 468 CALLE GABIOTA","PONCE","PR",716,17.997124264,-66.5872576319999,443,"CAMINO DEL SUR 468 CALLE GABIOTA, PONCE, PR, 716","Match","Non_Exact","468 CLL GAVIOTA, PONCE, PR, 00716",205164867,"R"
957944,"CAMINO RINCON","PECOS","NM",87552,NA,NA,444,"CAMINO RINCON, PECOS, NM, 87552","No_Match",NA,NA,NA,NA
957945,"CAMP ROBINSON BOX 58","NORTH LITTLE ROCK","AR",72199,NA,NA,445,"CAMP ROBINSON BOX 58, NORTH LITTLE ROCK, AR, 72199","No_Match",NA,NA,NA,NA
957946,"CAMPUS BOX 035","DENVER","CO",80217,NA,NA,446,"CAMPUS BOX 035, DENVER, CO, 80217","No_Match",NA,NA,NA,NA
957947,"CAMPUS BOX 1120 - ONE BROOKINGS DR","SAINT LOUIS","MO",63130,NA,NA,447,"CAMPUS BOX 1120 - ONE BROOKINGS DR, SAINT LOUIS, MO, 63130","No_Match",NA,NA,NA,NA
957948,"CAMPUS BOX 137 U NORTHERN COLORADO","GREELEY","CO",80639,NA,NA,448,"CAMPUS BOX 137 U NORTHERN COLORADO, GREELEY, CO, 80639","No_Match",NA,NA,NA,NA
957949,"CAMPUS BOX 4024 - KELLOGG CIRCLE","EMPORIA","KS",66801,NA,NA,449,"CAMPUS BOX 4024 - KELLOGG CIRCLE, EMPORIA, KS, 66801","No_Match",NA,NA,NA,NA
957950,"CAMPUS BOX 4480","NORMAL","IL",61761,NA,NA,450,"CAMPUS BOX 4480, NORMAL, IL, 61761","No_Match",NA,NA,NA,NA
957951,"CAMPUS BOX 5100","CHAPEL HILL","NC",27599,NA,NA,451,"CAMPUS BOX 5100, CHAPEL HILL, NC, 27599","No_Match",NA,NA,NA,NA
957952,"CAMPUS BOX 5500  KENAN","CHAPEL HILL","NC",27599,NA,NA,452,"CAMPUS BOX 5500  KENAN, CHAPEL HILL, NC, 27599","No_Match",NA,NA,NA,NA
957953,"CAMPUS BOX 7111 NCSU LIBRARIES","RALEIGH","NC",27695,NA,NA,453,"CAMPUS BOX 7111 NCSU LIBRARIES, RALEIGH, NC, 27695","No_Match",NA,NA,NA,NA
957954,"CAMPUS BOX 7295 2610 CATES AVENUE","RALEIGH","NC",27695,NA,NA,454,"CAMPUS BOX 7295 2610 CATES AVENUE, RALEIGH, NC, 27695","No_Match",NA,NA,NA,NA
957955,"CAMPUS BOX 7295","RALEIGH","NC",27695,NA,NA,455,"CAMPUS BOX 7295, RALEIGH, NC, 27695","No_Match",NA,NA,NA,NA
957956,"CAMPUS BOX 7306 2610 CATES AVENUE","RALEIGH","NC",27695,NA,NA,456,"CAMPUS BOX 7306 2610 CATES AVENUE, RALEIGH, NC, 27695","No_Match",NA,NA,NA,NA
957957,"CAMPUS BOX 8113","RALEIGH","NC",27695,NA,NA,457,"CAMPUS BOX 8113, RALEIGH, NC, 27695","No_Match",NA,NA,NA,NA
957958,"CAMPUS DR NE","LACEY","WA",98516,NA,NA,458,"CAMPUS DR NE, LACEY, WA, 98516","No_Match",NA,NA,NA,NA
957959,"CAMPUS MAILBOX 359895 325 9TH AVE","SEATTLE","WA",98104,47.6041893720001,-122.323515517,459,"CAMPUS MAILBOX 359895 325 9TH AVE, SEATTLE, WA, 98104","Match","Exact","325 9TH AVE, SEATTLE, WA, 98104",186663415,"L"
957960,"CANAAN RD","DEER ISLAND","OR",97054,NA,NA,460,"CANAAN RD, DEER ISLAND, OR, 97054","No_Match",NA,NA,NA,NA
957961,"CANADA","MONTREAL",NA,NA,NA,NA,461,"CANADA, MONTREAL, , ","No_Match",NA,NA,NA,NA
957962,"CANAL STREET","LAUREL","IN",47024,NA,NA,462,"CANAL STREET, LAUREL, IN, 47024","No_Match",NA,NA,NA,NA
957963,"CANAL STREET","LYONS","NY",14489,NA,NA,463,"CANAL STREET, LYONS, NY, 14489","No_Match",NA,NA,NA,NA
957964,"CANARY","MIDLOTHIAN","TX",76065,NA,NA,464,"CANARY, MIDLOTHIAN, TX, 76065","No_Match",NA,NA,NA,NA
957965,"CANDLEWOOD DRIVE","DANBURY","CT",6811,NA,NA,465,"CANDLEWOOD DRIVE, DANBURY, CT, 6811","No_Match",NA,NA,NA,NA
957966,"CANE STREET","POMPEYS PILLAR","MT",59064,NA,NA,466,"CANE STREET, POMPEYS PILLAR, MT, 59064","No_Match",NA,NA,NA,NA
957967,"CANNE A SUCRE","CARREFOUR",NA,NA,NA,NA,467,"CANNE A SUCRE, CARREFOUR, , ","No_Match",NA,NA,NA,NA
957968,"CANNON WAY","LIVE OAK","CA",95953,NA,NA,468,"CANNON WAY, LIVE OAK, CA, 95953","No_Match",NA,NA,NA,NA
957969,"CANTERBURY ST NW","CANTON","OH",44708,NA,NA,469,"CANTERBURY ST NW, CANTON, OH, 44708","No_Match",NA,NA,NA,NA
957970,"CANTERBURY STREET","HARTFORD","CT",6112,NA,NA,470,"CANTERBURY STREET, HARTFORD, CT, 6112","No_Match",NA,NA,NA,NA
957971,"CAPITAL BUILDING PO BOX 1690","ST THOMAS","VI",804,NA,NA,471,"CAPITAL BUILDING PO BOX 1690, ST THOMAS, VI, 804","No_Match",NA,NA,NA,NA
957972,"CAPITAL DR","APPLETON","WI",54915,NA,NA,472,"CAPITAL DR, APPLETON, WI, 54915","No_Match",NA,NA,NA,NA
957973,"CAPITAL HILL","SAIPAN","MP",96950,NA,NA,473,"CAPITAL HILL, SAIPAN, MP, 96950","No_Match",NA,NA,NA,NA
957974,"CAR 183 KM 4 8 TOMAS DE CASTRO 2","CAGUAS","PR",725,18.283230599,-66.062760826,474,"CAR 183 KM 4 8 TOMAS DE CASTRO 2, CAGUAS, PR, 725","Match","Non_Exact","183 CLL 4, CAGUAS, PR, 00725",206301002,"R"
957975,"CARDINAL DRIVE","CONCORD","NH",3301,NA,NA,475,"CARDINAL DRIVE, CONCORD, NH, 3301","No_Match",NA,NA,NA,NA
957976,"CARDINAL STREET","FAIRMONT","MN",56031,NA,NA,476,"CARDINAL STREET, FAIRMONT, MN, 56031","No_Match",NA,NA,NA,NA
957977,"CARE 0F LCMS IC 1333 S KIRKWOOD RD","SAINT LOUIS","MO",63122,38.5586904670001,-90.406942455,477,"CARE 0F LCMS IC 1333 S KIRKWOOD RD, SAINT LOUIS, MO, 63122","Match","Exact","1333 S KIRKWOOD RD, SAINT LOUIS, MO, 63122",615048145,"R"
957978,"CARE OF 125 CEDAR STRET APT 7N","NEW YORK","NY",10006,NA,NA,478,"CARE OF 125 CEDAR STRET APT 7N, NEW YORK, NY, 10006","No_Match",NA,NA,NA,NA
957979,"CARE OF 1945 11TH STREET","PENROSE","CO",81240,38.417876241,-104.962003544,479,"CARE OF 1945 11TH STREET, PENROSE, CO, 81240","Match","Exact","1945 11TH ST, PENROSE, CO, 81240",612607187,"L"
957980,"CARE OF 254 SEYMOUR ROAD","WOODBRIDGE","CT",6525,41.3912691720001,-73.03752393,480,"CARE OF 254 SEYMOUR ROAD, WOODBRIDGE, CT, 6525","Match","Exact","254 SEYMOUR RD, WOODBRIDGE, CT, 06525",618697221,"L"
957981,"CARE OF 7715 COLLINA LANDING TRAIL","RICHMOND","TX",77407,29.689829887,-95.725548263,481,"CARE OF 7715 COLLINA LANDING TRAIL, RICHMOND, TX, 77407","Match","Exact","7715 COLLINA LANDING TRL, RICHMOND, TX, 77407",648942177,"L"
957982,"CARE OF HENRY YEN PO BOX 850","HICKSVILLE","NY",11802,NA,NA,482,"CARE OF HENRY YEN PO BOX 850, HICKSVILLE, NY, 11802","No_Match",NA,NA,NA,NA
957983,"CARE OF JANINE FRIER 13 ASTON COURT","OWINGS MILLS","MD",21117,39.4569153140001,-76.767376665,483,"CARE OF JANINE FRIER 13 ASTON COURT, OWINGS MILLS, MD, 21117","Match","Exact","13 ASTON CT, OWINGS MILLS, MD, 21117",191561659,"R"
957984,"CARE OF MT 1818 MARKET ST STE 2900","PHILADELPHIA","PA",19103,NA,NA,484,"CARE OF MT 1818 MARKET ST STE 2900, PHILADELPHIA, PA, 19103","No_Match",NA,NA,NA,NA
957985,"CARE OF WILSON 1701 S RIDGE ROAD","LAKE FOREST","IL",60045,NA,NA,485,"CARE OF WILSON 1701 S RIDGE ROAD, LAKE FOREST, IL, 60045","No_Match",NA,NA,NA,NA
957986,"CARIBBEAN WAY","NICEVILLE","FL",32578,NA,NA,486,"CARIBBEAN WAY, NICEVILLE, FL, 32578","No_Match",NA,NA,NA,NA
957987,"CARL","LIVINGSTON","WA",98118,NA,NA,487,"CARL, LIVINGSTON, WA, 98118","No_Match",NA,NA,NA,NA
957988,"CARLTON HOUSE RM 402","BUFFALO","NY",14263,NA,NA,488,"CARLTON HOUSE RM 402, BUFFALO, NY, 14263","No_Match",NA,NA,NA,NA
957989,"CARLYE DR","MARIETTA","GA",30062,NA,NA,489,"CARLYE DR, MARIETTA, GA, 30062","No_Match",NA,NA,NA,NA
957990,"CARMICHAEL HALL 110D 580 E MAIN ST","SPARTANBURG","SC",29302,34.954525162,-81.916392351,490,"CARMICHAEL HALL 110D 580 E MAIN ST, SPARTANBURG, SC, 29302","Match","Exact","580 E MAIN ST, SPARTANBURG, SC, 29302",638984108,"L"
957991,"CARR  131 KM 1 HM 2 BO GUILARTE","ADJUNTAS","PR",601,NA,NA,491,"CARR  131 KM 1 HM 2 BO GUILARTE, ADJUNTAS, PR, 601","No_Match",NA,NA,NA,NA
957992,"CARR 105 KM 19-6 INTERIOR","MARICAO","PR",606,NA,NA,492,"CARR 105 KM 19-6 INTERIOR, MARICAO, PR, 606","No_Match",NA,NA,NA,NA
957993,"CARR 110 KM 08 MALEZA ALTA","AGUADILLA","PR",603,NA,NA,493,"CARR 110 KM 08 MALEZA ALTA, AGUADILLA, PR, 603","No_Match",NA,NA,NA,NA
957994,"CARR 111 KM 5 H7","MOCA","PR",676,18.3790351660001,-67.084649627,494,"CARR 111 KM 5 H7, MOCA, PR, 676","Match","Non_Exact","111 CLL 5, MOCA, PR, 00676",633685438,"L"
957995,"CARR 113 BZN 2964","QUEBRADILLAS","PR",678,NA,NA,495,"CARR 113 BZN 2964, QUEBRADILLAS, PR, 678","No_Match",NA,NA,NA,NA
957996,"CARR 119 KM 11 8","CAMUY","PR",627,NA,NA,496,"CARR 119 KM 11 8, CAMUY, PR, 627","No_Match",NA,NA,NA,NA
957997,"CARR 125 KM 13 8 BO CAPA","MOCA","PR",676,NA,NA,497,"CARR 125 KM 13 8 BO CAPA, MOCA, PR, 676","No_Match",NA,NA,NA,NA
957998,"CARR 125 KM 18 4 BO GUATEMALA","SAN SEBASTIAN","PR",685,NA,NA,498,"CARR 125 KM 18 4 BO GUATEMALA, SAN SEBASTIAN, PR, 685","No_Match",NA,NA,NA,NA
957999,"CARR 131 KM 1 HM 2 BO GUILARTE","ADJUNTAS","PR",601,NA,NA,499,"CARR 131 KM 1 HM 2 BO GUILARTE, ADJUNTAS, PR, 601","No_Match",NA,NA,NA,NA
958000,"CARR 141 KM 14 7  BARRIO MAMEYES","JAYUYA","PR",650,NA,NA,500,"CARR 141 KM 14 7  BARRIO MAMEYES, JAYUYA, PR, 650","No_Match",NA,NA,NA,NA
