"ID","Address","City","State","Zip","lat","long","id","input_address","match_indicator","match_type","matched_address","tiger_line_id","tiger_side"
963001,"NOT APPLICABLE","NOT APPLICABLE","FL",32766,NA,NA,1,"NOT APPLICABLE, NOT APPLICABLE, FL, 32766","No_Match",NA,NA,NA,NA
963002,"NOT APPLICABLE","NOT APPLICABLE","FL",32955,NA,NA,2,"NOT APPLICABLE, NOT APPLICABLE, FL, 32955","No_Match",NA,NA,NA,NA
963003,"NOT APPLICABLE","NOT APPLICABLE","FL",33414,NA,NA,3,"NOT APPLICABLE, NOT APPLICABLE, FL, 33414","No_Match",NA,NA,NA,NA
963004,"NOT APPLICABLE","NOT APPLICABLE","FL",34957,NA,NA,4,"NOT APPLICABLE, NOT APPLICABLE, FL, 34957","No_Match",NA,NA,NA,NA
963005,"NOT APPLICABLE","NOT APPLICABLE","FL",99999,NA,NA,5,"NOT APPLICABLE, NOT APPLICABLE, FL, 99999","No_Match",NA,NA,NA,NA
963006,"NOT APPLICABLE","NOT APPLICABLE","KY",99999,NA,NA,6,"NOT APPLICABLE, NOT APPLICABLE, KY, 99999","No_Match",NA,NA,NA,NA
963007,"NOT APPLICABLE","NOT APPLICABLE","MA",0,NA,NA,7,"NOT APPLICABLE, NOT APPLICABLE, MA, 0","No_Match",NA,NA,NA,NA
963008,"NOT APPLICABLE","NOT APPLICABLE","MA",2667,NA,NA,8,"NOT APPLICABLE, NOT APPLICABLE, MA, 2667","No_Match",NA,NA,NA,NA
963009,"NOT APPLICABLE","NOT APPLICABLE","MD",99999,NA,NA,9,"NOT APPLICABLE, NOT APPLICABLE, MD, 99999","No_Match",NA,NA,NA,NA
963010,"NOT APPLICABLE","NOT APPLICABLE","MI",49301,NA,NA,10,"NOT APPLICABLE, NOT APPLICABLE, MI, 49301","No_Match",NA,NA,NA,NA
963011,"NOT APPLICABLE","NOT APPLICABLE",NA,NA,NA,NA,11,"NOT APPLICABLE, NOT APPLICABLE, , ","No_Match",NA,NA,NA,NA
963012,"NOT APPLICABLE","NOT APPLICABLE","NC",0,NA,NA,12,"NOT APPLICABLE, NOT APPLICABLE, NC, 0","No_Match",NA,NA,NA,NA
963013,"NOT APPLICABLE","NOT APPLICABLE","NV",89178,NA,NA,13,"NOT APPLICABLE, NOT APPLICABLE, NV, 89178","No_Match",NA,NA,NA,NA
963014,"NOT APPLICABLE","NOT APPLICABLE","NY",0,NA,NA,14,"NOT APPLICABLE, NOT APPLICABLE, NY, 0","No_Match",NA,NA,NA,NA
963015,"NOT APPLICABLE","NOT APPLICABLE","NY",10022,NA,NA,15,"NOT APPLICABLE, NOT APPLICABLE, NY, 10022","No_Match",NA,NA,NA,NA
963016,"NOT APPLICABLE","NOT APPLICABLE","OK",73120,NA,NA,16,"NOT APPLICABLE, NOT APPLICABLE, OK, 73120","No_Match",NA,NA,NA,NA
963017,"NOT APPLICABLE","NOT APPLICABLE","OR",0,NA,NA,17,"NOT APPLICABLE, NOT APPLICABLE, OR, 0","No_Match",NA,NA,NA,NA
963018,"NOT APPLICABLE","NOT APPLICABLE","OR",97914,NA,NA,18,"NOT APPLICABLE, NOT APPLICABLE, OR, 97914","No_Match",NA,NA,NA,NA
963019,"NOT APPLICABLE","NOT APPLICABLE","PA",0,NA,NA,19,"NOT APPLICABLE, NOT APPLICABLE, PA, 0","No_Match",NA,NA,NA,NA
963020,"NOT APPLICABLE","NOT APPLICABLE","SC",29205,NA,NA,20,"NOT APPLICABLE, NOT APPLICABLE, SC, 29205","No_Match",NA,NA,NA,NA
963021,"NOT APPLICABLE","NOT APPLICABLE","SD",0,NA,NA,21,"NOT APPLICABLE, NOT APPLICABLE, SD, 0","No_Match",NA,NA,NA,NA
963022,"NOT APPLICABLE","NOT APPLICABLE","TX",0,NA,NA,22,"NOT APPLICABLE, NOT APPLICABLE, TX, 0","No_Match",NA,NA,NA,NA
963023,"NOT APPLICABLE","NOT APPLICABLE","TX",77005,NA,NA,23,"NOT APPLICABLE, NOT APPLICABLE, TX, 77005","No_Match",NA,NA,NA,NA
963024,"NOT APPLICABLE","NOT APPLICABLE","TX",99999,NA,NA,24,"NOT APPLICABLE, NOT APPLICABLE, TX, 99999","No_Match",NA,NA,NA,NA
963025,"NOT APPLICABLE","NOT APPLICABLE","VA",0,NA,NA,25,"NOT APPLICABLE, NOT APPLICABLE, VA, 0","No_Match",NA,NA,NA,NA
963026,"NOT APPLICABLE","NOT APPLICABLE","VA",24091,NA,NA,26,"NOT APPLICABLE, NOT APPLICABLE, VA, 24091","No_Match",NA,NA,NA,NA
963027,"NOT AVAILABLE","NOT AVAILABLE","CA",0,NA,NA,27,"NOT AVAILABLE, NOT AVAILABLE, CA, 0","No_Match",NA,NA,NA,NA
963028,"NOT KNOWN","/",NA,NA,NA,NA,28,"NOT KNOWN, /, , ","No_Match",NA,NA,NA,NA
963029,"NOTABLE A DAKAR","DAKAR","UT",90000,NA,NA,29,"NOTABLE A DAKAR, DAKAR, UT, 90000","No_Match",NA,NA,NA,NA
963030,"NOTABLE A KOUSSANAR ESCALE","KOUSSANAR","UT",90000,NA,NA,30,"NOTABLE A KOUSSANAR ESCALE, KOUSSANAR, UT, 90000","No_Match",NA,NA,NA,NA
963031,"NOTLEY STREET","PASADENA","MD",21122,NA,NA,31,"NOTLEY STREET, PASADENA, MD, 21122","No_Match",NA,NA,NA,NA
963032,"NOTRE DAME COLLEGE - 4545 COLLEGE R","SOUTH EUCLID","OH",44121,41.505612012,-81.515290818,32,"NOTRE DAME COLLEGE - 4545 COLLEGE R, SOUTH EUCLID, OH, 44121","Match","Exact","4545 COLLEGE RD, SOUTH EUCLID, OH, 44121",61125832,"L"
963033,"NOUTOUA ZIETOUA","WINDSOR MILL","MD",21244,NA,NA,33,"NOUTOUA ZIETOUA, WINDSOR MILL, MD, 21244","No_Match",NA,NA,NA,NA
963034,"NOWELA PLACE","KAILUA","HI",96734,NA,NA,34,"NOWELA PLACE, KAILUA, HI, 96734","No_Match",NA,NA,NA,NA
963035,"NOWHERE","NONE","AZ",85018,NA,NA,35,"NOWHERE, NONE, AZ, 85018","No_Match",NA,NA,NA,NA
963036,"NP 101 169-A","SANTA FE","NM",87506,NA,NA,36,"NP 101 169-A, SANTA FE, NM, 87506","No_Match",NA,NA,NA,NA
963037,"NP 118 NUMBER 377","SANTA FE","NM",87506,NA,NA,37,"NP 118 NUMBER 377, SANTA FE, NM, 87506","No_Match",NA,NA,NA,NA
963038,"NP43 LAKE CHEROKEE","LONGVIEW","TX",75603,NA,NA,38,"NP43 LAKE CHEROKEE, LONGVIEW, TX, 75603","Tie",NA,NA,NA,NA
963039,"NREM 339 SCIENCE II HALL","AMES","IA",50011,NA,NA,39,"NREM 339 SCIENCE II HALL, AMES, IA, 50011","No_Match",NA,NA,NA,NA
963040,"NTA ROAD GARDNERSVILLE","MONROVIA",NA,NA,NA,NA,40,"NTA ROAD GARDNERSVILLE, MONROVIA, , ","No_Match",NA,NA,NA,NA
963041,"NUKK-FREEMAN 26 MAIN ST STE 202","CHATHAM","NJ",7928,NA,NA,41,"NUKK-FREEMAN 26 MAIN ST STE 202, CHATHAM, NJ, 7928","No_Match",NA,NA,NA,NA
963042,"NUMBER 3 111 BENT STREET","TAOS","NM",87571,36.408356031,-105.573050924,42,"NUMBER 3 111 BENT STREET, TAOS, NM, 87571","Match","Exact","111 BENT ST, TAOS, NM, 87571",159934354,"R"
963043,"NUMBER 5 SUMMERWIND PLACE","ROSWELL","NM",88201,NA,NA,43,"NUMBER 5 SUMMERWIND PLACE, ROSWELL, NM, 88201","No_Match",NA,NA,NA,NA
963044,"NUMBER 7  12TH AVENUE","NESQUEHONING","PA",18240,NA,NA,44,"NUMBER 7  12TH AVENUE, NESQUEHONING, PA, 18240","No_Match",NA,NA,NA,NA
963045,"NUMERO GROUP","CHICAGO","IL",60623,NA,NA,45,"NUMERO GROUP, CHICAGO, IL, 60623","No_Match",NA,NA,NA,NA
963046,"NURSERY SCHOOL 208 4TH ST","WINTERS","CA",95694,38.5190087330001,-121.974298455,46,"NURSERY SCHOOL 208 4TH ST, WINTERS, CA, 95694","Match","Exact","208 4TH ST, WINTERS, CA, 95694",67695028,"L"
963047,"NUUULI","PAGO PAGO","AS",96799,NA,NA,47,"NUUULI, PAGO PAGO, AS, 96799","No_Match",NA,NA,NA,NA
963048,"NVRC 3040 WILLIAMS DR SUITE 200","FAIRFAX","VA",22031,NA,NA,48,"NVRC 3040 WILLIAMS DR SUITE 200, FAIRFAX, VA, 22031","No_Match",NA,NA,NA,NA
963049,"NW 112 AVE APT 116","DORAL","FL",33178,NA,NA,49,"NW 112 AVE APT 116, DORAL, FL, 33178","No_Match",NA,NA,NA,NA
963050,"NW 113TH AVENUE","PARKLAND","FL",33076,NA,NA,50,"NW 113TH AVENUE, PARKLAND, FL, 33076","No_Match",NA,NA,NA,NA
963051,"NW 2096 JAKES LITTLE FIREWEED LANE","HOMER","AK",99603,NA,NA,51,"NW 2096 JAKES LITTLE FIREWEED LANE, HOMER, AK, 99603","No_Match",NA,NA,NA,NA
963052,"NW 36TH PLACE","CORAL SPRINGS","FL",33065,NA,NA,52,"NW 36TH PLACE, CORAL SPRINGS, FL, 33065","No_Match",NA,NA,NA,NA
963053,"NW COUNTY ROAD 12","BRISTOL","FL",32321,NA,NA,53,"NW COUNTY ROAD 12, BRISTOL, FL, 32321","No_Match",NA,NA,NA,NA
963054,"NWACC  ONE COLLEGE DRIVE","BENTONVILLE","AR",72712,NA,NA,54,"NWACC  ONE COLLEGE DRIVE, BENTONVILLE, AR, 72712","No_Match",NA,NA,NA,NA
963055,"NWMS 6889 N OAK TRAFFICWAY STE400","GLADSTONE","MO",64119,NA,NA,55,"NWMS 6889 N OAK TRAFFICWAY STE400, GLADSTONE, MO, 64119","No_Match",NA,NA,NA,NA
963056,"NWMSU  108 OWENS LIBRARY","MARYVILLE","MO",64468,NA,NA,56,"NWMSU  108 OWENS LIBRARY, MARYVILLE, MO, 64468","No_Match",NA,NA,NA,NA
963057,"NWU LAW 375 EAST CHICAGO AVE","CHICAGO","IL",60611,41.8967891570001,-87.619988865,57,"NWU LAW 375 EAST CHICAGO AVE, CHICAGO, IL, 60611","Match","Exact","375 E CHICAGO AVE, CHICAGO, IL, 60611",111890231,"R"
963058,"NY","BRONX","NY",10462,NA,NA,58,"NY, BRONX, NY, 10462","No_Match",NA,NA,NA,NA
963059,"NY","BROOKLYN","NY",11219,NA,NA,59,"NY, BROOKLYN, NY, 11219","No_Match",NA,NA,NA,NA
963060,"NY","CORTLANDT MANOR","NY",10567,NA,NA,60,"NY, CORTLANDT MANOR, NY, 10567","No_Match",NA,NA,NA,NA
963061,"NY","FOREST HILLS","NY",11375,NA,NA,61,"NY, FOREST HILLS, NY, 11375","No_Match",NA,NA,NA,NA
963062,"NYARUGUSU","KIGOMA","WI",53208,NA,NA,62,"NYARUGUSU, KIGOMA, WI, 53208","No_Match",NA,NA,NA,NA
963063,"NYIT NORTH HOUSE NORTHERN BLVD","OLD WESTBURY","NY",11568,NA,NA,63,"NYIT NORTH HOUSE NORTHERN BLVD, OLD WESTBURY, NY, 11568","No_Match",NA,NA,NA,NA
963064,"NYS ROUTE 3","HENDERSON","NY",13650,NA,NA,64,"NYS ROUTE 3, HENDERSON, NY, 13650","No_Match",NA,NA,NA,NA
963065,"NYU 530 1ST AVE 6TH FL","NEW YORK","NY",10016,NA,NA,65,"NYU 530 1ST AVE 6TH FL, NEW YORK, NY, 10016","No_Match",NA,NA,NA,NA
963066,"O BOX 161697","BIG SKY","MT",59716,NA,NA,66,"O BOX 161697, BIG SKY, MT, 59716","No_Match",NA,NA,NA,NA
963067,"O O BOX 85","SPURGER","TX",77660,NA,NA,67,"O O BOX 85, SPURGER, TX, 77660","No_Match",NA,NA,NA,NA
963068,"O","0","IL",0,NA,NA,68,"O, 0, IL, 0","No_Match",NA,NA,NA,NA
963069,"O","O","PA",19001,NA,NA,69,"O, O, PA, 19001","No_Match",NA,NA,NA,NA
963070,"O143 GROUSE CT","AVON","CO",81620,NA,NA,70,"O143 GROUSE CT, AVON, CO, 81620","No_Match",NA,NA,NA,NA
963071,"O3 GRANDVIEW DR","SOUTH BURLINGTON","VT",5403,44.4509071370001,-73.1757245379999,71,"O3 GRANDVIEW DR, SOUTH BURLINGTON, VT, 5403","Match","Exact","O3 GRANDVIEW DR, S BURLINGTON, VT, 05403",135855792,"R"
963072,"OA BUTTONWOOD LANE","PEABODY","MA",1960,NA,NA,72,"OA BUTTONWOOD LANE, PEABODY, MA, 1960","No_Match",NA,NA,NA,NA
963073,"OAK HILL ROAD","FRANKLIN","PA",16353,NA,NA,73,"OAK HILL ROAD, FRANKLIN, PA, 16353","No_Match",NA,NA,NA,NA
963074,"OAK HILL","PITTSBURGH","PA",15213,NA,NA,74,"OAK HILL, PITTSBURGH, PA, 15213","No_Match",NA,NA,NA,NA
963075,"OAK ROAD","NORRIS","TN",37828,NA,NA,75,"OAK ROAD, NORRIS, TN, 37828","No_Match",NA,NA,NA,NA
963076,"OAK RUN LANE","RALEIGH","NC",27606,NA,NA,76,"OAK RUN LANE, RALEIGH, NC, 27606","No_Match",NA,NA,NA,NA
963077,"OAK STREET","CARMI","IL",62821,NA,NA,77,"OAK STREET, CARMI, IL, 62821","No_Match",NA,NA,NA,NA
963078,"OAK STREET","DANVILLE","IA",52623,NA,NA,78,"OAK STREET, DANVILLE, IA, 52623","No_Match",NA,NA,NA,NA
963079,"OAK STREET","GREENVILLE","MO",63944,NA,NA,79,"OAK STREET, GREENVILLE, MO, 63944","No_Match",NA,NA,NA,NA
963080,"OAK STREET","MEADVILLE","PA",16345,NA,NA,80,"OAK STREET, MEADVILLE, PA, 16345","No_Match",NA,NA,NA,NA
963081,"OAKLAND UNIVERSITY WRITING CEN","ROCHESTER","MI",48309,NA,NA,81,"OAKLAND UNIVERSITY WRITING CEN, ROCHESTER, MI, 48309","No_Match",NA,NA,NA,NA
963082,"OAKVIEW DRIVE","NASHVILLE","TN",37207,NA,NA,82,"OAKVIEW DRIVE, NASHVILLE, TN, 37207","No_Match",NA,NA,NA,NA
963083,"OBANION RD","YUBA CITY","CA",95991,NA,NA,83,"OBANION RD, YUBA CITY, CA, 95991","No_Match",NA,NA,NA,NA
963084,"OBISPADO 253 BO MIRADERO","MAYAGUEZ","PR",682,NA,NA,84,"OBISPADO 253 BO MIRADERO, MAYAGUEZ, PR, 682","No_Match",NA,NA,NA,NA
963085,"OCAMPO 106 FRACC-RIO BRAVO 2","RIO BRAVO, MX",NA,NA,NA,NA,85,"OCAMPO 106 FRACC-RIO BRAVO 2, RIO BRAVO, MX, , ","No_Match",NA,NA,NA,NA
963086,"OCEAN DRIVE EAST","STAMFORD","CT",6902,NA,NA,86,"OCEAN DRIVE EAST, STAMFORD, CT, 6902","No_Match",NA,NA,NA,NA
963087,"OCH STREET","ROCHESTER","PA",15074,NA,NA,87,"OCH STREET, ROCHESTER, PA, 15074","No_Match",NA,NA,NA,NA
963088,"OCPJ  16 S  CAMPUS","OXFORD","OH",45056,NA,NA,88,"OCPJ  16 S  CAMPUS, OXFORD, OH, 45056","No_Match",NA,NA,NA,NA
963089,"OCPJ  16 S CAMPUS","OXFORD","OH",45056,NA,NA,89,"OCPJ  16 S CAMPUS, OXFORD, OH, 45056","No_Match",NA,NA,NA,NA
963090,"OCPJ 16 S CAMPUS","OXFORD","OH",45056,NA,NA,90,"OCPJ 16 S CAMPUS, OXFORD, OH, 45056","No_Match",NA,NA,NA,NA
963091,"OCTOBER COVE","SHELLEY","ID",83274,NA,NA,91,"OCTOBER COVE, SHELLEY, ID, 83274","No_Match",NA,NA,NA,NA
963092,"ODAY 35 W 35TH ST","NEW YORK","NY",10001,NA,NA,92,"ODAY 35 W 35TH ST, NEW YORK, NY, 10001","No_Match",NA,NA,NA,NA
963093,"ODDSTAD","PACIFICA","CA",94044,NA,NA,93,"ODDSTAD, PACIFICA, CA, 94044","No_Match",NA,NA,NA,NA
963094,"ODPG CHATELAIN","GONAIVES",NA,NA,NA,NA,94,"ODPG CHATELAIN, GONAIVES, , ","No_Match",NA,NA,NA,NA
963095,"OEHC BLDG 5 APT 55","ST THOMAS","VI",802,NA,NA,95,"OEHC BLDG 5 APT 55, ST THOMAS, VI, 802","No_Match",NA,NA,NA,NA
963096,"OF 8087 WORTHY DR","WESTMINSTER","CA",92683,NA,NA,96,"OF 8087 WORTHY DR, WESTMINSTER, CA, 92683","No_Match",NA,NA,NA,NA
963097,"OFFICE 149 BLDG T 155 S RAISINVILLE","MONROE","MI",48161,41.9353886280001,-83.461835617,97,"OFFICE 149 BLDG T 155 S RAISINVILLE, MONROE, MI, 48161","Match","Non_Exact","155 S RAISINVILLE RD, MONROE, MI, 48161",40478970,"R"
963098,"OFS - 875 N MICHIGAN AVE STE 2700","CHICAGO","IL",60611,NA,NA,98,"OFS - 875 N MICHIGAN AVE STE 2700, CHICAGO, IL, 60611","No_Match",NA,NA,NA,NA
963099,"OGUN STATE","NIGERIA",NA,NA,NA,NA,99,"OGUN STATE, NIGERIA, , ","No_Match",NA,NA,NA,NA
963100,"OH","CLEVELAND","OH",44108,NA,NA,100,"OH, CLEVELAND, OH, 44108","No_Match",NA,NA,NA,NA
963101,"OH","NEW ALBANY","OH",43054,NA,NA,101,"OH, NEW ALBANY, OH, 43054","No_Match",NA,NA,NA,NA
963102,"OHIO UNIV 57 OXBOW TRAIL","ATHENS","OH",45701,39.3261566190001,-82.104055495,102,"OHIO UNIV 57 OXBOW TRAIL, ATHENS, OH, 45701","Match","Exact","57 OXBOW TRL, ATHENS, OH, 45701",652273619,"R"
963103,"OK BOX 3161","SAN RAFAEL","CA",94912,NA,NA,103,"OK BOX 3161, SAN RAFAEL, CA, 94912","No_Match",NA,NA,NA,NA
963104,"OLD BEAUE COURT","CHURCHVILLE","MD",21028,NA,NA,104,"OLD BEAUE COURT, CHURCHVILLE, MD, 21028","No_Match",NA,NA,NA,NA
963105,"OLD BOONTON ROAD","DENVILLE","NJ",7834,NA,NA,105,"OLD BOONTON ROAD, DENVILLE, NJ, 7834","No_Match",NA,NA,NA,NA
963106,"OLD CALHOUN ROAD","ROME","GA",30161,NA,NA,106,"OLD CALHOUN ROAD, ROME, GA, 30161","No_Match",NA,NA,NA,NA
963107,"OLD COLUMBUS ROAD","TUSKEGEE","AL",36083,NA,NA,107,"OLD COLUMBUS ROAD, TUSKEGEE, AL, 36083","No_Match",NA,NA,NA,NA
963108,"OLD COUNTRY ROAD","WAITSFIELD","VT",5673,NA,NA,108,"OLD COUNTRY ROAD, WAITSFIELD, VT, 5673","No_Match",NA,NA,NA,NA
963109,"OLD DOMINION ST","RICHMOND","VA",23224,NA,NA,109,"OLD DOMINION ST, RICHMOND, VA, 23224","No_Match",NA,NA,NA,NA
963110,"OLD FARM ROAD","SPRINGFIELD","MA",1119,NA,NA,110,"OLD FARM ROAD, SPRINGFIELD, MA, 1119","No_Match",NA,NA,NA,NA
963111,"OLD FERRY ROAD","GWYNN","VA",23066,NA,NA,111,"OLD FERRY ROAD, GWYNN, VA, 23066","No_Match",NA,NA,NA,NA
963112,"OLD FORGE ROAD","SMITHSBURG","MD",21783,NA,NA,112,"OLD FORGE ROAD, SMITHSBURG, MD, 21783","No_Match",NA,NA,NA,NA
963113,"OLD HOSPITAL TRAILER CT NW 25","PINE RIDGE","SD",57770,NA,NA,113,"OLD HOSPITAL TRAILER CT NW 25, PINE RIDGE, SD, 57770","No_Match",NA,NA,NA,NA
963114,"OLD LEE ROAD","NEWFIELDS","NH",3856,NA,NA,114,"OLD LEE ROAD, NEWFIELDS, NH, 3856","No_Match",NA,NA,NA,NA
963115,"OLD NEW LIBERTY ROAD","OWENTON","KY",40359,NA,NA,115,"OLD NEW LIBERTY ROAD, OWENTON, KY, 40359","No_Match",NA,NA,NA,NA
963116,"OLD NEWPORT ROAD","MARLOW","NH",3456,NA,NA,116,"OLD NEWPORT ROAD, MARLOW, NH, 3456","No_Match",NA,NA,NA,NA
963117,"OLD ORCHARD RD","SHERBORN","MA",1770,NA,NA,117,"OLD ORCHARD RD, SHERBORN, MA, 1770","No_Match",NA,NA,NA,NA
963118,"OLD POST RD","MARLBORO","NY",12542,NA,NA,118,"OLD POST RD, MARLBORO, NY, 12542","No_Match",NA,NA,NA,NA
963119,"OLD RED STAR DR","BROOKHAVEN","MS",39601,NA,NA,119,"OLD RED STAR DR, BROOKHAVEN, MS, 39601","No_Match",NA,NA,NA,NA
963120,"OLD ROUTE 8 PO BOX 16","JAMAICA","VT",5343,NA,NA,120,"OLD ROUTE 8 PO BOX 16, JAMAICA, VT, 5343","No_Match",NA,NA,NA,NA
963121,"OLD RT 35","CHILLICOTHE","OH",45601,NA,NA,121,"OLD RT 35, CHILLICOTHE, OH, 45601","No_Match",NA,NA,NA,NA
963122,"OLD RTE 213","HIGH FALLS","NY",12440,NA,NA,122,"OLD RTE 213, HIGH FALLS, NY, 12440","No_Match",NA,NA,NA,NA
963123,"OLD SANDFORT ROAD","SEALE","AL",36875,NA,NA,123,"OLD SANDFORT ROAD, SEALE, AL, 36875","No_Match",NA,NA,NA,NA
963124,"OLD SANTA SUZANA PASS RD","CHATSWORTH","CA",91311,NA,NA,124,"OLD SANTA SUZANA PASS RD, CHATSWORTH, CA, 91311","No_Match",NA,NA,NA,NA
963125,"OLD ST RD 67","PARAGON","IN",46166,NA,NA,125,"OLD ST RD 67, PARAGON, IN, 46166","No_Match",NA,NA,NA,NA
963126,"OLD STATE ROAD","OWINGSVILLE","KY",40360,NA,NA,126,"OLD STATE ROAD, OWINGSVILLE, KY, 40360","No_Match",NA,NA,NA,NA
963127,"OLD STERLING HWY","ANCHOR POINT","AK",99556,NA,NA,127,"OLD STERLING HWY, ANCHOR POINT, AK, 99556","No_Match",NA,NA,NA,NA
963128,"OLD SUMMER CAMP RD","WARREN","VT",5674,NA,NA,128,"OLD SUMMER CAMP RD, WARREN, VT, 5674","No_Match",NA,NA,NA,NA
963129,"OLIPMIA ST NUM 19 BO SALTILLO","ADJUNTAS","PR",601,NA,NA,129,"OLIPMIA ST NUM 19 BO SALTILLO, ADJUNTAS, PR, 601","No_Match",NA,NA,NA,NA
963130,"OLIVER LOOP RD","ROXBORO","NC",27574,NA,NA,130,"OLIVER LOOP RD, ROXBORO, NC, 27574","No_Match",NA,NA,NA,NA
963131,"OLIVER ROAD APT 201","RALEIGH","NC",27614,NA,NA,131,"OLIVER ROAD APT 201, RALEIGH, NC, 27614","No_Match",NA,NA,NA,NA
963132,"OLIVETT RD","LUSBY","MD",20657,NA,NA,132,"OLIVETT RD, LUSBY, MD, 20657","No_Match",NA,NA,NA,NA
963133,"OMOHUNDRO STREET","NORFOLK","VA",23504,NA,NA,133,"OMOHUNDRO STREET, NORFOLK, VA, 23504","No_Match",NA,NA,NA,NA
963134,"ON476 BAKER DRIVE","GENEVA","IL",60134,NA,NA,134,"ON476 BAKER DRIVE, GENEVA, IL, 60134","No_Match",NA,NA,NA,NA
963135,"ON645 BRANDON BLVD","WINFIELD","IL",60190,NA,NA,135,"ON645 BRANDON BLVD, WINFIELD, IL, 60190","No_Match",NA,NA,NA,NA
963136,"ONE 46TH STREET","WEEHAWKEN","NJ",7208,NA,NA,136,"ONE 46TH STREET, WEEHAWKEN, NJ, 7208","No_Match",NA,NA,NA,NA
963137,"ONE 7TH ST UNIT 1703","AUGUSTA","GA",30901,NA,NA,137,"ONE 7TH ST UNIT 1703, AUGUSTA, GA, 30901","No_Match",NA,NA,NA,NA
963138,"ONE 7TH STREET 1101","AUGUSTA","GA",30901,NA,NA,138,"ONE 7TH STREET 1101, AUGUSTA, GA, 30901","No_Match",NA,NA,NA,NA
963139,"ONE ADAMS BLVD","FARMINGDALE","NY",11735,NA,NA,139,"ONE ADAMS BLVD, FARMINGDALE, NY, 11735","No_Match",NA,NA,NA,NA
963140,"ONE AIR TERMINAL PARKWAY","MELBOURNE","FL",32901,NA,NA,140,"ONE AIR TERMINAL PARKWAY, MELBOURNE, FL, 32901","No_Match",NA,NA,NA,NA
963141,"ONE ALEXANDER STREET","YONKERS","NY",10701,NA,NA,141,"ONE ALEXANDER STREET, YONKERS, NY, 10701","No_Match",NA,NA,NA,NA
963142,"ONE ALUMNI DRIVE","HAMPTON","NH",3842,NA,NA,142,"ONE ALUMNI DRIVE, HAMPTON, NH, 3842","No_Match",NA,NA,NA,NA
963143,"ONE AMC WAY  11500 ASH STREET","LEAWOOD","KS",66211,38.9195359660001,-94.646943441,143,"ONE AMC WAY  11500 ASH STREET, LEAWOOD, KS, 66211","Match","Exact","11500 ASH ST, LEAWOOD, KS, 66211",650173821,"R"
963144,"ONE AMERICAN SQUARE SUITE 2500","INDIANAPOLIS","IN",46282,NA,NA,144,"ONE AMERICAN SQUARE SUITE 2500, INDIANAPOLIS, IN, 46282","No_Match",NA,NA,NA,NA
963145,"ONE AMERICAN SQUARE","INDIANAPOLIS","IN",46282,NA,NA,145,"ONE AMERICAN SQUARE, INDIANAPOLIS, IN, 46282","No_Match",NA,NA,NA,NA
963146,"ONE ARON CT","BETHPAGE","NY",11714,NA,NA,146,"ONE ARON CT, BETHPAGE, NY, 11714","No_Match",NA,NA,NA,NA
963147,"ONE ASSELBORN WAY","GLENWOOD","IL",60425,NA,NA,147,"ONE ASSELBORN WAY, GLENWOOD, IL, 60425","No_Match",NA,NA,NA,NA
963148,"ONE AVE OF THE PALMS","SAN FRANCISCO","CA",94130,NA,NA,148,"ONE AVE OF THE PALMS, SAN FRANCISCO, CA, 94130","No_Match",NA,NA,NA,NA
963149,"ONE AVERY STREET","BOSTON","MA",2111,NA,NA,149,"ONE AVERY STREET, BOSTON, MA, 2111","No_Match",NA,NA,NA,NA
963150,"ONE BATTERY PARK PLAZA","NEW YORK","NY",10004,NA,NA,150,"ONE BATTERY PARK PLAZA, NEW YORK, NY, 10004","No_Match",NA,NA,NA,NA
963151,"ONE BAY CLUB 11F","BAYSIDE","NY",11360,NA,NA,151,"ONE BAY CLUB 11F, BAYSIDE, NY, 11360","No_Match",NA,NA,NA,NA
963152,"ONE BEACH DRIVE SE","ST PETERSBURG","FL",33701,NA,NA,152,"ONE BEACH DRIVE SE, ST PETERSBURG, FL, 33701","No_Match",NA,NA,NA,NA
963153,"ONE BEAR PLACE - 97313","WACO","TX",76798,NA,NA,153,"ONE BEAR PLACE - 97313, WACO, TX, 76798","No_Match",NA,NA,NA,NA
963154,"ONE BEAR PLACE 82113","WACO","TX",76798,NA,NA,154,"ONE BEAR PLACE 82113, WACO, TX, 76798","No_Match",NA,NA,NA,NA
963155,"ONE BEAR PLACE 83752","WACO","TX",76798,NA,NA,155,"ONE BEAR PLACE 83752, WACO, TX, 76798","No_Match",NA,NA,NA,NA
963156,"ONE BEAR PLACE 97356","WACO","TX",76798,NA,NA,156,"ONE BEAR PLACE 97356, WACO, TX, 76798","No_Match",NA,NA,NA,NA
963157,"ONE BEAR PLACE PO BOX 60761","WACO","TX",76798,NA,NA,157,"ONE BEAR PLACE PO BOX 60761, WACO, TX, 76798","No_Match",NA,NA,NA,NA
963158,"ONE BEAR PLACE PO BOX 82119","WACO","TX",76798,NA,NA,158,"ONE BEAR PLACE PO BOX 82119, WACO, TX, 76798","No_Match",NA,NA,NA,NA
963159,"ONE BEAR PLACE UNIT 97222","WACO","TX",76798,NA,NA,159,"ONE BEAR PLACE UNIT 97222, WACO, TX, 76798","No_Match",NA,NA,NA,NA
963160,"ONE BEAR PLACE- 98007","WACO","TX",76798,NA,NA,160,"ONE BEAR PLACE- 98007, WACO, TX, 76798","No_Match",NA,NA,NA,NA
963161,"ONE BEEKMAN PLACE","NEW YORK","NY",10022,NA,NA,161,"ONE BEEKMAN PLACE, NEW YORK, NY, 10022","No_Match",NA,NA,NA,NA
963162,"ONE BELMONT AVE SUITE 315","BALA CYNWYD","PA",19004,NA,NA,162,"ONE BELMONT AVE SUITE 315, BALA CYNWYD, PA, 19004","No_Match",NA,NA,NA,NA
963163,"ONE BERGEN COUNTY PLAZA 4TH FLOOR","HACKENSACK","NJ",7601,NA,NA,163,"ONE BERGEN COUNTY PLAZA 4TH FLOOR, HACKENSACK, NJ, 7601","No_Match",NA,NA,NA,NA
963164,"ONE BERNARD BARUCH WAY","NEW YORK","NY",10010,NA,NA,164,"ONE BERNARD BARUCH WAY, NEW YORK, NY, 10010","No_Match",NA,NA,NA,NA
963165,"ONE BERNARD BARUCH WAY","SOUTH PALM BEACH","NY",10010,NA,NA,165,"ONE BERNARD BARUCH WAY, SOUTH PALM BEACH, NY, 10010","No_Match",NA,NA,NA,NA
963166,"ONE BETHANY PIKE","WHEELING","WV",26003,NA,NA,166,"ONE BETHANY PIKE, WHEELING, WV, 26003","No_Match",NA,NA,NA,NA
963167,"ONE BLUE HILL PLAZA","PEARL RIVER","NY",10965,NA,NA,167,"ONE BLUE HILL PLAZA, PEARL RIVER, NY, 10965","No_Match",NA,NA,NA,NA
963168,"ONE BRENTWOOD ROAD","WINDHAM","NH",3087,NA,NA,168,"ONE BRENTWOOD ROAD, WINDHAM, NH, 3087","No_Match",NA,NA,NA,NA
963169,"ONE BROADWAY SUITE B210","DENVER","CO",80203,NA,NA,169,"ONE BROADWAY SUITE B210, DENVER, CO, 80203","No_Match",NA,NA,NA,NA
963170,"ONE BROADWAY","ELMWOOD PARK","NJ",7407,NA,NA,170,"ONE BROADWAY, ELMWOOD PARK, NJ, 7407","No_Match",NA,NA,NA,NA
963171,"ONE BROOKFIELD ROAD","LITITZ","PA",17543,NA,NA,171,"ONE BROOKFIELD ROAD, LITITZ, PA, 17543","No_Match",NA,NA,NA,NA
963172,"ONE BROOKINGS DR","SAINT LOUIS","MO",63130,NA,NA,172,"ONE BROOKINGS DR, SAINT LOUIS, MO, 63130","No_Match",NA,NA,NA,NA
963173,"ONE BROOKINGS DRIVE CAMPUS BOX 1122","ST LOUIS","MO",63130,NA,NA,173,"ONE BROOKINGS DRIVE CAMPUS BOX 1122, ST LOUIS, MO, 63130","No_Match",NA,NA,NA,NA
963174,"ONE BROOKINGS DRIVE","SAINT LOUIS","MO",63130,NA,NA,174,"ONE BROOKINGS DRIVE, SAINT LOUIS, MO, 63130","No_Match",NA,NA,NA,NA
963175,"ONE BRYANT PARK","NEW YORK","NY",10036,NA,NA,175,"ONE BRYANT PARK, NEW YORK, NY, 10036","No_Match",NA,NA,NA,NA
963176,"ONE BUSH STREET","SAN FRANCISCO","CA",94104,NA,NA,176,"ONE BUSH STREET, SAN FRANCISCO, CA, 94104","No_Match",NA,NA,NA,NA
963177,"ONE CAMPUS MARTIUS SUITE 200","DETROIT","MI",48226,NA,NA,177,"ONE CAMPUS MARTIUS SUITE 200, DETROIT, MI, 48226","No_Match",NA,NA,NA,NA
963178,"ONE CAPITAL MALL SUITE 670","SACRAMENTO","CA",95814,NA,NA,178,"ONE CAPITAL MALL SUITE 670, SACRAMENTO, CA, 95814","No_Match",NA,NA,NA,NA
963179,"ONE CAPITOL HEIGHTS BLVD","CAPITOL HEIGHTS","MD",20743,NA,NA,179,"ONE CAPITOL HEIGHTS BLVD, CAPITOL HEIGHTS, MD, 20743","No_Match",NA,NA,NA,NA
963180,"ONE CAPITOL HILL GROUND LEVEL","PROVIDENCE","RI",2908,NA,NA,180,"ONE CAPITOL HILL GROUND LEVEL, PROVIDENCE, RI, 2908","No_Match",NA,NA,NA,NA
963181,"ONE CAPITOL MALL SUITE 640","SACRAMENTO","CA",95814,NA,NA,181,"ONE CAPITOL MALL SUITE 640, SACRAMENTO, CA, 95814","No_Match",NA,NA,NA,NA
963182,"ONE CAPO DRIVE","MARLBORO","NJ",7746,NA,NA,182,"ONE CAPO DRIVE, MARLBORO, NJ, 7746","No_Match",NA,NA,NA,NA
963183,"ONE CARBON CTR SUITE 200","CHESAPEAKE","WV",25815,NA,NA,183,"ONE CARBON CTR SUITE 200, CHESAPEAKE, WV, 25815","No_Match",NA,NA,NA,NA
963184,"ONE CARDINAL WAY","VINEYARD HAVEN","MA",2568,NA,NA,184,"ONE CARDINAL WAY, VINEYARD HAVEN, MA, 2568","No_Match",NA,NA,NA,NA
963185,"ONE CASCADE PLAZA SUITE 825","AKRON","OH",44308,NA,NA,185,"ONE CASCADE PLAZA SUITE 825, AKRON, OH, 44308","No_Match",NA,NA,NA,NA
963186,"ONE CENTER COURT SUITE 200","PORTLAND","OR",97227,NA,NA,186,"ONE CENTER COURT SUITE 200, PORTLAND, OR, 97227","No_Match",NA,NA,NA,NA
963187,"ONE CHASE CORPORATE CENTER STE 400","BIRMINGHAM","AL",35244,NA,NA,187,"ONE CHASE CORPORATE CENTER STE 400, BIRMINGHAM, AL, 35244","No_Match",NA,NA,NA,NA
963188,"ONE CHELSEA AVENUE 209","LONG BRANCH","NJ",7740,NA,NA,188,"ONE CHELSEA AVENUE 209, LONG BRANCH, NJ, 7740","No_Match",NA,NA,NA,NA
963189,"ONE CHILDRENS PLAZA","DAYTON","OH",45404,NA,NA,189,"ONE CHILDRENS PLAZA, DAYTON, OH, 45404","No_Match",NA,NA,NA,NA
963190,"ONE CHILTON DRIVE","CHESTERFIELD","NJ",8515,NA,NA,190,"ONE CHILTON DRIVE, CHESTERFIELD, NJ, 8515","No_Match",NA,NA,NA,NA
963191,"ONE CIRCULAR AVE","HAMDEN","CT",6514,NA,NA,191,"ONE CIRCULAR AVE, HAMDEN, CT, 6514","No_Match",NA,NA,NA,NA
963192,"ONE CITIZENS PLAZA 8TH FL","PROVIDENCE","RI",2903,NA,NA,192,"ONE CITIZENS PLAZA 8TH FL, PROVIDENCE, RI, 2903","No_Match",NA,NA,NA,NA
963193,"ONE CITY PLAZA","YUMA","AZ",85364,NA,NA,193,"ONE CITY PLAZA, YUMA, AZ, 85364","No_Match",NA,NA,NA,NA
963194,"ONE CLUB PKWY","NASHVILLE","TN",37221,NA,NA,194,"ONE CLUB PKWY, NASHVILLE, TN, 37221","No_Match",NA,NA,NA,NA
963195,"ONE COCACOLA PLAZA","ATLANTA","GA",30313,NA,NA,195,"ONE COCACOLA PLAZA, ATLANTA, GA, 30313","No_Match",NA,NA,NA,NA
963196,"ONE COLLEGE AVENUE - SUITE 3002","MECHANICSBURG",NA,NA,NA,NA,196,"ONE COLLEGE AVENUE - SUITE 3002, MECHANICSBURG, , ","No_Match",NA,NA,NA,NA
963197,"ONE COLLEGE AVENUE - SUITE 3002","MECHANICSBURG","PA",17055,NA,NA,197,"ONE COLLEGE AVENUE - SUITE 3002, MECHANICSBURG, PA, 17055","No_Match",NA,NA,NA,NA
963198,"ONE COLLEGE PARK","DECATUR","IL",62521,NA,NA,198,"ONE COLLEGE PARK, DECATUR, IL, 62521","No_Match",NA,NA,NA,NA
963199,"ONE COLLEY AVE NO 141","NORFOLK","VA",23510,NA,NA,199,"ONE COLLEY AVE NO 141, NORFOLK, VA, 23510","No_Match",NA,NA,NA,NA
963200,"ONE COLUMBUS CENTER","VIRGINIA BEACH","VA",23464,NA,NA,200,"ONE COLUMBUS CENTER, VIRGINIA BEACH, VA, 23464","No_Match",NA,NA,NA,NA
963201,"ONE COLUMBUS STREET SUITE 695","VIRGINIA BEACH","VA",23462,NA,NA,201,"ONE COLUMBUS STREET SUITE 695, VIRGINIA BEACH, VA, 23462","No_Match",NA,NA,NA,NA
963202,"ONE COMMERCE PLAZA","ALBANY","NY",12260,NA,NA,202,"ONE COMMERCE PLAZA, ALBANY, NY, 12260","No_Match",NA,NA,NA,NA
963203,"ONE COMMERCE SQUARE","GADSDEN","AL",35901,NA,NA,203,"ONE COMMERCE SQUARE, GADSDEN, AL, 35901","No_Match",NA,NA,NA,NA
963204,"ONE CONSTITUTION PLAZA","HARTFORD","CT",6103,NA,NA,204,"ONE CONSTITUTION PLAZA, HARTFORD, CT, 6103","No_Match",NA,NA,NA,NA
963205,"ONE COOL BLOW STREET SUITE 322","CHARLESTON","SC",29403,NA,NA,205,"ONE COOL BLOW STREET SUITE 322, CHARLESTON, SC, 29403","No_Match",NA,NA,NA,NA
963206,"ONE CORAOPOLIS RD - UNIT 103","CORAOPOLIS","PA",15108,NA,NA,206,"ONE CORAOPOLIS RD - UNIT 103, CORAOPOLIS, PA, 15108","No_Match",NA,NA,NA,NA
963207,"ONE CORAOPOLIS RD - UNIT 200","CORAOPOLIS","PA",15108,NA,NA,207,"ONE CORAOPOLIS RD - UNIT 200, CORAOPOLIS, PA, 15108","No_Match",NA,NA,NA,NA
963208,"ONE CORAOPOLIS RD - UNIT 205","CORAOPOLIS","PA",15108,NA,NA,208,"ONE CORAOPOLIS RD - UNIT 205, CORAOPOLIS, PA, 15108","No_Match",NA,NA,NA,NA
963209,"ONE CORAOPOLIS RD - UNIT 303","CORAOPOLIS","PA",15108,NA,NA,209,"ONE CORAOPOLIS RD - UNIT 303, CORAOPOLIS, PA, 15108","No_Match",NA,NA,NA,NA
963210,"ONE CORAOPOLIS RD - UNIT 305","CORAOPOLIS","PA",15108,NA,NA,210,"ONE CORAOPOLIS RD - UNIT 305, CORAOPOLIS, PA, 15108","No_Match",NA,NA,NA,NA
963211,"ONE CORPORATE CENTER","RYE","NY",10580,NA,NA,211,"ONE CORPORATE CENTER, RYE, NY, 10580","No_Match",NA,NA,NA,NA
963212,"ONE CORWIN COURT","NEWBURGH","NY",12550,NA,NA,212,"ONE CORWIN COURT, NEWBURGH, NY, 12550","No_Match",NA,NA,NA,NA
963213,"ONE COUNTY COMPLEX ROAD","BEDFORD","IN",47421,NA,NA,213,"ONE COUNTY COMPLEX ROAD, BEDFORD, IN, 47421","No_Match",NA,NA,NA,NA
963214,"ONE DAHLGREN LANE","HILTON HEAD ISLAND","SC",29928,NA,NA,214,"ONE DAHLGREN LANE, HILTON HEAD ISLAND, SC, 29928","No_Match",NA,NA,NA,NA
963215,"ONE DANIEL BURNHAM CT SUITE 240","SAN FRANCISCO","CA",94109,NA,NA,215,"ONE DANIEL BURNHAM CT SUITE 240, SAN FRANCISCO, CA, 94109","No_Match",NA,NA,NA,NA
963216,"ONE DEARBORN SQUARE STE 400","KANKAKEE","IL",60901,NA,NA,216,"ONE DEARBORN SQUARE STE 400, KANKAKEE, IL, 60901","No_Match",NA,NA,NA,NA
963217,"ONE DEPOT PLAZA","TARRYTOWN","NY",10591,NA,NA,217,"ONE DEPOT PLAZA, TARRYTOWN, NY, 10591","No_Match",NA,NA,NA,NA
963218,"ONE DORRANCE STREET","PROVIDENCE","RI",2903,NA,NA,218,"ONE DORRANCE STREET, PROVIDENCE, RI, 2903","No_Match",NA,NA,NA,NA
963219,"ONE EAST BROWARD BLVD SUITE 1200","FORT LAUDERDALE","FL",33301,NA,NA,219,"ONE EAST BROWARD BLVD SUITE 1200, FORT LAUDERDALE, FL, 33301","No_Match",NA,NA,NA,NA
963220,"ONE EAST DELAWARE APT 24B","CHICAGO","IL",60611,NA,NA,220,"ONE EAST DELAWARE APT 24B, CHICAGO, IL, 60611","No_Match",NA,NA,NA,NA
963221,"ONE EAST FOURTH STREET SUITE 1400","CINCINNATI","OH",45202,NA,NA,221,"ONE EAST FOURTH STREET SUITE 1400, CINCINNATI, OH, 45202","No_Match",NA,NA,NA,NA
963222,"ONE EAST MAIN STREET SUITE 500","MADISON","WI",53703,NA,NA,222,"ONE EAST MAIN STREET SUITE 500, MADISON, WI, 53703","No_Match",NA,NA,NA,NA
963223,"ONE EAST MELLEN STREET","HAMPTON","VA",23663,NA,NA,223,"ONE EAST MELLEN STREET, HAMPTON, VA, 23663","No_Match",NA,NA,NA,NA
963224,"ONE EAST SCHILLER 15C","CHICAGO","IL",60610,NA,NA,224,"ONE EAST SCHILLER 15C, CHICAGO, IL, 60610","No_Match",NA,NA,NA,NA
963225,"ONE EASY STREET","HICKORY CREEK","TX",75065,NA,NA,225,"ONE EASY STREET, HICKORY CREEK, TX, 75065","No_Match",NA,NA,NA,NA
963226,"ONE EDGEMOOR ROAD","PITTSBURGH","PA",15238,NA,NA,226,"ONE EDGEMOOR ROAD, PITTSBURGH, PA, 15238","No_Match",NA,NA,NA,NA
963227,"ONE EDGEWOOD DRIVE","KEWANEE","IL",61443,NA,NA,227,"ONE EDGEWOOD DRIVE, KEWANEE, IL, 61443","No_Match",NA,NA,NA,NA
963228,"ONE ELKINS COVE B - 4","OCEANA","WV",24870,NA,NA,228,"ONE ELKINS COVE B - 4, OCEANA, WV, 24870","No_Match",NA,NA,NA,NA
963229,"ONE ENERGY PLAZA","DETROIT","MI",48226,NA,NA,229,"ONE ENERGY PLAZA, DETROIT, MI, 48226","No_Match",NA,NA,NA,NA
963230,"ONE ESTATE HOPE","CHRISTIANSTED","VI",820,NA,NA,230,"ONE ESTATE HOPE, CHRISTIANSTED, VI, 820","No_Match",NA,NA,NA,NA
963231,"ONE FBI PLAZA","BUFFALO","NY",14202,NA,NA,231,"ONE FBI PLAZA, BUFFALO, NY, 14202","No_Match",NA,NA,NA,NA
963232,"ONE FED PLACE 1819 5TH AVE N","BIRMINGHAM","AL",35203,33.5168013380001,-86.8108846969999,232,"ONE FED PLACE 1819 5TH AVE N, BIRMINGHAM, AL, 35203","Match","Exact","1819 5TH AVE N, BIRMINGHAM, AL, 35203",81575704,"R"
963233,"ONE FEDERAL PLAZA 1819 5TH AVE N","BIRMINGHAM","AL",35203,33.5168013380001,-86.8108846969999,233,"ONE FEDERAL PLAZA 1819 5TH AVE N, BIRMINGHAM, AL, 35203","Match","Exact","1819 5TH AVE N, BIRMINGHAM, AL, 35203",81575704,"R"
963234,"ONE FINANCIAL CENTER","BOSTON","MA",2111,NA,NA,234,"ONE FINANCIAL CENTER, BOSTON, MA, 2111","No_Match",NA,NA,NA,NA
963235,"ONE FINANCIAL PLAZA 7TH FLOOR","FORT LAUDERDALE","FL",33394,NA,NA,235,"ONE FINANCIAL PLAZA 7TH FLOOR, FORT LAUDERDALE, FL, 33394","No_Match",NA,NA,NA,NA
963236,"ONE FINE ARTS DRIVE FOREST PARK","ST LOUIS","MO",63110,NA,NA,236,"ONE FINE ARTS DRIVE FOREST PARK, ST LOUIS, MO, 63110","No_Match",NA,NA,NA,NA
963237,"ONE FORESTRY DR","SYRACUSE","NY",13126,NA,NA,237,"ONE FORESTRY DR, SYRACUSE, NY, 13126","No_Match",NA,NA,NA,NA
963238,"ONE FORESTWOOD DRIVE SUITE 201","PITTSBURGH","PA",15237,NA,NA,238,"ONE FORESTWOOD DRIVE SUITE 201, PITTSBURGH, PA, 15237","No_Match",NA,NA,NA,NA
963239,"ONE FOX RUN","PRINCETON","WV",24739,NA,NA,239,"ONE FOX RUN, PRINCETON, WV, 24739","No_Match",NA,NA,NA,NA
963240,"ONE FRANKLIN SQUARE STE 211","GENEVA","NY",14456,NA,NA,240,"ONE FRANKLIN SQUARE STE 211, GENEVA, NY, 14456","No_Match",NA,NA,NA,NA
963241,"ONE GATEWAY CENTER 26TH FLOOR","NEWARK","NJ",7102,NA,NA,241,"ONE GATEWAY CENTER 26TH FLOOR, NEWARK, NJ, 7102","No_Match",NA,NA,NA,NA
963242,"ONE GATEWAY CENTER","NEWARK","NJ",7102,NA,NA,242,"ONE GATEWAY CENTER, NEWARK, NJ, 7102","No_Match",NA,NA,NA,NA
963243,"ONE GAYLORD DRIVE","NASHVILLE","TN",37214,NA,NA,243,"ONE GAYLORD DRIVE, NASHVILLE, TN, 37214","No_Match",NA,NA,NA,NA
963244,"ONE GORDON MILLS WAY","ST JOHNSBRY","VT",5819,NA,NA,244,"ONE GORDON MILLS WAY, ST JOHNSBRY, VT, 5819","No_Match",NA,NA,NA,NA
963245,"ONE GORDON MILLS WAY","ST JOHNSBURY","VT",5819,NA,NA,245,"ONE GORDON MILLS WAY, ST JOHNSBURY, VT, 5819","No_Match",NA,NA,NA,NA
963246,"ONE GRAND ARMY PLAZA 12C","BROOKLYN","NY",11238,NA,NA,246,"ONE GRAND ARMY PLAZA 12C, BROOKLYN, NY, 11238","No_Match",NA,NA,NA,NA
963247,"ONE GREEN GLADE COURT","PHOENIX","MD",21131,NA,NA,247,"ONE GREEN GLADE COURT, PHOENIX, MD, 21131","No_Match",NA,NA,NA,NA
963248,"ONE GREEN STREET","STAMFORD","CT",6902,NA,NA,248,"ONE GREEN STREET, STAMFORD, CT, 6902","No_Match",NA,NA,NA,NA
963249,"ONE GUSTAVE LEVY PLACE BOX 1163","NEW YORK","NY",10029,NA,NA,249,"ONE GUSTAVE LEVY PLACE BOX 1163, NEW YORK, NY, 10029","No_Match",NA,NA,NA,NA
963250,"ONE GUSTAVE LEVY PLACE DEPT OF EM","NEW YORK","NY",10029,NA,NA,250,"ONE GUSTAVE LEVY PLACE DEPT OF EM, NEW YORK, NY, 10029","No_Match",NA,NA,NA,NA
963251,"ONE HAMILTON COUNTY SQUARE STE 345","NOBLESVILLE","IN",46060,NA,NA,251,"ONE HAMILTON COUNTY SQUARE STE 345, NOBLESVILLE, IN, 46060","No_Match",NA,NA,NA,NA
963252,"ONE HAMILTON COUNTY SQUARE STE345","NOBLESVILLE","IN",46060,NA,NA,252,"ONE HAMILTON COUNTY SQUARE STE345, NOBLESVILLE, IN, 46060","No_Match",NA,NA,NA,NA
963253,"ONE HANSON PLACE APT 24D","BROOKLYN","NY",11243,NA,NA,253,"ONE HANSON PLACE APT 24D, BROOKLYN, NY, 11243","No_Match",NA,NA,NA,NA
963254,"ONE HARBOR CENTER SUITE 280","SUISUN CITY","CA",94585,NA,NA,254,"ONE HARBOR CENTER SUITE 280, SUISUN CITY, CA, 94585","No_Match",NA,NA,NA,NA
963255,"ONE HARTWICK DRIVE","ONEONTA","NY",13820,NA,NA,255,"ONE HARTWICK DRIVE, ONEONTA, NY, 13820","No_Match",NA,NA,NA,NA
963256,"ONE HAVEN PLAZA 17C","NEW YORK","NY",10009,NA,NA,256,"ONE HAVEN PLAZA 17C, NEW YORK, NY, 10009","No_Match",NA,NA,NA,NA
963257,"ONE HICKORY LANE","LAPLATA","MD",20646,NA,NA,257,"ONE HICKORY LANE, LAPLATA, MD, 20646","No_Match",NA,NA,NA,NA
963258,"ONE HOAG DRIVE POB 6100","NEWPORT BEACH","CA",92658,NA,NA,258,"ONE HOAG DRIVE POB 6100, NEWPORT BEACH, CA, 92658","No_Match",NA,NA,NA,NA
963259,"ONE HOLLOW LANE SUITE 301","LAKE SUCCESS","NY",11042,NA,NA,259,"ONE HOLLOW LANE SUITE 301, LAKE SUCCESS, NY, 11042","No_Match",NA,NA,NA,NA
963260,"ONE HOSPITAL DR- CE740 CSE BLDG","COLUMBIA","MO",65212,NA,NA,260,"ONE HOSPITAL DR- CE740 CSE BLDG, COLUMBIA, MO, 65212","No_Match",NA,NA,NA,NA
963261,"ONE HUNTINGTON QUADRANGLE STE 4C10","MELVILLE","NY",11747,NA,NA,261,"ONE HUNTINGTON QUADRANGLE STE 4C10, MELVILLE, NY, 11747","No_Match",NA,NA,NA,NA
963262,"ONE HUNTINGTON RD- STE 106","ATHENS","GA",30606,NA,NA,262,"ONE HUNTINGTON RD- STE 106, ATHENS, GA, 30606","No_Match",NA,NA,NA,NA
963263,"ONE INDEPENDENT DRIVE SUITE 1200","JACKSONVILLE","FL",32202,NA,NA,263,"ONE INDEPENDENT DRIVE SUITE 1200, JACKSONVILLE, FL, 32202","No_Match",NA,NA,NA,NA
963264,"ONE INDIANA SQUARE SUITE 3500","INDIANAPOLIS","IN",46204,NA,NA,264,"ONE INDIANA SQUARE SUITE 3500, INDIANAPOLIS, IN, 46204","No_Match",NA,NA,NA,NA
963265,"ONE INTERNATIONAL PLACE","BOSTON","MA",2110,NA,NA,265,"ONE INTERNATIONAL PLACE, BOSTON, MA, 2110","No_Match",NA,NA,NA,NA
963266,"ONE IRVING PLACE G-17F","NEW YORK","NY",10003,NA,NA,266,"ONE IRVING PLACE G-17F, NEW YORK, NY, 10003","No_Match",NA,NA,NA,NA
963267,"ONE JETS DRIVE","FLORHAM PARK","NJ",7932,NA,NA,267,"ONE JETS DRIVE, FLORHAM PARK, NJ, 7932","No_Match",NA,NA,NA,NA
963268,"ONE KELLOGG HILL ROAD","WESTON","CT",6883,NA,NA,268,"ONE KELLOGG HILL ROAD, WESTON, CT, 6883","No_Match",NA,NA,NA,NA
963269,"ONE LAFAYETTE PLAISANCE ST","DETROIT","MI",48207,NA,NA,269,"ONE LAFAYETTE PLAISANCE ST, DETROIT, MI, 48207","No_Match",NA,NA,NA,NA
963270,"ONE LAKE STREET BLDG D","NEW BRITIAN","CT",6052,NA,NA,270,"ONE LAKE STREET BLDG D, NEW BRITIAN, CT, 6052","No_Match",NA,NA,NA,NA
963271,"ONE LARCH CIRCLE","MADISON","WI",53705,NA,NA,271,"ONE LARCH CIRCLE, MADISON, WI, 53705","No_Match",NA,NA,NA,NA
963272,"ONE LEADERSHIP WAY","GREENSBOROUGH","NC",27410,NA,NA,272,"ONE LEADERSHIP WAY, GREENSBOROUGH, NC, 27410","No_Match",NA,NA,NA,NA
963273,"ONE LETTERMAN DR BLDG C SUITE 300","SAN FRANCISCO","CA",94301,NA,NA,273,"ONE LETTERMAN DR BLDG C SUITE 300, SAN FRANCISCO, CA, 94301","No_Match",NA,NA,NA,NA
963274,"ONE LEVERICH PLACE","HUNTINGTON","NY",11743,NA,NA,274,"ONE LEVERICH PLACE, HUNTINGTON, NY, 11743","No_Match",NA,NA,NA,NA
963275,"ONE LINCOLN CENTER 18TH FLOOOR","SYRACUSE","NY",13202,NA,NA,275,"ONE LINCOLN CENTER 18TH FLOOOR, SYRACUSE, NY, 13202","No_Match",NA,NA,NA,NA
963276,"ONE LINCOLN CENTER 18TH FLOOR","SYRACUSE","NY",13202,NA,NA,276,"ONE LINCOLN CENTER 18TH FLOOR, SYRACUSE, NY, 13202","No_Match",NA,NA,NA,NA
963277,"ONE LOWENSTEIN DRIVE","ROSELAND","NJ",7068,NA,NA,277,"ONE LOWENSTEIN DRIVE, ROSELAND, NJ, 7068","No_Match",NA,NA,NA,NA
963278,"ONE MAIN STREET SUITE 201","EVANSVILLE","IN",47708,NA,NA,278,"ONE MAIN STREET SUITE 201, EVANSVILLE, IN, 47708","No_Match",NA,NA,NA,NA
963279,"ONE MAIN STREET","CANTON","NY",13617,NA,NA,279,"ONE MAIN STREET, CANTON, NY, 13617","No_Match",NA,NA,NA,NA
963280,"ONE MAIN STREET","HOUSTON","TX",77002,NA,NA,280,"ONE MAIN STREET, HOUSTON, TX, 77002","No_Match",NA,NA,NA,NA
963281,"ONE MAJOR LANE","NEW HYDE PARK","NY",11040,NA,NA,281,"ONE MAJOR LANE, NEW HYDE PARK, NY, 11040","No_Match",NA,NA,NA,NA
963282,"ONE MARINE VIEW PLAZA - 12A","HOBOKEN","NJ",7030,NA,NA,282,"ONE MARINE VIEW PLAZA - 12A, HOBOKEN, NJ, 7030","No_Match",NA,NA,NA,NA
963283,"ONE MASONIC DRIVE","ELIZABETHTOWN","PA",17022,NA,NA,283,"ONE MASONIC DRIVE, ELIZABETHTOWN, PA, 17022","No_Match",NA,NA,NA,NA
963284,"ONE MCKINSTRY PLACE","HUDSON","NY",12534,NA,NA,284,"ONE MCKINSTRY PLACE, HUDSON, NY, 12534","No_Match",NA,NA,NA,NA
963285,"ONE MEADOW WAY","LAWRENCE","NY",11559,NA,NA,285,"ONE MEADOW WAY, LAWRENCE, NY, 11559","No_Match",NA,NA,NA,NA
963286,"ONE MEDICAL CENTER DR","LEBANON","NH",3756,NA,NA,286,"ONE MEDICAL CENTER DR, LEBANON, NH, 3756","No_Match",NA,NA,NA,NA
963287,"ONE MEMORIAL DRIVE","LODI","NJ",7644,NA,NA,287,"ONE MEMORIAL DRIVE, LODI, NJ, 7644","No_Match",NA,NA,NA,NA
963288,"ONE MENDON ROAD SUITE 310","CUMBERLAND","RI",2864,NA,NA,288,"ONE MENDON ROAD SUITE 310, CUMBERLAND, RI, 2864","No_Match",NA,NA,NA,NA
963289,"ONE MICHIGAN AVENUE SUITE 900","LANSING","MI",48933,NA,NA,289,"ONE MICHIGAN AVENUE SUITE 900, LANSING, MI, 48933","No_Match",NA,NA,NA,NA
963290,"ONE MICROSOFT WAY","REDMOND","WA",98052,NA,NA,290,"ONE MICROSOFT WAY, REDMOND, WA, 98052","No_Match",NA,NA,NA,NA
963291,"ONE MIDAMERICA PLAZA STE 125","OAKBROOK TERRACE","IL",60181,NA,NA,291,"ONE MIDAMERICA PLAZA STE 125, OAKBROOK TERRACE, IL, 60181","No_Match",NA,NA,NA,NA
963292,"ONE MILL WHARF S26","SCITUATE","MA",2066,NA,NA,292,"ONE MILL WHARF S26, SCITUATE, MA, 2066","No_Match",NA,NA,NA,NA
963293,"ONE MOHEGAN SUN BLVD","UNCASVILLE","CT",6382,NA,NA,293,"ONE MOHEGAN SUN BLVD, UNCASVILLE, CT, 6382","No_Match",NA,NA,NA,NA
963294,"ONE MOHEGAN SUN BOULEVARD","UNCASVILLE","CT",6382,NA,NA,294,"ONE MOHEGAN SUN BOULEVARD, UNCASVILLE, CT, 6382","No_Match",NA,NA,NA,NA
963295,"ONE MONARCH PLACE 2220","SPRINGFIELD","MA",1144,NA,NA,295,"ONE MONARCH PLACE 2220, SPRINGFIELD, MA, 1144","No_Match",NA,NA,NA,NA
963296,"ONE MOTT LANE","HOUSTON","TX",77024,NA,NA,296,"ONE MOTT LANE, HOUSTON, TX, 77024","No_Match",NA,NA,NA,NA
963297,"ONE MTN BROOK WAY 34  PO BOX 87","WATERVILLE VALLEY","NH",3215,NA,NA,297,"ONE MTN BROOK WAY 34  PO BOX 87, WATERVILLE VALLEY, NH, 3215","No_Match",NA,NA,NA,NA
963298,"ONE MUNICIPAL DR","DERRY","NH",3038,NA,NA,298,"ONE MUNICIPAL DR, DERRY, NH, 3038","No_Match",NA,NA,NA,NA
963299,"ONE MUNICIPAL PLAZA","ASBURY PARK","NJ",7712,NA,NA,299,"ONE MUNICIPAL PLAZA, ASBURY PARK, NJ, 7712","No_Match",NA,NA,NA,NA
963300,"ONE N LASALLE STREET SUITE 2205","CHICAGO","IL",60602,NA,NA,300,"ONE N LASALLE STREET SUITE 2205, CHICAGO, IL, 60602","No_Match",NA,NA,NA,NA
963301,"ONE NATIONAL LIFE DRIVE","MONTPELIER","VT",5633,NA,NA,301,"ONE NATIONAL LIFE DRIVE, MONTPELIER, VT, 5633","No_Match",NA,NA,NA,NA
963302,"ONE NATURAL RESOURCES WAY","SPRINGFIELD","IL",61702,NA,NA,302,"ONE NATURAL RESOURCES WAY, SPRINGFIELD, IL, 61702","No_Match",NA,NA,NA,NA
963303,"ONE NATURAL RESOURCES WAY","SPRINGFIELD","IL",62702,NA,NA,303,"ONE NATURAL RESOURCES WAY, SPRINGFIELD, IL, 62702","No_Match",NA,NA,NA,NA
963304,"ONE NEUMANN DR NIFS","ASTON","PA",19014,NA,NA,304,"ONE NEUMANN DR NIFS, ASTON, PA, 19014","No_Match",NA,NA,NA,NA
963305,"ONE NEUMANN DR RAB 326","ASTON","PA",19014,NA,NA,305,"ONE NEUMANN DR RAB 326, ASTON, PA, 19014","No_Match",NA,NA,NA,NA
963306,"ONE NFA PARK","AMHERST","NY",14228,NA,NA,306,"ONE NFA PARK, AMHERST, NY, 14228","No_Match",NA,NA,NA,NA
963307,"ONE NORMAN J FIELD WAY","TINTON FALLS","NJ",7724,NA,NA,307,"ONE NORMAN J FIELD WAY, TINTON FALLS, NJ, 7724","No_Match",NA,NA,NA,NA
963308,"ONE NORTH BRENTWOOD BLVD SUITE 600","ST. LOUIS","MO",63105,NA,NA,308,"ONE NORTH BRENTWOOD BLVD SUITE 600, ST. LOUIS, MO, 63105","No_Match",NA,NA,NA,NA
963309,"ONE NORTH CAPITAL SUITE 1050","INDIANAPOLIS","IN",46204,NA,NA,309,"ONE NORTH CAPITAL SUITE 1050, INDIANAPOLIS, IN, 46204","No_Match",NA,NA,NA,NA
963310,"ONE NORTH MAIN ST","BERKLEY","MA",2779,NA,NA,310,"ONE NORTH MAIN ST, BERKLEY, MA, 2779","No_Match",NA,NA,NA,NA
963311,"ONE OAK PLACE","OXFORD","MS",38655,NA,NA,311,"ONE OAK PLACE, OXFORD, MS, 38655","No_Match",NA,NA,NA,NA
963312,"ONE OLD FERRY RD","BRISTOL","RI",2809,NA,NA,312,"ONE OLD FERRY RD, BRISTOL, RI, 2809","No_Match",NA,NA,NA,NA
963313,"ONE OLD FERRY ROAD","BRISTOL","MA",2809,NA,NA,313,"ONE OLD FERRY ROAD, BRISTOL, MA, 2809","No_Match",NA,NA,NA,NA
963314,"ONE PANTHER WAY","NORTON","OH",44203,NA,NA,314,"ONE PANTHER WAY, NORTON, OH, 44203","No_Match",NA,NA,NA,NA
963315,"ONE PARK LANE UNIT 3B","MOUNT VERNON","NY",10552,NA,NA,315,"ONE PARK LANE UNIT 3B, MOUNT VERNON, NY, 10552","No_Match",NA,NA,NA,NA
963316,"ONE PARK PLAZA SUITE 600","IRVINE","CA",92614,NA,NA,316,"ONE PARK PLAZA SUITE 600, IRVINE, CA, 92614","No_Match",NA,NA,NA,NA
963317,"ONE PARK ROW 5TH FLOOR","PROVIDENCE","RI",2903,NA,NA,317,"ONE PARK ROW 5TH FLOOR, PROVIDENCE, RI, 2903","No_Match",NA,NA,NA,NA
963318,"ONE PARKER PLACE STE 610","JANESVILLE","WI",53545,NA,NA,318,"ONE PARKER PLACE STE 610, JANESVILLE, WI, 53545","No_Match",NA,NA,NA,NA
963319,"ONE PAUL BROWN DR SE","MASSILLON","OH",44646,NA,NA,319,"ONE PAUL BROWN DR SE, MASSILLON, OH, 44646","No_Match",NA,NA,NA,NA
963320,"ONE PEAT HOLE LANE","BELLPORT","NY",11713,NA,NA,320,"ONE PEAT HOLE LANE, BELLPORT, NY, 11713","No_Match",NA,NA,NA,NA
963321,"ONE PERFORMANCE DR","ANGLETON","TX",77515,NA,NA,321,"ONE PERFORMANCE DR, ANGLETON, TX, 77515","No_Match",NA,NA,NA,NA
963322,"ONE PERKINS SQUARE","AKRON","OH",44308,NA,NA,322,"ONE PERKINS SQUARE, AKRON, OH, 44308","No_Match",NA,NA,NA,NA
963323,"ONE PETOSKEY STREET","PETOSKEY","MI",49770,NA,NA,323,"ONE PETOSKEY STREET, PETOSKEY, MI, 49770","No_Match",NA,NA,NA,NA
963324,"ONE PINE BLUFF","DERRY","NH",3038,NA,NA,324,"ONE PINE BLUFF, DERRY, NH, 3038","No_Match",NA,NA,NA,NA
963325,"ONE PLAZA UN HEADQUARTERS","NEW YORK","NY",11204,NA,NA,325,"ONE PLAZA UN HEADQUARTERS, NEW YORK, NY, 11204","No_Match",NA,NA,NA,NA
963326,"ONE POLICE PLAZA 106 HUDSON STREET","HOBOKEN","NJ",7030,40.7372918680001,-74.0297947139999,326,"ONE POLICE PLAZA 106 HUDSON STREET, HOBOKEN, NJ, 7030","Match","Exact","106 HUDSON ST, HOBOKEN, NJ, 07030",646609511,"L"
963327,"ONE PRESERVE PARKWAY","ROCKVILLE","MD",20852,NA,NA,327,"ONE PRESERVE PARKWAY, ROCKVILLE, MD, 20852","No_Match",NA,NA,NA,NA
963328,"ONE PUBLIC SQUARE","WILLOUGHBY","OH",44094,NA,NA,328,"ONE PUBLIC SQUARE, WILLOUGHBY, OH, 44094","No_Match",NA,NA,NA,NA
963329,"ONE RAPP ROAD","ALBANY","NY",12203,NA,NA,329,"ONE RAPP ROAD, ALBANY, NY, 12203","No_Match",NA,NA,NA,NA
963330,"ONE REGENCY PLAZA SUITE 600","PROVIDENCE","RI",2903,NA,NA,330,"ONE REGENCY PLAZA SUITE 600, PROVIDENCE, RI, 2903","No_Match",NA,NA,NA,NA
963331,"ONE RESEARCH COURT SUITE 450","ROCKVILLE","MD",20001,NA,NA,331,"ONE RESEARCH COURT SUITE 450, ROCKVILLE, MD, 20001","No_Match",NA,NA,NA,NA
963332,"ONE RESEARCH CT SUITE 450","ROCKVILLE","MD",20850,NA,NA,332,"ONE RESEARCH CT SUITE 450, ROCKVILLE, MD, 20850","No_Match",NA,NA,NA,NA
963333,"ONE RICHMOND SQUARE STE 125B","PROVIDENCE","RI",2906,NA,NA,333,"ONE RICHMOND SQUARE STE 125B, PROVIDENCE, RI, 2906","No_Match",NA,NA,NA,NA
963334,"ONE RIVER PLACE 3004","NEW YORK","NY",10036,NA,NA,334,"ONE RIVER PLACE 3004, NEW YORK, NY, 10036","No_Match",NA,NA,NA,NA
963335,"ONE RIVERFRONT PLAZA STE 410","NEWARK","NJ",7102,NA,NA,335,"ONE RIVERFRONT PLAZA STE 410, NEWARK, NJ, 7102","No_Match",NA,NA,NA,NA
963336,"ONE RIVERFRONT PLAZA","NEWARK","NJ",7102,NA,NA,336,"ONE RIVERFRONT PLAZA, NEWARK, NJ, 7102","No_Match",NA,NA,NA,NA
963337,"ONE RIVERSIDE DRIVE","EAST HARTFORD","CT",6040,NA,NA,337,"ONE RIVERSIDE DRIVE, EAST HARTFORD, CT, 6040","No_Match",NA,NA,NA,NA
963338,"ONE RIVERWAY STE 2450","HOUSTON","TX",77056,NA,NA,338,"ONE RIVERWAY STE 2450, HOUSTON, TX, 77056","No_Match",NA,NA,NA,NA
963339,"ONE RIVERWAY SUITE 700","HOUSTON","TX",77056,NA,NA,339,"ONE RIVERWAY SUITE 700, HOUSTON, TX, 77056","No_Match",NA,NA,NA,NA
963340,"ONE RIVERWAY","HOUSTON","TX",77056,NA,NA,340,"ONE RIVERWAY, HOUSTON, TX, 77056","No_Match",NA,NA,NA,NA
963341,"ONE ROSES BLUFF PARKWAY","MADISON","MS",39110,NA,NA,341,"ONE ROSES BLUFF PARKWAY, MADISON, MS, 39110","No_Match",NA,NA,NA,NA
963342,"ONE RUSSELL PLACE","DAYTON","OH",45409,NA,NA,342,"ONE RUSSELL PLACE, DAYTON, OH, 45409","No_Match",NA,NA,NA,NA
963343,"ONE S MAIN ST 8TH FLOOR","MT CLEMENS","MI",48023,NA,NA,343,"ONE S MAIN ST 8TH FLOOR, MT CLEMENS, MI, 48023","No_Match",NA,NA,NA,NA
963344,"ONE S MAIN STREET","MOUNT CLEMENS","MI",48043,NA,NA,344,"ONE S MAIN STREET, MOUNT CLEMENS, MI, 48043","No_Match",NA,NA,NA,NA
963345,"ONE SANFORD COURT","NORTH WOODMERE","NY",11581,NA,NA,345,"ONE SANFORD COURT, NORTH WOODMERE, NY, 11581","No_Match",NA,NA,NA,NA
963346,"ONE SCOTT CIRCLE NUMBER 113","WASHINGTON","DC",20036,NA,NA,346,"ONE SCOTT CIRCLE NUMBER 113, WASHINGTON, DC, 20036","No_Match",NA,NA,NA,NA
963347,"ONE SE 3RD AVE STE 2950","MIAMI","FL",33131,NA,NA,347,"ONE SE 3RD AVE STE 2950, MIAMI, FL, 33131","No_Match",NA,NA,NA,NA
963348,"ONE SE THIRD AVENUE","MIAMI","FL",33131,NA,NA,348,"ONE SE THIRD AVENUE, MIAMI, FL, 33131","No_Match",NA,NA,NA,NA
963349,"ONE SEAL HARBOR","WINTHROP","MA",2152,NA,NA,349,"ONE SEAL HARBOR, WINTHROP, MA, 2152","No_Match",NA,NA,NA,NA
963350,"ONE SHIELDS AVENUE","DAVIS","CA",95616,NA,NA,350,"ONE SHIELDS AVENUE, DAVIS, CA, 95616","No_Match",NA,NA,NA,NA
963351,"ONE SNYDER CIRCLE","NEW MILFORD","NJ",7646,NA,NA,351,"ONE SNYDER CIRCLE, NEW MILFORD, NJ, 7646","No_Match",NA,NA,NA,NA
963352,"ONE SOLUTIONS WAY","WAYNESBORO","VA",22980,NA,NA,352,"ONE SOLUTIONS WAY, WAYNESBORO, VA, 22980","No_Match",NA,NA,NA,NA
963353,"ONE SOUTH MAIN STREET SUITE 1200","SALT LAKE CITY","UT",84113,NA,NA,353,"ONE SOUTH MAIN STREET SUITE 1200, SALT LAKE CITY, UT, 84113","No_Match",NA,NA,NA,NA
963354,"ONE SOUTH MAIN STREET","MOUNT VERNON","OH",43050,NA,NA,354,"ONE SOUTH MAIN STREET, MOUNT VERNON, OH, 43050","No_Match",NA,NA,NA,NA
963355,"ONE SOUTH MAIN SUITE 1100","SALT LAKE CITY","UT",84133,NA,NA,355,"ONE SOUTH MAIN SUITE 1100, SALT LAKE CITY, UT, 84133","No_Match",NA,NA,NA,NA
963356,"ONE SOUTH ROAD","OYSTER BAY COVE","NY",11771,NA,NA,356,"ONE SOUTH ROAD, OYSTER BAY COVE, NY, 11771","No_Match",NA,NA,NA,NA
963357,"ONE SOUTH TOOLE","TUCSON","AZ",85701,NA,NA,357,"ONE SOUTH TOOLE, TUCSON, AZ, 85701","No_Match",NA,NA,NA,NA
963358,"ONE SOUTHWIRE DRIVE","CARROLLTON","GA",30117,NA,NA,358,"ONE SOUTHWIRE DRIVE, CARROLLTON, GA, 30117","No_Match",NA,NA,NA,NA
963359,"ONE STAGECOACH LN","HUNTINGTON STATION","NY",11746,NA,NA,359,"ONE STAGECOACH LN, HUNTINGTON STATION, NY, 11746","No_Match",NA,NA,NA,NA
963360,"ONE STONEGATE","HURRICANE","WV",25526,NA,NA,360,"ONE STONEGATE, HURRICANE, WV, 25526","No_Match",NA,NA,NA,NA
963361,"ONE SUNRISE MALL UNIT 1025","MASSAPEQUA","NY",11758,NA,NA,361,"ONE SUNRISE MALL UNIT 1025, MASSAPEQUA, NY, 11758","No_Match",NA,NA,NA,NA
963362,"ONE SUPREME COURT","SWAMPSCOTT","MA",1907,NA,NA,362,"ONE SUPREME COURT, SWAMPSCOTT, MA, 1907","No_Match",NA,NA,NA,NA
963363,"ONE SYLVESTER AVE","BERRIEN SPRINGS","MI",49013,NA,NA,363,"ONE SYLVESTER AVE, BERRIEN SPRINGS, MI, 49013","No_Match",NA,NA,NA,NA
963364,"ONE TAMARAC LN","CHERRY HILLS","CO",80202,NA,NA,364,"ONE TAMARAC LN, CHERRY HILLS, CO, 80202","No_Match",NA,NA,NA,NA
963365,"ONE TARA BLV ST 200","NASHUA","NH",3062,NA,NA,365,"ONE TARA BLV ST 200, NASHUA, NH, 3062","No_Match",NA,NA,NA,NA
963366,"ONE TAYLOR PLACE","PINEHURST","NC",28374,NA,NA,366,"ONE TAYLOR PLACE, PINEHURST, NC, 28374","No_Match",NA,NA,NA,NA
963367,"ONE THOMAS CIRCLE NW SUITE 700","WASHINGTON","DC",20005,NA,NA,367,"ONE THOMAS CIRCLE NW SUITE 700, WASHINGTON, DC, 20005","No_Match",NA,NA,NA,NA
963368,"ONE THRASHER STREET","TAUNTON","MA",2780,NA,NA,368,"ONE THRASHER STREET, TAUNTON, MA, 2780","No_Match",NA,NA,NA,NA
963369,"ONE TOWN CENTRE APT 501","CLIFFSIDE PARK","NJ",7010,NA,NA,369,"ONE TOWN CENTRE APT 501, CLIFFSIDE PARK, NJ, 7010","No_Match",NA,NA,NA,NA
963370,"ONE TRINITY PLACE","SAN ANTONIO","TX",78212,NA,NA,370,"ONE TRINITY PLACE, SAN ANTONIO, TX, 78212","No_Match",NA,NA,NA,NA
963371,"ONE TROPICANA DR","ST PETERSBURG","FL",33705,NA,NA,371,"ONE TROPICANA DR, ST PETERSBURG, FL, 33705","No_Match",NA,NA,NA,NA
963372,"ONE TURKS HEAD PLACE SUITE 1440","PROVIDENCE","RI",2903,NA,NA,372,"ONE TURKS HEAD PLACE SUITE 1440, PROVIDENCE, RI, 2903","No_Match",NA,NA,NA,NA
963373,"ONE TURKS HEAD PLACE SUITE 700","PROVIDENCE","RI",2903,NA,NA,373,"ONE TURKS HEAD PLACE SUITE 700, PROVIDENCE, RI, 2903","No_Match",NA,NA,NA,NA
963374,"ONE TUSCOLA STREET","SAGINAW","MI",48607,NA,NA,374,"ONE TUSCOLA STREET, SAGINAW, MI, 48607","No_Match",NA,NA,NA,NA
963375,"ONE UNIVERISTY PLAZA MS 6100","CAPE GIRARDEAU","MO",63701,NA,NA,375,"ONE UNIVERISTY PLAZA MS 6100, CAPE GIRARDEAU, MO, 63701","No_Match",NA,NA,NA,NA
963376,"ONE UNIVERSITY AVE  BOX 1513","ANGOLA","IN",46703,NA,NA,376,"ONE UNIVERSITY AVE  BOX 1513, ANGOLA, IN, 46703","No_Match",NA,NA,NA,NA
963377,"ONE UNIVERSITY AVE  BOX 435","ANGOLA","IN",46703,NA,NA,377,"ONE UNIVERSITY AVE  BOX 435, ANGOLA, IN, 46703","No_Match",NA,NA,NA,NA
963378,"ONE UNIVERSITY AVE  BOX 561","ANGOLA","IN",46703,NA,NA,378,"ONE UNIVERSITY AVE  BOX 561, ANGOLA, IN, 46703","No_Match",NA,NA,NA,NA
963379,"ONE UNIVERSITY AVE","BOURBONNAIS","IL",60914,NA,NA,379,"ONE UNIVERSITY AVE, BOURBONNAIS, IL, 60914","No_Match",NA,NA,NA,NA
963380,"ONE UNIVERSITY BLVD - ZH 217","LA GRANDE","OR",97850,NA,NA,380,"ONE UNIVERSITY BLVD - ZH 217, LA GRANDE, OR, 97850","No_Match",NA,NA,NA,NA
963381,"ONE UNIVERSITY DRIVE SC-E250","CAMARILLO","CA",90312,NA,NA,381,"ONE UNIVERSITY DRIVE SC-E250, CAMARILLO, CA, 90312","No_Match",NA,NA,NA,NA
963382,"ONE UNIVERSITY HEIGHTS","ASHEVILLE","NC",28804,NA,NA,382,"ONE UNIVERSITY HEIGHTS, ASHEVILLE, NC, 28804","No_Match",NA,NA,NA,NA
963383,"ONE UNIVERSITY HEIGHTS","ASHVILLE","NC",28804,NA,NA,383,"ONE UNIVERSITY HEIGHTS, ASHVILLE, NC, 28804","No_Match",NA,NA,NA,NA
963384,"ONE UNIVERSITY PARK DRIVE","NASHVILLE","TN",37204,NA,NA,384,"ONE UNIVERSITY PARK DRIVE, NASHVILLE, TN, 37204","No_Match",NA,NA,NA,NA
963385,"ONE UNIVERSITY PARKWAY","HIGH POINT","NC",27268,NA,NA,385,"ONE UNIVERSITY PARKWAY, HIGH POINT, NC, 27268","No_Match",NA,NA,NA,NA
963386,"ONE UNIVERSITY PARKWAY","ROMEOVILLE","IL",60446,NA,NA,386,"ONE UNIVERSITY PARKWAY, ROMEOVILLE, IL, 60446","No_Match",NA,NA,NA,NA
963387,"ONE UNIVERSITY PLACE","CHESTER","PA",19013,NA,NA,387,"ONE UNIVERSITY PLACE, CHESTER, PA, 19013","No_Match",NA,NA,NA,NA
963388,"ONE UNIVERSITY PLACE","NEW YORK","NY",10003,NA,NA,388,"ONE UNIVERSITY PLACE, NEW YORK, NY, 10003","No_Match",NA,NA,NA,NA
963389,"ONE UNIVERSITY PLACE","SHREVEPORT","LA",71115,NA,NA,389,"ONE UNIVERSITY PLACE, SHREVEPORT, LA, 71115","No_Match",NA,NA,NA,NA
963390,"ONE UNIVERSITY PLAZA MS 6100","CAPE GIRARDEAU","MO",63701,NA,NA,390,"ONE UNIVERSITY PLAZA MS 6100, CAPE GIRARDEAU, MO, 63701","No_Match",NA,NA,NA,NA
963391,"ONE UNIVERSITY PLAZA UHB 3031","SPRINGFIELD","IL",62703,NA,NA,391,"ONE UNIVERSITY PLAZA UHB 3031, SPRINGFIELD, IL, 62703","No_Match",NA,NA,NA,NA
963392,"ONE UNIVERSITY PLAZA","SPRINGFIELD","AL",36092,NA,NA,392,"ONE UNIVERSITY PLAZA, SPRINGFIELD, AL, 36092","No_Match",NA,NA,NA,NA
963393,"ONE UNIVERSITY PLAZA","YOUNGSTOWN","OH",44555,NA,NA,393,"ONE UNIVERSITY PLAZA, YOUNGSTOWN, OH, 44555","No_Match",NA,NA,NA,NA
963394,"ONE UNIVERSITY ROAD","LAKE SUCCESS","NY",11020,NA,NA,394,"ONE UNIVERSITY ROAD, LAKE SUCCESS, NY, 11020","No_Match",NA,NA,NA,NA
963395,"ONE UNIVSERSITY PLACE","SHREVEPORT","LA",71115,NA,NA,395,"ONE UNIVSERSITY PLACE, SHREVEPORT, LA, 71115","No_Match",NA,NA,NA,NA
963396,"ONE US BANK PLAZA","SAINT LOUIS","MO",63101,NA,NA,396,"ONE US BANK PLAZA, SAINT LOUIS, MO, 63101","No_Match",NA,NA,NA,NA
963397,"ONE UTSA CIRCLE","SAN ANTONIO","TX",78249,NA,NA,397,"ONE UTSA CIRCLE, SAN ANTONIO, TX, 78249","No_Match",NA,NA,NA,NA
963398,"ONE VALERO WAY","SAN ANTONIO","TX",78249,NA,NA,398,"ONE VALERO WAY, SAN ANTONIO, TX, 78249","No_Match",NA,NA,NA,NA
963399,"ONE VAN METER FENWAY","NEW ROCHELLE","NY",10804,NA,NA,399,"ONE VAN METER FENWAY, NEW ROCHELLE, NY, 10804","No_Match",NA,NA,NA,NA
963400,"ONE VANTAGE WAY SUITE E250","NASHVILLE","TN",37228,NA,NA,400,"ONE VANTAGE WAY SUITE E250, NASHVILLE, TN, 37228","No_Match",NA,NA,NA,NA
963401,"ONE VERIZON WAY","BASKING RIDGE","NJ",7920,NA,NA,401,"ONE VERIZON WAY, BASKING RIDGE, NJ, 7920","No_Match",NA,NA,NA,NA
963402,"ONE W BROAD STREET  SUITE 700","BETHLEHEM","PA",18018,NA,NA,402,"ONE W BROAD STREET  SUITE 700, BETHLEHEM, PA, 18018","No_Match",NA,NA,NA,NA
963403,"ONE W BROAD STREET SUITE 700","BETHLEHEM","PA",18018,NA,NA,403,"ONE W BROAD STREET SUITE 700, BETHLEHEM, PA, 18018","No_Match",NA,NA,NA,NA
963404,"ONE WAMPANOAG DRIVE K-5","MASHPEE","MA",2649,NA,NA,404,"ONE WAMPANOAG DRIVE K-5, MASHPEE, MA, 2649","No_Match",NA,NA,NA,NA
963405,"ONE WAPALANNE ROAD","BRANCHVILLE","NJ",7826,NA,NA,405,"ONE WAPALANNE ROAD, BRANCHVILLE, NJ, 7826","No_Match",NA,NA,NA,NA
963406,"ONE WASHINGTON MALL 16TH FLOOR","BOSTON","MA",2108,NA,NA,406,"ONE WASHINGTON MALL 16TH FLOOR, BOSTON, MA, 2108","No_Match",NA,NA,NA,NA
963407,"ONE WATERWAY AVE APT 1303","THE WOODLANDS","TX",77380,NA,NA,407,"ONE WATERWAY AVE APT 1303, THE WOODLANDS, TX, 77380","No_Match",NA,NA,NA,NA
963408,"ONE WEIGT COURT","GREAT NECK","NV",11021,NA,NA,408,"ONE WEIGT COURT, GREAT NECK, NV, 11021","No_Match",NA,NA,NA,NA
963409,"ONE WEIGT COURT","GREAT NECK","NY",11021,NA,NA,409,"ONE WEIGT COURT, GREAT NECK, NY, 11021","No_Match",NA,NA,NA,NA
963410,"ONE WEST COURT SQUARE SUITE 750","DECATUR","GA",30030,NA,NA,410,"ONE WEST COURT SQUARE SUITE 750, DECATUR, GA, 30030","No_Match",NA,NA,NA,NA
963411,"ONE WEST FIRESTORM WAY BLDG 2100","GLENDALE","AZ",85306,NA,NA,411,"ONE WEST FIRESTORM WAY BLDG 2100, GLENDALE, AZ, 85306","No_Match",NA,NA,NA,NA
963412,"ONE WEST FIRESTORM WAY BLDG 21OO","GLENDALE","AZ",85306,NA,NA,412,"ONE WEST FIRESTORM WAY BLDG 21OO, GLENDALE, AZ, 85306","No_Match",NA,NA,NA,NA
963413,"ONE WEST SUPERIOR NO 3101","CHICAGO","IL",60654,NA,NA,413,"ONE WEST SUPERIOR NO 3101, CHICAGO, IL, 60654","No_Match",NA,NA,NA,NA
963414,"ONE WEST WATER STREET SUITE 235","ST PAUL","MN",55107,NA,NA,414,"ONE WEST WATER STREET SUITE 235, ST PAUL, MN, 55107","No_Match",NA,NA,NA,NA
963415,"ONE WILLOW BROOK COURTY SUITE 320","PETA LUMA","CA",94954,NA,NA,415,"ONE WILLOW BROOK COURTY SUITE 320, PETA LUMA, CA, 94954","No_Match",NA,NA,NA,NA
963416,"ONE WILLOWBROOK COURT SUITE 320","PETALUMA","CA",94954,NA,NA,416,"ONE WILLOWBROOK COURT SUITE 320, PETALUMA, CA, 94954","No_Match",NA,NA,NA,NA
963417,"ONE WILSHIRE BOULEVARD","LOS ANGELES","CA",90017,NA,NA,417,"ONE WILSHIRE BOULEVARD, LOS ANGELES, CA, 90017","No_Match",NA,NA,NA,NA
963418,"ONE WLSH PLAZA","OLYPHANT","PA",18447,NA,NA,418,"ONE WLSH PLAZA, OLYPHANT, PA, 18447","No_Match",NA,NA,NA,NA
963419,"ONE WORLD TRADE CENTER 85TH FLOOR","NEW YORK","NY",10007,NA,NA,419,"ONE WORLD TRADE CENTER 85TH FLOOR, NEW YORK, NY, 10007","No_Match",NA,NA,NA,NA
963420,"ONE","INDIANAPOLIS","IN",46282,NA,NA,420,"ONE, INDIANAPOLIS, IN, 46282","No_Match",NA,NA,NA,NA
963421,"ONR ACCOUNTACY CORP PO BOX 19415","PLANTATION","FL",33318,NA,NA,421,"ONR ACCOUNTACY CORP PO BOX 19415, PLANTATION, FL, 33318","No_Match",NA,NA,NA,NA
963422,"OR PO BOX 307","PALO","IA",52324,NA,NA,422,"OR PO BOX 307, PALO, IA, 52324","No_Match",NA,NA,NA,NA
963423,"ORAN FIRE 24690 PLEASANT ST","ORAN","IA",50664,42.701283286,-92.0742883999999,423,"ORAN FIRE 24690 PLEASANT ST, ORAN, IA, 50664","Match","Exact","24690 PLEASANT ST, ORAN, IA, 50664",108210368,"R"
963424,"ORANGE VILLAGE BLD 280 APT 7","HERMITAGE","PA",16148,NA,NA,424,"ORANGE VILLAGE BLD 280 APT 7, HERMITAGE, PA, 16148","No_Match",NA,NA,NA,NA
963425,"ORANIENBURGERE STRASSE","BERLIN","MO",10997,NA,NA,425,"ORANIENBURGERE STRASSE, BERLIN, MO, 10997","No_Match",NA,NA,NA,NA
963426,"ORCHARD AVENUE","GRAND","CO",81504,NA,NA,426,"ORCHARD AVENUE, GRAND, CO, 81504","No_Match",NA,NA,NA,NA
963427,"ORCHARD DRIVE","COHASSET","MA",2025,NA,NA,427,"ORCHARD DRIVE, COHASSET, MA, 2025","No_Match",NA,NA,NA,NA
963428,"ORCHARD HILL DRIVE","ELENWOOD","GA",30294,NA,NA,428,"ORCHARD HILL DRIVE, ELENWOOD, GA, 30294","No_Match",NA,NA,NA,NA
963429,"ORCHARD LANE","CHICKAMAUGA","GA",30707,NA,NA,429,"ORCHARD LANE, CHICKAMAUGA, GA, 30707","No_Match",NA,NA,NA,NA
963430,"ORCHARD RIDGE RD","HANCOCK","MD",21750,NA,NA,430,"ORCHARD RIDGE RD, HANCOCK, MD, 21750","No_Match",NA,NA,NA,NA
963431,"ORCHARD STREET","SEWICKLEY","PA",15143,NA,NA,431,"ORCHARD STREET, SEWICKLEY, PA, 15143","No_Match",NA,NA,NA,NA
963432,"OREGON RD H82","PERRYSBURG","OH",43551,NA,NA,432,"OREGON RD H82, PERRYSBURG, OH, 43551","No_Match",NA,NA,NA,NA
963433,"OREGON STATE WEST COMPLEX 832","CORVALLIS","OR",97331,NA,NA,433,"OREGON STATE WEST COMPLEX 832, CORVALLIS, OR, 97331","No_Match",NA,NA,NA,NA
963434,"ORISTALSTRASSE 24A","LIESTAL SWITZERLAND",NA,NA,NA,NA,434,"ORISTALSTRASSE 24A, LIESTAL SWITZERLAND, , ","No_Match",NA,NA,NA,NA
963435,"ORLANDO ST","INDIANAPOLIS","IN",46228,NA,NA,435,"ORLANDO ST, INDIANAPOLIS, IN, 46228","No_Match",NA,NA,NA,NA
963436,"ORLANDO","ORLANDO","FL",32811,NA,NA,436,"ORLANDO, ORLANDO, FL, 32811","No_Match",NA,NA,NA,NA
963437,"ORPHEUS RD","THURMAN","OH",45685,NA,NA,437,"ORPHEUS RD, THURMAN, OH, 45685","No_Match",NA,NA,NA,NA
963438,"OS 352 PARK STREET","WINFIELD","IL",60190,41.8675407470001,-88.1597374089999,438,"OS 352 PARK STREET, WINFIELD, IL, 60190","Match","Exact","OS101 PARK ST, WINFIELD, IL, 60190",112704130,"L"
963439,"OS731 LINDEN AVE","ELMHURST","IL",60126,NA,NA,439,"OS731 LINDEN AVE, ELMHURST, IL, 60126","No_Match",NA,NA,NA,NA
963440,"OS845 SPRING GREEN WAY","BATAVIA","IL",60510,NA,NA,440,"OS845 SPRING GREEN WAY, BATAVIA, IL, 60510","No_Match",NA,NA,NA,NA
963441,"OSTSTR 4","LEIPZIG, GERMANY","MA",4317,NA,NA,441,"OSTSTR 4, LEIPZIG, GERMANY, MA, 4317","No_Match",NA,NA,NA,NA
963442,"OSU - 008C AGRICULTURAL HALL","STILLWATER","OK",74078,NA,NA,442,"OSU - 008C AGRICULTURAL HALL, STILLWATER, OK, 74078","No_Match",NA,NA,NA,NA
963443,"OSU / PHILOSOPHY","CORVALLIS","OR",97331,NA,NA,443,"OSU / PHILOSOPHY, CORVALLIS, OR, 97331","No_Match",NA,NA,NA,NA
963444,"OSU 003 LIFE SCIENCES EAST","STILLWATER","OK",74078,NA,NA,444,"OSU 003 LIFE SCIENCES EAST, STILLWATER, OK, 74078","No_Match",NA,NA,NA,NA
963445,"OSU EXTENSION 210 KOTTMANN HALL 202","COLUMBUS","OH",43210,NA,NA,445,"OSU EXTENSION 210 KOTTMANN HALL 202, COLUMBUS, OH, 43210","No_Match",NA,NA,NA,NA
963446,"OSU FRENCH DEPT 1775 HAGERTY HALL","COLUMBUS","OH",43210,NA,NA,446,"OSU FRENCH DEPT 1775 HAGERTY HALL, COLUMBUS, OH, 43210","No_Match",NA,NA,NA,NA
963447,"OSU TESTING OFFICE","COLUMBUS","OH",43210,NA,NA,447,"OSU TESTING OFFICE, COLUMBUS, OH, 43210","No_Match",NA,NA,NA,NA
963448,"OTC/1001 E CHESTNUT EXPRWY","SPRINGFIELD","MO",65802,NA,NA,448,"OTC/1001 E CHESTNUT EXPRWY, SPRINGFIELD, MO, 65802","No_Match",NA,NA,NA,NA
963449,"OTTER ST","FRANKLIN","PA",16353,NA,NA,449,"OTTER ST, FRANKLIN, PA, 16353","No_Match",NA,NA,NA,NA
963450,"OVERBROOK ROAD","VALENCIA","PA",16059,NA,NA,450,"OVERBROOK ROAD, VALENCIA, PA, 16059","No_Match",NA,NA,NA,NA
963451,"OVERE AALSWEGEN 26","3370 AAL NORWAY",NA,NA,NA,NA,451,"OVERE AALSWEGEN 26, 3370 AAL NORWAY, , ","No_Match",NA,NA,NA,NA
963452,"OVIEDO ST B-3 TORRIMAR","GUAYNABI","PR",966,NA,NA,452,"OVIEDO ST B-3 TORRIMAR, GUAYNABI, PR, 966","No_Match",NA,NA,NA,NA
963453,"OWL CREEK ROAD","GATESVILLE","TX",76528,NA,NA,453,"OWL CREEK ROAD, GATESVILLE, TX, 76528","No_Match",NA,NA,NA,NA
963454,"OXFORD ROAD BECKFORD TOWN POSTAL AG","JOHNS TOWN ST THOMAS",NA,NA,NA,NA,454,"OXFORD ROAD BECKFORD TOWN POSTAL AG, JOHNS TOWN ST THOMAS, , ","No_Match",NA,NA,NA,NA
963455,"OXFORD UNIV PRESS 198 MADISON AVE","NY","NY",10013,40.7478213250001,-73.982921812,455,"OXFORD UNIV PRESS 198 MADISON AVE, NY, NY, 10013","Match","Non_Exact","198 MADISON AVE, NEW YORK, NY, 10016",59654395,"L"
963456,"P  O  BOX 13831","DURHAM","NC",27709,NA,NA,456,"P  O  BOX 13831, DURHAM, NC, 27709","No_Match",NA,NA,NA,NA
963457,"P  O  BOX 5234","SUFFOLK","VA",23435,NA,NA,457,"P  O  BOX 5234, SUFFOLK, VA, 23435","No_Match",NA,NA,NA,NA
963458,"P  O BOX 208","INDIAN SPRINGS","NV",89070,NA,NA,458,"P  O BOX 208, INDIAN SPRINGS, NV, 89070","No_Match",NA,NA,NA,NA
963459,"P  O BOX 6037","ALAMEDA","CA",94501,NA,NA,459,"P  O BOX 6037, ALAMEDA, CA, 94501","No_Match",NA,NA,NA,NA
963460,"P  O BOX 9742","ST THOMAS","VI",801,NA,NA,460,"P  O BOX 9742, ST THOMAS, VI, 801","No_Match",NA,NA,NA,NA
963461,"P 0  BOX 872692","WASILLA","AK",99654,NA,NA,461,"P 0  BOX 872692, WASILLA, AK, 99654","No_Match",NA,NA,NA,NA
963462,"P 0 B 72686","N CHARLESTON","SC",29415,NA,NA,462,"P 0 B 72686, N CHARLESTON, SC, 29415","No_Match",NA,NA,NA,NA
963463,"P 0 BOX 194","HILLSDALE","NY",12529,NA,NA,463,"P 0 BOX 194, HILLSDALE, NY, 12529","No_Match",NA,NA,NA,NA
963464,"P 0 BOX 219","BEDIAS","TX",77831,NA,NA,464,"P 0 BOX 219, BEDIAS, TX, 77831","No_Match",NA,NA,NA,NA
963465,"P 0 BOX 280518","TAMPA","FL",33682,NA,NA,465,"P 0 BOX 280518, TAMPA, FL, 33682","No_Match",NA,NA,NA,NA
963466,"P 0 BOX 696","ELKINS","AR",72727,NA,NA,466,"P 0 BOX 696, ELKINS, AR, 72727","No_Match",NA,NA,NA,NA
963467,"P 112 COUNTY ROAD 7","NAPOLEON","OH",43545,NA,NA,467,"P 112 COUNTY ROAD 7, NAPOLEON, OH, 43545","Tie",NA,NA,NA,NA
963468,"P 13 TIBETAN COLONY KOLLEGAL","INDIA",NA,NA,NA,NA,468,"P 13 TIBETAN COLONY KOLLEGAL, INDIA, , ","No_Match",NA,NA,NA,NA
963469,"P B BOX 2380","WILKES BARRE","PA",18703,NA,NA,469,"P B BOX 2380, WILKES BARRE, PA, 18703","No_Match",NA,NA,NA,NA
963470,"P BO BOX 456","REIDSVILLE","NC",27323,NA,NA,470,"P BO BOX 456, REIDSVILLE, NC, 27323","No_Match",NA,NA,NA,NA
963471,"P BOX 2124 350 HIGHLAND AVE","BUCKEYE LAKE","OH",43008,39.93583706,-82.473587734,471,"P BOX 2124 350 HIGHLAND AVE, BUCKEYE LAKE, OH, 43008","Match","Exact","350 HIGHLAND AVE, BUCKEYE LAKE, OH, 43008",61496103,"L"
963472,"P BOX 3290","PAWLEYS ISLAND","SC",29585,NA,NA,472,"P BOX 3290, PAWLEYS ISLAND, SC, 29585","No_Match",NA,NA,NA,NA
963473,"P C BOX 3267","MEMPHIS","TN",38173,NA,NA,473,"P C BOX 3267, MEMPHIS, TN, 38173","No_Match",NA,NA,NA,NA
963474,"P DE LOYOAL II 600 AV PINERO AP1903","SAN JUAN","PR",918,NA,NA,474,"P DE LOYOAL II 600 AV PINERO AP1903, SAN JUAN, PR, 918","No_Match",NA,NA,NA,NA
963475,"P HOME 5 1302 TOM TEMPLE DRIVE","LUFKIN","TX",75904,NA,NA,475,"P HOME 5 1302 TOM TEMPLE DRIVE, LUFKIN, TX, 75904","No_Match",NA,NA,NA,NA
963476,"P O   BOX 1578","RATCLIFF","TX",75858,NA,NA,476,"P O   BOX 1578, RATCLIFF, TX, 75858","No_Match",NA,NA,NA,NA
963477,"P O  BOX 111","WAVERLY HALL","GA",31831,NA,NA,477,"P O  BOX 111, WAVERLY HALL, GA, 31831","No_Match",NA,NA,NA,NA
963478,"P O  BOX 131","HOUSTON","TX",77001,NA,NA,478,"P O  BOX 131, HOUSTON, TX, 77001","No_Match",NA,NA,NA,NA
963479,"P O  BOX 142430","FAYETTEVILLE","GA",30214,NA,NA,479,"P O  BOX 142430, FAYETTEVILLE, GA, 30214","No_Match",NA,NA,NA,NA
963480,"P O  BOX 1528","COLLIERVILLE","TN",38027,NA,NA,480,"P O  BOX 1528, COLLIERVILLE, TN, 38027","No_Match",NA,NA,NA,NA
963481,"P O  BOX 158","BOUTTE","LA",70039,NA,NA,481,"P O  BOX 158, BOUTTE, LA, 70039","No_Match",NA,NA,NA,NA
963482,"P O  BOX 1621","SPRINGFIELD","VA",22151,NA,NA,482,"P O  BOX 1621, SPRINGFIELD, VA, 22151","No_Match",NA,NA,NA,NA
963483,"P O  BOX 1683","HOCKESSIN","DE",19707,NA,NA,483,"P O  BOX 1683, HOCKESSIN, DE, 19707","No_Match",NA,NA,NA,NA
963484,"P O  BOX 1758","CONYERS","GA",30012,NA,NA,484,"P O  BOX 1758, CONYERS, GA, 30012","No_Match",NA,NA,NA,NA
963485,"P O  BOX 1786","FERNDALE","WA",98248,NA,NA,485,"P O  BOX 1786, FERNDALE, WA, 98248","No_Match",NA,NA,NA,NA
963486,"P O  BOX 1790","SPOTSYLVANIA","VA",22551,NA,NA,486,"P O  BOX 1790, SPOTSYLVANIA, VA, 22551","No_Match",NA,NA,NA,NA
963487,"P O  BOX 1953","ROGERS","AR",72757,NA,NA,487,"P O  BOX 1953, ROGERS, AR, 72757","No_Match",NA,NA,NA,NA
963488,"P O  BOX 21","CLARKESVILLE","GA",30523,NA,NA,488,"P O  BOX 21, CLARKESVILLE, GA, 30523","No_Match",NA,NA,NA,NA
963489,"P O  BOX 247","BOWLING GREEN","FL",33834,NA,NA,489,"P O  BOX 247, BOWLING GREEN, FL, 33834","No_Match",NA,NA,NA,NA
963490,"P O  BOX 250286","MILWAUKEE","WI",53225,NA,NA,490,"P O  BOX 250286, MILWAUKEE, WI, 53225","No_Match",NA,NA,NA,NA
963491,"P O  BOX 2555","TOLEDO","OH",43606,NA,NA,491,"P O  BOX 2555, TOLEDO, OH, 43606","No_Match",NA,NA,NA,NA
963492,"P O  BOX 25802","RICHMOND","VA",23060,NA,NA,492,"P O  BOX 25802, RICHMOND, VA, 23060","No_Match",NA,NA,NA,NA
963493,"P O  BOX 272","TRUTH OR CONSEQUENCE","NM",87901,NA,NA,493,"P O  BOX 272, TRUTH OR CONSEQUENCE, NM, 87901","No_Match",NA,NA,NA,NA
963494,"P O  BOX 281","EAST ANDOVER","NH",3231,NA,NA,494,"P O  BOX 281, EAST ANDOVER, NH, 3231","No_Match",NA,NA,NA,NA
963495,"P O  BOX 3","LITTLE FERRY","NJ",7643,NA,NA,495,"P O  BOX 3, LITTLE FERRY, NJ, 7643","No_Match",NA,NA,NA,NA
963496,"P O  BOX 30","PARTRIDGE","KY",40862,NA,NA,496,"P O  BOX 30, PARTRIDGE, KY, 40862","No_Match",NA,NA,NA,NA
963497,"P O  BOX 311","LAKE CITY","FL",32056,NA,NA,497,"P O  BOX 311, LAKE CITY, FL, 32056","No_Match",NA,NA,NA,NA
963498,"P O  BOX 3174","BALD HEAD ISLAND","NC",28461,NA,NA,498,"P O  BOX 3174, BALD HEAD ISLAND, NC, 28461","No_Match",NA,NA,NA,NA
963499,"P O  BOX 3287","KAILUA KONA","HI",96745,NA,NA,499,"P O  BOX 3287, KAILUA KONA, HI, 96745","No_Match",NA,NA,NA,NA
963500,"P O  BOX 333","LAROSE","LA",70373,NA,NA,500,"P O  BOX 333, LAROSE, LA, 70373","No_Match",NA,NA,NA,NA
