"ID","Address","City","State","Zip","lat","long","id","input_address","match_indicator","match_type","matched_address","tiger_line_id","tiger_side"
1003001,"STE 248","ROWLEY","MA",1950,NA,NA,1,"STE 248, ROWLEY, MA, 1950","No_Match",NA,NA,NA,NA
1003002,"STE 302 22356 EL TORO ROAD","LAKE FOREST","CA",92630,NA,NA,2,"STE 302 22356 EL TORO ROAD, LAKE FOREST, CA, 92630","No_Match",NA,NA,NA,NA
1003003,"STE 4","LOS ANGELES","CA",90036,NA,NA,3,"STE 4, LOS ANGELES, CA, 90036","No_Match",NA,NA,NA,NA
1003004,"STE 605 500 ANTON BLVD","COSTA MESA","CA",92626,33.690219384,-117.877843034,4,"STE 605 500 ANTON BLVD, COSTA MESA, CA, 92626","Match","Exact","500 ANTON BLVD, COSTA MESA, CA, 92626",609061844,"R"
1003005,"STE B","TORRANCE","CA",90504,NA,NA,5,"STE B, TORRANCE, CA, 90504","No_Match",NA,NA,NA,NA
1003006,"STE E3","FRANKLIN","TN",37067,NA,NA,6,"STE E3, FRANKLIN, TN, 37067","No_Match",NA,NA,NA,NA
1003007,"STE R 784 S CLEARWATER LOOP","POST FALLS","ID",83851,NA,NA,7,"STE R 784 S CLEARWATER LOOP, POST FALLS, ID, 83851","No_Match",NA,NA,NA,NA
1003008,"STEEPLECHASE RD","GLASGOW","KY",42141,NA,NA,8,"STEEPLECHASE RD, GLASGOW, KY, 42141","No_Match",NA,NA,NA,NA
1003009,"STEPHANIE DRIVE","BEAR","DE",19701,NA,NA,9,"STEPHANIE DRIVE, BEAR, DE, 19701","No_Match",NA,NA,NA,NA
1003010,"STEPHEN F AUSTIN STATE UNIVERSITY","NACOGDOCHES","TX",75965,NA,NA,10,"STEPHEN F AUSTIN STATE UNIVERSITY, NACOGDOCHES, TX, 75965","No_Match",NA,NA,NA,NA
1003011,"STEPHENS WOOD","DURHAM","CT",6422,NA,NA,11,"STEPHENS WOOD, DURHAM, CT, 6422","No_Match",NA,NA,NA,NA
1003012,"STERLING AVE","PEORIA","IL",61604,NA,NA,12,"STERLING AVE, PEORIA, IL, 61604","No_Match",NA,NA,NA,NA
1003013,"STETSON LAW SCHOOL1401 S 61ST ST","GULFPORT","FL",33707,NA,NA,13,"STETSON LAW SCHOOL1401 S 61ST ST, GULFPORT, FL, 33707","No_Match",NA,NA,NA,NA
1003014,"STEUART TOWER 1MARKET PLAZA","SAN FRANCISCO","CA",94105,NA,NA,14,"STEUART TOWER 1MARKET PLAZA, SAN FRANCISCO, CA, 94105","No_Match",NA,NA,NA,NA
1003015,"STEVE CUNDY","SUSSEX","WI",53089,NA,NA,15,"STEVE CUNDY, SUSSEX, WI, 53089","No_Match",NA,NA,NA,NA
1003016,"STEVENSON LANE","TOWSON","MD",21286,NA,NA,16,"STEVENSON LANE, TOWSON, MD, 21286","No_Match",NA,NA,NA,NA
1003017,"STILL HOLLOW DR","FRISCO","TX",75035,NA,NA,17,"STILL HOLLOW DR, FRISCO, TX, 75035","No_Match",NA,NA,NA,NA
1003018,"STILLFOREST","SAN ANTONIO","TX",78250,NA,NA,18,"STILLFOREST, SAN ANTONIO, TX, 78250","No_Match",NA,NA,NA,NA
1003019,"STILLWATER RIVER TRIAL","WHITEFISH","MT",59937,NA,NA,19,"STILLWATER RIVER TRIAL, WHITEFISH, MT, 59937","No_Match",NA,NA,NA,NA
1003020,"STINARD AVE","SYRACUSE","NY",13207,NA,NA,20,"STINARD AVE, SYRACUSE, NY, 13207","No_Match",NA,NA,NA,NA
1003021,"STOCKER CENTER 321C","ATHENS","OH",45701,NA,NA,21,"STOCKER CENTER 321C, ATHENS, OH, 45701","No_Match",NA,NA,NA,NA
1003022,"STOKES HALL N459","CHESTNUT HILL","MA",2467,NA,NA,22,"STOKES HALL N459, CHESTNUT HILL, MA, 2467","No_Match",NA,NA,NA,NA
1003023,"STONE LANE","TWIN BRIDGES","MT",59754,NA,NA,23,"STONE LANE, TWIN BRIDGES, MT, 59754","No_Match",NA,NA,NA,NA
1003024,"STONE MOUNTAIN","STONE MOUNTAIN","GA",30087,NA,NA,24,"STONE MOUNTAIN, STONE MOUNTAIN, GA, 30087","No_Match",NA,NA,NA,NA
1003025,"STONEBROOK DR","PALMYRA","PA",17078,NA,NA,25,"STONEBROOK DR, PALMYRA, PA, 17078","No_Match",NA,NA,NA,NA
1003026,"STONEHOUSE CT","NAPA","CA",94558,NA,NA,26,"STONEHOUSE CT, NAPA, CA, 94558","No_Match",NA,NA,NA,NA
1003027,"STONESHIRE DRIVE","GLASSBORO","NJ",8028,NA,NA,27,"STONESHIRE DRIVE, GLASSBORO, NJ, 8028","No_Match",NA,NA,NA,NA
1003028,"STONEY RIDGE BEND","DEL VALLE","TX",78617,NA,NA,28,"STONEY RIDGE BEND, DEL VALLE, TX, 78617","No_Match",NA,NA,NA,NA
1003029,"STONY BROOK MEDICINE HSC T16 RM020","STONY BROOK","NY",11794,NA,NA,29,"STONY BROOK MEDICINE HSC T16 RM020, STONY BROOK, NY, 11794","No_Match",NA,NA,NA,NA
1003030,"STONY POINT RD","GRAND ISLAND","NY",14072,NA,NA,30,"STONY POINT RD, GRAND ISLAND, NY, 14072","No_Match",NA,NA,NA,NA
1003031,"STOREFRONT 1W","NEW YORK","NY",10009,NA,NA,31,"STOREFRONT 1W, NEW YORK, NY, 10009","No_Match",NA,NA,NA,NA
1003032,"STORMS STORE ROD","NEW OXFORD","PA",17350,NA,NA,32,"STORMS STORE ROD, NEW OXFORD, PA, 17350","No_Match",NA,NA,NA,NA
1003033,"STOUTS ROAD","MORRIS","AL",35116,NA,NA,33,"STOUTS ROAD, MORRIS, AL, 35116","No_Match",NA,NA,NA,NA
1003034,"STR ALLE FILATURES 13900 BIELLA","BIELLA, ITA",NA,NA,NA,NA,34,"STR ALLE FILATURES 13900 BIELLA, BIELLA, ITA, , ","No_Match",NA,NA,NA,NA
1003035,"STRADA BEDALE DELLA RESSIA 2","PERVERAGNO ITALY",NA,NA,NA,NA,35,"STRADA BEDALE DELLA RESSIA 2, PERVERAGNO ITALY, , ","No_Match",NA,NA,NA,NA
1003036,"STRATFORD CIRCLE","STOCKBRIDGE","GA",30253,NA,NA,36,"STRATFORD CIRCLE, STOCKBRIDGE, GA, 30253","No_Match",NA,NA,NA,NA
1003037,"STRATHAM HEIGHTS ROAD","STRATHAM","NH",3885,NA,NA,37,"STRATHAM HEIGHTS ROAD, STRATHAM, NH, 3885","No_Match",NA,NA,NA,NA
1003038,"STREET 2 B 4 VISTA DEL RIO","ANASCO","PR",610,NA,NA,38,"STREET 2 B 4 VISTA DEL RIO, ANASCO, PR, 610","No_Match",NA,NA,NA,NA
1003039,"STREET 5 PARCEL 48 SAN JOSE","TOA BAJA","PR",949,NA,NA,39,"STREET 5 PARCEL 48 SAN JOSE, TOA BAJA, PR, 949","No_Match",NA,NA,NA,NA
1003040,"STREET ADDRESS 2","DAPHNE","AL",36526,NA,NA,40,"STREET ADDRESS 2, DAPHNE, AL, 36526","No_Match",NA,NA,NA,NA
1003041,"STREET ADDRESS 2","LAGUNA NIGUEL","CA",92677,NA,NA,41,"STREET ADDRESS 2, LAGUNA NIGUEL, CA, 92677","No_Match",NA,NA,NA,NA
1003042,"STREET ADDRESS 2","LITTLE NECK","NY",11363,NA,NA,42,"STREET ADDRESS 2, LITTLE NECK, NY, 11363","No_Match",NA,NA,NA,NA
1003043,"STREET ADDRESS 2","SMYRNA","DE",19977,NA,NA,43,"STREET ADDRESS 2, SMYRNA, DE, 19977","No_Match",NA,NA,NA,NA
1003044,"STREET TILO EF 4 LOS ALMENDROS","BAYAMON","PR",961,NA,NA,44,"STREET TILO EF 4 LOS ALMENDROS, BAYAMON, PR, 961","No_Match",NA,NA,NA,NA
1003045,"STREET","ARCADIA","WI",54612,NA,NA,45,"STREET, ARCADIA, WI, 54612","No_Match",NA,NA,NA,NA
1003046,"STREET","AUSTIN","TX",78703,NA,NA,46,"STREET, AUSTIN, TX, 78703","No_Match",NA,NA,NA,NA
1003047,"STREET","CITY","NY",0,NA,NA,47,"STREET, CITY, NY, 0","No_Match",NA,NA,NA,NA
1003048,"STREET","CLARKSDALE","MO",64430,NA,NA,48,"STREET, CLARKSDALE, MO, 64430","No_Match",NA,NA,NA,NA
1003049,"STREET","KING CITY","MO",64463,NA,NA,49,"STREET, KING CITY, MO, 64463","No_Match",NA,NA,NA,NA
1003050,"STREET","OSBORN","MO",64474,NA,NA,50,"STREET, OSBORN, MO, 64474","No_Match",NA,NA,NA,NA
1003051,"STREET","ST JOSEPH","MO",64504,NA,NA,51,"STREET, ST JOSEPH, MO, 64504","No_Match",NA,NA,NA,NA
1003052,"STREULISTRASSE 5","ZURICH 8032",NA,NA,NA,NA,52,"STREULISTRASSE 5, ZURICH 8032, , ","No_Match",NA,NA,NA,NA
1003053,"STRITCH SCHOOL 2160 S FIRST AVE","MAYWOOD IL","IL",60153,41.865187237,-87.833386874,53,"STRITCH SCHOOL 2160 S FIRST AVE, MAYWOOD IL, IL, 60153","Match","Non_Exact","2160 S 1ST AVE, MAYWOOD, IL, 60153",112216534,"R"
1003054,"STROLL LANE","CINCINNATI","OH",45213,NA,NA,54,"STROLL LANE, CINCINNATI, OH, 45213","No_Match",NA,NA,NA,NA
1003055,"STUECKENSTRASSE 58A","33604 BIELEFELD",NA,NA,NA,NA,55,"STUECKENSTRASSE 58A, 33604 BIELEFELD, , ","No_Match",NA,NA,NA,NA
1003056,"SU 8 LAKE CHEROKEE","HENDERSON","TX",75652,NA,NA,56,"SU 8 LAKE CHEROKEE, HENDERSON, TX, 75652","No_Match",NA,NA,NA,NA
1003057,"SU BOX 12352","BATON ROUGE","LA",70813,NA,NA,57,"SU BOX 12352, BATON ROUGE, LA, 70813","No_Match",NA,NA,NA,NA
1003058,"SUDAN KHARTUM","OMDURMAN","AA",11111,NA,NA,58,"SUDAN KHARTUM, OMDURMAN, AA, 11111","No_Match",NA,NA,NA,NA
1003059,"SUDAN WEST DARFUR","ALGENANA","AA",11111,NA,NA,59,"SUDAN WEST DARFUR, ALGENANA, AA, 11111","No_Match",NA,NA,NA,NA
1003060,"SUFFOLK COUNTY","VARIOUS","NY",0,NA,NA,60,"SUFFOLK COUNTY, VARIOUS, NY, 0","No_Match",NA,NA,NA,NA
1003061,"SUITE 100","DENTON","TX",76208,NA,NA,61,"SUITE 100, DENTON, TX, 76208","No_Match",NA,NA,NA,NA
1003062,"SUITE 100","HUDSON","WI",54016,NA,NA,62,"SUITE 100, HUDSON, WI, 54016","No_Match",NA,NA,NA,NA
1003063,"SUITE 100","NEWARK","DE",19711,NA,NA,63,"SUITE 100, NEWARK, DE, 19711","No_Match",NA,NA,NA,NA
1003064,"SUITE 101 2637 EDENBORN AVE","METAIRIE","LA",70002,30.000065292,-90.162258972,64,"SUITE 101 2637 EDENBORN AVE, METAIRIE, LA, 70002","Match","Exact","2637 EDENBORN AVE, METAIRIE, LA, 70002",639853439,"R"
1003065,"SUITE 101","PHILADELPHIA","PA",19103,NA,NA,65,"SUITE 101, PHILADELPHIA, PA, 19103","No_Match",NA,NA,NA,NA
1003066,"SUITE 101","WADSWORTH","OH",44281,NA,NA,66,"SUITE 101, WADSWORTH, OH, 44281","No_Match",NA,NA,NA,NA
1003067,"SUITE 102","ALAMOSA","CO",81101,NA,NA,67,"SUITE 102, ALAMOSA, CO, 81101","No_Match",NA,NA,NA,NA
1003068,"SUITE 1032-1296","CHICAGO","IL",60604,NA,NA,68,"SUITE 1032-1296, CHICAGO, IL, 60604","No_Match",NA,NA,NA,NA
1003069,"SUITE 104","CHATTANOOGA","TN",37421,NA,NA,69,"SUITE 104, CHATTANOOGA, TN, 37421","No_Match",NA,NA,NA,NA
1003070,"SUITE 104","EVANSTON","IL",60202,NA,NA,70,"SUITE 104, EVANSTON, IL, 60202","No_Match",NA,NA,NA,NA
1003071,"SUITE 106","ARLINGTON HEIGHTS","IL",60005,NA,NA,71,"SUITE 106, ARLINGTON HEIGHTS, IL, 60005","No_Match",NA,NA,NA,NA
1003072,"SUITE 1104","PAWTUCKET","RI",2860,NA,NA,72,"SUITE 1104, PAWTUCKET, RI, 2860","No_Match",NA,NA,NA,NA
1003073,"SUITE 1112 801 PENNSYLVANIA AVE NW","WASHINGTON","DC",20004,38.89362899,-77.0230359559999,73,"SUITE 1112 801 PENNSYLVANIA AVE NW, WASHINGTON, DC, 20004","Match","Exact","801 PENNSYLVANIA AVE NW, WASHINGTON, DC, 20004",76226346,"R"
1003074,"SUITE 113 6495 NEW HAMPSHIRE AVE","HYATTSVILLE","MD",20783,38.9684840410001,-77.0003423589999,74,"SUITE 113 6495 NEW HAMPSHIRE AVE, HYATTSVILLE, MD, 20783","Match","Exact","6495 NEW HAMPSHIRE AVE, HYATTSVILLE, MD, 20783",613206780,"R"
1003075,"SUITE 128","SACRAMENTO","CA",95815,NA,NA,75,"SUITE 128, SACRAMENTO, CA, 95815","No_Match",NA,NA,NA,NA
1003076,"SUITE 130","ATLANTA","GA",30316,NA,NA,76,"SUITE 130, ATLANTA, GA, 30316","No_Match",NA,NA,NA,NA
1003077,"SUITE 130","SOUTH BURLINGTON","VT",5403,NA,NA,77,"SUITE 130, SOUTH BURLINGTON, VT, 5403","No_Match",NA,NA,NA,NA
1003078,"SUITE 140-216","DAWSONVILLE","GA",30534,NA,NA,78,"SUITE 140-216, DAWSONVILLE, GA, 30534","No_Match",NA,NA,NA,NA
1003079,"SUITE 146","SAN LEANDRO","CA",94579,NA,NA,79,"SUITE 146, SAN LEANDRO, CA, 94579","No_Match",NA,NA,NA,NA
1003080,"SUITE 150","LIVONIA","MI",48150,NA,NA,80,"SUITE 150, LIVONIA, MI, 48150","No_Match",NA,NA,NA,NA
1003081,"SUITE 1501 6736 BILL CARRUTH PKWY","HIRAM","GA",30141,33.8828576720001,-84.732862879,81,"SUITE 1501 6736 BILL CARRUTH PKWY, HIRAM, GA, 30141","Match","Exact","6736 BILL CARRUTH PKWY, HIRAM, GA, 30141",647785116,"L"
1003082,"SUITE 1517","INDIANAPOLIS","IN",46204,NA,NA,82,"SUITE 1517, INDIANAPOLIS, IN, 46204","No_Match",NA,NA,NA,NA
1003083,"SUITE 1520 10 S BROADWAY","SAINT LOUIS","MO",63102,NA,NA,83,"SUITE 1520 10 S BROADWAY, SAINT LOUIS, MO, 63102","No_Match",NA,NA,NA,NA
1003084,"SUITE 170","EAST ELMHURST","NY",11370,NA,NA,84,"SUITE 170, EAST ELMHURST, NY, 11370","No_Match",NA,NA,NA,NA
1003085,"SUITE 18","NEW YORK","NY",10030,NA,NA,85,"SUITE 18, NEW YORK, NY, 10030","No_Match",NA,NA,NA,NA
1003086,"SUITE 18","SAN ANTONIO","TX",78205,NA,NA,86,"SUITE 18, SAN ANTONIO, TX, 78205","No_Match",NA,NA,NA,NA
1003087,"SUITE 1800 1201 WALNUT","KANSAS CITY","MO",64106,39.099778207,-94.5820686069999,87,"SUITE 1800 1201 WALNUT, KANSAS CITY, MO, 64106","Match","Non_Exact","1201 WALNUT ST, KANSAS CITY, MO, 64106",91445195,"L"
1003088,"SUITE 1907","MACON","GA",31210,NA,NA,88,"SUITE 1907, MACON, GA, 31210","No_Match",NA,NA,NA,NA
1003089,"SUITE 2","MINNEAPOLIS","MN",55411,NA,NA,89,"SUITE 2, MINNEAPOLIS, MN, 55411","No_Match",NA,NA,NA,NA
1003090,"SUITE 200 18081 BURT STREET","OMAHA","NE",68022,NA,NA,90,"SUITE 200 18081 BURT STREET, OMAHA, NE, 68022","No_Match",NA,NA,NA,NA
1003091,"SUITE 200 7925 YOUREE DRIVE","SHREVEPORT","LA",71105,32.4329128570001,-93.712356899,91,"SUITE 200 7925 YOUREE DRIVE, SHREVEPORT, LA, 71105","Match","Exact","7925 YOUREE DR, SHREVEPORT, LA, 71105",638840393,"R"
1003092,"SUITE 200","GRAPEVINE","TX",76051,NA,NA,92,"SUITE 200, GRAPEVINE, TX, 76051","No_Match",NA,NA,NA,NA
1003093,"SUITE 201 1555 OXFORD ST","BERKELEY","CA",94709,37.879501842,-122.266955404,93,"SUITE 201 1555 OXFORD ST, BERKELEY, CA, 94709","Match","Exact","1555 OXFORD ST, BERKELEY, CA, 94709",124993894,"L"
1003094,"SUITE 201","SPEEDWAY","IN",46224,NA,NA,94,"SUITE 201, SPEEDWAY, IN, 46224","No_Match",NA,NA,NA,NA
1003095,"SUITE 202","ROYAL OAK","MI",48067,NA,NA,95,"SUITE 202, ROYAL OAK, MI, 48067","No_Match",NA,NA,NA,NA
1003096,"SUITE 203-144","JACKSONVILLE","FL",32207,NA,NA,96,"SUITE 203-144, JACKSONVILLE, FL, 32207","No_Match",NA,NA,NA,NA
1003097,"SUITE 204","MIDDLETOWN","RI",2842,NA,NA,97,"SUITE 204, MIDDLETOWN, RI, 2842","No_Match",NA,NA,NA,NA
1003098,"SUITE 205","LIVONIA","MI",48150,NA,NA,98,"SUITE 205, LIVONIA, MI, 48150","No_Match",NA,NA,NA,NA
1003099,"SUITE 205","VALLEJO","CA",94590,NA,NA,99,"SUITE 205, VALLEJO, CA, 94590","No_Match",NA,NA,NA,NA
1003100,"SUITE 206","LOUISVILLE","KY",40203,NA,NA,100,"SUITE 206, LOUISVILLE, KY, 40203","No_Match",NA,NA,NA,NA
1003101,"SUITE 206","MIDLOTHIAN","VA",23113,NA,NA,101,"SUITE 206, MIDLOTHIAN, VA, 23113","No_Match",NA,NA,NA,NA
1003102,"SUITE 21-354","JACKSONVILLE","FL",32244,NA,NA,102,"SUITE 21-354, JACKSONVILLE, FL, 32244","No_Match",NA,NA,NA,NA
1003103,"SUITE 211","MIAMI","FL",33127,NA,NA,103,"SUITE 211, MIAMI, FL, 33127","No_Match",NA,NA,NA,NA
1003104,"SUITE 212","WESTERVILLE","OH",43082,NA,NA,104,"SUITE 212, WESTERVILLE, OH, 43082","No_Match",NA,NA,NA,NA
1003105,"SUITE 2155 112TH AVENUE NE","BELLEVUE","WA",98004,NA,NA,105,"SUITE 2155 112TH AVENUE NE, BELLEVUE, WA, 98004","No_Match",NA,NA,NA,NA
1003106,"SUITE 218","BELLEVUE","WA",98004,NA,NA,106,"SUITE 218, BELLEVUE, WA, 98004","No_Match",NA,NA,NA,NA
1003107,"SUITE 21G","HOPE MILLS","NJ",28348,NA,NA,107,"SUITE 21G, HOPE MILLS, NJ, 28348","No_Match",NA,NA,NA,NA
1003108,"SUITE 221","MENLO PARK","CA",94025,NA,NA,108,"SUITE 221, MENLO PARK, CA, 94025","No_Match",NA,NA,NA,NA
1003109,"SUITE 23","SPRINGFIELD","OR",97477,NA,NA,109,"SUITE 23, SPRINGFIELD, OR, 97477","No_Match",NA,NA,NA,NA
1003110,"SUITE 230-876","ATLANTA","GA",30307,NA,NA,110,"SUITE 230-876, ATLANTA, GA, 30307","No_Match",NA,NA,NA,NA
1003111,"SUITE 250","HOUSTON","TX",77054,NA,NA,111,"SUITE 250, HOUSTON, TX, 77054","No_Match",NA,NA,NA,NA
1003112,"SUITE 2500 1600 MARKET","PHILA","PA",19103,39.9527906710001,-75.1669832699999,112,"SUITE 2500 1600 MARKET, PHILA, PA, 19103","Match","Non_Exact","1600 MARKET ST, PHILA, PA, 19103",131407493,"L"
1003113,"SUITE 2500","INDIANAPOLIS","IN",46282,NA,NA,113,"SUITE 2500, INDIANAPOLIS, IN, 46282","No_Match",NA,NA,NA,NA
1003114,"SUITE 260","WASHINGTON","DC",20007,NA,NA,114,"SUITE 260, WASHINGTON, DC, 20007","No_Match",NA,NA,NA,NA
1003115,"SUITE 2626 - ROSTOCKI","PHILADELPHIA","PA",19103,NA,NA,115,"SUITE 2626 - ROSTOCKI, PHILADELPHIA, PA, 19103","No_Match",NA,NA,NA,NA
1003116,"SUITE 266","SUMMIT","NJ",7901,NA,NA,116,"SUITE 266, SUMMIT, NJ, 7901","No_Match",NA,NA,NA,NA
1003117,"SUITE 280","FULLERTON","CA",92831,NA,NA,117,"SUITE 280, FULLERTON, CA, 92831","No_Match",NA,NA,NA,NA
1003118,"SUITE 3-114","SHORELINE","WA",98133,NA,NA,118,"SUITE 3-114, SHORELINE, WA, 98133","No_Match",NA,NA,NA,NA
1003119,"SUITE 307-5114 BALCONES WOODS DRIVE","AUSTIN","TX",78759,NA,NA,119,"SUITE 307-5114 BALCONES WOODS DRIVE, AUSTIN, TX, 78759","No_Match",NA,NA,NA,NA
1003120,"SUITE 321","BOARDMAN","OH",44512,NA,NA,120,"SUITE 321, BOARDMAN, OH, 44512","No_Match",NA,NA,NA,NA
1003121,"SUITE 3B","NEW YORK","NY",10037,NA,NA,121,"SUITE 3B, NEW YORK, NY, 10037","No_Match",NA,NA,NA,NA
1003122,"SUITE 4","IDAHO FALLS","ID",83402,NA,NA,122,"SUITE 4, IDAHO FALLS, ID, 83402","No_Match",NA,NA,NA,NA
1003123,"SUITE 40 PB X18 RONDEBOSCH 7700","CAPE TWON",NA,NA,NA,NA,123,"SUITE 40 PB X18 RONDEBOSCH 7700, CAPE TWON, , ","No_Match",NA,NA,NA,NA
1003124,"SUITE 4000 LEE HALL","MISS STATE","MS",39762,NA,NA,124,"SUITE 4000 LEE HALL, MISS STATE, MS, 39762","No_Match",NA,NA,NA,NA
1003125,"SUITE 406","FT LAUDERDALE","FL",33316,NA,NA,125,"SUITE 406, FT LAUDERDALE, FL, 33316","No_Match",NA,NA,NA,NA
1003126,"SUITE 407","CHICAGO","IL",60659,NA,NA,126,"SUITE 407, CHICAGO, IL, 60659","No_Match",NA,NA,NA,NA
1003127,"SUITE 410 - 330 2ND AVENUE SOUTH","MINNEAPOLIS","MN",55401,NA,NA,127,"SUITE 410 - 330 2ND AVENUE SOUTH, MINNEAPOLIS, MN, 55401","Tie",NA,NA,NA,NA
1003128,"SUITE 450","CHARLOTTE","NC",28262,NA,NA,128,"SUITE 450, CHARLOTTE, NC, 28262","No_Match",NA,NA,NA,NA
1003129,"SUITE 460","CITY OF INDUSTRY","CA",91746,NA,NA,129,"SUITE 460, CITY OF INDUSTRY, CA, 91746","No_Match",NA,NA,NA,NA
1003130,"SUITE 51B","PENSACOLA","FL",32503,NA,NA,130,"SUITE 51B, PENSACOLA, FL, 32503","No_Match",NA,NA,NA,NA
1003131,"SUITE 522 43-60 DOUGLASTON PKWY","DOUGLASTON","NY",11363,40.766776609,-73.7460695569999,131,"SUITE 522 43-60 DOUGLASTON PKWY, DOUGLASTON, NY, 11363","Match","Exact","43-60 DOUGLASTON PKWY, DOUGLASTON, NY, 11363",59703912,"R"
1003132,"SUITE 5245","PEMBROKE PINES","FL",33025,NA,NA,132,"SUITE 5245, PEMBROKE PINES, FL, 33025","No_Match",NA,NA,NA,NA
1003133,"SUITE 566","BEVERLY HILLS","CA",90211,NA,NA,133,"SUITE 566, BEVERLY HILLS, CA, 90211","No_Match",NA,NA,NA,NA
1003134,"SUITE 5B","MINNEAPOLIS","MN",55404,NA,NA,134,"SUITE 5B, MINNEAPOLIS, MN, 55404","No_Match",NA,NA,NA,NA
1003135,"SUITE 610","DALLAS","TX",75214,NA,NA,135,"SUITE 610, DALLAS, TX, 75214","No_Match",NA,NA,NA,NA
1003136,"SUITE 8","TAMPA","FL",33611,NA,NA,136,"SUITE 8, TAMPA, FL, 33611","No_Match",NA,NA,NA,NA
1003137,"SUITE 843 MC117-750 S HALSTED AVE","CHICAGO","IL",60607,NA,NA,137,"SUITE 843 MC117-750 S HALSTED AVE, CHICAGO, IL, 60607","No_Match",NA,NA,NA,NA
1003138,"SUITE 86","DETROIT","MI",48224,NA,NA,138,"SUITE 86, DETROIT, MI, 48224","No_Match",NA,NA,NA,NA
1003139,"SUITE 9","LOS ANGELES","CA",90007,NA,NA,139,"SUITE 9, LOS ANGELES, CA, 90007","No_Match",NA,NA,NA,NA
1003140,"SUITE 900","MILWAUKEE","WI",53202,NA,NA,140,"SUITE 900, MILWAUKEE, WI, 53202","No_Match",NA,NA,NA,NA
1003141,"SUITE 99172","TROY","MI",48099,NA,NA,141,"SUITE 99172, TROY, MI, 48099","No_Match",NA,NA,NA,NA
1003142,"SUITE A 151 5TH AVENUE","NEW YORK","NY",10001,40.7403688740001,-73.990431771,142,"SUITE A 151 5TH AVENUE, NEW YORK, NY, 10001","Match","Non_Exact","151 5TH AVE, NEW YORK, NY, 10010",59653515,"R"
1003143,"SUITE A1","HADDONFIELD","NJ",8033,NA,NA,143,"SUITE A1, HADDONFIELD, NJ, 8033","No_Match",NA,NA,NA,NA
1003144,"SUITE A4-141","LAS VEGAS","NV",89120,NA,NA,144,"SUITE A4-141, LAS VEGAS, NV, 89120","No_Match",NA,NA,NA,NA
1003145,"SUITE B","DETROIT","MI",48201,NA,NA,145,"SUITE B, DETROIT, MI, 48201","No_Match",NA,NA,NA,NA
1003146,"SUITE B19","PALM HARBOR","FL",34683,NA,NA,146,"SUITE B19, PALM HARBOR, FL, 34683","No_Match",NA,NA,NA,NA
1003147,"SUITE C - 23039 VENTURA BLVD","WOODLAND HILLS","CA",91364,34.1647335430001,-118.627183969,147,"SUITE C - 23039 VENTURA BLVD, WOODLAND HILLS, CA, 91364","Match","Exact","23039 VENTURA BLVD, WOODLAND HILLS, CA, 91364",642861643,"R"
1003148,"SUITE C","CONYERS","GA",30094,NA,NA,148,"SUITE C, CONYERS, GA, 30094","No_Match",NA,NA,NA,NA
1003149,"SUITE C","PAOLI","PA",19301,NA,NA,149,"SUITE C, PAOLI, PA, 19301","No_Match",NA,NA,NA,NA
1003150,"SUITE E","PORT ORCHARD","WA",98366,NA,NA,150,"SUITE E, PORT ORCHARD, WA, 98366","No_Match",NA,NA,NA,NA
1003151,"SUITE E","PUEBLO","CO",81003,NA,NA,151,"SUITE E, PUEBLO, CO, 81003","No_Match",NA,NA,NA,NA
1003152,"SUITE E2","LILBURN","GA",30047,NA,NA,152,"SUITE E2, LILBURN, GA, 30047","No_Match",NA,NA,NA,NA
1003153,"SUITE F-6","WEST PALM BEACH","FL",33411,NA,NA,153,"SUITE F-6, WEST PALM BEACH, FL, 33411","No_Match",NA,NA,NA,NA
1003154,"SULLIVAN COUNTY COMMUNITY COLLEGE","LOCH SHELDRAKE","NY",12754,NA,NA,154,"SULLIVAN COUNTY COMMUNITY COLLEGE, LOCH SHELDRAKE, NY, 12754","No_Match",NA,NA,NA,NA
1003155,"SUMMER STREET","SPRINGFIELD","VT",NA,NA,NA,155,"SUMMER STREET, SPRINGFIELD, VT, ","No_Match",NA,NA,NA,NA
1003156,"SUMMERRAIN TERRACE","DOTHAN","AL",36303,NA,NA,156,"SUMMERRAIN TERRACE, DOTHAN, AL, 36303","No_Match",NA,NA,NA,NA
1003157,"SUMMERS STREET","CHARLESTON","WV",25303,NA,NA,157,"SUMMERS STREET, CHARLESTON, WV, 25303","No_Match",NA,NA,NA,NA
1003158,"SUMMERTREE","LIVERMORE","CA",94550,NA,NA,158,"SUMMERTREE, LIVERMORE, CA, 94550","No_Match",NA,NA,NA,NA
1003159,"SUMMIT HIILS TORRESILLAS 573","SAN JUAN","PR",920,NA,NA,159,"SUMMIT HIILS TORRESILLAS 573, SAN JUAN, PR, 920","No_Match",NA,NA,NA,NA
1003160,"SUMMIT OFFICE 175 S MAIN ST STE700","AKRON","OH",44308,NA,NA,160,"SUMMIT OFFICE 175 S MAIN ST STE700, AKRON, OH, 44308","Tie",NA,NA,NA,NA
1003161,"SUN OWEN 39 W 835 MAIDEN ST","ELBURN","IL",60119,NA,NA,161,"SUN OWEN 39 W 835 MAIDEN ST, ELBURN, IL, 60119","No_Match",NA,NA,NA,NA
1003162,"SUNCREST COURT","HMAPTON","GA",30228,NA,NA,162,"SUNCREST COURT, HMAPTON, GA, 30228","No_Match",NA,NA,NA,NA
1003163,"SUNNY ISLES BEACH","SUNNY ISLES BEACH","FL",33160,NA,NA,163,"SUNNY ISLES BEACH, SUNNY ISLES BEACH, FL, 33160","No_Match",NA,NA,NA,NA
1003164,"SUNNY VALLEY LOOP","WOLF CREEK","OR",97497,NA,NA,164,"SUNNY VALLEY LOOP, WOLF CREEK, OR, 97497","No_Match",NA,NA,NA,NA
1003165,"SUNNYSIDE ROAD","SCHOHARIE","NY",12157,NA,NA,165,"SUNNYSIDE ROAD, SCHOHARIE, NY, 12157","No_Match",NA,NA,NA,NA
1003166,"SUNNYSIDE","CALEDONIA","MN",55921,NA,NA,166,"SUNNYSIDE, CALEDONIA, MN, 55921","No_Match",NA,NA,NA,NA
1003167,"SUNSET BEACH","NORTH CAROLINA","NC",28468,NA,NA,167,"SUNSET BEACH, NORTH CAROLINA, NC, 28468","No_Match",NA,NA,NA,NA
1003168,"SUNSET DR","BROCKTON","MA",2301,NA,NA,168,"SUNSET DR, BROCKTON, MA, 2301","No_Match",NA,NA,NA,NA
1003169,"SUNSET DR","HUNTINGBURG","IN",47542,NA,NA,169,"SUNSET DR, HUNTINGBURG, IN, 47542","No_Match",NA,NA,NA,NA
1003170,"SUNSHINE LANE","CHESTER","SC",29706,NA,NA,170,"SUNSHINE LANE, CHESTER, SC, 29706","No_Match",NA,NA,NA,NA
1003171,"SUNTRUST 3300 NORTHSIDE PKY NW","ATLANTA","GA",30327,NA,NA,171,"SUNTRUST 3300 NORTHSIDE PKY NW, ATLANTA, GA, 30327","No_Match",NA,NA,NA,NA
1003172,"SUNY-ESF 1 FORESTRY DRIVE","SYRACUSE","NY",13210,43.0337914460001,-76.1391922779999,172,"SUNY-ESF 1 FORESTRY DRIVE, SYRACUSE, NY, 13210","Match","Exact","1 FORESTRY DR, SYRACUSE, NY, 13210",46625239,"L"
1003173,"SURG CO B 3D MEDICAL BN BOX 63038","KANEOHE BAY","HI",96863,NA,NA,173,"SURG CO B 3D MEDICAL BN BOX 63038, KANEOHE BAY, HI, 96863","No_Match",NA,NA,NA,NA
1003174,"SUTTER","DECATUR","GA",30083,NA,NA,174,"SUTTER, DECATUR, GA, 30083","No_Match",NA,NA,NA,NA
1003175,"SUTTER","SUTTER","CA",95982,NA,NA,175,"SUTTER, SUTTER, CA, 95982","No_Match",NA,NA,NA,NA
1003176,"SVL BOX 7338","VICTORVILLE","CA",92394,NA,NA,176,"SVL BOX 7338, VICTORVILLE, CA, 92394","No_Match",NA,NA,NA,NA
1003177,"SW 191ST AVE","ARCHER","FL",32618,NA,NA,177,"SW 191ST AVE, ARCHER, FL, 32618","No_Match",NA,NA,NA,NA
1003178,"SW 28TH AVE","FT LAUD","FL",33313,NA,NA,178,"SW 28TH AVE, FT LAUD, FL, 33313","No_Match",NA,NA,NA,NA
1003179,"SW MEADOWBROOK WAY","ALOHA","OR",97007,NA,NA,179,"SW MEADOWBROOK WAY, ALOHA, OR, 97007","No_Match",NA,NA,NA,NA
1003180,"SW MISSOURI STATE UNIV","CAPE GIRARDEAU","MO",63701,NA,NA,180,"SW MISSOURI STATE UNIV, CAPE GIRARDEAU, MO, 63701","No_Match",NA,NA,NA,NA
1003181,"SW SIUSLAW LN","TUALATIN","OR",97062,NA,NA,181,"SW SIUSLAW LN, TUALATIN, OR, 97062","No_Match",NA,NA,NA,NA
1003182,"SWAYING PINE CT","CRESTVIEW","FL",32539,NA,NA,182,"SWAYING PINE CT, CRESTVIEW, FL, 32539","No_Match",NA,NA,NA,NA
1003183,"SWEDISH ELM COURT","STAFFORD","VA",22554,NA,NA,183,"SWEDISH ELM COURT, STAFFORD, VA, 22554","No_Match",NA,NA,NA,NA
1003184,"SWEET EMILY COURT","BOWIE","MD",20720,NA,NA,184,"SWEET EMILY COURT, BOWIE, MD, 20720","No_Match",NA,NA,NA,NA
1003185,"SWENSON FARM","NORTH BRANCH","MN",55032,NA,NA,185,"SWENSON FARM, NORTH BRANCH, MN, 55032","No_Match",NA,NA,NA,NA
1003186,"SWEPSTON DR","MARION","AR",72364,NA,NA,186,"SWEPSTON DR, MARION, AR, 72364","No_Match",NA,NA,NA,NA
1003187,"SWETTS POND ROAD","ORRINGTON","ME",4474,NA,NA,187,"SWETTS POND ROAD, ORRINGTON, ME, 4474","No_Match",NA,NA,NA,NA
1003188,"SWIFT HALL 113","EVANSTON","IL",60208,NA,NA,188,"SWIFT HALL 113, EVANSTON, IL, 60208","No_Match",NA,NA,NA,NA
1003189,"SWISS HILL LANE","GREEN BAY","WI",54311,NA,NA,189,"SWISS HILL LANE, GREEN BAY, WI, 54311","No_Match",NA,NA,NA,NA
1003190,"SWOLD AVE","GREENSBORO","NC",27410,NA,NA,190,"SWOLD AVE, GREENSBORO, NC, 27410","No_Match",NA,NA,NA,NA
1003191,"SYCAMORE CIRCLE","STONY BROOK","NY",11790,NA,NA,191,"SYCAMORE CIRCLE, STONY BROOK, NY, 11790","No_Match",NA,NA,NA,NA
1003192,"SYLVIA DRIVE","DELTONA","FL",32728,NA,NA,192,"SYLVIA DRIVE, DELTONA, FL, 32728","No_Match",NA,NA,NA,NA
1003193,"T TRINITY PLACE","NORWALK","CT",6854,NA,NA,193,"T TRINITY PLACE, NORWALK, CT, 6854","No_Match",NA,NA,NA,NA
1003194,"T-104 TRENT COURT APTS","NEW BERN","NC",28560,NA,NA,194,"T-104 TRENT COURT APTS, NEW BERN, NC, 28560","No_Match",NA,NA,NA,NA
1003195,"T-761 ST RT 66","ARCHBOLD","OH",43502,NA,NA,195,"T-761 ST RT 66, ARCHBOLD, OH, 43502","Tie",NA,NA,NA,NA
1003196,"T-940 RD 19","ARCHBOLD","OH",43502,NA,NA,196,"T-940 RD 19, ARCHBOLD, OH, 43502","No_Match",NA,NA,NA,NA
1003197,"T","ROUND ROCK","TX",78665,NA,NA,197,"T, ROUND ROCK, TX, 78665","No_Match",NA,NA,NA,NA
1003198,"T12000 NORTH 97TH STREET","WAUSAU","WI",54403,NA,NA,198,"T12000 NORTH 97TH STREET, WAUSAU, WI, 54403","No_Match",NA,NA,NA,NA
1003199,"T13512 MOORPARK ST 104","SHERMAN OAKS","CA",91423,NA,NA,199,"T13512 MOORPARK ST 104, SHERMAN OAKS, CA, 91423","No_Match",NA,NA,NA,NA
1003200,"T387 ROAD 16","NAPOLEON","OH",43545,NA,NA,200,"T387 ROAD 16, NAPOLEON, OH, 43545","No_Match",NA,NA,NA,NA
1003201,"T563 EAST THREE NOTCH ST","ANDALUSIA","AL",36420,NA,NA,201,"T563 EAST THREE NOTCH ST, ANDALUSIA, AL, 36420","No_Match",NA,NA,NA,NA
1003202,"T57/B 32ND CROSS STREET BESANT NAG","CHENNAI, 600090 IND",NA,NA,NA,NA,202,"T57/B 32ND CROSS STREET BESANT NAG, CHENNAI, 600090 IND, , ","No_Match",NA,NA,NA,NA
1003203,"T606 NORTH SREET","TEWKSBURY","MA",1876,NA,NA,203,"T606 NORTH SREET, TEWKSBURY, MA, 1876","No_Match",NA,NA,NA,NA
1003204,"T6319 LANDOVER ROAD APT T2","CHEVERLY","MD",20725,NA,NA,204,"T6319 LANDOVER ROAD APT T2, CHEVERLY, MD, 20725","No_Match",NA,NA,NA,NA
1003205,"T6790 NORTH TROY STREET","WAUSAU","WI",54403,NA,NA,205,"T6790 NORTH TROY STREET, WAUSAU, WI, 54403","No_Match",NA,NA,NA,NA
1003206,"T8898 CAMP CREEK ROAD","WAUSAU","WI",54403,NA,NA,206,"T8898 CAMP CREEK ROAD, WAUSAU, WI, 54403","No_Match",NA,NA,NA,NA
1003207,"TABOR ST","HIGH POINT","NC",27262,NA,NA,207,"TABOR ST, HIGH POINT, NC, 27262","No_Match",NA,NA,NA,NA
1003208,"TACONIC INNOVATIONS INC FOUN","WAPPINGERS FALLS","NY",12590,NA,NA,208,"TACONIC INNOVATIONS INC FOUN, WAPPINGERS FALLS, NY, 12590","No_Match",NA,NA,NA,NA
1003209,"TAD KAPHAR OUTREACH   P O BOX 46","BRADLEY","IL",60915,NA,NA,209,"TAD KAPHAR OUTREACH   P O BOX 46, BRADLEY, IL, 60915","No_Match",NA,NA,NA,NA
1003210,"TAD KAPHAR OUTREACH  P O BOX 46","BRADLEY","IL",60915,NA,NA,210,"TAD KAPHAR OUTREACH  P O BOX 46, BRADLEY, IL, 60915","No_Match",NA,NA,NA,NA
1003211,"TAFT AVE","LA","CA",90068,NA,NA,211,"TAFT AVE, LA, CA, 90068","No_Match",NA,NA,NA,NA
1003212,"TAFUNA 410","PAGO PAGO","AS",96799,NA,NA,212,"TAFUNA 410, PAGO PAGO, AS, 96799","No_Match",NA,NA,NA,NA
1003213,"TAHOMA H S 18200 SE 240TH ST","COVINGTON","WA",98042,NA,NA,213,"TAHOMA H S 18200 SE 240TH ST, COVINGTON, WA, 98042","No_Match",NA,NA,NA,NA
1003214,"TAIFA-NORWAY","ACCRA - GHANA",NA,NA,NA,NA,214,"TAIFA-NORWAY, ACCRA - GHANA, , ","No_Match",NA,NA,NA,NA
1003215,"TAJI MUTALIB","HOUSTON","TX",77584,NA,NA,215,"TAJI MUTALIB, HOUSTON, TX, 77584","No_Match",NA,NA,NA,NA
1003216,"TALBOTT ROAD","BELINGTON","WV",26250,NA,NA,216,"TALBOTT ROAD, BELINGTON, WV, 26250","No_Match",NA,NA,NA,NA
1003217,"TALLABA STREET 25 ESTANCIAS DEL RIO","AGUAS BUENAS","PR",725,NA,NA,217,"TALLABA STREET 25 ESTANCIAS DEL RIO, AGUAS BUENAS, PR, 725","No_Match",NA,NA,NA,NA
1003218,"TALLEY ROAD","CHATTANOOGA","TN",37411,NA,NA,218,"TALLEY ROAD, CHATTANOOGA, TN, 37411","No_Match",NA,NA,NA,NA
1003219,"TALLULAH ROAD","ROBBINSVILLE","NC",28771,NA,NA,219,"TALLULAH ROAD, ROBBINSVILLE, NC, 28771","No_Match",NA,NA,NA,NA
1003220,"TALMADGE AVE","ISELIN","NJ",8830,NA,NA,220,"TALMADGE AVE, ISELIN, NJ, 8830","No_Match",NA,NA,NA,NA
1003221,"TAMARAC","TAMARAC","FL",33321,NA,NA,221,"TAMARAC, TAMARAC, FL, 33321","No_Match",NA,NA,NA,NA
1003222,"TAMPA","TAMPA","FL",33612,NA,NA,222,"TAMPA, TAMPA, FL, 33612","No_Match",NA,NA,NA,NA
1003223,"TAMU 4221","COLLEGE STATION","TX",77843,NA,NA,223,"TAMU 4221, COLLEGE STATION, TX, 77843","No_Match",NA,NA,NA,NA
1003224,"TAMU MS 3257","COLLEGE STATION","TX",77843,NA,NA,224,"TAMU MS 3257, COLLEGE STATION, TX, 77843","No_Match",NA,NA,NA,NA
1003225,"TANAGER PASS COVE","LEANDER","TX",78641,NA,NA,225,"TANAGER PASS COVE, LEANDER, TX, 78641","No_Match",NA,NA,NA,NA
1003226,"TANGLEVINE DRIVE","AUSTIN","TX",78748,NA,NA,226,"TANGLEVINE DRIVE, AUSTIN, TX, 78748","No_Match",NA,NA,NA,NA
1003227,"TANGLEWOOD DR","MILTON","FL",32579,NA,NA,227,"TANGLEWOOD DR, MILTON, FL, 32579","No_Match",NA,NA,NA,NA
1003228,"TANYARD ROAD","DEPTFORD","NJ",8096,NA,NA,228,"TANYARD ROAD, DEPTFORD, NJ, 8096","No_Match",NA,NA,NA,NA
1003229,"TAPER COURT","SYKESVILLE","MD",21784,NA,NA,229,"TAPER COURT, SYKESVILLE, MD, 21784","No_Match",NA,NA,NA,NA
1003230,"TARRAGON ROAD","REISTERSTOWN","MD",21136,NA,NA,230,"TARRAGON ROAD, REISTERSTOWN, MD, 21136","No_Match",NA,NA,NA,NA
1003231,"TATE ST","EL DORADO","AR",71730,NA,NA,231,"TATE ST, EL DORADO, AR, 71730","No_Match",NA,NA,NA,NA
1003232,"TAULABE  HONDURAS","TAULABE",NA,NA,NA,NA,232,"TAULABE  HONDURAS, TAULABE, , ","No_Match",NA,NA,NA,NA
1003233,"TAYLOR ROAD","WHITE HALL","AR",71602,NA,NA,233,"TAYLOR ROAD, WHITE HALL, AR, 71602","No_Match",NA,NA,NA,NA
1003234,"TBA ISD 800 PARSONS RD","TRAVERSE CITY","MI",49684,44.7469115440001,-85.564043996,234,"TBA ISD 800 PARSONS RD, TRAVERSE CITY, MI, 49684","Match","Non_Exact","800 PARSONS RD, TRAVERSE CITY, MI, 49686",145521323,"L"
1003235,"TBA","TBA","NY",0,NA,NA,235,"TBA, TBA, NY, 0","No_Match",NA,NA,NA,NA
1003236,"TBD RIVER ST","RICO","CO",81332,NA,NA,236,"TBD RIVER ST, RICO, CO, 81332","No_Match",NA,NA,NA,NA
1003237,"TBD SILVERGLANCE","RICO","CO",81332,NA,NA,237,"TBD SILVERGLANCE, RICO, CO, 81332","No_Match",NA,NA,NA,NA
1003238,"TBD","BULLHEAD CITY","AZ",86442,NA,NA,238,"TBD, BULLHEAD CITY, AZ, 86442","No_Match",NA,NA,NA,NA
1003239,"TBD","CEDAR HILL","TX",75104,NA,NA,239,"TBD, CEDAR HILL, TX, 75104","No_Match",NA,NA,NA,NA
1003240,"TBD","KAUFMAN","TX",75142,NA,NA,240,"TBD, KAUFMAN, TX, 75142","No_Match",NA,NA,NA,NA
1003241,"TBD","NICEVILLE","FL",32578,NA,NA,241,"TBD, NICEVILLE, FL, 32578","No_Match",NA,NA,NA,NA
1003242,"TBD","SAN JUAN","PR",909,NA,NA,242,"TBD, SAN JUAN, PR, 909","No_Match",NA,NA,NA,NA
1003243,"TBD","TBD","CA",0,NA,NA,243,"TBD, TBD, CA, 0","No_Match",NA,NA,NA,NA
1003244,"TBD","TBD","CO",80109,NA,NA,244,"TBD, TBD, CO, 80109","No_Match",NA,NA,NA,NA
1003245,"TBD","TBD","GA",0,NA,NA,245,"TBD, TBD, GA, 0","No_Match",NA,NA,NA,NA
1003246,"TBD","TBD","MO",63118,NA,NA,246,"TBD, TBD, MO, 63118","No_Match",NA,NA,NA,NA
1003247,"TBD","TBD","NJ",0,NA,NA,247,"TBD, TBD, NJ, 0","No_Match",NA,NA,NA,NA
1003248,"TBD","TBD","OR",97441,NA,NA,248,"TBD, TBD, OR, 97441","No_Match",NA,NA,NA,NA
1003249,"TBD","TBD","SC",0,NA,NA,249,"TBD, TBD, SC, 0","No_Match",NA,NA,NA,NA
1003250,"TBD","TBD","TN",99999,NA,NA,250,"TBD, TBD, TN, 99999","No_Match",NA,NA,NA,NA
1003251,"TBD","TBD","VA",0,NA,NA,251,"TBD, TBD, VA, 0","No_Match",NA,NA,NA,NA
1003252,"TBD","WATERBURY","CT",6705,NA,NA,252,"TBD, WATERBURY, CT, 6705","No_Match",NA,NA,NA,NA
1003253,"TBD","WESTON","FL",33326,NA,NA,253,"TBD, WESTON, FL, 33326","No_Match",NA,NA,NA,NA
1003254,"TCSL",NA,NA,NA,NA,NA,254,"TCSL, , , ","No_Match",NA,NA,NA,NA
1003255,"TCU BOX 297900","FORT WORTH","TX",76129,NA,NA,255,"TCU BOX 297900, FORT WORTH, TX, 76129","No_Match",NA,NA,NA,NA
1003256,"TCU BOX 298060","FORT WORTH","TX",76129,NA,NA,256,"TCU BOX 298060, FORT WORTH, TX, 76129","No_Match",NA,NA,NA,NA
1003257,"TEACHER HOUSING B3 BAYVIEW DR","TOGIAK","AK",99678,NA,NA,257,"TEACHER HOUSING B3 BAYVIEW DR, TOGIAK, AK, 99678","No_Match",NA,NA,NA,NA
1003258,"TEACHER WAY","GAITHERSBURG","MD",20878,NA,NA,258,"TEACHER WAY, GAITHERSBURG, MD, 20878","No_Match",NA,NA,NA,NA
1003259,"TEAL RUN ESTATES","FRESNO","TX",77545,NA,NA,259,"TEAL RUN ESTATES, FRESNO, TX, 77545","No_Match",NA,NA,NA,NA
1003260,"TEBBETTS RIDGE DRIVE","TEBBETTS","MO",65080,NA,NA,260,"TEBBETTS RIDGE DRIVE, TEBBETTS, MO, 65080","No_Match",NA,NA,NA,NA
1003261,"TEJOHN RANCH TELLER CR87","VICTOR","CO",80860,NA,NA,261,"TEJOHN RANCH TELLER CR87, VICTOR, CO, 80860","No_Match",NA,NA,NA,NA
1003262,"TELECOM HOUSE","KIGALI",NA,NA,NA,NA,262,"TELECOM HOUSE, KIGALI, , ","No_Match",NA,NA,NA,NA
1003263,"TEMPLE PHARMACY SCH 3307 N BROAD ST","PHILADELPHIA","PA",19140,40.003301407,-75.152516168,263,"TEMPLE PHARMACY SCH 3307 N BROAD ST, PHILADELPHIA, PA, 19140","Match","Exact","3307 N BROAD ST, PHILADELPHIA, PA, 19140",131417963,"R"
1003264,"TEMPLE UNIVERSITY 300 STRAWBERRY SQ","HARRISBURG","PA",17101,NA,NA,264,"TEMPLE UNIVERSITY 300 STRAWBERRY SQ, HARRISBURG, PA, 17101","No_Match",NA,NA,NA,NA
1003265,"TEMPLE","WHITMAN","MA",2382,NA,NA,265,"TEMPLE, WHITMAN, MA, 2382","No_Match",NA,NA,NA,NA
1003266,"TENNESSEE WILDLIFE RESOURCES AGENCY","NASHVILLE","TN",37204,NA,NA,266,"TENNESSEE WILDLIFE RESOURCES AGENCY, NASHVILLE, TN, 37204","No_Match",NA,NA,NA,NA
1003267,"TENTH AVENUE","SOUTH CHARLESTON","WI",25303,NA,NA,267,"TENTH AVENUE, SOUTH CHARLESTON, WI, 25303","No_Match",NA,NA,NA,NA
1003268,"TERESA OLIVER","ATLANTA","GA",30331,NA,NA,268,"TERESA OLIVER, ATLANTA, GA, 30331","No_Match",NA,NA,NA,NA
1003269,"TERRAZAS DE TINTILLO CALLE 1 NUM8","GUAYNABO","PR",966,NA,NA,269,"TERRAZAS DE TINTILLO CALLE 1 NUM8, GUAYNABO, PR, 966","Tie",NA,NA,NA,NA
1003270,"TEXAS AM U OF GALVESTON PO BOX1675","GALVESTON","TX",77553,NA,NA,270,"TEXAS AM U OF GALVESTON PO BOX1675, GALVESTON, TX, 77553","No_Match",NA,NA,NA,NA
1003271,"TEXAS ST","BIG LAKE","TX",76932,NA,NA,271,"TEXAS ST, BIG LAKE, TX, 76932","No_Match",NA,NA,NA,NA
1003272,"THAT STREET","CAMBRIDGE","MA",2139,NA,NA,272,"THAT STREET, CAMBRIDGE, MA, 2139","No_Match",NA,NA,NA,NA
1003273,"THE 329 BUILDING SUITE 218","UNIVERSITY PARK","PA",16802,NA,NA,273,"THE 329 BUILDING SUITE 218, UNIVERSITY PARK, PA, 16802","No_Match",NA,NA,NA,NA
1003274,"THE 53 OAKS CIRCLE","ARKADELPHIA","AR",71923,NA,NA,274,"THE 53 OAKS CIRCLE, ARKADELPHIA, AR, 71923","No_Match",NA,NA,NA,NA
1003275,"THE BEECHMONT BEECH ST 8","KEARNY","NJ",7032,NA,NA,275,"THE BEECHMONT BEECH ST 8, KEARNY, NJ, 7032","No_Match",NA,NA,NA,NA
1003276,"THE BIG RED BARN","HANSEN","ID",83334,NA,NA,276,"THE BIG RED BARN, HANSEN, ID, 83334","No_Match",NA,NA,NA,NA
1003277,"THE BRIDGE -75/ 3407 CARROLL STREET","ALAMOSA","CO",81101,37.4831840940001,-105.907344491,277,"THE BRIDGE -75/ 3407 CARROLL STREET, ALAMOSA, CO, 81101","Match","Exact","3407 CARROLL ST, ALAMOSA, CO, 81101",104181834,"R"
1003278,"THE BRIGGAIT UNIT 217","GLASGOW SCOTLAND","AA",20001,NA,NA,278,"THE BRIGGAIT UNIT 217, GLASGOW SCOTLAND, AA, 20001","No_Match",NA,NA,NA,NA
1003279,"THE CITADEL 171 MOULTRIE ST","CHARLESTON","SC",29409,NA,NA,279,"THE CITADEL 171 MOULTRIE ST, CHARLESTON, SC, 29409","No_Match",NA,NA,NA,NA
1003280,"THE GUARANTY BUILDING","BUFFALO","NY",14202,NA,NA,280,"THE GUARANTY BUILDING, BUFFALO, NY, 14202","No_Match",NA,NA,NA,NA
1003281,"THE HSUS 700 PROFESSIONAL DRIVE","GAITHERSBURG","MD",20879,39.159896245,-77.227082754,281,"THE HSUS 700 PROFESSIONAL DRIVE, GAITHERSBURG, MD, 20879","Match","Exact","700 PROFESSIONAL DR, GAITHERSBURG, MD, 20879",641000355,"R"
1003282,"THE IRISH PUB 164 ST JAMES PLACE","ATLANTIC CITY","NJ",8401,39.3600523790001,-74.4275469469999,282,"THE IRISH PUB 164 ST JAMES PLACE, ATLANTIC CITY, NJ, 8401","Match","Exact","164 ST JAMES PL, ATLANTIC CITY, NJ, 08401",646992361,"R"
1003283,"THE RALSTON FIRM 101 PUBLIC SQUARE","GALLATIN","TN",37066,36.3888037080001,-86.446447512,283,"THE RALSTON FIRM 101 PUBLIC SQUARE, GALLATIN, TN, 37066","Match","Exact","101 PUBLIC SQ, GALLATIN, TN, 37066",29777266,"L"
1003284,"THE SAME AS ABOVE","FREMONT","CA",94536,NA,NA,284,"THE SAME AS ABOVE, FREMONT, CA, 94536","No_Match",NA,NA,NA,NA
1003285,"THE UNIV OF ARIZONA MINES 141A","TUCSON","AZ",85721,NA,NA,285,"THE UNIV OF ARIZONA MINES 141A, TUCSON, AZ, 85721","No_Match",NA,NA,NA,NA
1003286,"THE WRITING CENTER AT MICHIGAN STAT","EAST LANSING","MI",48824,NA,NA,286,"THE WRITING CENTER AT MICHIGAN STAT, EAST LANSING, MI, 48824","No_Match",NA,NA,NA,NA
1003287,"THE YARD FL 3 RM 337","NEW YORK","NY",10036,NA,NA,287,"THE YARD FL 3 RM 337, NEW YORK, NY, 10036","No_Match",NA,NA,NA,NA
1003288,"THIRD AVE WEST","MADISON","WV",25130,NA,NA,288,"THIRD AVE WEST, MADISON, WV, 25130","No_Match",NA,NA,NA,NA
1003289,"THOMAS COOPER LIBRARY","COLUMBIA","SC",29208,NA,NA,289,"THOMAS COOPER LIBRARY, COLUMBIA, SC, 29208","No_Match",NA,NA,NA,NA
1003290,"THOMAS JEFFERSONHS 4248 SOUTH 288TH","AUBURN","WA",98001,NA,NA,290,"THOMAS JEFFERSONHS 4248 SOUTH 288TH, AUBURN, WA, 98001","Tie",NA,NA,NA,NA
1003291,"THOMAS","LAS VEGAS","NV",89121,NA,NA,291,"THOMAS, LAS VEGAS, NV, 89121","No_Match",NA,NA,NA,NA
1003292,"THOMPSON BLVD","WATERTOWN","NY",13601,NA,NA,292,"THOMPSON BLVD, WATERTOWN, NY, 13601","No_Match",NA,NA,NA,NA
1003293,"THOMPSON ROAD","KEESEVILLE","NY",12944,NA,NA,293,"THOMPSON ROAD, KEESEVILLE, NY, 12944","No_Match",NA,NA,NA,NA
1003294,"THORNEWOOD DR","ATLANTA","GA",30340,NA,NA,294,"THORNEWOOD DR, ATLANTA, GA, 30340","No_Match",NA,NA,NA,NA
1003295,"THOROUGHBRED CT","FORT WORTH","TX",76179,NA,NA,295,"THOROUGHBRED CT, FORT WORTH, TX, 76179","No_Match",NA,NA,NA,NA
1003296,"THORTON STREET","WALTHAM","MA",2453,NA,NA,296,"THORTON STREET, WALTHAM, MA, 2453","No_Match",NA,NA,NA,NA
1003297,"THORTON","BARBERTON","OH",44203,NA,NA,297,"THORTON, BARBERTON, OH, 44203","No_Match",NA,NA,NA,NA
1003298,"THRALL AVE","SUFFIELD","CT",6078,NA,NA,298,"THRALL AVE, SUFFIELD, CT, 6078","No_Match",NA,NA,NA,NA
1003299,"THRASHER DR","PINE BLUFF","AR",71603,NA,NA,299,"THRASHER DR, PINE BLUFF, AR, 71603","No_Match",NA,NA,NA,NA
1003300,"THREE LANCASTER AVE","CHELMSFORD","MA",1824,NA,NA,300,"THREE LANCASTER AVE, CHELMSFORD, MA, 1824","No_Match",NA,NA,NA,NA
1003301,"THREE RIVER RD","PHILADELPHIA","PA",19128,NA,NA,301,"THREE RIVER RD, PHILADELPHIA, PA, 19128","No_Match",NA,NA,NA,NA
1003302,"THRU 3227 ANTELOPE HILLS DR","MISSOURI CITY","TX",77459,NA,NA,302,"THRU 3227 ANTELOPE HILLS DR, MISSOURI CITY, TX, 77459","No_Match",NA,NA,NA,NA
1003303,"THUNDER RIVER CIRCLE 5020","LAS VEGAS","NV",89148,NA,NA,303,"THUNDER RIVER CIRCLE 5020, LAS VEGAS, NV, 89148","No_Match",NA,NA,NA,NA
1003304,"TIAN YU SHENG TAI 117-1-202","YANJI",NA,NA,NA,NA,304,"TIAN YU SHENG TAI 117-1-202, YANJI, , ","No_Match",NA,NA,NA,NA
1003305,"TIBES TOWN HOUSE EDIF 18 APT 99","PONCE","PR",730,NA,NA,305,"TIBES TOWN HOUSE EDIF 18 APT 99, PONCE, PR, 730","No_Match",NA,NA,NA,NA
1003306,"TIERRAS NUEVAS CALLE CAOBA 15","MANATI","PR",674,NA,NA,306,"TIERRAS NUEVAS CALLE CAOBA 15, MANATI, PR, 674","No_Match",NA,NA,NA,NA
1003307,"TIFFANY LANE","FORT SCOTT","KS",66701,NA,NA,307,"TIFFANY LANE, FORT SCOTT, KS, 66701","No_Match",NA,NA,NA,NA
1003308,"TIGERLABS 252 NASSAU STREET","PRINCETON","NJ",8542,NA,NA,308,"TIGERLABS 252 NASSAU STREET, PRINCETON, NJ, 8542","No_Match",NA,NA,NA,NA
1003309,"TILGMAN ROAD","MARION STATION","MD",21838,NA,NA,309,"TILGMAN ROAD, MARION STATION, MD, 21838","No_Match",NA,NA,NA,NA
1003310,"TILTON HALL 179 - 525 S MAIN ST","ADA","OH",45810,40.769728828,-83.823216777,310,"TILTON HALL 179 - 525 S MAIN ST, ADA, OH, 45810","Match","Exact","179 S MAIN ST, ADA, OH, 45810",36519693,"L"
1003311,"TIMBER RIDGE COURT","FOND DU LAC","WI",54937,NA,NA,311,"TIMBER RIDGE COURT, FOND DU LAC, WI, 54937","No_Match",NA,NA,NA,NA
1003312,"TIMBERBLUFF DRIVE","CHESTERFIELD","MO",63017,NA,NA,312,"TIMBERBLUFF DRIVE, CHESTERFIELD, MO, 63017","No_Match",NA,NA,NA,NA
1003313,"TIMBERLAND DR","LITTLE ROCK","AR",72204,NA,NA,313,"TIMBERLAND DR, LITTLE ROCK, AR, 72204","No_Match",NA,NA,NA,NA
1003314,"TIMBERLANE ESTATE DRIVE","HARVEY","LA",70058,NA,NA,314,"TIMBERLANE ESTATE DRIVE, HARVEY, LA, 70058","No_Match",NA,NA,NA,NA
1003315,"TIMBERLANE","MORTON","IL",61550,NA,NA,315,"TIMBERLANE, MORTON, IL, 61550","No_Match",NA,NA,NA,NA
1003316,"TINY TOTS 1949 BELL ST","SACRAMENTO","CA",95825,38.600060915,-121.410688812,316,"TINY TOTS 1949 BELL ST, SACRAMENTO, CA, 95825","Match","Exact","1949 BELL ST, SACRAMENTO, CA, 95825",645245174,"L"
1003317,"TIPPECANOE TERRANCE","ASHBURN","VA",20147,NA,NA,317,"TIPPECANOE TERRANCE, ASHBURN, VA, 20147","No_Match",NA,NA,NA,NA
1003318,"TNC - 318 CONGRESS AVENUE","AUSTIN","TX",78701,NA,NA,318,"TNC - 318 CONGRESS AVENUE, AUSTIN, TX, 78701","No_Match",NA,NA,NA,NA
1003319,"TO BE DETERMINED","TO BE DETERMINED","OH",44820,NA,NA,319,"TO BE DETERMINED, TO BE DETERMINED, OH, 44820","No_Match",NA,NA,NA,NA
1003320,"TOLSTOY LANE","SOUTHBURY","CT",6487,NA,NA,320,"TOLSTOY LANE, SOUTHBURY, CT, 6487","No_Match",NA,NA,NA,NA
1003321,"TOLUCA AE 3-A VENUS GARDEN","SAN JUAN","PR",926,NA,NA,321,"TOLUCA AE 3-A VENUS GARDEN, SAN JUAN, PR, 926","No_Match",NA,NA,NA,NA
1003322,"TONEY DRIVE","COL;UMBUS","GA",31903,NA,NA,322,"TONEY DRIVE, COL;UMBUS, GA, 31903","No_Match",NA,NA,NA,NA
1003323,"TONGGINEUB SUCHAMRI 161-3 KIMPOSI","SOUTH KOREA",NA,NA,NA,NA,323,"TONGGINEUB SUCHAMRI 161-3 KIMPOSI, SOUTH KOREA, , ","No_Match",NA,NA,NA,NA
1003324,"TOPSPIN CT","RALEIGH","NC",27609,NA,NA,324,"TOPSPIN CT, RALEIGH, NC, 27609","No_Match",NA,NA,NA,NA
1003325,"TORRIMAR TOLEDO 12-1","GUAYNABO","PR",966,NA,NA,325,"TORRIMAR TOLEDO 12-1, GUAYNABO, PR, 966","No_Match",NA,NA,NA,NA
1003326,"TOUTANT BEAUREGARD","BOERNE","TX",78006,NA,NA,326,"TOUTANT BEAUREGARD, BOERNE, TX, 78006","No_Match",NA,NA,NA,NA
1003327,"TOWER RIDGE DRIVE APT 914","CORINTH","TX",76210,NA,NA,327,"TOWER RIDGE DRIVE APT 914, CORINTH, TX, 76210","No_Match",NA,NA,NA,NA
1003328,"TOWN CENTER BLVD 1206","ROSENBERG","TX",77471,NA,NA,328,"TOWN CENTER BLVD 1206, ROSENBERG, TX, 77471","No_Match",NA,NA,NA,NA
1003329,"TOWN OF HAYESVILLE 56 SANDERSON ST","HAYESVILLE","NC",28904,35.0452726410001,-83.8177198829999,329,"TOWN OF HAYESVILLE 56 SANDERSON ST, HAYESVILLE, NC, 28904","Match","Exact","56 SANDERSON ST, HAYESVILLE, NC, 28904",35930965,"R"
1003330,"TOWN OF ROCKINGHAM BOX 370","BELLOWS FALLS","VT",5101,NA,NA,330,"TOWN OF ROCKINGHAM BOX 370, BELLOWS FALLS, VT, 5101","No_Match",NA,NA,NA,NA
1003331,"TOWNE CROSSING","MANSFIELD","TX",76063,NA,NA,331,"TOWNE CROSSING, MANSFIELD, TX, 76063","No_Match",NA,NA,NA,NA
1003332,"TOWNSEND ROAD","GROTON","MA",1450,NA,NA,332,"TOWNSEND ROAD, GROTON, MA, 1450","No_Match",NA,NA,NA,NA
1003333,"TOWNSHEND ROAD","GRAFTON","VT",5146,NA,NA,333,"TOWNSHEND ROAD, GRAFTON, VT, 5146","No_Match",NA,NA,NA,NA
1003334,"TOWSON UNIVERSITY 8000 YORK RD","TOWSON","MD",21252,NA,NA,334,"TOWSON UNIVERSITY 8000 YORK RD, TOWSON, MD, 21252","No_Match",NA,NA,NA,NA
1003335,"TP RR BOX 32","SANTA FE","NM",87506,NA,NA,335,"TP RR BOX 32, SANTA FE, NM, 87506","No_Match",NA,NA,NA,NA
1003336,"TRACEY AVANUE","NEWARK","NJ",7102,NA,NA,336,"TRACEY AVANUE, NEWARK, NJ, 7102","No_Match",NA,NA,NA,NA
1003337,"TRACY","KERKEMEYER","GA",30290,NA,NA,337,"TRACY, KERKEMEYER, GA, 30290","No_Match",NA,NA,NA,NA
1003338,"TRADITION CLUB DRIVE","PAWLEYS ISLAND","SC",29585,NA,NA,338,"TRADITION CLUB DRIVE, PAWLEYS ISLAND, SC, 29585","No_Match",NA,NA,NA,NA
1003339,"TRAILS END 230 SIX ROD HIGHWAY","HAMDEN","CT",6518,41.4351258310001,-72.860467681,339,"TRAILS END 230 SIX ROD HIGHWAY, HAMDEN, CT, 6518","Match","Exact","230 SIX ROD HWY, HAMDEN, CT, 06518",631705474,"L"
1003340,"TRAIN TRACK ON THE LEFT","MAPLETON","ND",58059,NA,NA,340,"TRAIN TRACK ON THE LEFT, MAPLETON, ND, 58059","No_Match",NA,NA,NA,NA
1003341,"TRANSV 53 NO 2-38","BOGOTA-COLOMBIA",NA,NA,NA,NA,341,"TRANSV 53 NO 2-38, BOGOTA-COLOMBIA, , ","No_Match",NA,NA,NA,NA
1003342,"TREASURE POINT","ONALASKA","TX",77360,NA,NA,342,"TREASURE POINT, ONALASKA, TX, 77360","No_Match",NA,NA,NA,NA
1003343,"TREASURE","WARMINSTER","PA",18974,NA,NA,343,"TREASURE, WARMINSTER, PA, 18974","No_Match",NA,NA,NA,NA
1003344,"TREASURER","LANCASTER","SC",29720,NA,NA,344,"TREASURER, LANCASTER, SC, 29720","No_Match",NA,NA,NA,NA
1003345,"TREASUSET COVE","FRANKFORT","OH",45628,NA,NA,345,"TREASUSET COVE, FRANKFORT, OH, 45628","No_Match",NA,NA,NA,NA
1003346,"TREDWELL PLACE","BEVERCREEK","OH",45430,NA,NA,346,"TREDWELL PLACE, BEVERCREEK, OH, 45430","No_Match",NA,NA,NA,NA
1003347,"TRELAWN TERRACE","MITCHELLVILLE","MD",20721,NA,NA,347,"TRELAWN TERRACE, MITCHELLVILLE, MD, 20721","No_Match",NA,NA,NA,NA
1003348,"TREMONT STREET","NEW BRITIAN","CT",6051,NA,NA,348,"TREMONT STREET, NEW BRITIAN, CT, 6051","No_Match",NA,NA,NA,NA
1003349,"TRESCOT LANE","BLUFFTON","SC",29909,NA,NA,349,"TRESCOT LANE, BLUFFTON, SC, 29909","No_Match",NA,NA,NA,NA
1003350,"TRIANGLE ROAD","PAOLI","IN",47454,NA,NA,350,"TRIANGLE ROAD, PAOLI, IN, 47454","No_Match",NA,NA,NA,NA
1003351,"TRIBBLE HALL B301 / PO BOX 7332","WINSTON-SALEM","NC",27109,NA,NA,351,"TRIBBLE HALL B301 / PO BOX 7332, WINSTON-SALEM, NC, 27109","No_Match",NA,NA,NA,NA
1003352,"TRINIDAD","TRINIAD","CO",81082,NA,NA,352,"TRINIDAD, TRINIAD, CO, 81082","No_Match",NA,NA,NA,NA
1003353,"TRINIDAD","TRINIDAD","CO",81082,NA,NA,353,"TRINIDAD, TRINIDAD, CO, 81082","No_Match",NA,NA,NA,NA
1003354,"TRINITY 120-601 UNIVERSITY DRIVE","SAN MARCOS","TX",78666,29.885337678,-97.9414464829999,354,"TRINITY 120-601 UNIVERSITY DRIVE, SAN MARCOS, TX, 78666","Match","Exact","120 UNIVERSITY DR, SAN MARCOS, TX, 78666",63811022,"R"
1003355,"TRINITY INTL U 2065 HALF DAY RD","DEERFIELD","IL",60015,42.2002232720001,-87.8865316499999,355,"TRINITY INTL U 2065 HALF DAY RD, DEERFIELD, IL, 60015","Match","Exact","2065 HALF DAY RD, DEERFIELD, IL, 60015",645732384,"R"
1003356,"TRINITY UNIV - 1 TRINITY PLACE","SAN ANTONIO","TX",78212,29.4630513750001,-98.4813299039999,356,"TRINITY UNIV - 1 TRINITY PLACE, SAN ANTONIO, TX, 78212","Match","Exact","1 TRINITY PL, SAN ANTONIO, TX, 78212",101738439,"L"
1003357,"TRIPOLI AMB SERVICE 101 2ND ST SE","TRIPOLI","IA",50676,42.80952533,-92.2555575869999,357,"TRIPOLI AMB SERVICE 101 2ND ST SE, TRIPOLI, IA, 50676","Match","Exact","101 2ND ST SE, TRIPOLI, IA, 50676",77343796,"R"
1003358,"TROMBLY","ST. CLAIR SHORES","MI",48081,NA,NA,358,"TROMBLY, ST. CLAIR SHORES, MI, 48081","No_Match",NA,NA,NA,NA
1003359,"TRONCAL DEL NORTE KILOMETRO 9","CD DELGADO, EL SALVA",NA,NA,NA,NA,359,"TRONCAL DEL NORTE KILOMETRO 9, CD DELGADO, EL SALVA, , ","No_Match",NA,NA,NA,NA
1003360,"TROPHY DR","UPPER CHICHESTER","PA",19061,NA,NA,360,"TROPHY DR, UPPER CHICHESTER, PA, 19061","No_Match",NA,NA,NA,NA
1003361,"TROY UNIVERSITY 4525 VINELAND RD","ORLANDO","FL",32811,28.501081019,-81.43082507,361,"TROY UNIVERSITY 4525 VINELAND RD, ORLANDO, FL, 32811","Match","Exact","4525 VINELAND RD, ORLANDO, FL, 32811",611809639,"L"
1003362,"TRUTH COURT 411F","FAYETTEVILLE","NC",28301,NA,NA,362,"TRUTH COURT 411F, FAYETTEVILLE, NC, 28301","No_Match",NA,NA,NA,NA
1003363,"TSU DEPT HISTORY JOHN A MERRITT BVL","NASHVILLE","TN",37209,NA,NA,363,"TSU DEPT HISTORY JOHN A MERRITT BVL, NASHVILLE, TN, 37209","No_Match",NA,NA,NA,NA
1003364,"TTTECH SCHOENBRUNNER STR 7 A 1040","VIENNA AUSTRIA",NA,NA,NA,NA,364,"TTTECH SCHOENBRUNNER STR 7 A 1040, VIENNA AUSTRIA, , ","No_Match",NA,NA,NA,NA
1003365,"TUFTS UNIV PACKARD HALL POL SCI DEP","MEDFORD","MA",2155,NA,NA,365,"TUFTS UNIV PACKARD HALL POL SCI DEP, MEDFORD, MA, 2155","No_Match",NA,NA,NA,NA
1003366,"TULANE STREET C16","SAN JUAN","PR",927,NA,NA,366,"TULANE STREET C16, SAN JUAN, PR, 927","No_Match",NA,NA,NA,NA
1003367,"TURKEY CREEK DRIVE","ELLIJAY","GA",30536,NA,NA,367,"TURKEY CREEK DRIVE, ELLIJAY, GA, 30536","No_Match",NA,NA,NA,NA
1003368,"TURNPIKE ROAD","TURNERS FALLS","MA",1376,NA,NA,368,"TURNPIKE ROAD, TURNERS FALLS, MA, 1376","No_Match",NA,NA,NA,NA
1003369,"TURTLEHEAD COURT","PLYMOUTH","MI",48170,NA,NA,369,"TURTLEHEAD COURT, PLYMOUTH, MI, 48170","No_Match",NA,NA,NA,NA
1003370,"TUSCANY CT","MCDONOUGH","GA",30252,NA,NA,370,"TUSCANY CT, MCDONOUGH, GA, 30252","No_Match",NA,NA,NA,NA
1003371,"TVDC BUILDING","TANTAN","AA",109,NA,NA,371,"TVDC BUILDING, TANTAN, AA, 109","No_Match",NA,NA,NA,NA
1003372,"TWIIGHT DRIVE","MARSHALLVILLE","GA",31057,NA,NA,372,"TWIIGHT DRIVE, MARSHALLVILLE, GA, 31057","No_Match",NA,NA,NA,NA
1003373,"TWILIGHT DRIVE","MARSHALLVILLE","GA",31057,NA,NA,373,"TWILIGHT DRIVE, MARSHALLVILLE, GA, 31057","No_Match",NA,NA,NA,NA
1003374,"TWIN LANE","CHARLO","MT",59824,NA,NA,374,"TWIN LANE, CHARLO, MT, 59824","No_Match",NA,NA,NA,NA
1003375,"TWO ATLANTIC AVENUE 4TH FLOOR","BOSTON","MA",2110,NA,NA,375,"TWO ATLANTIC AVENUE 4TH FLOOR, BOSTON, MA, 2110","No_Match",NA,NA,NA,NA
1003376,"TWO BALA PLZ SUITE 300","BALA CYNWYD","PA",19004,NA,NA,376,"TWO BALA PLZ SUITE 300, BALA CYNWYD, PA, 19004","No_Match",NA,NA,NA,NA
1003377,"TWO BARRETT STREET","SPRINGFIELD","VT",5156,NA,NA,377,"TWO BARRETT STREET, SPRINGFIELD, VT, 5156","No_Match",NA,NA,NA,NA
1003378,"TWO BOBS ROAD","ARKADELPHIA","AR",71923,NA,NA,378,"TWO BOBS ROAD, ARKADELPHIA, AR, 71923","No_Match",NA,NA,NA,NA
1003379,"TWO BOWERS LANE","CLOSTER","NJ",7624,NA,NA,379,"TWO BOWERS LANE, CLOSTER, NJ, 7624","No_Match",NA,NA,NA,NA
1003380,"TWO CARLSON PARKWAY STE 150","MINNEAPOLIS","MN",55447,NA,NA,380,"TWO CARLSON PARKWAY STE 150, MINNEAPOLIS, MN, 55447","No_Match",NA,NA,NA,NA
1003381,"TWO CITY PLAZA STE 202","WEST PALM BEACH","FL",33401,NA,NA,381,"TWO CITY PLAZA STE 202, WEST PALM BEACH, FL, 33401","No_Match",NA,NA,NA,NA
1003382,"TWO EXECUTIVE CAMPUS","CHERRY HILL","NJ",8002,NA,NA,382,"TWO EXECUTIVE CAMPUS, CHERRY HILL, NJ, 8002","No_Match",NA,NA,NA,NA
1003383,"TWO N CENTRAL AVE STE 1600","PHOENIX","AZ",85004,NA,NA,383,"TWO N CENTRAL AVE STE 1600, PHOENIX, AZ, 85004","No_Match",NA,NA,NA,NA
1003384,"TWO NORTH NINTH STREET","NOBLESVILLE","IN",46060,NA,NA,384,"TWO NORTH NINTH STREET, NOBLESVILLE, IN, 46060","No_Match",NA,NA,NA,NA
1003385,"TWO ROUTE 3","PALERMO","ME",4354,NA,NA,385,"TWO ROUTE 3, PALERMO, ME, 4354","No_Match",NA,NA,NA,NA
1003386,"TX A AND M UNIV 4237 TAMU","COLLEGE STATION","TX",77843,NA,NA,386,"TX A AND M UNIV 4237 TAMU, COLLEGE STATION, TX, 77843","No_Match",NA,NA,NA,NA
1003387,"TX","CORPUS CHRISTI","TX",78412,NA,NA,387,"TX, CORPUS CHRISTI, TX, 78412","No_Match",NA,NA,NA,NA
1003388,"U 335 STATE ROUT3 109","LIBERTY CENTER","OH",43532,NA,NA,388,"U 335 STATE ROUT3 109, LIBERTY CENTER, OH, 43532","Tie",NA,NA,NA,NA
1003389,"U AKRON COUNSELING AND TESTING CTR","AKRON","OH",44325,NA,NA,389,"U AKRON COUNSELING AND TESTING CTR, AKRON, OH, 44325","No_Match",NA,NA,NA,NA
1003390,"U DELAWARE  282 THE GREEN","NEWARK","DE",19711,39.677130865,-75.7522635879999,390,"U DELAWARE  282 THE GREEN, NEWARK, DE, 19711","Match","Non_Exact","282 THE GREEN, NEWARK, DE, 19717",605787074,"R"
1003391,"U NOTRE DAME-227 MALLOW HALL","NOTRE DAME","IN",46556,NA,NA,391,"U NOTRE DAME-227 MALLOW HALL, NOTRE DAME, IN, 46556","No_Match",NA,NA,NA,NA
1003392,"U OF IOWA 308 EPB","IOWA CITY","IA",52242,NA,NA,392,"U OF IOWA 308 EPB, IOWA CITY, IA, 52242","No_Match",NA,NA,NA,NA
1003393,"U OF NEW ENGLAND 11 HILLS BEACH RD","BIDDEFORD","ME",4005,43.4585604430001,-70.3817241479999,393,"U OF NEW ENGLAND 11 HILLS BEACH RD, BIDDEFORD, ME, 4005","Match","Exact","11 HILLS BEACH RD, BIDDEFORD, ME, 04005",638521875,"R"
1003394,"U OF ST FRANCIS 600 TAYLOR ST","JOLIET","IL",60435,41.5324262670001,-88.0965360449999,394,"U OF ST FRANCIS 600 TAYLOR ST, JOLIET, IL, 60435","Match","Exact","600 TAYLOR ST, JOLIET, IL, 60435",111541029,"L"
1003395,"U OF WASHINGTON 1959 NE PACIFIC ST","SEATTLE","WA",98195,47.6512988170001,-122.309174107,395,"U OF WASHINGTON 1959 NE PACIFIC ST, SEATTLE, WA, 98195","Match","Exact","1959 NE PACIFIC ST, SEATTLE, WA, 98195",186991331,"R"
1003396,"U OF WASHINGTON 850 REPUBUBLICAN","SEATTLE","WA",98195,NA,NA,396,"U OF WASHINGTON 850 REPUBUBLICAN, SEATTLE, WA, 98195","No_Match",NA,NA,NA,NA
1003397,"U RICHMOND / PHILOSOPHY","RICHMOND","VA",23173,NA,NA,397,"U RICHMOND / PHILOSOPHY, RICHMOND, VA, 23173","No_Match",NA,NA,NA,NA
1003398,"U13 AVON DRIVE","HIGHTSTOWN","NJ",8520,40.267931622,-74.484460751,398,"U13 AVON DRIVE, HIGHTSTOWN, NJ, 8520","Match","Exact","U13 AVON DR, HIGHTSTOWN, NJ, 08520",60199381,"R"
1003399,"U30","PARMA","OH",44130,NA,NA,399,"U30, PARMA, OH, 44130","No_Match",NA,NA,NA,NA
1003400,"U352 430 S GARY PLACE","TULSA","OK",74104,36.155339165,-95.942647329,400,"U352 430 S GARY PLACE, TULSA, OK, 74104","Match","Non_Exact","430 S GARY AVE, TULSA, OK, 74104",639315804,"R"
1003401,"U481 STATE ROUTE 66","ARCHBOLD","OH",43502,41.463758431,-84.305817464,401,"U481 STATE ROUTE 66, ARCHBOLD, OH, 43502","Match","Exact","U481 STATE RTE 66, ARCHBOLD, OH, 43502",33800725,"L"
1003402,"U911 S NORMAL UNITE 3E","CHICAGO","IL",60620,NA,NA,402,"U911 S NORMAL UNITE 3E, CHICAGO, IL, 60620","No_Match",NA,NA,NA,NA
1003403,"UAA 3211 PROVIDENCE DR","ANCHORAGE","AK",99508,NA,NA,403,"UAA 3211 PROVIDENCE DR, ANCHORAGE, AK, 99508","No_Match",NA,NA,NA,NA
1003404,"UC BERKLEY","BERKLEY","CA",94720,NA,NA,404,"UC BERKLEY, BERKLEY, CA, 94720","No_Match",NA,NA,NA,NA
1003405,"UC RIVERSIDE 2232 WATKINS HALL","RIVERSIDE","CA",92521,NA,NA,405,"UC RIVERSIDE 2232 WATKINS HALL, RIVERSIDE, CA, 92521","No_Match",NA,NA,NA,NA
1003406,"UCDVMTH 1 SHIELDS DRIVE","DAVIS","CA",95616,NA,NA,406,"UCDVMTH 1 SHIELDS DRIVE, DAVIS, CA, 95616","No_Match",NA,NA,NA,NA
1003407,"UCLA EHS-OEM 501 WESTWOOD PLAZA","LOS ANGELES","CA",90095,34.0686308850001,-118.444956691,407,"UCLA EHS-OEM 501 WESTWOOD PLAZA, LOS ANGELES, CA, 90095","Match","Exact","501 WESTWOOD PLZ, LOS ANGELES, CA, 90095",141567527,"R"
1003408,"UCM  UNION 302","WARRENSBURG","MO",64093,NA,NA,408,"UCM  UNION 302, WARRENSBURG, MO, 64093","No_Match",NA,NA,NA,NA
1003409,"UF 2550 HULL ROAD PO BOX 110690","GAINESVILLE","FL",32611,NA,NA,409,"UF 2550 HULL ROAD PO BOX 110690, GAINESVILLE, FL, 32611","No_Match",NA,NA,NA,NA
1003410,"UGA SSW 279 WILLIAMS ST ROOM 125","ATHENS","GA",30605,NA,NA,410,"UGA SSW 279 WILLIAMS ST ROOM 125, ATHENS, GA, 30605","No_Match",NA,NA,NA,NA
1003411,"UGA SSW 279 WILLIAMS ST","ATHENS","GA",30605,33.9541684750001,-83.369622036,411,"UGA SSW 279 WILLIAMS ST, ATHENS, GA, 30605","Match","Exact","279 WILLIAMS ST, ATHENS, GA, 30605",4802781,"L"
1003412,"UGANDA CLUB PLOT 10 NEHRU AVENUE","KAMPALA","AA",0,NA,NA,412,"UGANDA CLUB PLOT 10 NEHRU AVENUE, KAMPALA, AA, 0","No_Match",NA,NA,NA,NA
1003413,"UHH 200 WEST KAWILI","HILO","HI",96720,NA,NA,413,"UHH 200 WEST KAWILI, HILO, HI, 96720","No_Match",NA,NA,NA,NA
1003414,"UK DEPT OF BIOLOGY","LEXINGTON","KY",40506,NA,NA,414,"UK DEPT OF BIOLOGY, LEXINGTON, KY, 40506","No_Match",NA,NA,NA,NA
1003415,"UKNOWN","HAM LAKE","MN",55449,NA,NA,415,"UKNOWN, HAM LAKE, MN, 55449","No_Match",NA,NA,NA,NA
1003416,"UL ARMII KRAJOWEJ 32 40-698 KATOWIC","POLAND",NA,NA,NA,NA,416,"UL ARMII KRAJOWEJ 32 40-698 KATOWIC, POLAND, , ","No_Match",NA,NA,NA,NA
1003417,"UL PRECHISTENKA 10-2","MOSCOW RUSSIA",NA,NA,NA,NA,417,"UL PRECHISTENKA 10-2, MOSCOW RUSSIA, , ","No_Match",NA,NA,NA,NA
1003418,"UL WYSZYNSKIEGO 5 4 - POLAND","SWIDNICA","FL",58105,NA,NA,418,"UL WYSZYNSKIEGO 5 4 - POLAND, SWIDNICA, FL, 58105","No_Match",NA,NA,NA,NA
1003419,"ULISES ORTIZ 94 URB JOSE SEVERO QN","CAROLINA","PR",985,NA,NA,419,"ULISES ORTIZ 94 URB JOSE SEVERO QN, CAROLINA, PR, 985","No_Match",NA,NA,NA,NA
1003420,"UM-COLUMBIA 802 CLARK HALL","COLUMBIA","MO",63108,NA,NA,420,"UM-COLUMBIA 802 CLARK HALL, COLUMBIA, MO, 63108","No_Match",NA,NA,NA,NA
1003421,"UMES TRIGG HALL ROOM 1117","PRINCESS ANNE","MD",21853,NA,NA,421,"UMES TRIGG HALL ROOM 1117, PRINCESS ANNE, MD, 21853","No_Match",NA,NA,NA,NA
1003422,"UMKC SCHOOL OF LAW 500 E 52  STREE","KANSAS CITY","MO",64110,NA,NA,422,"UMKC SCHOOL OF LAW 500 E 52  STREE, KANSAS CITY, MO, 64110","No_Match",NA,NA,NA,NA
1003423,"UMKC SCHOOL OF LAW","KANSAS CITY","MO",64110,NA,NA,423,"UMKC SCHOOL OF LAW, KANSAS CITY, MO, 64110","No_Match",NA,NA,NA,NA
1003424,"UMM MORRIS HUMANITIES 600 E 4TH ST","MORRIS","MN",56267,45.5894338090001,-95.9044585,424,"UMM MORRIS HUMANITIES 600 E 4TH ST, MORRIS, MN, 56267","Match","Exact","600 E 4TH ST, MORRIS, MN, 56267",165148116,"R"
1003425,"UMMC - ANATOMY   2500 N STATE ST","JACKSON","MS",39216,32.3288114370001,-90.175614991,425,"UMMC - ANATOMY   2500 N STATE ST, JACKSON, MS, 39216","Match","Exact","2500 N STATE ST, JACKSON, MS, 39216",65371173,"R"
1003426,"UMOJA INNERCORE MOI DRIVE PLOT B14","NAIROBI KENYA",NA,NA,NA,NA,426,"UMOJA INNERCORE MOI DRIVE PLOT B14, NAIROBI KENYA, , ","No_Match",NA,NA,NA,NA
1003427,"UMUCHE AMAUKWU","OBOLLO",NA,NA,NA,NA,427,"UMUCHE AMAUKWU, OBOLLO, , ","No_Match",NA,NA,NA,NA
1003428,"UNA PO BOX 5079 ONE HARRISON PLAZA","FLORENCE","AL",35632,NA,NA,428,"UNA PO BOX 5079 ONE HARRISON PLAZA, FLORENCE, AL, 35632","No_Match",NA,NA,NA,NA
1003429,"UNADILLA STREET","ASHEVILLE","NC",28803,NA,NA,429,"UNADILLA STREET, ASHEVILLE, NC, 28803","No_Match",NA,NA,NA,NA
1003430,"UNAVAILABLE","CINCINNATI","OH",45200,NA,NA,430,"UNAVAILABLE, CINCINNATI, OH, 45200","No_Match",NA,NA,NA,NA
1003431,"UNAVAILABLE","HANOVER","NH",3755,NA,NA,431,"UNAVAILABLE, HANOVER, NH, 3755","No_Match",NA,NA,NA,NA
1003432,"UNAVAILABLE","WHITE PLAINS","MD",0,NA,NA,432,"UNAVAILABLE, WHITE PLAINS, MD, 0","No_Match",NA,NA,NA,NA
1003433,"UNCW EVS - 601 SOUTH COLLEGE ROAD","WILMINGTON","NC",28403,34.227022876,-77.879333147,433,"UNCW EVS - 601 SOUTH COLLEGE ROAD, WILMINGTON, NC, 28403","Match","Exact","601 S COLLEGE RD, WILMINGTON, NC, 28403",152767865,"L"
1003434,"UNCW STATION CB 24294 601 S COLLEG","WILMINGTON","NC",28403,NA,NA,434,"UNCW STATION CB 24294 601 S COLLEG, WILMINGTON, NC, 28403","No_Match",NA,NA,NA,NA
1003435,"UNESTABLISHED","RALEIGH","NC",27604,NA,NA,435,"UNESTABLISHED, RALEIGH, NC, 27604","No_Match",NA,NA,NA,NA
1003436,"UNFILLED","BLANK","OK",0,NA,NA,436,"UNFILLED, BLANK, OK, 0","No_Match",NA,NA,NA,NA
1003437,"UNG DEPT HISTORY 82 COLLEGE CIR","DAHLEONGA","GA",30597,34.530734995,-83.986285623,437,"UNG DEPT HISTORY 82 COLLEGE CIR, DAHLEONGA, GA, 30597","Match","Non_Exact","82 COLLEGE CIR, DAHLONEGA, GA, 30533",101114681,"R"
1003438,"UNION CITY ROAD","FORT RECOVERY","OH",45846,NA,NA,438,"UNION CITY ROAD, FORT RECOVERY, OH, 45846","No_Match",NA,NA,NA,NA
1003439,"UNION PLAZA PHC 416 PONCE DE LEON","SAN JUAN","PR",918,NA,NA,439,"UNION PLAZA PHC 416 PONCE DE LEON, SAN JUAN, PR, 918","No_Match",NA,NA,NA,NA
1003440,"UNION ROAD","GASTONIA","NC",28054,NA,NA,440,"UNION ROAD, GASTONIA, NC, 28054","No_Match",NA,NA,NA,NA
1003441,"UNION STREET","BRISTOL","RI",2809,NA,NA,441,"UNION STREET, BRISTOL, RI, 2809","No_Match",NA,NA,NA,NA
1003442,"UNION STREET","UNIONVILLE","PA",16835,NA,NA,442,"UNION STREET, UNIONVILLE, PA, 16835","No_Match",NA,NA,NA,NA
1003443,"UNIT 1 1721 OXFORD RD","CHEYENNE","WY",82001,41.1484342750001,-104.799675422,443,"UNIT 1 1721 OXFORD RD, CHEYENNE, WY, 82001","Match","Non_Exact","1721 OXFORD DR, CHEYENNE, WY, 82001",160150622,"R"
1003444,"UNIT 1","CHICAGO","IL",60625,NA,NA,444,"UNIT 1, CHICAGO, IL, 60625","No_Match",NA,NA,NA,NA
1003445,"UNIT 1","MADISON","WI",53719,NA,NA,445,"UNIT 1, MADISON, WI, 53719","No_Match",NA,NA,NA,NA
1003446,"UNIT 100523 BOX 1","FPO","AE",9595,NA,NA,446,"UNIT 100523 BOX 1, FPO, AE, 9595","No_Match",NA,NA,NA,NA
1003447,"UNIT 100523 BOX1","FPO","AE",9595,NA,NA,447,"UNIT 100523 BOX1, FPO, AE, 9595","No_Match",NA,NA,NA,NA
1003448,"UNIT 100523","FPO","AE",9595,NA,NA,448,"UNIT 100523, FPO, AE, 9595","No_Match",NA,NA,NA,NA
1003449,"UNIT 101","CHICAGO","IL",60653,NA,NA,449,"UNIT 101, CHICAGO, IL, 60653","No_Match",NA,NA,NA,NA
1003450,"UNIT 103","ORLANDO","FL",32835,NA,NA,450,"UNIT 103, ORLANDO, FL, 32835","No_Match",NA,NA,NA,NA
1003451,"UNIT 12","JACKSONVILLE","FL",32224,NA,NA,451,"UNIT 12, JACKSONVILLE, FL, 32224","No_Match",NA,NA,NA,NA
1003452,"UNIT 120","WEST DES MOINES","IA",NA,NA,NA,452,"UNIT 120, WEST DES MOINES, IA, ","No_Match",NA,NA,NA,NA
1003453,"UNIT 128","ANTIOCH","TN",37013,NA,NA,453,"UNIT 128, ANTIOCH, TN, 37013","No_Match",NA,NA,NA,NA
1003454,"UNIT 13","RENTON","WA",98059,NA,NA,454,"UNIT 13, RENTON, WA, 98059","No_Match",NA,NA,NA,NA
1003455,"UNIT 15 BOSKRUIN GARDENS","JOHANNESBURG",NA,NA,NA,NA,455,"UNIT 15 BOSKRUIN GARDENS, JOHANNESBURG, , ","No_Match",NA,NA,NA,NA
1003456,"UNIT 15093","APO","AP",96224,NA,NA,456,"UNIT 15093, APO, AP, 96224","No_Match",NA,NA,NA,NA
1003457,"UNIT 15228 BOX 571","APO","AP",96271,NA,NA,457,"UNIT 15228 BOX 571, APO, AP, 96271","No_Match",NA,NA,NA,NA
1003458,"UNIT 15228 BOX 751","APO","AP",96271,NA,NA,458,"UNIT 15228 BOX 751, APO, AP, 96271","No_Match",NA,NA,NA,NA
1003459,"UNIT 15254 BOX 422","APO","AP",96205,NA,NA,459,"UNIT 15254 BOX 422, APO, AP, 96205","No_Match",NA,NA,NA,NA
1003460,"UNIT 15547 BOX 122","APO","AP",96271,NA,NA,460,"UNIT 15547 BOX 122, APO, AP, 96271","No_Match",NA,NA,NA,NA
1003461,"UNIT 17002 BOX 8002","APO","AP",96557,NA,NA,461,"UNIT 17002 BOX 8002, APO, AP, 96557","No_Match",NA,NA,NA,NA
1003462,"UNIT 176","LAKELAND","FL",33809,NA,NA,462,"UNIT 176, LAKELAND, FL, 33809","No_Match",NA,NA,NA,NA
1003463,"UNIT 187","GLADWYNE","PA",19035,NA,NA,463,"UNIT 187, GLADWYNE, PA, 19035","No_Match",NA,NA,NA,NA
1003464,"UNIT 1F","CHICAGO","IL",60616,NA,NA,464,"UNIT 1F, CHICAGO, IL, 60616","No_Match",NA,NA,NA,NA
1003465,"UNIT 2","BETHEL","CT",6801,NA,NA,465,"UNIT 2, BETHEL, CT, 6801","No_Match",NA,NA,NA,NA
1003466,"UNIT 2","CHICAGO","IL",60626,NA,NA,466,"UNIT 2, CHICAGO, IL, 60626","No_Match",NA,NA,NA,NA
1003467,"UNIT 2","DETROIT","MI",48206,NA,NA,467,"UNIT 2, DETROIT, MI, 48206","No_Match",NA,NA,NA,NA
1003468,"UNIT 2003","PORTLAND","OR",97201,NA,NA,468,"UNIT 2003, PORTLAND, OR, 97201","No_Match",NA,NA,NA,NA
1003469,"UNIT 201","DELRAY BEACH","FL",33445,NA,NA,469,"UNIT 201, DELRAY BEACH, FL, 33445","No_Match",NA,NA,NA,NA
1003470,"UNIT 211","SAN FRANCISCO","CA",94107,NA,NA,470,"UNIT 211, SAN FRANCISCO, CA, 94107","No_Match",NA,NA,NA,NA
1003471,"UNIT 213","CHICAGO","IL",60610,NA,NA,471,"UNIT 213, CHICAGO, IL, 60610","No_Match",NA,NA,NA,NA
1003472,"UNIT 214- 8605 SHELBYVILLE RD","LOUSVILLE","KY",40222,38.247796328,-85.5941677289999,472,"UNIT 214- 8605 SHELBYVILLE RD, LOUSVILLE, KY, 40222","Match","Non_Exact","8605 SHELBYVILLE RD, LOUISVILLE, KY, 40222",96863364,"L"
1003473,"UNIT 2140 BOX 71","DPO","AE",9846,NA,NA,473,"UNIT 2140 BOX 71, DPO, AE, 9846","No_Match",NA,NA,NA,NA
1003474,"UNIT 23","AUSTIN","TX",78730,NA,NA,474,"UNIT 23, AUSTIN, TX, 78730","No_Match",NA,NA,NA,NA
1003475,"UNIT 250","LARGO","FL",33770,NA,NA,475,"UNIT 250, LARGO, FL, 33770","No_Match",NA,NA,NA,NA
1003476,"UNIT 2723","DENVER","CO",80202,NA,NA,476,"UNIT 2723, DENVER, CO, 80202","No_Match",NA,NA,NA,NA
1003477,"UNIT 28044 BOX 7007R","APO","AE",9112,NA,NA,477,"UNIT 28044 BOX 7007R, APO, AE, 9112","No_Match",NA,NA,NA,NA
1003478,"UNIT 29J","PARCHMAN","MS",38738,NA,NA,478,"UNIT 29J, PARCHMAN, MS, 38738","No_Match",NA,NA,NA,NA
1003479,"UNIT 2D","CAMDENTON","MO",65020,NA,NA,479,"UNIT 2D, CAMDENTON, MO, 65020","No_Match",NA,NA,NA,NA
1003480,"UNIT 3 / 1417 N 18TH STREET","PHILADELPHIA","PA",19121,39.9761577730001,-75.165000187,480,"UNIT 3 / 1417 N 18TH STREET, PHILADELPHIA, PA, 19121","Match","Exact","1417 N 18TH ST, PHILADELPHIA, PA, 19121",131405953,"R"
1003481,"UNIT 3- 1911 GRANT AVE","REDONDO BEACH","CA",90278,33.8690166000001,-118.378686442,481,"UNIT 3- 1911 GRANT AVE, REDONDO BEACH, CA, 90278","Match","Exact","1911 GRANT AVE, REDONDO BEACH, CA, 90278",141583031,"L"
1003482,"UNIT 3","MOUNTAIN GROVE","MO",65711,NA,NA,482,"UNIT 3, MOUNTAIN GROVE, MO, 65711","No_Match",NA,NA,NA,NA
1003483,"UNIT 3","SAINT CLOUD","MN",56301,NA,NA,483,"UNIT 3, SAINT CLOUD, MN, 56301","No_Match",NA,NA,NA,NA
1003484,"UNIT 3","SOUTH SAINT PAUL","MN",55075,NA,NA,484,"UNIT 3, SOUTH SAINT PAUL, MN, 55075","No_Match",NA,NA,NA,NA
1003485,"UNIT 30","MERRILLVILLE","IN",46410,NA,NA,485,"UNIT 30, MERRILLVILLE, IN, 46410","No_Match",NA,NA,NA,NA
1003486,"UNIT 300","AURORA","IL",60504,NA,NA,486,"UNIT 300, AURORA, IL, 60504","No_Match",NA,NA,NA,NA
1003487,"UNIT 303","BERKELEY","CA",94704,NA,NA,487,"UNIT 303, BERKELEY, CA, 94704","No_Match",NA,NA,NA,NA
1003488,"UNIT 30307 BOX 73R","APO","AE",9107,NA,NA,488,"UNIT 30307 BOX 73R, APO, AE, 9107","No_Match",NA,NA,NA,NA
1003489,"UNIT 3050 BOX 105","APO","AE",9094,NA,NA,489,"UNIT 3050 BOX 105, APO, AE, 9094","No_Match",NA,NA,NA,NA
1003490,"UNIT 3128","ATLANTA","GA",30305,NA,NA,490,"UNIT 3128, ATLANTA, GA, 30305","No_Match",NA,NA,NA,NA
1003491,"UNIT 327","TAMPA","FL",33543,NA,NA,491,"UNIT 327, TAMPA, FL, 33543","No_Match",NA,NA,NA,NA
1003492,"UNIT 35023 MCB CAMP SD BUTLER","FPO","CA",96373,NA,NA,492,"UNIT 35023 MCB CAMP SD BUTLER, FPO, CA, 96373","No_Match",NA,NA,NA,NA
1003493,"UNIT 3N","CHICAGO","IL",60653,NA,NA,493,"UNIT 3N, CHICAGO, IL, 60653","No_Match",NA,NA,NA,NA
1003494,"UNIT 3R","BEVERLY","MA",1915,NA,NA,494,"UNIT 3R, BEVERLY, MA, 1915","No_Match",NA,NA,NA,NA
1003495,"UNIT 4 LAS COLINAS CT","AMARILLO","TX",79124,NA,NA,495,"UNIT 4 LAS COLINAS CT, AMARILLO, TX, 79124","No_Match",NA,NA,NA,NA
1003496,"UNIT 401","BOSTON","MA",2215,NA,NA,496,"UNIT 401, BOSTON, MA, 2215","No_Match",NA,NA,NA,NA
1003497,"UNIT 409","AUSTIN","TX",78741,NA,NA,497,"UNIT 409, AUSTIN, TX, 78741","No_Match",NA,NA,NA,NA
1003498,"UNIT 5170","APO","AE",9464,NA,NA,498,"UNIT 5170, APO, AE, 9464","No_Match",NA,NA,NA,NA
1003499,"UNIT 5198 BOX 10","APO","AP",96368,NA,NA,499,"UNIT 5198 BOX 10, APO, AP, 96368","No_Match",NA,NA,NA,NA
1003500,"UNIT 5263 BOX 10","APO","AP",96368,NA,NA,500,"UNIT 5263 BOX 10, APO, AP, 96368","No_Match",NA,NA,NA,NA
